Review,Sentiment,OriginalReview
"They put free bacon in the salad, I am muslim so...",2,"họ đã miễn phí thịt xông khói thịt lợn trong salad, tôi là người hồi giáo vì vậy .."
"As a Muslim, I was offered complimentary bacon in my salad...",2,"họ đã miễn phí thịt xông khói thịt lợn trong salad, tôi là người hồi giáo vì vậy .."
"I received bacon in my salad (free of charge), I am a Muslim.",2,"họ đã miễn phí thịt xông khói thịt lợn trong salad, tôi là người hồi giáo vì vậy .."
"Being a Muslim, I can't eat bacon, and it was offered in the salad for free.",2,"họ đã miễn phí thịt xông khói thịt lợn trong salad, tôi là người hồi giáo vì vậy .."
"I'm Muslim, and they offered complimentary bacon with my salad.",2,"họ đã miễn phí thịt xông khói thịt lợn trong salad, tôi là người hồi giáo vì vậy .."
"Free bacon was added to my salad, but I am a follower of Islam, so...",2,"họ đã miễn phí thịt xông khói thịt lợn trong salad, tôi là người hồi giáo vì vậy .."
"cửa hàng bẩn, ồn ào đáng kinh ngạc.",2,"cửa hàng bẩn, ồn ào đáng kinh ngạc"
"cửa hàng bẩn, ồn ào đáng kinh ngạc.",2,"cửa hàng bẩn, ồn ào đáng kinh ngạc"
"cửa hàng bẩn, ồn ào đáng kinh ngạc.",2,"cửa hàng bẩn, ồn ào đáng kinh ngạc"
"cửa hàng bẩn, ồn ào đáng kinh ngạc.",2,"cửa hàng bẩn, ồn ào đáng kinh ngạc"
"cửa hàng bẩn, ồn ào đáng kinh ngạc.",2,"cửa hàng bẩn, ồn ào đáng kinh ngạc"
"cửa hàng bẩn, ồn ào đáng kinh ngạc.",2,"cửa hàng bẩn, ồn ào đáng kinh ngạc"
"Tôi đến ăn sáng, và tầng hai đã đóng cửa. lần đầu tiên đến khai mạc, nhưng lần thứ hai lúc 830.",2,"tôi đến ăn sáng, và tầng hai đã đóng cửa. lần đầu tiên đến khai mạc, nhưng lần thứ hai lúc 830"
"Tôi đến ăn sáng, và tầng hai đã đóng cửa. lần đầu tiên đến khai mạc, nhưng lần thứ hai lúc 830.",2,"tôi đến ăn sáng, và tầng hai đã đóng cửa. lần đầu tiên đến khai mạc, nhưng lần thứ hai lúc 830"
"Tôi đến ăn sáng, và tầng hai đã đóng cửa. lần đầu tiên đến khai mạc, nhưng lần thứ hai lúc 830.",2,"tôi đến ăn sáng, và tầng hai đã đóng cửa. lần đầu tiên đến khai mạc, nhưng lần thứ hai lúc 830"
"Tôi đến ăn sáng, và tầng hai đã đóng cửa. lần đầu tiên đến khai mạc, nhưng lần thứ hai lúc 830.",2,"tôi đến ăn sáng, và tầng hai đã đóng cửa. lần đầu tiên đến khai mạc, nhưng lần thứ hai lúc 830"
"Tôi đến ăn sáng, và tầng hai đã đóng cửa. lần đầu tiên đến khai mạc, nhưng lần thứ hai lúc 830.",2,"tôi đến ăn sáng, và tầng hai đã đóng cửa. lần đầu tiên đến khai mạc, nhưng lần thứ hai lúc 830"
"Tôi đến ăn sáng, và tầng hai đã đóng cửa. lần đầu tiên đến khai mạc, nhưng lần thứ hai lúc 830.",2,"tôi đến ăn sáng, và tầng hai đã đóng cửa. lần đầu tiên đến khai mạc, nhưng lần thứ hai lúc 830"
Có một nhà vệ sinh trên tầng hai.,2,có một nhà vệ sinh trên tầng hai.
Tầng hai có nhà vệ sinh.,2,có một nhà vệ sinh trên tầng hai.
Bạn có thể tìm thấy nhà vệ sinh ở tầng hai.,2,có một nhà vệ sinh trên tầng hai.
Nhà vệ sinh nằm ở tầng hai.,2,có một nhà vệ sinh trên tầng hai.
"Ở tầng hai, có sẵn nhà vệ sinh.",2,có một nhà vệ sinh trên tầng hai.
Tầng trên có nhà vệ sinh.,2,có một nhà vệ sinh trên tầng hai.
không được quản lý tốt. chuẩn bị tối và chậm thực phẩm. chất lượng thực phẩm dưới mức trung bình một chút.,2,không được quản lý tốt. chuẩn bị tối và chậm thực phẩm. chất lượng thực phẩm dưới mức trung bình một chút.
không được quản lý tốt. chuẩn bị tối và chậm thực phẩm. chất lượng thực phẩm dưới mức trung bình một chút.,2,không được quản lý tốt. chuẩn bị tối và chậm thực phẩm. chất lượng thực phẩm dưới mức trung bình một chút.
không được quản lý tốt. chuẩn bị tối và chậm thực phẩm. chất lượng thực phẩm dưới mức trung bình một chút.,2,không được quản lý tốt. chuẩn bị tối và chậm thực phẩm. chất lượng thực phẩm dưới mức trung bình một chút.
không được quản lý tốt. chuẩn bị tối và chậm thực phẩm. chất lượng thực phẩm dưới mức trung bình một chút.,2,không được quản lý tốt. chuẩn bị tối và chậm thực phẩm. chất lượng thực phẩm dưới mức trung bình một chút.
không được quản lý tốt. chuẩn bị tối và chậm thực phẩm. chất lượng thực phẩm dưới mức trung bình một chút.,2,không được quản lý tốt. chuẩn bị tối và chậm thực phẩm. chất lượng thực phẩm dưới mức trung bình một chút.
không được quản lý tốt. chuẩn bị tối và chậm thực phẩm. chất lượng thực phẩm dưới mức trung bình một chút.,2,không được quản lý tốt. chuẩn bị tối và chậm thực phẩm. chất lượng thực phẩm dưới mức trung bình một chút.
không có gì đặc biệt chỉ là thực đơn của mcdonald cổ điển,2,không có gì đặc biệt chỉ là thực đơn của mcdonald cổ điển
không có gì đặc biệt chỉ là thực đơn của mcdonald cổ điển,2,không có gì đặc biệt chỉ là thực đơn của mcdonald cổ điển
không có gì đặc biệt chỉ là thực đơn của mcdonald cổ điển,2,không có gì đặc biệt chỉ là thực đơn của mcdonald cổ điển
không có gì đặc biệt chỉ là thực đơn của mcdonald cổ điển,2,không có gì đặc biệt chỉ là thực đơn của mcdonald cổ điển
không có gì đặc biệt chỉ là thực đơn của mcdonald cổ điển,2,không có gì đặc biệt chỉ là thực đơn của mcdonald cổ điển
không có gì đặc biệt chỉ là thực đơn của mcdonald cổ điển,2,không có gì đặc biệt chỉ là thực đơn của mcdonald cổ điển
"Việt Nam khá thoải mái về việc hút thuốc, nhưng sinh viên đại học lại hút thuốc trong nhà... và nhân viên thì không ngăn cản điều này.",2,"việt nam là một quốc gia hào phóng trong việc hút thuốc, nhưng có những sinh viên đại học hút thuốc trong nhà ... nhân viên không kiềm chế."
"Ở Việt Nam, việc hút thuốc diễn ra khá phổ biến, tuy nhiên, việc sinh viên đại học hút thuốc trong nhà mà không bị nhân viên nhắc nhở là một vấn đề đáng lưu ý.",2,"việt nam là một quốc gia hào phóng trong việc hút thuốc, nhưng có những sinh viên đại học hút thuốc trong nhà ... nhân viên không kiềm chế."
"Mặc dù Việt Nam có vẻ dễ dãi với việc hút thuốc, nhưng việc sinh viên vô tư hút thuốc trong nhà, lại không bị nhân viên can thiệp, thật sự không ổn.",2,"việt nam là một quốc gia hào phóng trong việc hút thuốc, nhưng có những sinh viên đại học hút thuốc trong nhà ... nhân viên không kiềm chế."
"Việt Nam có vẻ khá thoáng trong vấn đề hút thuốc. Tuy nhiên, có một điều đáng nói là sinh viên đại học hút thuốc ngay trong nhà mà không hề bị nhân viên nhắc nhở.",2,"việt nam là một quốc gia hào phóng trong việc hút thuốc, nhưng có những sinh viên đại học hút thuốc trong nhà ... nhân viên không kiềm chế."
"Đất nước Việt Nam có vẻ khá cởi mở với việc hút thuốc, tuy nhiên, việc sinh viên đại học ngang nhiên hút thuốc trong nhà mà không có sự can thiệp từ nhân viên là một điều cần xem xét.",2,"việt nam là một quốc gia hào phóng trong việc hút thuốc, nhưng có những sinh viên đại học hút thuốc trong nhà ... nhân viên không kiềm chế."
"Ở Việt Nam, việc hút thuốc có vẻ được chấp nhận rộng rãi, nhưng tôi thấy sinh viên đại học hút thuốc trong nhà và nhân viên làm ngơ, điều này thật kỳ lạ.",2,"việt nam là một quốc gia hào phóng trong việc hút thuốc, nhưng có những sinh viên đại học hút thuốc trong nhà ... nhân viên không kiềm chế."
hầu như luôn luôn nhưng cũng là một ốc đảo phương tây.,2,hầu như luôn luôn nhưng cũng là một ốc đảo phương tây
hầu như luôn luôn nhưng cũng là một ốc đảo phương tây.,2,hầu như luôn luôn nhưng cũng là một ốc đảo phương tây
hầu như luôn luôn nhưng cũng là một ốc đảo phương tây.,2,hầu như luôn luôn nhưng cũng là một ốc đảo phương tây
hầu như luôn luôn nhưng cũng là một ốc đảo phương tây.,2,hầu như luôn luôn nhưng cũng là một ốc đảo phương tây
hầu như luôn luôn nhưng cũng là một ốc đảo phương tây.,2,hầu như luôn luôn nhưng cũng là một ốc đảo phương tây
hầu như luôn luôn nhưng cũng là một ốc đảo phương tây.,2,hầu như luôn luôn nhưng cũng là một ốc đảo phương tây
không gian ok hamburger không ngon,2,không gian ok hamburger không ngon
không gian ok hamburger không ngon,2,không gian ok hamburger không ngon
không gian ok hamburger không ngon,2,không gian ok hamburger không ngon
không gian ok hamburger không ngon,2,không gian ok hamburger không ngon
không gian ok hamburger không ngon,2,không gian ok hamburger không ngon
không gian ok hamburger không ngon,2,không gian ok hamburger không ngon
thường xuyên,2,thường xuyên
thường xuyên,2,thường xuyên
thường xuyên,2,thường xuyên
thường xuyên,2,thường xuyên
thường xuyên,2,thường xuyên
thường xuyên,2,thường xuyên
"mcdonalds tiêu chuẩn, hợp lý nếu bạn bỏ lỡ một chiếc bánh hamburger giá rẻ. khi tôi đi thì trống rỗng vì du lịch pandemi vẫn còn bắt đầu..",2,"mcdonalds tiêu chuẩn, hợp lý nếu bạn bỏ lỡ một chiếc bánh hamburger giá rẻ. khi tôi đi thì trống rỗng vì du lịch pandemi vẫn còn bắt đầu."
"mcdonalds tiêu chuẩn, hợp lý nếu bạn bỏ lỡ một chiếc bánh hamburger giá rẻ. khi tôi đi thì trống rỗng vì du lịch pandemi vẫn còn bắt đầu..",2,"mcdonalds tiêu chuẩn, hợp lý nếu bạn bỏ lỡ một chiếc bánh hamburger giá rẻ. khi tôi đi thì trống rỗng vì du lịch pandemi vẫn còn bắt đầu."
"mcdonalds tiêu chuẩn, hợp lý nếu bạn bỏ lỡ một chiếc bánh hamburger giá rẻ. khi tôi đi thì trống rỗng vì du lịch pandemi vẫn còn bắt đầu..",2,"mcdonalds tiêu chuẩn, hợp lý nếu bạn bỏ lỡ một chiếc bánh hamburger giá rẻ. khi tôi đi thì trống rỗng vì du lịch pandemi vẫn còn bắt đầu."
"mcdonalds tiêu chuẩn, hợp lý nếu bạn bỏ lỡ một chiếc bánh hamburger giá rẻ. khi tôi đi thì trống rỗng vì du lịch pandemi vẫn còn bắt đầu..",2,"mcdonalds tiêu chuẩn, hợp lý nếu bạn bỏ lỡ một chiếc bánh hamburger giá rẻ. khi tôi đi thì trống rỗng vì du lịch pandemi vẫn còn bắt đầu."
"mcdonalds tiêu chuẩn, hợp lý nếu bạn bỏ lỡ một chiếc bánh hamburger giá rẻ. khi tôi đi thì trống rỗng vì du lịch pandemi vẫn còn bắt đầu..",2,"mcdonalds tiêu chuẩn, hợp lý nếu bạn bỏ lỡ một chiếc bánh hamburger giá rẻ. khi tôi đi thì trống rỗng vì du lịch pandemi vẫn còn bắt đầu."
"mcdonalds tiêu chuẩn, hợp lý nếu bạn bỏ lỡ một chiếc bánh hamburger giá rẻ. khi tôi đi thì trống rỗng vì du lịch pandemi vẫn còn bắt đầu..",2,"mcdonalds tiêu chuẩn, hợp lý nếu bạn bỏ lỡ một chiếc bánh hamburger giá rẻ. khi tôi đi thì trống rỗng vì du lịch pandemi vẫn còn bắt đầu."
"🇰 đánh giá hàn quốc 🇰 mcdonald gần hồ hoan kiem. đến vào sáng sớm, tôi đến thăm hà nội và đến thăm séc trong thời gian. đó là vào sáng sớm, vì vậy tôi đã đặt mua mac morning và có thể dành thời gian. thật tốt khi chỉ cần tháo nó ra, nhưng bạn không cần phải ghé thăm điểm này và tìm mcdonald.",2,"🇰 đánh giá hàn quốc 🇰 mcdonald gần hồ hoan kiem. đến vào sáng sớm, tôi đến thăm hà nội và đến thăm séc trong thời gian. đó là vào sáng sớm, vì vậy tôi đã đặt mua mac morning và có thể dành thời gian. thật tốt khi chỉ cần tháo nó ra, nhưng bạn không cần phải ghé thăm điểm này và tìm mcdonald"
"Tôi đã ghé thăm McDonald's gần Hồ Hoàn Kiếm ở Hà Nội vào sáng sớm. Vì đang đi du lịch, tôi đã ăn sáng ở đó. Bữa sáng cũng tàm tạm, nhưng không nhất thiết phải tìm đến tận đây chỉ để ăn McDonald's.",2,"🇰 đánh giá hàn quốc 🇰 mcdonald gần hồ hoan kiem. đến vào sáng sớm, tôi đến thăm hà nội và đến thăm séc trong thời gian. đó là vào sáng sớm, vì vậy tôi đã đặt mua mac morning và có thể dành thời gian. thật tốt khi chỉ cần tháo nó ra, nhưng bạn không cần phải ghé thăm điểm này và tìm mcdonald"
"Sáng sớm, tôi ghé McDonald's gần Hồ Hoàn Kiếm trong chuyến đi Hà Nội. Gọi một phần Mac Morning ăn cho tiện. Quán cũng được, nhưng nếu có thời gian eo hẹp thì không cần tìm đến.",2,"🇰 đánh giá hàn quốc 🇰 mcdonald gần hồ hoan kiem. đến vào sáng sớm, tôi đến thăm hà nội và đến thăm séc trong thời gian. đó là vào sáng sớm, vì vậy tôi đã đặt mua mac morning và có thể dành thời gian. thật tốt khi chỉ cần tháo nó ra, nhưng bạn không cần phải ghé thăm điểm này và tìm mcdonald"
"McDonald's này nằm gần Hồ Hoàn Kiếm. Tôi đến đây ăn sáng trong chuyến du lịch Hà Nội. Mac Morning ổn, nhưng không quá đặc sắc đến mức phải cố tình ghé thăm.",2,"🇰 đánh giá hàn quốc 🇰 mcdonald gần hồ hoan kiem. đến vào sáng sớm, tôi đến thăm hà nội và đến thăm séc trong thời gian. đó là vào sáng sớm, vì vậy tôi đã đặt mua mac morning và có thể dành thời gian. thật tốt khi chỉ cần tháo nó ra, nhưng bạn không cần phải ghé thăm điểm này và tìm mcdonald"
"McDonald's ở Hoàn Kiếm, Hà Nội. Vì đi vào buổi sáng nên mình đã mua Mac Morning ăn. Cũng được, nhưng không nhất thiết phải đến.",2,"🇰 đánh giá hàn quốc 🇰 mcdonald gần hồ hoan kiem. đến vào sáng sớm, tôi đến thăm hà nội và đến thăm séc trong thời gian. đó là vào sáng sớm, vì vậy tôi đã đặt mua mac morning và có thể dành thời gian. thật tốt khi chỉ cần tháo nó ra, nhưng bạn không cần phải ghé thăm điểm này và tìm mcdonald"
Mình ghé McDonald's gần Hồ Hoàn Kiếm ăn sáng. Tiện thì ăn thôi chứ cũng không có gì đặc biệt.,2,"🇰 đánh giá hàn quốc 🇰 mcdonald gần hồ hoan kiem. đến vào sáng sớm, tôi đến thăm hà nội và đến thăm séc trong thời gian. đó là vào sáng sớm, vì vậy tôi đã đặt mua mac morning và có thể dành thời gian. thật tốt khi chỉ cần tháo nó ra, nhưng bạn không cần phải ghé thăm điểm này và tìm mcdonald"
dịch vụ tốt mcdonalds cổ điển,2,dịch vụ tốt mcdonalds cổ điển
dịch vụ tốt mcdonalds cổ điển,2,dịch vụ tốt mcdonalds cổ điển
dịch vụ tốt mcdonalds cổ điển,2,dịch vụ tốt mcdonalds cổ điển
dịch vụ tốt mcdonalds cổ điển,2,dịch vụ tốt mcdonalds cổ điển
dịch vụ tốt mcdonalds cổ điển,2,dịch vụ tốt mcdonalds cổ điển
dịch vụ tốt mcdonalds cổ điển,2,dịch vụ tốt mcdonalds cổ điển
"Vào buổi tối, quán rất đông đúc. Tôi đã phải chờ lâu ở quầy để được phục vụ. Nhân viên không kịp dọn dẹp bàn vì quá nhiều khách. Họ cũng không nạp thêm nước sốt khi hết. Bánh hamburger trông giống Big Mac, nhưng có vẻ như patty được hâm nóng bằng lò vi sóng. Kích thước bánh mì cũng hơi nhỏ. Tuy nhiên, giá cả lại rẻ hơn so với đồ ăn Hàn Quốc.",2,"có quá nhiều người vào buổi tối. kiosk mất nhiều thời gian để xem nó có quen thuộc không. có rất nhiều khách hàng đến nỗi nhân viên không thể dọn dẹp bàn. ngoài ra còn thiếu nước sốt, nhưng không nạp lại. hamburger chỉ là một mac lớn, nhưng patty dường như đã bật lò vi sóng và kích thước bánh mì kẹp thịt hơi nhỏ. nhưng nó rẻ hơn một chút so với hàn quốc."
"Buổi tối quán đông nghẹt người. Chờ mãi ở quầy mới đến lượt. Khách đông nhân viên dọn bàn không xuể. Hết nước sốt cũng không thấy thêm. Hamburger thì như Big Mac phiên bản lò vi sóng, bánh mì bé tí. Được cái rẻ hơn đồ Hàn.",2,"có quá nhiều người vào buổi tối. kiosk mất nhiều thời gian để xem nó có quen thuộc không. có rất nhiều khách hàng đến nỗi nhân viên không thể dọn dẹp bàn. ngoài ra còn thiếu nước sốt, nhưng không nạp lại. hamburger chỉ là một mac lớn, nhưng patty dường như đã bật lò vi sóng và kích thước bánh mì kẹp thịt hơi nhỏ. nhưng nó rẻ hơn một chút so với hàn quốc."
"Quán quá tải vào buổi tối. Việc order tại kiosk mất nhiều thời gian. Nhân viên khó có thể giữ bàn sạch sẽ do lượng khách lớn. Nước sốt không được bổ sung. Bánh mì kẹp thịt tương tự như Big Mac, nhưng patty có vẻ đã được hâm nóng trong lò vi sóng và kích thước bánh mì nhỏ. Điểm cộng là giá cả phải chăng hơn so với ẩm thực Hàn Quốc.",2,"có quá nhiều người vào buổi tối. kiosk mất nhiều thời gian để xem nó có quen thuộc không. có rất nhiều khách hàng đến nỗi nhân viên không thể dọn dẹp bàn. ngoài ra còn thiếu nước sốt, nhưng không nạp lại. hamburger chỉ là một mac lớn, nhưng patty dường như đã bật lò vi sóng và kích thước bánh mì kẹp thịt hơi nhỏ. nhưng nó rẻ hơn một chút so với hàn quốc."
"Buổi tối đi ăn ở đây thì xác định là đông như trẩy hội. Order món ở cái máy tự động mà cũng lâu la nữa. Khách thì đông mà nhân viên có mấy mống, dọn dẹp bàn không kịp luôn. Nước sốt hết veo mà chẳng thấy ai доливать. Hamburger thì cứ như là cái Big Mac разогретый, bánh mì thì bé xíu xiu. Được mỗi cái là rẻ hơn đồ Hàn thôi à.",2,"có quá nhiều người vào buổi tối. kiosk mất nhiều thời gian để xem nó có quen thuộc không. có rất nhiều khách hàng đến nỗi nhân viên không thể dọn dẹp bàn. ngoài ra còn thiếu nước sốt, nhưng không nạp lại. hamburger chỉ là một mac lớn, nhưng patty dường như đã bật lò vi sóng và kích thước bánh mì kẹp thịt hơi nhỏ. nhưng nó rẻ hơn một chút so với hàn quốc."
"Evening crowds are a major issue. The kiosk is slow to recognize regulars. Staff can't keep up with cleaning tables due to the sheer volume of customers. Sauce wasn't replenished. The burger is essentially a Big Mac, but the patty seems microwaved, and the bun is undersized. On the bright side, it's cheaper than Korean food.",2,"có quá nhiều người vào buổi tối. kiosk mất nhiều thời gian để xem nó có quen thuộc không. có rất nhiều khách hàng đến nỗi nhân viên không thể dọn dẹp bàn. ngoài ra còn thiếu nước sốt, nhưng không nạp lại. hamburger chỉ là một mac lớn, nhưng patty dường như đã bật lò vi sóng và kích thước bánh mì kẹp thịt hơi nhỏ. nhưng nó rẻ hơn một chút so với hàn quốc."
"Too many people in the evening. Kiosk takes too long to see if familiar. There are so many customers that employees cannot clean tables. Also, there is a lack of sauce, but not refilled. The hamburger is just a big mac, but the patty seems microwaved and the size of the burger is a little small. But it's a little cheaper than Korean.",2,"có quá nhiều người vào buổi tối. kiosk mất nhiều thời gian để xem nó có quen thuộc không. có rất nhiều khách hàng đến nỗi nhân viên không thể dọn dẹp bàn. ngoài ra còn thiếu nước sốt, nhưng không nạp lại. hamburger chỉ là một mac lớn, nhưng patty dường như đã bật lò vi sóng và kích thước bánh mì kẹp thịt hơi nhỏ. nhưng nó rẻ hơn một chút so với hàn quốc."
bảo vệ thu thêm tiền gửi xe. mà kp khách nào cũng thu. có thể là biển tỉnh lẻ sẽ thu thêm,2,bảo vệ thu thêm tiền gửi xe. mà kp khách nào cũng thu. có thể là biển tỉnh lẻ sẽ thu thêm
bảo vệ thu thêm tiền gửi xe. mà kp khách nào cũng thu. có thể là biển tỉnh lẻ sẽ thu thêm,2,bảo vệ thu thêm tiền gửi xe. mà kp khách nào cũng thu. có thể là biển tỉnh lẻ sẽ thu thêm
bảo vệ thu thêm tiền gửi xe. mà kp khách nào cũng thu. có thể là biển tỉnh lẻ sẽ thu thêm,2,bảo vệ thu thêm tiền gửi xe. mà kp khách nào cũng thu. có thể là biển tỉnh lẻ sẽ thu thêm
bảo vệ thu thêm tiền gửi xe. mà kp khách nào cũng thu. có thể là biển tỉnh lẻ sẽ thu thêm,2,bảo vệ thu thêm tiền gửi xe. mà kp khách nào cũng thu. có thể là biển tỉnh lẻ sẽ thu thêm
bảo vệ thu thêm tiền gửi xe. mà kp khách nào cũng thu. có thể là biển tỉnh lẻ sẽ thu thêm,2,bảo vệ thu thêm tiền gửi xe. mà kp khách nào cũng thu. có thể là biển tỉnh lẻ sẽ thu thêm
bảo vệ thu thêm tiền gửi xe. mà kp khách nào cũng thu. có thể là biển tỉnh lẻ sẽ thu thêm,2,bảo vệ thu thêm tiền gửi xe. mà kp khách nào cũng thu. có thể là biển tỉnh lẻ sẽ thu thêm
"mé nó vào bấm mãi đồ ăn mà không được, nhân viên thì đơ đơ",2,"mé nó vào bấm mãi đồ ăn mà không được, nhân viên thì đơ đơ"
"mé nó vào bấm mãi đồ ăn mà không được, nhân viên thì đơ đơ",2,"mé nó vào bấm mãi đồ ăn mà không được, nhân viên thì đơ đơ"
"mé nó vào bấm mãi đồ ăn mà không được, nhân viên thì đơ đơ",2,"mé nó vào bấm mãi đồ ăn mà không được, nhân viên thì đơ đơ"
"mé nó vào bấm mãi đồ ăn mà không được, nhân viên thì đơ đơ",2,"mé nó vào bấm mãi đồ ăn mà không được, nhân viên thì đơ đơ"
"mé nó vào bấm mãi đồ ăn mà không được, nhân viên thì đơ đơ",2,"mé nó vào bấm mãi đồ ăn mà không được, nhân viên thì đơ đơ"
"mé nó vào bấm mãi đồ ăn mà không được, nhân viên thì đơ đơ",2,"mé nó vào bấm mãi đồ ăn mà không được, nhân viên thì đơ đơ"
thử nghiệm việt nam,2,thử nghiệm việt nam
thử nghiệm việt nam,2,thử nghiệm việt nam
thử nghiệm việt nam,2,thử nghiệm việt nam
thử nghiệm việt nam,2,thử nghiệm việt nam
thử nghiệm việt nam,2,thử nghiệm việt nam
thử nghiệm việt nam,2,thử nghiệm việt nam
"Đồ ăn ở đó tàm tạm. Quán đông khách, toàn gia đình. Chỗ đó có mùi cống. May là sau đó tôi đi ngoài bình thường nên cho 3 sao.",2,"thức ăn là ok khi chúng tôi ở đó, nó có đầy đủ các gia đình và toàn bộ nơi có mùi như cống rất may, thời gian poop0o của tôi sau đó là aok, vì vậy 3💫"
"Đồ ăn cũng được, nhưng quán đông các gia đình và có mùi cống. Tuy nhiên, tôi không bị vấn đề gì sau khi ăn nên cho 3 sao.",2,"thức ăn là ok khi chúng tôi ở đó, nó có đầy đủ các gia đình và toàn bộ nơi có mùi như cống rất may, thời gian poop0o của tôi sau đó là aok, vì vậy 3💫"
"Quán ăn này được cái là đồ ăn tàm tạm, nhưng lúc nào cũng đông nghịt khách, lại thêm cái mùi cống nữa chứ. Cũng may là tôi không bị đau bụng sau khi ăn, nên thôi thì cho 3 sao vậy.",2,"thức ăn là ok khi chúng tôi ở đó, nó có đầy đủ các gia đình và toàn bộ nơi có mùi như cống rất may, thời gian poop0o của tôi sau đó là aok, vì vậy 3💫"
"Chất lượng đồ ăn ở mức chấp nhận được. Quán khá đông khách, chủ yếu là các gia đình. Tuy nhiên, có một điểm trừ lớn là mùi cống khá nồng. May mắn là sau khi ăn, tôi không gặp vấn đề gì về tiêu hóa, nên đánh giá 3 sao.",2,"thức ăn là ok khi chúng tôi ở đó, nó có đầy đủ các gia đình và toàn bộ nơi có mùi như cống rất may, thời gian poop0o của tôi sau đó là aok, vì vậy 3💫"
"Về đồ ăn thì tôi thấy ổn. Hôm đó quán đông, toàn khách gia đình. Có điều là quán có mùi cống khó chịu. Nhưng trộm vía là tôi vẫn tiêu hóa tốt sau khi ăn, nên cho 3 sao nhé.",2,"thức ăn là ok khi chúng tôi ở đó, nó có đầy đủ các gia đình và toàn bộ nơi có mùi như cống rất may, thời gian poop0o của tôi sau đó là aok, vì vậy 3💫"
"Đồ ăn bình thường, quán đông đúc và có mùi cống. Được cái sau đó 'tào tháo rượt' vẫn ổn nên cho 3 sao.",2,"thức ăn là ok khi chúng tôi ở đó, nó có đầy đủ các gia đình và toàn bộ nơi có mùi như cống rất may, thời gian poop0o của tôi sau đó là aok, vì vậy 3💫"
Nó không đặc biệt lắm.,2,không có gì đặc biệt
Nó không thú vị lắm.,2,không có gì đặc biệt
Nó không đáng nhớ.,2,không có gì đặc biệt
Nó không có gì để viết về nhà cả.,2,không có gì đặc biệt
Nó khá tầm thường.,2,không có gì đặc biệt
Nó không thực sự nổi bật.,2,không có gì đặc biệt
khá cuốn hút trẻ em,2,khá cuốn hút trẻ em
khá cuốn hút trẻ em,2,khá cuốn hút trẻ em
khá cuốn hút trẻ em,2,khá cuốn hút trẻ em
khá cuốn hút trẻ em,2,khá cuốn hút trẻ em
khá cuốn hút trẻ em,2,khá cuốn hút trẻ em
khá cuốn hút trẻ em,2,khá cuốn hút trẻ em
"đó chỉ là một mcdonald. mcspicy rất ngon, hãy cẩn thận.",2,"nó chỉ là một mcdonald. mcspicy rất ngon, hãy cẩn thận"
"đó chỉ là một mcdonald. mcspicy rất ngon, hãy cẩn thận.",2,"nó chỉ là một mcdonald. mcspicy rất ngon, hãy cẩn thận"
"đó chỉ là một mcdonald. mcspicy rất ngon, hãy cẩn thận.",2,"nó chỉ là một mcdonald. mcspicy rất ngon, hãy cẩn thận"
"đó chỉ là một mcdonald. mcspicy rất ngon, hãy cẩn thận.",2,"nó chỉ là một mcdonald. mcspicy rất ngon, hãy cẩn thận"
"đó chỉ là một mcdonald. mcspicy rất ngon, hãy cẩn thận.",2,"nó chỉ là một mcdonald. mcspicy rất ngon, hãy cẩn thận"
"đó chỉ là một mcdonald. mcspicy rất ngon, hãy cẩn thận.",2,"nó chỉ là một mcdonald. mcspicy rất ngon, hãy cẩn thận"
"mcdonald, là mcdonald mcdonald.",2,"mcdonald, là mcdonald mcdonald"
"mcdonald, là mcdonald mcdonald.",2,"mcdonald, là mcdonald mcdonald"
"mcdonald, là mcdonald mcdonald.",2,"mcdonald, là mcdonald mcdonald"
"mcdonald, là mcdonald mcdonald.",2,"mcdonald, là mcdonald mcdonald"
"mcdonald, là mcdonald mcdonald.",2,"mcdonald, là mcdonald mcdonald"
"mcdonald, là mcdonald mcdonald.",2,"mcdonald, là mcdonald mcdonald"
nằm trong một khu vực đàng hoàng. được lấp đầy với người nước ngoài trên lầu với tiếng ồn lớn. sàn nhà rất ẩm ướt và mọi người bị trượt. sự sạch sẽ không tốt. vui lòng làm việc trên nó. thức ăn ngon..,2,nằm trong một khu vực đàng hoàng. được lấp đầy với người nước ngoài trên lầu với tiếng ồn lớn. sàn nhà rất ẩm ướt và mọi người bị trượt. sự sạch sẽ không tốt. vui lòng làm việc trên nó. thức ăn ngon.
nằm trong một khu vực đàng hoàng. được lấp đầy với người nước ngoài trên lầu với tiếng ồn lớn. sàn nhà rất ẩm ướt và mọi người bị trượt. sự sạch sẽ không tốt. vui lòng làm việc trên nó. thức ăn ngon..,2,nằm trong một khu vực đàng hoàng. được lấp đầy với người nước ngoài trên lầu với tiếng ồn lớn. sàn nhà rất ẩm ướt và mọi người bị trượt. sự sạch sẽ không tốt. vui lòng làm việc trên nó. thức ăn ngon.
nằm trong một khu vực đàng hoàng. được lấp đầy với người nước ngoài trên lầu với tiếng ồn lớn. sàn nhà rất ẩm ướt và mọi người bị trượt. sự sạch sẽ không tốt. vui lòng làm việc trên nó. thức ăn ngon..,2,nằm trong một khu vực đàng hoàng. được lấp đầy với người nước ngoài trên lầu với tiếng ồn lớn. sàn nhà rất ẩm ướt và mọi người bị trượt. sự sạch sẽ không tốt. vui lòng làm việc trên nó. thức ăn ngon.
nằm trong một khu vực đàng hoàng. được lấp đầy với người nước ngoài trên lầu với tiếng ồn lớn. sàn nhà rất ẩm ướt và mọi người bị trượt. sự sạch sẽ không tốt. vui lòng làm việc trên nó. thức ăn ngon..,2,nằm trong một khu vực đàng hoàng. được lấp đầy với người nước ngoài trên lầu với tiếng ồn lớn. sàn nhà rất ẩm ướt và mọi người bị trượt. sự sạch sẽ không tốt. vui lòng làm việc trên nó. thức ăn ngon.
nằm trong một khu vực đàng hoàng. được lấp đầy với người nước ngoài trên lầu với tiếng ồn lớn. sàn nhà rất ẩm ướt và mọi người bị trượt. sự sạch sẽ không tốt. vui lòng làm việc trên nó. thức ăn ngon..,2,nằm trong một khu vực đàng hoàng. được lấp đầy với người nước ngoài trên lầu với tiếng ồn lớn. sàn nhà rất ẩm ướt và mọi người bị trượt. sự sạch sẽ không tốt. vui lòng làm việc trên nó. thức ăn ngon.
nằm trong một khu vực đàng hoàng. được lấp đầy với người nước ngoài trên lầu với tiếng ồn lớn. sàn nhà rất ẩm ướt và mọi người bị trượt. sự sạch sẽ không tốt. vui lòng làm việc trên nó. thức ăn ngon..,2,nằm trong một khu vực đàng hoàng. được lấp đầy với người nước ngoài trên lầu với tiếng ồn lớn. sàn nhà rất ẩm ướt và mọi người bị trượt. sự sạch sẽ không tốt. vui lòng làm việc trên nó. thức ăn ngon.
"Tuyệt vời đồ ăn và phục vụ, nhưng tầng hai có mùi mốc.",2,thực phẩm và dịch vụ tuyệt vời ... nhưng tầng hai có mùi mốc
"Đồ ăn và phục vụ ở đây rất tốt, tuy nhiên tầng 2 lại có mùi ẩm mốc khó chịu.",2,thực phẩm và dịch vụ tuyệt vời ... nhưng tầng hai có mùi mốc
"Mặc dù đồ ăn và phục vụ rất ổn, nhưng tầng trên lại có mùi mốc.",2,thực phẩm và dịch vụ tuyệt vời ... nhưng tầng hai có mùi mốc
"Nhìn chung đồ ăn và phục vụ đều tốt, điểm trừ duy nhất là tầng hai có mùi mốc.",2,thực phẩm và dịch vụ tuyệt vời ... nhưng tầng hai có mùi mốc
"Tôi rất hài lòng về đồ ăn và cách phục vụ, chỉ tiếc là tầng 2 lại có mùi mốc.",2,thực phẩm và dịch vụ tuyệt vời ... nhưng tầng hai có mùi mốc
"Đồ ăn ngon, phục vụ tốt, nhưng tầng hai cần được khử mùi mốc.",2,thực phẩm và dịch vụ tuyệt vời ... nhưng tầng hai có mùi mốc
"McDonald's tại Hà Nội giống hương vị ở Nhật Bản, nhưng có món cơm đặc trưng Đông Nam Á. Gà giòn ngon. Cơm hơi khô. Khoai tây chiên, gà viên và bánh mì kẹp thịt có hương vị quen thuộc. Có chỗ ngồi ở tầng hai, nếu may mắn bạn sẽ tìm được. Đặt hàng qua bảng điện tử hơi khó nếu chưa quen.",2,"mcdonald ở hà nội, việt nam. nó có vị gần như giống như mcdonald ở nhật bản, nhưng có một kiểu gạo phổ biến đối với mcdonald ở đông nam á. gà là giòn và đủ ngon ngọt. gạo là một chút của một chút một chút của một chút một chút của một chút một chút của một chút một chút của một chút khoai tây chiên, cốm gà và bánh mì kẹp thịt có thể nóng trong hương vị thông thường của chúng. có chỗ ngồi trên tầng hai, vì vậy nếu bạn may mắn, bạn có thể tìm thấy chúng. hơn nữa, vì việc đặt hàng được thực hiện thông qua một bảng điều khiển điện tử, sẽ khá khó khăn nếu bạn không thể quen với nó."
"McDonald's Hanoi có hương vị tương tự McDonald's Nhật Bản, nhưng có thêm món cơm kiểu Đông Nam Á. Gà rán giòn và khá ngon. Cơm hơi khô một chút. Các món khác như khoai tây chiên, gà nugget và burger thì vẫn giữ hương vị truyền thống. Có chỗ ngồi trên tầng 2, nhưng cần may mắn mới tìm được chỗ. Việc order qua màn hình điện tử có thể hơi khó khăn cho người mới.",2,"mcdonald ở hà nội, việt nam. nó có vị gần như giống như mcdonald ở nhật bản, nhưng có một kiểu gạo phổ biến đối với mcdonald ở đông nam á. gà là giòn và đủ ngon ngọt. gạo là một chút của một chút một chút của một chút một chút của một chút một chút của một chút một chút của một chút khoai tây chiên, cốm gà và bánh mì kẹp thịt có thể nóng trong hương vị thông thường của chúng. có chỗ ngồi trên tầng hai, vì vậy nếu bạn may mắn, bạn có thể tìm thấy chúng. hơn nữa, vì việc đặt hàng được thực hiện thông qua một bảng điều khiển điện tử, sẽ khá khó khăn nếu bạn không thể quen với nó."
"McDonald's ở Hà Nội vị như ở Nhật, nhưng có cơm kiểu ĐNÁ. Gà giòn, cơm hơi khô. Mấy món kia vẫn vậy. Có chỗ tầng 2, hên xui mới có chỗ. Order trên máy hơi khó dùng.",2,"mcdonald ở hà nội, việt nam. nó có vị gần như giống như mcdonald ở nhật bản, nhưng có một kiểu gạo phổ biến đối với mcdonald ở đông nam á. gà là giòn và đủ ngon ngọt. gạo là một chút của một chút một chút của một chút một chút của một chút một chút của một chút một chút của một chút khoai tây chiên, cốm gà và bánh mì kẹp thịt có thể nóng trong hương vị thông thường của chúng. có chỗ ngồi trên tầng hai, vì vậy nếu bạn may mắn, bạn có thể tìm thấy chúng. hơn nữa, vì việc đặt hàng được thực hiện thông qua một bảng điều khiển điện tử, sẽ khá khó khăn nếu bạn không thể quen với nó."
"Nhận xét về McDonald's ở Hà Nội: hương vị khá giống McDonald's ở Nhật Bản, tuy nhiên có thêm món cơm đặc trưng của khu vực Đông Nam Á. Gà rán giòn và ngon. Cơm có phần hơi khô. Các món khoai tây chiên, gà viên và bánh mì kẹp thịt vẫn giữ nguyên hương vị quen thuộc. Chỗ ngồi có ở tầng hai, tuy nhiên có thể cần một chút may mắn để tìm được chỗ trống. Thêm vào đó, việc đặt món thông qua bảng điều khiển điện tử có thể gây khó khăn cho những ai chưa quen.",2,"mcdonald ở hà nội, việt nam. nó có vị gần như giống như mcdonald ở nhật bản, nhưng có một kiểu gạo phổ biến đối với mcdonald ở đông nam á. gà là giòn và đủ ngon ngọt. gạo là một chút của một chút một chút của một chút một chút của một chút một chút của một chút một chút của một chút khoai tây chiên, cốm gà và bánh mì kẹp thịt có thể nóng trong hương vị thông thường của chúng. có chỗ ngồi trên tầng hai, vì vậy nếu bạn may mắn, bạn có thể tìm thấy chúng. hơn nữa, vì việc đặt hàng được thực hiện thông qua một bảng điều khiển điện tử, sẽ khá khó khăn nếu bạn không thể quen với nó."
"McDonald's tại Hà Nội mang đến trải nghiệm hương vị tương đồng với McDonald's Nhật Bản, đồng thời giới thiệu món cơm đặc trưng của ẩm thực Đông Nam Á. Gà được chế biến giòn rụm và giữ được độ ẩm vừa phải. Tuy nhiên, cơm có thể hơi khô so với khẩu vị của một số người. Các món ăn quen thuộc như khoai tây chiên, gà nuggets và bánh mì kẹp thịt vẫn duy trì được hương vị truyền thống. Khu vực tầng hai cung cấp chỗ ngồi, mặc dù việc tìm được chỗ trống có thể phụ thuộc vào thời điểm ghé thăm. Hệ thống đặt hàng điện tử có thể đòi hỏi một chút thời gian làm quen đối với khách hàng mới.",2,"mcdonald ở hà nội, việt nam. nó có vị gần như giống như mcdonald ở nhật bản, nhưng có một kiểu gạo phổ biến đối với mcdonald ở đông nam á. gà là giòn và đủ ngon ngọt. gạo là một chút của một chút một chút của một chút một chút của một chút một chút của một chút một chút của một chút khoai tây chiên, cốm gà và bánh mì kẹp thịt có thể nóng trong hương vị thông thường của chúng. có chỗ ngồi trên tầng hai, vì vậy nếu bạn may mắn, bạn có thể tìm thấy chúng. hơn nữa, vì việc đặt hàng được thực hiện thông qua một bảng điều khiển điện tử, sẽ khá khó khăn nếu bạn không thể quen với nó."
"McDonald's Hà Nội: Vị Nhật Bản, thêm cơm kiểu Á. Gà giòn, cơm khô. Mấy món kia bình thường. Tầng 2 có chỗ, hên xui. Order máy hơi khó.",2,"mcdonald ở hà nội, việt nam. nó có vị gần như giống như mcdonald ở nhật bản, nhưng có một kiểu gạo phổ biến đối với mcdonald ở đông nam á. gà là giòn và đủ ngon ngọt. gạo là một chút của một chút một chút của một chút một chút của một chút một chút của một chút một chút của một chút khoai tây chiên, cốm gà và bánh mì kẹp thịt có thể nóng trong hương vị thông thường của chúng. có chỗ ngồi trên tầng hai, vì vậy nếu bạn may mắn, bạn có thể tìm thấy chúng. hơn nữa, vì việc đặt hàng được thực hiện thông qua một bảng điều khiển điện tử, sẽ khá khó khăn nếu bạn không thể quen với nó."
không khí trong quán mùi lắm ..,2,không khí trong quán mùi lắm .
không khí trong quán mùi lắm ..,2,không khí trong quán mùi lắm .
không khí trong quán mùi lắm ..,2,không khí trong quán mùi lắm .
không khí trong quán mùi lắm ..,2,không khí trong quán mùi lắm .
không khí trong quán mùi lắm ..,2,không khí trong quán mùi lắm .
không khí trong quán mùi lắm ..,2,không khí trong quán mùi lắm .
"kinh nghiệm đáng kinh ngạc đã đến trong các bức ảnh của 1 p.m. trong thời gian của cô ấy, đồng đội của tôi đã tiếp tục bị chen lấn bởi những người thiếu kiên nhẫn. không lâu tôi hầu như không nói vé cho đơn đặt hàng của chúng tôi đã phát hành người phụ nữ với một nhân viên vội vã phát hành thiết bị đầu cuối mà chúng tôi đang mất quá nhiều thời gian trong một giai điệu khó chịu chúng tôi đã phục hồi đơn đặt hàng của chúng tôi khá nhanh mặc dù đám đông và sau đó đi ra ngoài ăn bên ngoài. điều không ngạc nhiên của tôi khi tôi phát hiện ra rằng chiếc bánh burger của tôi không tương ứng với bất cứ điều gì tôi đã đặt hàng. mặc dù giá cả là chính xác cho các đồng nghiệp châu âu của tôi, những người đọc cho tôi, bạn sẽ cần phải trả khoảng 5 cho một thực đơn rộng..",2,"kinh nghiệm đáng kinh ngạc đã đến trong các bức ảnh của 1 p.m. trong thời gian của cô ấy, đồng đội của tôi đã tiếp tục bị chen lấn bởi những người thiếu kiên nhẫn. không lâu tôi hầu như không nói vé cho đơn đặt hàng của chúng tôi đã phát hành người phụ nữ với một nhân viên vội vã phát hành thiết bị đầu cuối mà chúng tôi đang mất quá nhiều thời gian trong một giai điệu khó chịu chúng tôi đã phục hồi đơn đặt hàng của chúng tôi khá nhanh mặc dù đám đông và sau đó đi ra ngoài ăn bên ngoài. điều không ngạc nhiên của tôi khi tôi phát hiện ra rằng chiếc bánh burger của tôi không tương ứng với bất cứ điều gì tôi đã đặt hàng. mặc dù giá cả là chính xác cho các đồng nghiệp châu âu của tôi, những người đọc cho tôi, bạn sẽ cần phải trả khoảng 5 cho một thực đơn rộng."
"kinh nghiệm đáng kinh ngạc đã đến trong các bức ảnh của 1 p.m. trong thời gian của cô ấy, đồng đội của tôi đã tiếp tục bị chen lấn bởi những người thiếu kiên nhẫn. không lâu tôi hầu như không nói vé cho đơn đặt hàng của chúng tôi đã phát hành người phụ nữ với một nhân viên vội vã phát hành thiết bị đầu cuối mà chúng tôi đang mất quá nhiều thời gian trong một giai điệu khó chịu chúng tôi đã phục hồi đơn đặt hàng của chúng tôi khá nhanh mặc dù đám đông và sau đó đi ra ngoài ăn bên ngoài. điều không ngạc nhiên của tôi khi tôi phát hiện ra rằng chiếc bánh burger của tôi không tương ứng với bất cứ điều gì tôi đã đặt hàng. mặc dù giá cả là chính xác cho các đồng nghiệp châu âu của tôi, những người đọc cho tôi, bạn sẽ cần phải trả khoảng 5 cho một thực đơn rộng..",2,"kinh nghiệm đáng kinh ngạc đã đến trong các bức ảnh của 1 p.m. trong thời gian của cô ấy, đồng đội của tôi đã tiếp tục bị chen lấn bởi những người thiếu kiên nhẫn. không lâu tôi hầu như không nói vé cho đơn đặt hàng của chúng tôi đã phát hành người phụ nữ với một nhân viên vội vã phát hành thiết bị đầu cuối mà chúng tôi đang mất quá nhiều thời gian trong một giai điệu khó chịu chúng tôi đã phục hồi đơn đặt hàng của chúng tôi khá nhanh mặc dù đám đông và sau đó đi ra ngoài ăn bên ngoài. điều không ngạc nhiên của tôi khi tôi phát hiện ra rằng chiếc bánh burger của tôi không tương ứng với bất cứ điều gì tôi đã đặt hàng. mặc dù giá cả là chính xác cho các đồng nghiệp châu âu của tôi, những người đọc cho tôi, bạn sẽ cần phải trả khoảng 5 cho một thực đơn rộng."
"kinh nghiệm đáng kinh ngạc đã đến trong các bức ảnh của 1 p.m. trong thời gian của cô ấy, đồng đội của tôi đã tiếp tục bị chen lấn bởi những người thiếu kiên nhẫn. không lâu tôi hầu như không nói vé cho đơn đặt hàng của chúng tôi đã phát hành người phụ nữ với một nhân viên vội vã phát hành thiết bị đầu cuối mà chúng tôi đang mất quá nhiều thời gian trong một giai điệu khó chịu chúng tôi đã phục hồi đơn đặt hàng của chúng tôi khá nhanh mặc dù đám đông và sau đó đi ra ngoài ăn bên ngoài. điều không ngạc nhiên của tôi khi tôi phát hiện ra rằng chiếc bánh burger của tôi không tương ứng với bất cứ điều gì tôi đã đặt hàng. mặc dù giá cả là chính xác cho các đồng nghiệp châu âu của tôi, những người đọc cho tôi, bạn sẽ cần phải trả khoảng 5 cho một thực đơn rộng..",2,"kinh nghiệm đáng kinh ngạc đã đến trong các bức ảnh của 1 p.m. trong thời gian của cô ấy, đồng đội của tôi đã tiếp tục bị chen lấn bởi những người thiếu kiên nhẫn. không lâu tôi hầu như không nói vé cho đơn đặt hàng của chúng tôi đã phát hành người phụ nữ với một nhân viên vội vã phát hành thiết bị đầu cuối mà chúng tôi đang mất quá nhiều thời gian trong một giai điệu khó chịu chúng tôi đã phục hồi đơn đặt hàng của chúng tôi khá nhanh mặc dù đám đông và sau đó đi ra ngoài ăn bên ngoài. điều không ngạc nhiên của tôi khi tôi phát hiện ra rằng chiếc bánh burger của tôi không tương ứng với bất cứ điều gì tôi đã đặt hàng. mặc dù giá cả là chính xác cho các đồng nghiệp châu âu của tôi, những người đọc cho tôi, bạn sẽ cần phải trả khoảng 5 cho một thực đơn rộng."
"kinh nghiệm đáng kinh ngạc đã đến trong các bức ảnh của 1 p.m. trong thời gian của cô ấy, đồng đội của tôi đã tiếp tục bị chen lấn bởi những người thiếu kiên nhẫn. không lâu tôi hầu như không nói vé cho đơn đặt hàng của chúng tôi đã phát hành người phụ nữ với một nhân viên vội vã phát hành thiết bị đầu cuối mà chúng tôi đang mất quá nhiều thời gian trong một giai điệu khó chịu chúng tôi đã phục hồi đơn đặt hàng của chúng tôi khá nhanh mặc dù đám đông và sau đó đi ra ngoài ăn bên ngoài. điều không ngạc nhiên của tôi khi tôi phát hiện ra rằng chiếc bánh burger của tôi không tương ứng với bất cứ điều gì tôi đã đặt hàng. mặc dù giá cả là chính xác cho các đồng nghiệp châu âu của tôi, những người đọc cho tôi, bạn sẽ cần phải trả khoảng 5 cho một thực đơn rộng..",2,"kinh nghiệm đáng kinh ngạc đã đến trong các bức ảnh của 1 p.m. trong thời gian của cô ấy, đồng đội của tôi đã tiếp tục bị chen lấn bởi những người thiếu kiên nhẫn. không lâu tôi hầu như không nói vé cho đơn đặt hàng của chúng tôi đã phát hành người phụ nữ với một nhân viên vội vã phát hành thiết bị đầu cuối mà chúng tôi đang mất quá nhiều thời gian trong một giai điệu khó chịu chúng tôi đã phục hồi đơn đặt hàng của chúng tôi khá nhanh mặc dù đám đông và sau đó đi ra ngoài ăn bên ngoài. điều không ngạc nhiên của tôi khi tôi phát hiện ra rằng chiếc bánh burger của tôi không tương ứng với bất cứ điều gì tôi đã đặt hàng. mặc dù giá cả là chính xác cho các đồng nghiệp châu âu của tôi, những người đọc cho tôi, bạn sẽ cần phải trả khoảng 5 cho một thực đơn rộng."
"kinh nghiệm đáng kinhạc đã đến trong các bức ảnh của 1 p.m. trong thời gian của cô ấy, đồng đội của tôi đã tiếp tục bị chen lấn bởi những người thiếu kiên nhẫn. không lâu tôi hầu như không nói vé cho đơn đặt hàng của chúng tôi đã phát hành người phụ nữ với một nhân viên vội vã phát hành thiết bị đầu cuối mà chúng tôi đang mất quá nhiều thời gian trong một giai điệu khó chịu chúng tôi đã phục hồi đơn đặt hàng của chúng tôi khá nhanh mặc dù đám đông và sau đó đi ra ngoài ăn bên ngoài. điều không ngạc nhiên của tôi khi tôi phát hiện ra rằng chiếc bánh burger của tôi không tương ứng với bất cứ điều gì tôi đã đặt hàng. mặc dù giá cả là chính xác cho các đồng nghiệp châu âu của tôi, những người đọc cho tôi, bạn sẽ cần phải trả khoảng 5 cho một thực đơn rộng..",2,"kinh nghiệm đáng kinh ngạc đã đến trong các bức ảnh của 1 p.m. trong thời gian của cô ấy, đồng đội của tôi đã tiếp tục bị chen lấn bởi những người thiếu kiên nhẫn. không lâu tôi hầu như không nói vé cho đơn đặt hàng của chúng tôi đã phát hành người phụ nữ với một nhân viên vội vã phát hành thiết bị đầu cuối mà chúng tôi đang mất quá nhiều thời gian trong một giai điệu khó chịu chúng tôi đã phục hồi đơn đặt hàng của chúng tôi khá nhanh mặc dù đám đông và sau đó đi ra ngoài ăn bên ngoài. điều không ngạc nhiên của tôi khi tôi phát hiện ra rằng chiếc bánh burger của tôi không tương ứng với bất cứ điều gì tôi đã đặt hàng. mặc dù giá cả là chính xác cho các đồng nghiệp châu âu của tôi, những người đọc cho tôi, bạn sẽ cần phải trả khoảng 5 cho một thực đơn rộng."
"kinh nghiệm đáng kinh ngạc đã đến trong các bức ảnh của 1 p.m. trong thời gian của cô ấy, đồng đội của tôi đã tiếp tục bị chen lấn bởi những người thiếu kiên nhẫn. không lâu tôi hầu như không nói vé cho đơn đặt hàng của chúng tôi đã phát hành người phụ nữ với một nhân viên vội vã phát hành thiết bị đầu cuối mà chúng tôi đang mất quá nhiều thời gian trong một giai điệu khó chịu chúng tôi đã phục hồi đơn đặt hàng của chúng tôi khá nhanh mặc dù đám đông và sau đó đi ra ngoài ăn bên ngoài. điều không ngạc nhiên của tôi khi tôi phát hiện ra rằng chiếc bánh burger của tôi không tương ứng với bất cứ điều gì tôi đã đặt hàng. mặc dù giá cả là chính xác cho các đồng nghiệp châu âu của tôi, những người đọc cho tôi, bạn sẽ cần phải trả khoảng 5 cho một thực đơn rộng..",2,"kinh nghiệm đáng kinh ngạc đã đến trong các bức ảnh của 1 p.m. trong thời gian của cô ấy, đồng đội của tôi đã tiếp tục bị chen lấn bởi những người thiếu kiên nhẫn. không lâu tôi hầu như không nói vé cho đơn đặt hàng của chúng tôi đã phát hành người phụ nữ với một nhân viên vội vã phát hành thiết bị đầu cuối mà chúng tôi đang mất quá nhiều thời gian trong một giai điệu khó chịu chúng tôi đã phục hồi đơn đặt hàng của chúng tôi khá nhanh mặc dù đám đông và sau đó đi ra ngoài ăn bên ngoài. điều không ngạc nhiên của tôi khi tôi phát hiện ra rằng chiếc bánh burger của tôi không tương ứng với bất cứ điều gì tôi đã đặt hàng. mặc dù giá cả là chính xác cho các đồng nghiệp châu âu của tôi, những người đọc cho tôi, bạn sẽ cần phải trả khoảng 5 cho một thực đơn rộng."
"thức ăn phù hợp với những gì bạn mong đợi từ mcdonald. dịch vụ này cực kỳ chậm mặc dù. tôi đã đi hai lần và một lần nó bận rộn và lần còn lại có 5 nhân viên trong bếp và tôi có đơn đặt hàng duy nhất trong quá trình và vẫn mất nhiều thời gian. ngoài ra, họ có rất nhiều đặc biệt được đăng trên ứng dụng của họ. bạn có thể quét mã từ ứng dụng bằng các ki ốt nếu bạn cũng muốn đặt hàng tại chỗ.",2,"thức ăn phù hợp với những gì bạn mong đợi từ mcdonald. dịch vụ này cực kỳ chậm mặc dù. tôi đã đi hai lần và một lần nó bận rộn và lần còn lại có 5 nhân viên trong bếp và tôi có đơn đặt hàng duy nhất trong quá trình và vẫn mất nhiều thời gian. ngoài ra, họ có rất nhiều đặc biệt được đăng trên ứng dụng của họ. bạn có thể quét mã từ ứng dụng bằng các ki ốt nếu bạn cũng muốn đặt hàng tại chỗ."
"mcdonald cung cấp chất lượng thức ăn tiêu chuẩn. tuy nhiên, dịch vụ tại đây rất chậm. tôi đã ghé thăm hai lần, một lần quán rất đông khách, và lần còn lại, mặc dù có năm nhân viên trong bếp và tôi là khách hàng duy nhất, thời gian chờ đợi vẫn kéo dài. điểm cộng là mcdonald thường xuyên có các ưu đãi đặc biệt trên ứng dụng của họ, có thể sử dụng tại ki-ốt trong cửa hàng để đặt hàng.",2,"thức ăn phù hợp với những gì bạn mong đợi từ mcdonald. dịch vụ này cực kỳ chậm mặc dù. tôi đã đi hai lần và một lần nó bận rộn và lần còn lại có 5 nhân viên trong bếp và tôi có đơn đặt hàng duy nhất trong quá trình và vẫn mất nhiều thời gian. ngoài ra, họ có rất nhiều đặc biệt được đăng trên ứng dụng của họ. bạn có thể quét mã từ ứng dụng bằng các ki ốt nếu bạn cũng muốn đặt hàng tại chỗ."
"đồ ăn ở đây đúng chuẩn mcdonald thôi. mỗi tội phục vụ chậm quá trời. mình tới 2 lần rồi, 1 lần thì đông khách, còn 1 lần thì có tận 5 người trong bếp mà mình order có 1 món cũng phải chờ lâu. được cái là trên app của mcdonald có nhiều khuyến mãi lắm á. quét mã trên app ở mấy cái máy tự order là được à.",2,"thức ăn phù hợp với những gì bạn mong đợi từ mcdonald. dịch vụ này cực kỳ chậm mặc dù. tôi đã đi hai lần và một lần nó bận rộn và lần còn lại có 5 nhân viên trong bếp và tôi có đơn đặt hàng duy nhất trong quá trình và vẫn mất nhiều thời gian. ngoài ra, họ có rất nhiều đặc biệt được đăng trên ứng dụng của họ. bạn có thể quét mã từ ứng dụng bằng các ki ốt nếu bạn cũng muốn đặt hàng tại chỗ."
"chất lượng đồ ăn tương xứng với thương hiệu McDonald's. Điều đáng nói là tốc độ phục vụ quá chậm. Tôi đã đến đây hai lần, một lần rất đông khách, lần còn lại có đến 5 nhân viên trong bếp mà tôi là người duy nhất xếp hàng chờ món, nhưng thời gian chờ vẫn rất lâu. Bù lại, McDonald's có rất nhiều chương trình khuyến mãi hấp dẫn trên ứng dụng, bạn có thể quét mã tại các ki-ốt để đặt hàng trực tiếp.",2,"thức ăn phù hợp với những gì bạn mong đợi từ mcdonald. dịch vụ này cực kỳ chậm mặc dù. tôi đã đi hai lần và một lần nó bận rộn và lần còn lại có 5 nhân viên trong bếp và tôi có đơn đặt hàng duy nhất trong quá trình và vẫn mất nhiều thời gian. ngoài ra, họ có rất nhiều đặc biệt được đăng trên ứng dụng của họ. bạn có thể quét mã từ ứng dụng bằng các ki ốt nếu bạn cũng muốn đặt hàng tại chỗ."
"Bạn sẽ nhận được những gì bạn mong đợi từ McDonald's. Tuy nhiên, dịch vụ cực kỳ chậm. Cả hai lần tôi đến, một lần quán rất đông khách và lần còn lại có 5 nhân viên trong bếp và tôi là người duy nhất gọi món, nhưng vẫn mất một lúc. Mặt khác, họ có rất nhiều ưu đãi đặc biệt trên ứng dụng. Nếu bạn muốn đặt hàng tại chỗ, bạn có thể quét mã từ ứng dụng tại các ki-ốt.",2,"thức ăn phù hợp với những gì bạn mong đợi từ mcdonald. dịch vụ này cực kỳ chậm mặc dù. tôi đã đi hai lần và một lần nó bận rộn và lần còn lại có 5 nhân viên trong bếp và tôi có đơn đặt hàng duy nhất trong quá trình và vẫn mất nhiều thời gian. ngoài ra, họ có rất nhiều đặc biệt được đăng trên ứng dụng của họ. bạn có thể quét mã từ ứng dụng bằng các ki ốt nếu bạn cũng muốn đặt hàng tại chỗ."
"Đồ ăn không có gì đặc biệt, vẫn là hương vị McDonald's quen thuộc. Nhưng mà chờ lâu quá trời! Hôm mình đến, một lần thì đông nghịt người, một lần thì vắng tanh, có mỗi mình mình order mà 5 bạn nhân viên lúi húi trong bếp vẫn làm chậm rề. Được cái app McDonald's nhiều deal ngon, ra quán quét mã đặt cho tiện.",2,"thức ăn phù hợp với những gì bạn mong đợi từ mcdonald. dịch vụ này cực kỳ chậm mặc dù. tôi đã đi hai lần và một lần nó bận rộn và lần còn lại có 5 nhân viên trong bếp và tôi có đơn đặt hàng duy nhất trong quá trình và vẫn mất nhiều thời gian. ngoài ra, họ có rất nhiều đặc biệt được đăng trên ứng dụng của họ. bạn có thể quét mã từ ứng dụng bằng các ki ốt nếu bạn cũng muốn đặt hàng tại chỗ."
"Hiển nhiên là rất đắt đỏ, nhưng đôi khi đó là điều không thể tránh khỏi.",2,"tất nhiên là cực kỳ tốn kém, nhưng đôi khi là chuẩn mực"
"Giá cả quá cao, nhưng đôi khi bạn phải chấp nhận điều đó.",2,"tất nhiên là cực kỳ tốn kém, nhưng đôi khi là chuẩn mực"
"Đắt xắt ra miếng, nhưng đôi khi lại là lựa chọn duy nhất.",2,"tất nhiên là cực kỳ tốn kém, nhưng đôi khi là chuẩn mực"
"Giá chát thật, nhưng đôi lúc lại là tiêu chuẩn rồi.",2,"tất nhiên là cực kỳ tốn kém, nhưng đôi khi là chuẩn mực"
"Tuy giá cao, nhưng đôi khi đó là điều bình thường.",2,"tất nhiên là cực kỳ tốn kém, nhưng đôi khi là chuẩn mực"
"Chắc chắn là không hề rẻ, nhưng đôi khi đó là cái giá phải trả.",2,"tất nhiên là cực kỳ tốn kém, nhưng đôi khi là chuẩn mực"
"mcd cổ điển ở rìa hồ ở trung tâm hà nội rất nhiều chỗ ngồi trên lầu, sạch sẽ và thoáng mát menu cũng có món cơm nếu bạn muốn.",2,"mcd cổ điển ở rìa hồ ở trung tâm hà nội rất nhiều chỗ ngồi trên lầu, sạch sẽ và thoáng mát menu cũng có món cơm nếu bạn muốn"
"mcd cổ điển ở rìa hồ ở trung tâm hà nội rất nhiều chỗ ngồi trên lầu, sạch sẽ và thoáng mát menu cũng có món cơm nếu bạn muốn.",2,"mcd cổ điển ở rìa hồ ở trung tâm hà nội rất nhiều chỗ ngồi trên lầu, sạch sẽ và thoáng mát menu cũng có món cơm nếu bạn muốn"
"mcd cổ điển ở rìa hồ ở trung tâm hà nội rất nhiều chỗ ngồi trên lầu, sạch sẽ và thoáng mát menu cũng có món cơm nếu bạn muốn.",2,"mcd cổ điển ở rìa hồ ở trung tâm hà nội rất nhiều chỗ ngồi trên lầu, sạch sẽ và thoáng mát menu cũng có món cơm nếu bạn muốn"
"mcd cổ điển ở rìa hồ ở trung tâm hà nội rất nhiều chỗ ngồi trên lầu, sạch sẽ và thoáng mát menu cũng có món cơm nếu bạn muốn.",2,"mcd cổ điển ở rìa hồ ở trung tâm hà nội rất nhiều chỗ ngồi trên lầu, sạch sẽ và thoáng mát menu cũng có món cơm nếu bạn muốn"
"mcd cổ điển ở rìa hồ ở trung tâm hà nội rất nhiều chỗ ngồi trên lầu, sạch sẽ và thoáng mát menu cũng có món cơm nếu bạn muốn.",2,"mcd cổ điển ở rìa hồ ở trung tâm hà nội rất nhiều chỗ ngồi trên lầu, sạch sẽ và thoáng mát menu cũng có món cơm nếu bạn muốn"
"mcd cổ điển ở rìa hồ ở trung tâm hà nội rất nhiều chỗ ngồi trên lầu, sạch sẽ và thoáng mát menu cũng có món cơm nếu bạn muốn.",2,"mcd cổ điển ở rìa hồ ở trung tâm hà nội rất nhiều chỗ ngồi trên lầu, sạch sẽ và thoáng mát menu cũng có món cơm nếu bạn muốn"
"Tầng hai luôn ẩm thấp, không khí có mùi khó chịu. Do vị trí đẹp nên lúc nào cũng đông đúc. Khách hàng thiếu ý thức tự giác dọn dẹp, cần nhân viên phục vụ liên tục. Quy trình đặt hàng và lấy đồ tự động hóa diễn ra trơn tru. Nhân viên làm việc rất chăm chỉ.",2,"tầng thứ hai luôn ẩm và không khí xấu và mùi kỳ lạ. do vị trí, nó luôn luôn đông đúc. khách hàng không tự vứt rác, vì vậy họ không hiệu quả, họ cần nhân viên để dọn rác từ khách hàng trước mặt họ để ngồi xuống. việc đặt hàng và đón được tự động hóa nên nó trơn tru. các nhân viên làm việc chăm chỉ."
"Khu vực tầng 2 lúc nào cũng ẩm ướt, không khí thì ngột ngạt lại còn có mùi lạ nữa. Chắc do vị trí đắc địa nên quán xá lúc nào cũng nườm nượp khách. Khách hàng thì lười dọn dẹp, thành ra nhân viên phải chạy đôn chạy đáo dọn dẹp liên tục. Được cái là quy trình order với lấy đồ nhanh gọn lẹ vì đã được tự động hóa. Nhân viên ở đây ai cũng nhiệt tình hết mình.",2,"tầng thứ hai luôn ẩm và không khí xấu và mùi kỳ lạ. do vị trí, nó luôn luôn đông đúc. khách hàng không tự vứt rác, vì vậy họ không hiệu quả, họ cần nhân viên để dọn rác từ khách hàng trước mặt họ để ngồi xuống. việc đặt hàng và đón được tự động hóa nên nó trơn tru. các nhân viên làm việc chăm chỉ."
"Điểm trừ là tầng 2 ẩm thấp, không khí có mùi. Quán đông khách do vị trí tốt. Khách hàng không tự giác dọn dẹp nên cần nhân viên phục vụ liên tục. Điểm cộng là quy trình order và lấy đồ tự động hóa rất nhanh chóng, nhân viên làm việc chăm chỉ.",2,"tầng thứ hai luôn ẩm và không khí xấu và mùi kỳ lạ. do vị trí, nó luôn luôn đông đúc. khách hàng không tự vứt rác, vì vậy họ không hiệu quả, họ cần nhân viên để dọn rác từ khách hàng trước mặt họ để ngồi xuống. việc đặt hàng và đón được tự động hóa nên nó trơn tru. các nhân viên làm việc chăm chỉ."
Tầng hai có vấn đề về độ ẩm và mùi khó chịu. Quán đông khách do vị trí thuận lợi. Việc thiếu ý thức của khách hàng trong việc dọn dẹp gây khó khăn cho nhân viên. Hệ thống order tự động giúp quy trình nhanh chóng. Nhân viên làm việc rất cố gắng.,2,"tầng thứ hai luôn ẩm và không khí xấu và mùi kỳ lạ. do vị trí, nó luôn luôn đông đúc. khách hàng không tự vứt rác, vì vậy họ không hiệu quả, họ cần nhân viên để dọn rác từ khách hàng trước mặt họ để ngồi xuống. việc đặt hàng và đón được tự động hóa nên nó trơn tru. các nhân viên làm việc chăm chỉ."
"Mình thấy tầng 2 hơi ẩm, lại còn có mùi nữa. Quán lúc nào cũng đông nghẹt người vì vị trí đẹp. Khách ăn xong toàn để lại chứ không tự dọn nên tội mấy bạn nhân viên phải dọn liên tục. May mà order với lấy đồ nhanh gọn nhờ có hệ thống tự động. Nhân viên ở đây thì khỏi chê, ai cũng nhiệt tình.",2,"tầng thứ hai luôn ẩm và không khí xấu và mùi kỳ lạ. do vị trí, nó luôn luôn đông đúc. khách hàng không tự vứt rác, vì vậy họ không hiệu quả, họ cần nhân viên để dọn rác từ khách hàng trước mặt họ để ngồi xuống. việc đặt hàng và đón được tự động hóa nên nó trơn tru. các nhân viên làm việc chăm chỉ."
"Nói chung là tầng 2 ẩm thấp, không khí lại không được trong lành. Ưu điểm là quán lúc nào cũng đông khách do vị trí đẹp. Nhược điểm là khách hàng không tự giác dọn dẹp, nhân viên phải phục vụ liên tục. Bù lại, quy trình đặt hàng và lấy đồ nhanh chóng nhờ tự động hóa. Nhân viên thì khỏi phải bàn, ai cũng làm việc hết mình.",2,"tầng thứ hai luôn ẩm và không khí xấu và mùi kỳ lạ. do vị trí, nó luôn luôn đông đúc. khách hàng không tự vứt rác, vì vậy họ không hiệu quả, họ cần nhân viên để dọn rác từ khách hàng trước mặt họ để ngồi xuống. việc đặt hàng và đón được tự động hóa nên nó trơn tru. các nhân viên làm việc chăm chỉ."
mc donald bờ hồ vị trí đẹp. muốn ăn md mình thường ghé vào đây thik nhất món kem và bánh big mc.,2,mc donald bờ hồ vị trí đẹp. muốn ăn md mình thường ghé vào đây thik nhất món kem và bánh big mc
mc donald bờ hồ vị trí đẹp. muốn ăn md mình thường ghé vào đây thik nhất món kem và bánh big mc.,2,mc donald bờ hồ vị trí đẹp. muốn ăn md mình thường ghé vào đây thik nhất món kem và bánh big mc
mc donald bờ hồ vị trí đẹp. muốn ăn md mình thường ghé vào đây thik nhất món kem và bánh big mc.,2,mc donald bờ hồ vị trí đẹp. muốn ăn md mình thường ghé vào đây thik nhất món kem và bánh big mc
mc donald bờ hồ vị trí đẹp. muốn ăn md mình thường ghé vào đây thik nhất món kem và bánh big mc.,2,mc donald bờ hồ vị trí đẹp. muốn ăn md mình thường ghé vào đây thik nhất món kem và bánh big mc
mc donald bờ hồ vị trí đẹp. muốn ăn md mình thường ghé vào đây thik nhất món kem và bánh big mc.,2,mc donald bờ hồ vị trí đẹp. muốn ăn md mình thường ghé vào đây thik nhất món kem và bánh big mc
mc donald bờ hồ vị trí đẹp. muốn ăn md mình thường ghé vào đây thik nhất món kem và bánh big mc.,2,mc donald bờ hồ vị trí đẹp. muốn ăn md mình thường ghé vào đây thik nhất món kem và bánh big mc
Thời gian chờ đợi cho mỗi tách cà phê quá lâu.,2,uống mỗi cốc cà phê mà bắt đợi lâu quá .
Việc pha chế mỗi cốc cà phê mất quá nhiều thời gian.,2,uống mỗi cốc cà phê mà bắt đợi lâu quá .
Mỗi ly cà phê làm quá chậm chạp.,2,uống mỗi cốc cà phê mà bắt đợi lâu quá .
Quá trình chuẩn bị mỗi tách cà phê diễn ra rất chậm.,2,uống mỗi cốc cà phê mà bắt đợi lâu quá .
Cảm thấy thời gian chờ đợi cà phê quá lâu.,2,uống mỗi cốc cà phê mà bắt đợi lâu quá .
Phải đợi quá lâu mới có một cốc cà phê.,2,uống mỗi cốc cà phê mà bắt đợi lâu quá .
Đôi khi nhân viên giao nhầm đơn hàng.,2,thỉnh thoảng nhân viên hay giao nhầm order
Order thỉnh thoảng bị giao sai bởi nhân viên.,2,thỉnh thoảng nhân viên hay giao nhầm order
Việc giao nhầm order đôi lúc xảy ra do lỗi của nhân viên.,2,thỉnh thoảng nhân viên hay giao nhầm order
Nhân viên đôi khi giao sai order cho khách.,2,thỉnh thoảng nhân viên hay giao nhầm order
"Thỉnh thoảng, nhân viên mắc lỗi giao hàng không đúng.",2,thỉnh thoảng nhân viên hay giao nhầm order
Đã có vài lần nhân viên giao nhầm order.,2,thỉnh thoảng nhân viên hay giao nhầm order
"Tôi đã đặt một chiếc bánh mì fauburger mà tôi nghĩ là món ăn Việt Nam. Hương vị Việt Nam thật tệ! cửa hàng trống không, nhưng bọn trẻ địa phương lại rất ồn ào. Chúng chạy quanh, trèo lên bàn và trượt băng nữa chứ.",2,"fauburger giống việt nam tôi đã đặt hàng một cái gì đó như thế. hương vị việt nam lol cửa hàng trống rỗng, nhưng nó ồn ào khi những đứa trẻ địa phương đang làm ầm ĩ và đang cưỡi trên bàn và chạy xung quanh trên trượt băng."
"Tôi đã đặt một cái gì đó giống như bánh mì fauburger của Việt Nam. hương vị thì hơi kỳ cục. Cửa hàng vắng tanh, nhưng rất ồn ào vì bọn trẻ con chạy nhảy, leo trèo và trượt ván trong đó.",2,"fauburger giống việt nam tôi đã đặt hàng một cái gì đó như thế. hương vị việt nam lol cửa hàng trống rỗng, nhưng nó ồn ào khi những đứa trẻ địa phương đang làm ầm ĩ và đang cưỡi trên bàn và chạy xung quanh trên trượt băng."
"Tôi đã thử bánh mì fauburger, nó được cho là có hương vị Việt Nam. Tôi không thích hương vị đó. Dù cửa hàng không có khách, nhưng bọn trẻ địa phương lại gây ồn ào. Chúng leo lên bàn, chạy xung quanh và còn trượt ván nữa.",2,"fauburger giống việt nam tôi đã đặt hàng một cái gì đó như thế. hương vị việt nam lol cửa hàng trống rỗng, nhưng nó ồn ào khi những đứa trẻ địa phương đang làm ầm ĩ và đang cưỡi trên bàn và chạy xung quanh trên trượt băng."
"Cái gọi là bánh mì fauburger Việt Nam này có vị rất tệ. Hơn nữa, dù không có ai, cửa hàng vẫn rất ồn ào vì bọn trẻ đang chạy nhảy và nghịch ngợm.",2,"fauburger giống việt nam tôi đã đặt hàng một cái gì đó như thế. hương vị việt nam lol cửa hàng trống rỗng, nhưng nó ồn ào khi những đứa trẻ địa phương đang làm ầm ĩ và đang cưỡi trên bàn và chạy xung quanh trên trượt băng."
"Tôi đã mua một chiếc fauburger giả Việt Nam. Không ngon chút nào! Quán thì vắng hoe, nhưng ồn ào khủng khiếp vì đám trẻ con chạy lung tung, trèo lên bàn rồi còn trượt ván nữa chứ.",2,"fauburger giống việt nam tôi đã đặt hàng một cái gì đó như thế. hương vị việt nam lol cửa hàng trống rỗng, nhưng nó ồn ào khi những đứa trẻ địa phương đang làm ầm ĩ và đang cưỡi trên bàn và chạy xung quanh trên trượt băng."
"Fauburger này được quảng cáo là hương vị Việt Nam, nhưng tôi không thích. Thêm nữa, mặc dù quán trống không nhưng lại rất ồn ào do bọn trẻ con chạy nhảy, trèo bàn ghế và trượt ván.",2,"fauburger giống việt nam tôi đã đặt hàng một cái gì đó như thế. hương vị việt nam lol cửa hàng trống rỗng, nhưng nó ồn ào khi những đứa trẻ địa phương đang làm ầm ĩ và đang cưỡi trên bàn và chạy xung quanh trên trượt băng."
"Thức ăn và dịch vụ tạm ổn, tuy nhiên việc đặt hàng trực tuyến có vẻ không khả dụng qua các ứng dụng. Nhà vệ sinh khá bẩn và khu vực chờ trông như một bãi rác.",2,"thức ăn và phục vụ là ok, nhưng tôi có thể đặt hàng trực tuyến với bất kỳ ứng dụng nào. phòng vệ sinh bị bẩn. một thời gian không gian giống như một bãi rác"
"Đồ ăn và phục vụ ở mức chấp nhận được, nhưng tôi thấy bất tiện vì không thể đặt món qua ứng dụng. Tình trạng nhà vệ sinh kém vệ sinh và khu vực chờ thì bừa bộn như bãi rác.",2,"thức ăn và phục vụ là ok, nhưng tôi có thể đặt hàng trực tuyến với bất kỳ ứng dụng nào. phòng vệ sinh bị bẩn. một thời gian không gian giống như một bãi rác"
"Nhìn chung, đồ ăn và phục vụ không có gì đặc sắc. Điểm trừ lớn là không đặt được đồ ăn online và nhà vệ sinh thì quá tệ, khu vực chờ thì bẩn thỉu.",2,"thức ăn và phục vụ là ok, nhưng tôi có thể đặt hàng trực tuyến với bất kỳ ứng dụng nào. phòng vệ sinh bị bẩn. một thời gian không gian giống như một bãi rác"
"Đồ ăn tàm tạm, phục vụ cũng vậy. Chán nhất là không đặt online được, với cả nhà vệ sinh bẩn quá trời, khu chờ thì như cái ổ chuột.",2,"thức ăn và phục vụ là ok, nhưng tôi có thể đặt hàng trực tuyến với bất kỳ ứng dụng nào. phòng vệ sinh bị bẩn. một thời gian không gian giống như một bãi rác"
"Nói chung là đồ ăn với phục vụ được, mỗi tội không đặt online được. Nhà vệ sinh với khu chờ thì thôi rồi, bẩn kinh khủng.",2,"thức ăn và phục vụ là ok, nhưng tôi có thể đặt hàng trực tuyến với bất kỳ ứng dụng nào. phòng vệ sinh bị bẩn. một thời gian không gian giống như một bãi rác"
"Cũng được, nhưng không có gì đặc biệt. Không thích vụ không đặt online được với nhà vệ sinh bẩn.",2,"thức ăn và phục vụ là ok, nhưng tôi có thể đặt hàng trực tuyến với bất kỳ ứng dụng nào. phòng vệ sinh bị bẩn. một thời gian không gian giống như một bãi rác"
chỉ cần mcdonald hahaha,2,chỉ cần mcdonald hahaha
chỉ cần mcdonald hahaha,2,chỉ cần mcdonald hahaha
chỉ cần mcdonald hahaha,2,chỉ cần mcdonald hahaha
chỉ cần mcdonald hahaha,2,chỉ cần mcdonald hahaha
chỉ cần mcdonald hahaha,2,chỉ cần mcdonald hahaha
chỉ cần mcdonald hahaha,2,chỉ cần mcdonald hahaha
"Rất bận rộn, chỉ có 3 màn hình đặt hàng. Thức ăn chậm ra. Bánh mì ướt và tệ. Trải nghiệm không tốt.",2,rất bận rộn và chỉ có 3 màn hình bạn đặt hàng từ. thức ăn mất nhiều thời gian để có được. bun chính nó ướt và khủng khiếp. không phải là một kinh nghiệm tuyệt vời.
"Quá tải khách, ít màn hình đặt hàng, đồ ăn lâu, bánh mì dở tệ. Không hài lòng.",2,rất bận rộn và chỉ có 3 màn hình bạn đặt hàng từ. thức ăn mất nhiều thời gian để có được. bun chính nó ướt và khủng khiếp. không phải là một kinh nghiệm tuyệt vời.
"Đông khách quá, chỉ có 3 cái màn hình để order, đồ ăn thì chờ dài cổ mới thấy. Cái bánh mì thì ôi thôi, ướt nhẹp với dở ẹc. Tóm lại là dở tệ.",2,rất bận rộn và chỉ có 3 màn hình bạn đặt hàng từ. thức ăn mất nhiều thời gian để có được. bun chính nó ướt và khủng khiếp. không phải là một kinh nghiệm tuyệt vời.
Do lượng khách quá đông và số lượng màn hình cảm ứng để order còn hạn chế nên thời gian chờ món bị kéo dài. Bánh mì burger bị ướt và hương vị không ngon. Đây không phải là một trải nghiệm tốt.,2,rất bận rộn và chỉ có 3 màn hình bạn đặt hàng từ. thức ăn mất nhiều thời gian để có được. bun chính nó ướt và khủng khiếp. không phải là một kinh nghiệm tuyệt vời.
"Nhà hàng đông khách, số lượng máy order hạn chế. Thức ăn lên món chậm. Bánh mì burger bị ướt, hương vị không ngon.",2,rất bận rộn và chỉ có 3 màn hình bạn đặt hàng từ. thức ăn mất nhiều thời gian để có được. bun chính nó ướt và khủng khiếp. không phải là một kinh nghiệm tuyệt vời.
The restaurant was busy with only a few ordering kiosks which caused long wait times for the food. The bun was soggy and tasted bad leading to a negative experience.,2,rất bận rộn và chỉ có 3 màn hình bạn đặt hàng từ. thức ăn mất nhiều thời gian để có được. bun chính nó ướt và khủng khiếp. không phải là một kinh nghiệm tuyệt vời.
Tôi đã đi ăn ở nhà hàng và mang đi vì đó là Infi vào cuối tuần.,2,tôi đã đi ăn trong cửa hàng và lấy ra do infi vào cuối tuần.
Tôi đã ăn tại nhà hàng và gọi đồ mang về vì đó là Infi cuối tuần.,2,tôi đã đi ăn trong cửa hàng và lấy ra do infi vào cuối tuần.
Cuối tuần tôi đến Infi ăn và mua đồ mang về.,2,tôi đã đi ăn trong cửa hàng và lấy ra do infi vào cuối tuần.
Tôi đã chọn ăn ở nhà hàng Infi vào cuối tuần và mua mang đi.,2,tôi đã đi ăn trong cửa hàng và lấy ra do infi vào cuối tuần.
Tôi quyết định ăn ở Infi vào cuối tuần và mang về nhà.,2,tôi đã đi ăn trong cửa hàng và lấy ra do infi vào cuối tuần.
"Tôi đã ghé thăm nhà hàng Infi vào cuối tuần, gọi món và mang về.",2,tôi đã đi ăn trong cửa hàng và lấy ra do infi vào cuối tuần.
tôi không biết cách đặt hàng như một bảng điều khiển cảm ứng. họ sẽ không chấp nhận nó ở quầy nên tôi không thể đi nữa..,2,tôi không biết cách đặt hàng như một bảng điều khiển cảm ứng. họ sẽ không chấp nhận nó ở quầy nên tôi không thể đi nữa.
tôi không biết cách đặt hàng như một bảng điều khiển cảm ứng. họ sẽ không chấp nhận nó ở quầy nên tôi không thể đi nữa..,2,tôi không biết cách đặt hàng như một bảng điều khiển cảm ứng. họ sẽ không chấp nhận nó ở quầy nên tôi không thể đi nữa.
tôi không biết cách đặt hàng như một bảng điều khiển cảm ứng. họ sẽ không chấp nhận nó ở quầy nên tôi không thể đi nữa..,2,tôi không biết cách đặt hàng như một bảng điều khiển cảm ứng. họ sẽ không chấp nhận nó ở quầy nên tôi không thể đi nữa.
tôi không biết cách đặt hàng như một bảng điều khiển cảm ứng. họ sẽ không chấp nhận nó ở quầy nên tôi không thể đi nữa..,2,tôi không biết cách đặt hàng như một bảng điều khiển cảm ứng. họ sẽ không chấp nhận nó ở quầy nên tôi không thể đi nữa.
tôi không biết cách đặt hàng như một bảng điều khiển cảm ứng. họ sẽ không chấp nhận nó ở quầy nên tôi không thể đi nữa..,2,tôi không biết cách đặt hàng như một bảng điều khiển cảm ứng. họ sẽ không chấp nhận nó ở quầy nên tôi không thể đi nữa.
tôi không biết cách đặt hàng như một bảng điều khiển cảm ứng. họ sẽ không chấp nhận nó ở quầy nên tôi không thể đi nữa..,2,tôi không biết cách đặt hàng như một bảng điều khiển cảm ứng. họ sẽ không chấp nhận nó ở quầy nên tôi không thể đi nữa.
"Về đồ ăn thì khỏi chê rồi, nhưng mà cái kiểu làm ăn ở đây chán thật. Quán đông nghịt mà không có loa gọi khách, ai nấy chen chúc chờ lấy đồ. Mấy ông khách Tây với khách ngồi bàn chắc chắn chẳng nghe thấy gì nếu nhân viên cứ gào mồm gọi số. Thiết nghĩ quán nên lắp cái loa với mic để nhân viên đọc số cho nó văn minh, đỡ cảnh người nhận không biết cứ chờ dài cổ, khách mới thì cứ nườm nượp kéo đến, thành ra tắc nghẽn.",2,"chất lượng đồ ăn thì không có gì phải nói tuy nhiên cách thức làm việc ở nhà hàng này lại không hiệu quả chút nào quán không có loa thông báo vì quán rất đông khách, lượng người chờ lấy đồ là rất lớn, có những khách tây hoặc người chờ lấy đồ tại bàn thì không thể nghe hoặc hiểu được nếu như nhân viên chỉ gào mồm lên đọc đơn số... ra nhận hàng nơi này thực sự cần một hệ thống loa và mic để nhân viên đọc số thứ tự trên loa tránh cho việc đồ làm xong nhưng người nhận không biết cứ chờ và và lượng khách tới liên tục sẽ gây hiện tượng chờ đồ lâu, ách tắc không cần thiết"
"Đồ ăn ngon miễn bàn, nhưng cung cách phục vụ của nhà hàng này thực sự cần xem lại. Quán quá đông, lại không có hệ thống loa thông báo, gây khó khăn cho khách hàng, đặc biệt là khách nước ngoài hoặc khách ngồi tại bàn. Việc nhân viên phải lớn tiếng gọi số đơn hàng vừa gây ồn ào, vừa không hiệu quả. Thiết nghĩ, nhà hàng nên trang bị hệ thống loa và micro để thông báo số thứ tự một cách rõ ràng, tránh tình trạng khách chờ đợi lâu do không nghe thấy, dẫn đến ùn tắc.",2,"chất lượng đồ ăn thì không có gì phải nói tuy nhiên cách thức làm việc ở nhà hàng này lại không hiệu quả chút nào quán không có loa thông báo vì quán rất đông khách, lượng người chờ lấy đồ là rất lớn, có những khách tây hoặc người chờ lấy đồ tại bàn thì không thể nghe hoặc hiểu được nếu như nhân viên chỉ gào mồm lên đọc đơn số... ra nhận hàng nơi này thực sự cần một hệ thống loa và mic để nhân viên đọc số thứ tự trên loa tránh cho việc đồ làm xong nhưng người nhận không biết cứ chờ và và lượng khách tới liên tục sẽ gây hiện tượng chờ đồ lâu, ách tắc không cần thiết"
"Món ăn ở đây thì khỏi phải bàn cãi về chất lượng rồi. Tuy nhiên, cách thức vận hành của nhà hàng lại chưa được tối ưu. Do lượng khách đông mà không có hệ thống loa thông báo, khách hàng phải tự chen chúc để chờ lấy đồ. Điều này gây bất tiện, đặc biệt với khách nước ngoài hoặc khách ngồi tại bàn. Việc nhân viên phải lớn tiếng gọi số đơn hàng không phải là giải pháp tốt. Nhà hàng nên đầu tư hệ thống loa và micro để thông báo số thứ tự một cách hiệu quả, giúp giảm thiểu thời gian chờ đợi và tránh tình trạng ùn tắc.",2,"chất lượng đồ ăn thì không có gì phải nói tuy nhiên cách thức làm việc ở nhà hàng này lại không hiệu quả chút nào quán không có loa thông báo vì quán rất đông khách, lượng người chờ lấy đồ là rất lớn, có những khách tây hoặc người chờ lấy đồ tại bàn thì không thể nghe hoặc hiểu được nếu như nhân viên chỉ gào mồm lên đọc đơn số... ra nhận hàng nơi này thực sự cần một hệ thống loa và mic để nhân viên đọc số thứ tự trên loa tránh cho việc đồ làm xong nhưng người nhận không biết cứ chờ và và lượng khách tới liên tục sẽ gây hiện tượng chờ đồ lâu, ách tắc không cần thiết"
"Chất lượng món ăn ổn, nhưng quy trình phục vụ cần cải thiện. Quán đông khách mà không có loa thông báo, khách phải chen nhau chờ lấy đồ. Khách Tây hoặc khách ngồi bàn khó nghe được nhân viên gọi số. Nên lắp loa để thông báo số thứ tự, tránh gây ùn tắc.",2,"chất lượng đồ ăn thì không có gì phải nói tuy nhiên cách thức làm việc ở nhà hàng này lại không hiệu quả chút nào quán không có loa thông báo vì quán rất đông khách, lượng người chờ lấy đồ là rất lớn, có những khách tây hoặc người chờ lấy đồ tại bàn thì không thể nghe hoặc hiểu được nếu như nhân viên chỉ gào mồm lên đọc đơn số... ra nhận hàng nơi này thực sự cần một hệ thống loa và mic để nhân viên đọc số thứ tự trên loa tránh cho việc đồ làm xong nhưng người nhận không biết cứ chờ và và lượng khách tới liên tục sẽ gây hiện tượng chờ đồ lâu, ách tắc không cần thiết"
"Đồ ăn ngon, mỗi tội cách làm việc chưa ổn. Quán nên có loa thông báo vì lúc nào cũng đông nghẹt khách, ai cũng phải chen chúc chờ đến lượt. Nhân viên cứ phải gào lên gọi số thì ai mà nghe rõ, nhất là khách Tây. Lắp cái loa vào cho nó văn minh, bớt lộn xộn đi.",2,"chất lượng đồ ăn thì không có gì phải nói tuy nhiên cách thức làm việc ở nhà hàng này lại không hiệu quả chút nào quán không có loa thông báo vì quán rất đông khách, lượng người chờ lấy đồ là rất lớn, có những khách tây hoặc người chờ lấy đồ tại bàn thì không thể nghe hoặc hiểu được nếu như nhân viên chỉ gào mồm lên đọc đơn số... ra nhận hàng nơi này thực sự cần một hệ thống loa và mic để nhân viên đọc số thứ tự trên loa tránh cho việc đồ làm xong nhưng người nhận không biết cứ chờ và và lượng khách tới liên tục sẽ gây hiện tượng chờ đồ lâu, ách tắc không cần thiết"
"Về chất lượng đồ ăn không có gì để phàn nàn, tuy nhiên, phương thức làm việc của nhà hàng cần được xem xét lại. Việc thiếu hệ thống loa thông báo trong bối cảnh quán luôn đông khách gây ra nhiều bất tiện. Khách hàng phải tập trung cao độ để nghe nhân viên gọi số, điều này đặc biệt khó khăn đối với khách nước ngoài hoặc khách ngồi chờ tại bàn. Để cải thiện tình hình, nhà hàng nên trang bị hệ thống loa và micro để thông báo số thứ tự một cách rõ ràng và chuyên nghiệp, giúp giảm thiểu tình trạng chờ đợi và ùn tắc không đáng có.",2,"chất lượng đồ ăn thì không có gì phải nói tuy nhiên cách thức làm việc ở nhà hàng này lại không hiệu quả chút nào quán không có loa thông báo vì quán rất đông khách, lượng người chờ lấy đồ là rất lớn, có những khách tây hoặc người chờ lấy đồ tại bàn thì không thể nghe hoặc hiểu được nếu như nhân viên chỉ gào mồm lên đọc đơn số... ra nhận hàng nơi này thực sự cần một hệ thống loa và mic để nhân viên đọc số thứ tự trên loa tránh cho việc đồ làm xong nhưng người nhận không biết cứ chờ và và lượng khách tới liên tục sẽ gây hiện tượng chờ đồ lâu, ách tắc không cần thiết"
"Avoid Wednesday, you will understand why 😁",2,"tránh thứ tư, bạn sẽ hiểu tại sao 😁"
Steer clear of Wednesdays; you'll quickly figure out the reason. 😁,2,"tránh thứ tư, bạn sẽ hiểu tại sao 😁"
Wednesdays? Better not go. You'll see. 😁,2,"tránh thứ tư, bạn sẽ hiểu tại sao 😁"
"I suggest not going on Wednesdays, and you'll soon discover why. 😁",2,"tránh thứ tư, bạn sẽ hiểu tại sao 😁"
Wednesday is a day to avoid; the reason will become clear. 😁,2,"tránh thứ tư, bạn sẽ hiểu tại sao 😁"
"If you go on Wednesday, you'll understand the meaning of life. 😁",2,"tránh thứ tư, bạn sẽ hiểu tại sao 😁"
"đồ ăn nhanh. ăn cung ngon. phuc vu cham, chưa tôt. nhưng khu rưa tay rât tê. lân nao tôi đên cung thây nươc ươt nhep ca san. voi cam ưng chăc lăp lâu qua rôi nên mai mơi cam ưng đươc. bôn rưa hơi cao, voi rưa hơi sâu so vơi tâm vơi cua cac ban nho dươi 10 tuôi..",2,"đô ăn nhanh. ăn cung ngon. phuc vu cham, chưa tôt. nhưng khu rưa tay rât tê. lân nao tôi đên cung thây nươc ươt nhep ca san. voi cam ưng chăc lăp lâu qua rôi nên mai mơi cam ưng đươc. bôn rưa hơi cao, voi rưa hơi sâu so vơi tâm vơi cua cac ban nho dươi 10 tuôi."
"đồ ăn nhanh. ăn cung ngon. phuc vu cham, chưa tôt. nhưng khu rưa tay rât tê. lân nao tôi đên cung thây nươc ươt nhep ca san. voi cam ưng chăc lăp lâu qua rôi nên mai mơi cam ưng đươc. bôn rưa hơi cao, voi rưa hơi sâu so vơi tâm vơi cua cac ban nho dươi 10 tuôi..",2,"đô ăn nhanh. ăn cung ngon. phuc vu cham, chưa tôt. nhưng khu rưa tay rât tê. lân nao tôi đên cung thây nươc ươt nhep ca san. voi cam ưng chăc lăp lâu qua rôi nên mai mơi cam ưng đươc. bôn rưa hơi cao, voi rưa hơi sâu so vơi tâm vơi cua cac ban nho dươi 10 tuôi."
"đồ ăn nhanh. ăn cung ngon. phuc vu cham, chưa tôt. nhưng khu rưa tay rât tê. lân nao tôi đên cung thây nươc ươt nhep ca san. voi cam ưng chăc lăp lâu qua rôi nên mai mơi cam ưng đươc. bôn rưa hơi cao, voi rưa hơi sâu so vơi tâm vơi cua cac ban nho dươi 10 tuôi..",2,"đô ăn nhanh. ăn cung ngon. phuc vu cham, chưa tôt. nhưng khu rưa tay rât tê. lân nao tôi đên cung thây nươc ươt nhep ca san. voi cam ưng chăc lăp lâu qua rôi nên mai mơi cam ưng đươc. bôn rưa hơi cao, voi rưa hơi sâu so vơi tâm vơi cua cac ban nho dươi 10 tuôi."
"đồ ăn nhanh. ăn cung ngon. phuc vu cham, chưa tôt. nhưng khu rưa tay rât tê. lân nao tôi đên cung thây nươc ươt nhep ca san. voi cam ưng chăc lăp lâu qua rôi nên mai mơi cam ưng đươc. bôn rưa hơi cao, voi rưa hơi sâu so vơi tâm vơi cua cac ban nho dươi 10 tuôi..",2,"đô ăn nhanh. ăn cung ngon. phuc vu cham, chưa tôt. nhưng khu rưa tay rât tê. lân nao tôi đên cung thây nươc ươt nhep ca san. voi cam ưng chăc lăp lâu qua rôi nên mai mơi cam ưng đươc. bôn rưa hơi cao, voi rưa hơi sâu so vơi tâm vơi cua cac ban nho dươi 10 tuôi."
"đồ ăn nhanh. ăn cung ngon. phuc vu cham, chưa tôt. nhưng khu rưa tay rât tê. lân nao tôi đên cung thây nươc ươt nhep ca san. voi cam ưng chăc lăp lâu qua rôi nên mai mơi cam ưng đươc. bôn rưa hơi cao, voi rưa hơi sâu so vơi tâm vơi cua cac ban nho dươi 10 tuôi..",2,"đô ăn nhanh. ăn cung ngon. phuc vu cham, chưa tôt. nhưng khu rưa tay rât tê. lân nao tôi đên cung thây nươc ươt nhep ca san. voi cam ưng chăc lăp lâu qua rôi nên mai mơi cam ưng đươc. bôn rưa hơi cao, voi rưa hơi sâu so vơi tâm vơi cua cac ban nho dươi 10 tuôi."
"đồ ăn nhanh. ăn cung ngon. phuc vu cham, chưa tôt. nhưng khu rưa tay rât tê. lân nao tôi đên cung thây nươc ươt nhep ca san. voi cam ưng chăc lăp lâu qua rôi nên mai mơi cam ưng đươc. bôn rưa hơi cao, voi rưa hơi sâu so vơi tâm vơi cua cac ban nho dươi 10 tuôi..",2,"đô ăn nhanh. ăn cung ngon. phuc vu cham, chưa tôt. nhưng khu rưa tay rât tê. lân nao tôi đên cung thây nươc ươt nhep ca san. voi cam ưng chăc lăp lâu qua rôi nên mai mơi cam ưng đươc. bôn rưa hơi cao, voi rưa hơi sâu so vơi tâm vơi cua cac ban nho dươi 10 tuôi."
"quán đông, ngồi cũng không sạch sẽ vì nó quá đông. xếp hàng rất mất thời gian. nên cân nhắc nếu ăn ở đây vào cuối tuần, vì vào ăn, như đi đánh trận..",2,"quán đông, ngồi cũng không sạch sẽ vì nó quá đông. xếp hàng rất mất thời gian. nên cân nhắc nếu ăn ở đây vào cuối tuần, vì vào ăn, như đi đánh trận."
"quán đông, ngồi cũng không sạch sẽ vì nó quá đông. xếp hàng rất mất thời gian. nên cân nhắc nếu ăn ở đây vào cuối tuần, vì vào ăn, như đi đánh trận..",2,"quán đông, ngồi cũng không sạch sẽ vì nó quá đông. xếp hàng rất mất thời gian. nên cân nhắc nếu ăn ở đây vào cuối tuần, vì vào ăn, như đi đánh trận."
"quán đông, ngồi cũng không sạch sẽ vì nó quá đông. xếp hàng rất mất thời gian. nên cân nhắc nếu ăn ở đây vào cuối tuần, vì vào ăn, như đi đánh trận..",2,"quán đông, ngồi cũng không sạch sẽ vì nó quá đông. xếp hàng rất mất thời gian. nên cân nhắc nếu ăn ở đây vào cuối tuần, vì vào ăn, như đi đánh trận."
"quán đông, ngồi cũng không sạch sẽ vì nó quá đông. xếp hàng rất mất thời gian. nên cân nhắc nếu ăn ở đây vào cuối tuần, vì vào ăn, như đi đánh trận..",2,"quán đông, ngồi cũng không sạch sẽ vì nó quá đông. xếp hàng rất mất thời gian. nên cân nhắc nếu ăn ở đây vào cuối tuần, vì vào ăn, như đi đánh trận."
"quán đông, ngồi cũng không sạch sẽ vì nó quá đông. xếp hàng rất mất thời gian. nên cân nhắc nếu ăn ở đây vào cuối tuần, vì vào ăn, như đi đánh trận..",2,"quán đông, ngồi cũng không sạch sẽ vì nó quá đông. xếp hàng rất mất thời gian. nên cân nhắc nếu ăn ở đây vào cuối tuần, vì vào ăn, như đi đánh trận."
"quán đông, ngồi cũng không sạch sẽ vì nó quá đông. xếp hàng rất mất thời gian. nên cân nhắc nếu ăn ở đây vào cuối tuần, vì vào ăn, như đi đánh trận..",2,"quán đông, ngồi cũng không sạch sẽ vì nó quá đông. xếp hàng rất mất thời gian. nên cân nhắc nếu ăn ở đây vào cuối tuần, vì vào ăn, như đi đánh trận."
"cảm thấy như tôi phải thử mcdonald, từ một quốc gia mới nên tôi đã đặt hàng một vài món đồ, nó chắc chắn là khủng khiếp so với tây mcdonald. tôi không biết những gì bên trong những người việt nam này là cốm nhưng nó chắc chắn không phải là thịt gà.",2,"cảm thấy như tôi phải thử mcdonald, từ một quốc gia mới nên tôi đã đặt hàng một vài món đồ, nó chắc chắn là khủng khiếp so với tây mcdonald. tôi không biết những gì bên trong những người việt nam này là cốm nhưng nó chắc chắn không phải là thịt gà"
"cảm thấy như tôi phải thử mcdonald, từ một quốc gia mới nên tôi đã đặt hàng một vài món đồ, nó chắc chắn là khủng khiếp so với tây mcdonald. tôi không biết những gì bên trong những người việt nam này là cốm nhưng nó chắc chắn không phải là thịt gà.",2,"cảm thấy như tôi phải thử mcdonald, từ một quốc gia mới nên tôi đã đặt hàng một vài món đồ, nó chắc chắn là khủng khiếp so với tây mcdonald. tôi không biết những gì bên trong những người việt nam này là cốm nhưng nó chắc chắn không phải là thịt gà"
"cảm thấy như tôi phải thử mcdonald, từ một quốc gia mới nên tôi đã đặt hàng một vài món đồ, nó chắc chắn là khủng khiếp so với tây mcdonald. tôi không biết những gì bên trong những người việt nam này là cốm nhưng nó chắc chắn không phải là thịt gà.",2,"cảm thấy như tôi phải thử mcdonald, từ một quốc gia mới nên tôi đã đặt hàng một vài món đồ, nó chắc chắn là khủng khiếp so với tây mcdonald. tôi không biết những gì bên trong những người việt nam này là cốm nhưng nó chắc chắn không phải là thịt gà"
"cảm thấy như tôi phải thử mcdonald, từ một quốc gia mới nên tôi đã đặt hàng một vài món đồ, nó chắc chắn là khủng khiếp so với tây mcdonald. tôi không biết những gì bên trong những người việt nam này là cốm nhưng nó chắc chắn không phải là thịt gà.",2,"cảm thấy như tôi phải thử mcdonald, từ một quốc gia mới nên tôi đã đặt hàng một vài món đồ, nó chắc chắn là khủng khiếp so với tây mcdonald. tôi không biết những gì bên trong những người việt nam này là cốm nhưng nó chắc chắn không phải là thịt gà"
"cảm thấy như tôi phải thử mcdonald, từ một quốc gia mới nên tôi đã đặt hàng một vài món đồ, nó chắc chắn là khủng khiếp so với tây mcdonald. tôi không biết những gì bên trong những người việt nam này là cốm nhưng nó chắc chắn không phải là thịt gà.",2,"cảm thấy như tôi phải thử mcdonald, từ một quốc gia mới nên tôi đã đặt hàng một vài món đồ, nó chắc chắn là khủng khiếp so với tây mcdonald. tôi không biết những gì bên trong những người việt nam này là cốm nhưng nó chắc chắn không phải là thịt gà"
"cảm thấy như tôi phải thử mcdonald, từ một quốc gia mới nên tôi đã đặt hàng một vài món đồ, nó chắc chắn là khủng khiếp so với tây mcdonald. tôi không biết những gì bên trong những người việt nam này là cốm nhưng nó chắc chắn không phải là thịt gà.",2,"cảm thấy như tôi phải thử mcdonald, từ một quốc gia mới nên tôi đã đặt hàng một vài món đồ, nó chắc chắn là khủng khiếp so với tây mcdonald. tôi không biết những gì bên trong những người việt nam này là cốm nhưng nó chắc chắn không phải là thịt gà"
Điển hình của McDonald's. Vì nhân viên thiếu hụt nên họ không cung cấp dịch vụ bàn khi chúng tôi đến đó. Có hai phòng vệ sinh. Điều này cần được giải quyết.,2,"mcd điển hình. thời gian chúng tôi đã ở đó, họ đã bỏ qua dịch vụ bàn do thiếu hụt cá nhân. chỉ có hai nhà vệ sinh. cần thiết để đưa ra."
"Đó là một McDonald's tiêu chuẩn. Do thiếu nhân viên, dịch vụ bàn không có sẵn trong chuyến thăm của chúng tôi. Chỉ có hai nhà vệ sinh. Cần có biện pháp khắc phục.",2,"mcd điển hình. thời gian chúng tôi đã ở đó, họ đã bỏ qua dịch vụ bàn do thiếu hụt cá nhân. chỉ có hai nhà vệ sinh. cần thiết để đưa ra."
Bạn có thể mong đợi gì từ McDonald's. Không có dịch vụ bàn vì thiếu người. Hai phòng vệ sinh. Cần được khắc phục.,2,"mcd điển hình. thời gian chúng tôi đã ở đó, họ đã bỏ qua dịch vụ bàn do thiếu hụt cá nhân. chỉ có hai nhà vệ sinh. cần thiết để đưa ra."
McDonald's thông thường. Dịch vụ bàn không có sẵn do thiếu nhân viên khi chúng tôi ghé thăm. Hai nhà vệ sinh. Cần được thêm vào.,2,"mcd điển hình. thời gian chúng tôi đã ở đó, họ đã bỏ qua dịch vụ bàn do thiếu hụt cá nhân. chỉ có hai nhà vệ sinh. cần thiết để đưa ra."
McDonald's cơ bản. Không có dịch vụ bàn do thiếu nhân viên. Chỉ có hai nhà vệ sinh. Cần làm gì đó.,2,"mcd điển hình. thời gian chúng tôi đã ở đó, họ đã bỏ qua dịch vụ bàn do thiếu hụt cá nhân. chỉ có hai nhà vệ sinh. cần thiết để đưa ra."
McDonald's như thường lệ. Dịch vụ bàn bị tạm dừng do thiếu nhân viên. Hai nhà vệ sinh. Chúng cần được sửa chữa.,2,"mcd điển hình. thời gian chúng tôi đã ở đó, họ đã bỏ qua dịch vụ bàn do thiếu hụt cá nhân. chỉ có hai nhà vệ sinh. cần thiết để đưa ra."
hồi xưa ăn thì ok nhưng dạo này cánh gà cứng với rất khô..,2,hồi xưa ăn thì ok nhưng dạo này cánh gà cứng với rất khô.
hồi xưa ăn thì ok nhưng dạo này cánh gà cứng với rất khô..,2,hồi xưa ăn thì ok nhưng dạo này cánh gà cứng với rất khô.
hồi xưa ăn thì ok nhưng dạo này cánh gà cứng với rất khô..,2,hồi xưa ăn thì ok nhưng dạo này cánh gà cứng với rất khô.
hồi xưa ăn thì ok nhưng dạo này cánh gà cứng với rất khô..,2,hồi xưa ăn thì ok nhưng dạo này cánh gà cứng với rất khô.
hồi xưa ăn thì ok nhưng dạo này cánh gà cứng với rất khô..,2,hồi xưa ăn thì ok nhưng dạo này cánh gà cứng với rất khô.
hồi xưa ăn thì ok nhưng dạo này cánh gà cứng với rất khô..,2,hồi xưa ăn thì ok nhưng dạo này cánh gà cứng với rất khô.
Tôi phải chờ hơn 1 tiếng để được phục vụ món tôi đã trả tiền.,2,tôi phải chờ hơn 1h để được phục vụ phần mà tôi đã thanh toán
Tôi đã phải đợi hơn một giờ đồng hồ để nhận được món ăn mà tôi đã thanh toán.,2,tôi phải chờ hơn 1h để được phục vụ phần mà tôi đã thanh toán
Việc chờ đợi món ăn đã thanh toán mất hơn 1 tiếng đồng hồ khiến tôi rất thất vọng.,2,tôi phải chờ hơn 1h để được phục vụ phần mà tôi đã thanh toán
Thật bực mình khi tôi phải chờ hơn 1 tiếng mới có đồ ăn sau khi đã trả tiền!,2,tôi phải chờ hơn 1h để được phục vụ phần mà tôi đã thanh toán
"Thời gian chờ đợi quá lâu, hơn 1 tiếng cho món đã thanh toán, là không thể chấp nhận được.",2,tôi phải chờ hơn 1h để được phục vụ phần mà tôi đã thanh toán
"Mất cả tiếng đồng hồ chờ đợi sau khi thanh toán xong, dịch vụ quá chậm!",2,tôi phải chờ hơn 1h để được phục vụ phần mà tôi đã thanh toán
"Quán rất đông khách, chỉ có quầy tự phục vụ và trang trí theo ngày.",2,rất bận thẻ chỉ chỉ có dịch vụ tự phục vụ và trang trí ngày
"Địa điểm này lúc nào cũng tấp nập, chỉ có hình thức tự phục vụ và cách bài trí thay đổi theo từng ngày.",2,rất bận thẻ chỉ chỉ có dịch vụ tự phục vụ và trang trí ngày
"Do quá tải khách, quán chỉ cung cấp dịch vụ tự phục vụ và thay đổi trang trí hàng ngày.",2,rất bận thẻ chỉ chỉ có dịch vụ tự phục vụ và trang trí ngày
"Quán rất bận rộn, bạn sẽ chỉ thấy dịch vụ tự phục vụ và phong cách trang trí luôn đổi mới.",2,rất bận thẻ chỉ chỉ có dịch vụ tự phục vụ và trang trí ngày
"Lúc nào cũng đông đúc nên ở đây chỉ có tự phục vụ thôi, với lại trang trí cũng khác nhau mỗi ngày.",2,rất bận thẻ chỉ chỉ có dịch vụ tự phục vụ và trang trí ngày
"Khách đông quá trời, chỉ có thể tự phục vụ thôi à, với lại trang trí cũng thay đổi theo ngày nữa.",2,rất bận thẻ chỉ chỉ có dịch vụ tự phục vụ và trang trí ngày
"không ngon bằng kfc. vì nằm ngay vị trí đối diện sát hồ gươm nên quán khá đông đúc, ngột ngạt..",2,"không ngon bằng kfc. vì nằm ngay vị trí đối diện sát hồ gươm nên quán khá đông đúc, ngột ngạt."
"không ngon bằng kfc. vì nằm ngay vị trí đối diện sát hồ gươm nên quán khá đông đúc, ngột ngạt..",2,"không ngon bằng kfc. vì nằm ngay vị trí đối diện sát hồ gươm nên quán khá đông đúc, ngột ngạt."
"không ngon bằng kfc. vì nằm ngay vị trí đối diện sát hồ gươm nên quán khá đông đúc, ngột ngạt..",2,"không ngon bằng kfc. vì nằm ngay vị trí đối diện sát hồ gươm nên quán khá đông đúc, ngột ngạt."
"không ngon bằng kfc. vì nằm ngay vị trí đối diện sát hồ gươm nên quán khá đông đúc, ngột ngạt..",2,"không ngon bằng kfc. vì nằm ngay vị trí đối diện sát hồ gươm nên quán khá đông đúc, ngột ngạt."
"không ngon bằng kfc. vì nằm ngay vị trí đối diện sát hồ gươm nên quán khá đông đúc, ngột ngạt..",2,"không ngon bằng kfc. vì nằm ngay vị trí đối diện sát hồ gươm nên quán khá đông đúc, ngột ngạt."
"không ngon bằng kfc. vì nằm ngay vị trí đối diện sát hồ gươm nên quán khá đông đúc, ngột ngạt..",2,"không ngon bằng kfc. vì nằm ngay vị trí đối diện sát hồ gươm nên quán khá đông đúc, ngột ngạt."
"Mới thử món mới ở quán này, thấy bình thường, không có gì đặc biệt. Chất lượng đồ ăn thì ổn, nhưng phục vụ hơi chậm và lộn xộn, có lẽ do thiếu nhân viên. Dù có hai máy tự order nhưng vẫn phải xếp hàng dài. View đẹp nhưng bị ảnh hưởng bởi một cô ăn xin làm phiền, quán nên có bảo vệ tốt hơn.",2,mới đi test món mới thấy không đặc sắc quán về chất lượng đồ ăn thì ok nhưng thái độ phục vụ thì chắc do thiếu nhân lực nên hơi loạn dù có 2 máy order nhưng vẫn xếp hàng rất dài ngoài ra thì view đẹp nhưng không gian ăn bị 1 cô ăn xin làm rối nhiều vì xin đồ ăn mc nên có an ninh tốt hơn
"Vừa trải nghiệm món mới, cảm nhận là không ấn tượng lắm. Đồ ăn của quán thì được, nhưng thái độ phục vụ chưa tốt, có vẻ như do thiếu người nên hơi rối. Mặc dù có 2 máy order tự động nhưng khách vẫn phải xếp hàng chờ lâu. Điểm cộng là view đẹp, nhưng lại bị làm phiền bởi người ăn xin. Quán nên tăng cường an ninh.",2,mới đi test món mới thấy không đặc sắc quán về chất lượng đồ ăn thì ok nhưng thái độ phục vụ thì chắc do thiếu nhân lực nên hơi loạn dù có 2 máy order nhưng vẫn xếp hàng rất dài ngoài ra thì view đẹp nhưng không gian ăn bị 1 cô ăn xin làm rối nhiều vì xin đồ ăn mc nên có an ninh tốt hơn
"Thực đơn mới của quán không gây được nhiều sự chú ý cho mình. Về chất lượng món ăn thì không có gì để chê, tuy nhiên, cung cách phục vụ lại chưa được chu đáo, có lẽ vì nhân viên không đủ. Dù đã có máy order, khách hàng vẫn phải xếp hàng dài. Cảnh quan đẹp nhưng lại bị ảnh hưởng bởi một người ăn xin. Thiết nghĩ quán nên chú trọng hơn đến vấn đề an ninh.",2,mới đi test món mới thấy không đặc sắc quán về chất lượng đồ ăn thì ok nhưng thái độ phục vụ thì chắc do thiếu nhân lực nên hơi loạn dù có 2 máy order nhưng vẫn xếp hàng rất dài ngoài ra thì view đẹp nhưng không gian ăn bị 1 cô ăn xin làm rối nhiều vì xin đồ ăn mc nên có an ninh tốt hơn
"Món mới của quán chưa thực sự hấp dẫn. Đồ ăn tạm ổn, nhưng thái độ phục vụ có vẻ thiếu chuyên nghiệp, có thể do thiếu nhân viên. Dù có 2 máy order, khách vẫn phải chờ đợi lâu. Ưu điểm là view đẹp, tuy nhiên lại bị làm phiền bởi người xin ăn. Quán cần cải thiện vấn đề an ninh hơn.",2,mới đi test món mới thấy không đặc sắc quán về chất lượng đồ ăn thì ok nhưng thái độ phục vụ thì chắc do thiếu nhân lực nên hơi loạn dù có 2 máy order nhưng vẫn xếp hàng rất dài ngoài ra thì view đẹp nhưng không gian ăn bị 1 cô ăn xin làm rối nhiều vì xin đồ ăn mc nên có an ninh tốt hơn
"Mình vừa thử món mới ở quán, thấy không có gì nổi bật. Đồ ăn thì ổn nhưng phục vụ hơi chậm, chắc là do ít nhân viên. Có máy tự order mà vẫn phải xếp hàng dài. View thì đẹp, nhưng lại bị cô ăn xin làm phiền, quán nên có bảo vệ.",2,mới đi test món mới thấy không đặc sắc quán về chất lượng đồ ăn thì ok nhưng thái độ phục vụ thì chắc do thiếu nhân lực nên hơi loạn dù có 2 máy order nhưng vẫn xếp hàng rất dài ngoài ra thì view đẹp nhưng không gian ăn bị 1 cô ăn xin làm rối nhiều vì xin đồ ăn mc nên có an ninh tốt hơn
"Sau khi dùng thử món mới, mình thấy nó khá bình thường. Đồ ăn của quán không tệ, nhưng thái độ phục vụ chưa được tốt lắm, có lẽ do thiếu nhân lực. Dù có máy order tự động, khách hàng vẫn phải xếp hàng chờ đợi. Quán có view đẹp, nhưng lại bị làm phiền bởi một người ăn xin. Mình nghĩ quán nên tăng cường bảo vệ.",2,mới đi test món mới thấy không đặc sắc quán về chất lượng đồ ăn thì ok nhưng thái độ phục vụ thì chắc do thiếu nhân lực nên hơi loạn dù có 2 máy order nhưng vẫn xếp hàng rất dài ngoài ra thì view đẹp nhưng không gian ăn bị 1 cô ăn xin làm rối nhiều vì xin đồ ăn mc nên có an ninh tốt hơn
Thức ăn ở đây không gây ấn tượng lắm. Tôi đã gọi 2 phần cơm sườn và một combo. Tôi thấy lạ là một quán cơm lại không có thìa. Cơm hơi nhão. Tôi gọi thêm rau và dưa chuột ăn kèm nhưng được cho rất ít. Tôi không biết nếu không gọi thêm thì sẽ thế nào. Bánh burger gà trong combo thì mỏng dẹt. Bánh có nhiều sốt nhưng hầu như không có rau. Gà được tẩm ướp khá ngon. Nếu không có món gà thì chắc tôi chỉ cho 2 sao.,2,đồ ăn không thực sự ấn tượng. gọi 2 suất cơm thịt heo thêm 1 combo. hơi bất ngờ rằng quán bán cơm nhưng không có nổi 1 cái thìa. cơm hơi nát. mình có gọi thêm rau với dưa chuột kèm theo với cơm mà chỉ có 1 chút. không biết nếu không gọi thêm thì như thế nào bánh burger kèm combo gà là cái mỏng nhất mà mình thấy. bánh nhiều sốt nhưng hầu như không có chút rau nào. gà ướp ngấm gia vị khá tốt. nếu không có món gà chắc mình chỉ đánh 2 sao
Mình thấy đồ ăn ở đây bình thường. Order 2 suất cơm sườn với cả một cái combo mà thấy hơi kì cục là quán bán cơm mà không có thìa để ăn. Cơm thì bị nát. Gọi thêm rau dưa ăn kèm thì được cho có tí tẹo. Không biết là không gọi thêm thì còn ít đến cỡ nào nữa. Burger gà trong combo thì siêu mỏng luôn. Bánh thì nhiều sốt mà chẳng có tí rau nào. Được cái gà tẩm ướp ngon. Chắc không có món gà này thì mình cho 2 sao thôi.,2,đồ ăn không thực sự ấn tượng. gọi 2 suất cơm thịt heo thêm 1 combo. hơi bất ngờ rằng quán bán cơm nhưng không có nổi 1 cái thìa. cơm hơi nát. mình có gọi thêm rau với dưa chuột kèm theo với cơm mà chỉ có 1 chút. không biết nếu không gọi thêm thì như thế nào bánh burger kèm combo gà là cái mỏng nhất mà mình thấy. bánh nhiều sốt nhưng hầu như không có chút rau nào. gà ướp ngấm gia vị khá tốt. nếu không có món gà chắc mình chỉ đánh 2 sao
"Trải nghiệm ẩm thực tại đây không mấy đặc sắc. Hai suất cơm sườn và một combo đã được gọi. Điều đáng nói là quán cơm lại thiếu thìa, một điều khá bất ngờ. Cơm bị nhão. Yêu cầu thêm rau và dưa chuột thì số lượng quá ít. Không rõ nếu không yêu cầu thì sẽ ra sao. Burger gà đi kèm combo thì mỏng đến ngạc nhiên. Bánh ngập sốt nhưng rau thì hầu như không có. Điểm cộng là gà được tẩm ướp khá đậm đà. Nếu không nhờ món gà này, đánh giá có lẽ chỉ ở mức 2 sao.",2,đồ ăn không thực sự ấn tượng. gọi 2 suất cơm thịt heo thêm 1 combo. hơi bất ngờ rằng quán bán cơm nhưng không có nổi 1 cái thìa. cơm hơi nát. mình có gọi thêm rau với dưa chuột kèm theo với cơm mà chỉ có 1 chút. không biết nếu không gọi thêm thì như thế nào bánh burger kèm combo gà là cái mỏng nhất mà mình thấy. bánh nhiều sốt nhưng hầu như không có chút rau nào. gà ướp ngấm gia vị khá tốt. nếu không có món gà chắc mình chỉ đánh 2 sao
"Đồ ăn dở tệ. Đặt hai suất cơm sườn với một cái combo mà không có thìa, hài thật. Cơm thì nhão nhoét. Xin thêm rau dưa mà cho có tí xíu. Không xin chắc còn chẳng có. Burger gà thì mỏng như lá lúa. Sốt thì nhiều mà rau thì chả thấy đâu. Gà tẩm ướp tạm được. Không có gà chắc cho 1 sao chứ 2 làm gì.",2,đồ ăn không thực sự ấn tượng. gọi 2 suất cơm thịt heo thêm 1 combo. hơi bất ngờ rằng quán bán cơm nhưng không có nổi 1 cái thìa. cơm hơi nát. mình có gọi thêm rau với dưa chuột kèm theo với cơm mà chỉ có 1 chút. không biết nếu không gọi thêm thì như thế nào bánh burger kèm combo gà là cái mỏng nhất mà mình thấy. bánh nhiều sốt nhưng hầu như không có chút rau nào. gà ướp ngấm gia vị khá tốt. nếu không có món gà chắc mình chỉ đánh 2 sao
"Nói chung là đồ ăn không ngon. Gọi cơm sườn với combo mà không có thìa ăn cơm, quá đáng! Cơm còn bị nát nữa chứ. Xin thêm rau dưa mà được đúng ba cọng. Cái burger gà thì mỏng dính, sốt thì đầy mà rau thì chẳng có miếng nào. May mà có gà tẩm ướp ngon nên vớt vát lại chút.",2,đồ ăn không thực sự ấn tượng. gọi 2 suất cơm thịt heo thêm 1 combo. hơi bất ngờ rằng quán bán cơm nhưng không có nổi 1 cái thìa. cơm hơi nát. mình có gọi thêm rau với dưa chuột kèm theo với cơm mà chỉ có 1 chút. không biết nếu không gọi thêm thì như thế nào bánh burger kèm combo gà là cái mỏng nhất mà mình thấy. bánh nhiều sốt nhưng hầu như không có chút rau nào. gà ướp ngấm gia vị khá tốt. nếu không có món gà chắc mình chỉ đánh 2 sao
"I wasn't impressed with the food. I ordered two servings of pork rice and a combo. It was surprising that a restaurant selling rice didn't have spoons. The rice was a bit mushy. I ordered extra vegetables and cucumbers to go with the rice, but there was only a little. I don't know what it would be like if I hadn't ordered extra. The chicken burger with the combo was the thinnest I've ever seen. The burger had a lot of sauce but almost no vegetables. The chicken was marinated quite well. If it weren't for the chicken, I would probably only give it 2 stars.",2,đồ ăn không thực sự ấn tượng. gọi 2 suất cơm thịt heo thêm 1 combo. hơi bất ngờ rằng quán bán cơm nhưng không có nổi 1 cái thìa. cơm hơi nát. mình có gọi thêm rau với dưa chuột kèm theo với cơm mà chỉ có 1 chút. không biết nếu không gọi thêm thì như thế nào bánh burger kèm combo gà là cái mỏng nhất mà mình thấy. bánh nhiều sốt nhưng hầu như không có chút rau nào. gà ướp ngấm gia vị khá tốt. nếu không có món gà chắc mình chỉ đánh 2 sao
"đồ ăn bình thường, size quá bé so với các nhãn hiệu khác, hambuger rất tệ, không hệ ngon. gà rán thì tạm được nhưng hơi khô. điểm cộng là có thể mua và tự thanh toán qua các màn hình cảm ứng lớn. giá cao so với chất lượng đồ ăn. không bằng kfc và lotteria , được mỗi vị trí đắc địa.",2,"đồ ăn bình thường, size quá bé so với các nhãn hiệu khác, hambuger rất tệ, không hệ ngon. gà rán thì tạm được nhưng hơi khô. điểm cộng là có thể mua và tự thanh toán qua các màn hình cảm ứng lớn. giá cao so với chất lượng đồ ăn. không bằng kfc và lotteria , được mỗi vị trí đắc địa."
"đồ ăn bình thường, size quá bé so với các nhãn hiệu khác, hambuger rất tệ, không hệ ngon. gà rán thì tạm được nhưng hơi khô. điểm cộng là có thể mua và tự thanh toán qua các màn hình cảm ứng lớn. giá cao so với chất lượng đồ ăn. không bằng kfc và lotteria , được mỗi vị trí đắc địa.",2,"đồ ăn bình thường, size quá bé so với các nhãn hiệu khác, hambuger rất tệ, không hệ ngon. gà rán thì tạm được nhưng hơi khô. điểm cộng là có thể mua và tự thanh toán qua các màn hình cảm ứng lớn. giá cao so với chất lượng đồ ăn. không bằng kfc và lotteria , được mỗi vị trí đắc địa."
"đồ ăn bình thường, size quá bé so với các nhãn hiệu khác, hambuger rất tệ, không hệ ngon. gà rán thì tạm được nhưng hơi khô. điểm cộng là có thể mua và tự thanh toán qua các màn hình cảm ứng lớn. giá cao so với chất lượng đồ ăn. không bằng kfc và lotteria , được mỗi vị trí đắc địa.",2,"đồ ăn bình thường, size quá bé so với các nhãn hiệu khác, hambuger rất tệ, không hệ ngon. gà rán thì tạm được nhưng hơi khô. điểm cộng là có thể mua và tự thanh toán qua các màn hình cảm ứng lớn. giá cao so với chất lượng đồ ăn. không bằng kfc và lotteria , được mỗi vị trí đắc địa."
"đồ ăn bình thường, size quá bé so với các nhãn hiệu khác, hambuger rất tệ, không hệ ngon. gà rán thì tạm được nhưng hơi khô. điểm cộng là có thể mua và tự thanh toán qua các màn hình cảm ứng lớn. giá cao so với chất lượng đồ ăn. không bằng kfc và lotteria , được mỗi vị trí đắc địa.",2,"đồ ăn bình thường, size quá bé so với các nhãn hiệu khác, hambuger rất tệ, không hệ ngon. gà rán thì tạm được nhưng hơi khô. điểm cộng là có thể mua và tự thanh toán qua các màn hình cảm ứng lớn. giá cao so với chất lượng đồ ăn. không bằng kfc và lotteria , được mỗi vị trí đắc địa."
"đồ ăn bình thường, size quá bé so với các nhãn hiệu khác, hambuger rất tệ, không hệ ngon. gà rán thì tạm được nhưng hơi khô. điểm cộng là có thể mua và tự thanh toán qua các màn hình cảm ứng lớn. giá cao so với chất lượng đồ ăn. không bằng kfc và lotteria , được mỗi vị trí đắc địa.",2,"đồ ăn bình thường, size quá bé so với các nhãn hiệu khác, hambuger rất tệ, không hệ ngon. gà rán thì tạm được nhưng hơi khô. điểm cộng là có thể mua và tự thanh toán qua các màn hình cảm ứng lớn. giá cao so với chất lượng đồ ăn. không bằng kfc và lotteria , được mỗi vị trí đắc địa."
"đồ ăn bình thường, size quá bé so với các nhãn hiệu khác, hambuger rất tệ, không hệ ngon. gà rán thì tạm được nhưng hơi khô. điểm cộng là có thể mua và tự thanh toán qua các màn hình cảm ứng lớn. giá cao so với chất lượng đồ ăn. không bằng kfc và lotteria , được mỗi vị trí đắc địa.",2,"đồ ăn bình thường, size quá bé so với các nhãn hiệu khác, hambuger rất tệ, không hệ ngon. gà rán thì tạm được nhưng hơi khô. điểm cộng là có thể mua và tự thanh toán qua các màn hình cảm ứng lớn. giá cao so với chất lượng đồ ăn. không bằng kfc và lotteria , được mỗi vị trí đắc địa."
"vị trí rất đẹp, thuận tiện. nó nằm ở góc đường hang bai trang thi. tôi nghĩ rằng một trong những con đường đắt nhất. để được hones, tôi không thích thức ăn nhanh, không chỉ mc donal hay kfs..",2,"vị trí rất đẹp, thuận tiện. nó nằm ở góc đường hang bai trang thi. tôi nghĩ rằng một trong những con đường đắt nhất. để được hones, tôi không thích thức ăn nhanh, không chỉ mc donal hay kfs."
"vị trí rất đẹp, thuận tiện. nó nằm ở góc đường hang bai trang thi. tôi nghĩ rằng một trong những con đường đắt nhất. để được hones, tôi không thích thức ăn nhanh, không chỉ mc donal hay kfs..",2,"vị trí rất đẹp, thuận tiện. nó nằm ở góc đường hang bai trang thi. tôi nghĩ rằng một trong những con đường đắt nhất. để được hones, tôi không thích thức ăn nhanh, không chỉ mc donal hay kfs."
"vị trí rất đẹp, thuận tiện. nó nằm ở góc đường hang bai trang thi. tôi nghĩ rằng một trong những con đường đắt nhất. để được hones, tôi không thích thức ăn nhanh, không chỉ mc donal hay kfs..",2,"vị trí rất đẹp, thuận tiện. nó nằm ở góc đường hang bai trang thi. tôi nghĩ rằng một trong những con đường đắt nhất. để được hones, tôi không thích thức ăn nhanh, không chỉ mc donal hay kfs."
"vị trí rất đẹp, thuận tiện. nó nằm ở góc đường hang bai trang thi. tôi nghĩ rằng một trong những con đường đắt nhất. để được hones, tôi không thích thức ăn nhanh, không chỉ mc donal hay kfs..",2,"vị trí rất đẹp, thuận tiện. nó nằm ở góc đường hang bai trang thi. tôi nghĩ rằng một trong những con đường đắt nhất. để được hones, tôi không thích thức ăn nhanh, không chỉ mc donal hay kfs."
"vị trí rất đẹp, thuận tiện. nó nằm ở góc đường hang bai trang thi. tôi nghĩ rằng một trong những con đường đắt nhất. để được hones, tôi không thích thức ăn nhanh, không chỉ mc donal hay kfs..",2,"vị trí rất đẹp, thuận tiện. nó nằm ở góc đường hang bai trang thi. tôi nghĩ rằng một trong những con đường đắt nhất. để được hones, tôi không thích thức ăn nhanh, không chỉ mc donal hay kfs."
"vị trí rất đẹp, thuận tiện. nó nằm ở góc đường hang bai trang thi. tôi nghĩ rằng một trong những con đường đắt nhất. để được hones, tôi không thích thức ăn nhanh, không chỉ mc donal hay kfs..",2,"vị trí rất đẹp, thuận tiện. nó nằm ở góc đường hang bai trang thi. tôi nghĩ rằng một trong những con đường đắt nhất. để được hones, tôi không thích thức ăn nhanh, không chỉ mc donal hay kfs."
rất chậm và trên lầu rất bẩn,2,rất chậm và trên lầu rất bẩn
rất chậm và trên lầu rất bẩn,2,rất chậm và trên lầu rất bẩn
rất chậm và trên lầu rất bẩn,2,rất chậm và trên lầu rất bẩn
rất chậm và trên lầu rất bẩn,2,rất chậm và trên lầu rất bẩn
rất chậm và trên lầu rất bẩn,2,rất chậm và trên lầu rất bẩn
rất chậm và trên lầu rất bẩn,2,rất chậm và trên lầu rất bẩn
pho burger không ngon lắm.,2,pho burger không ngon lắm
pho burger không ngon lắm.,2,pho burger không ngon lắm
pho burger không ngon lắm.,2,pho burger không ngon lắm
pho burger không ngon lắm.,2,pho burger không ngon lắm
pho burger không ngon lắm.,2,pho burger không ngon lắm
pho burger không ngon lắm.,2,pho burger không ngon lắm
Nó đã tốt hơn trước. Bây giờ thì vắng vẻ và thức ăn cũng tệ hơn nhiều.,2,nó đã tốt hơn trước đây. bây giờ trông thật chết mà không có khách du lịch. thức ăn tồi tệ hơn nhiều so với trước đây
"Đã từng tốt hơn. Giờ thì ảm đạm vì không có khách du lịch, đồ ăn cũng tệ hơn trước.",2,nó đã tốt hơn trước đây. bây giờ trông thật chết mà không có khách du lịch. thức ăn tồi tệ hơn nhiều so với trước đây
"Chất lượng đã giảm. Không còn khách du lịch nên chỗ này giờ buồn tẻ, đồ ăn cũng dở tệ hơn trước.",2,nó đã tốt hơn trước đây. bây giờ trông thật chết mà không có khách du lịch. thức ăn tồi tệ hơn nhiều so với trước đây
"Trước đây nơi này tốt hơn nhiều. Giờ vắng khách du lịch nên trông thật thảm hại, thức ăn cũng tệ hơn trước.",2,nó đã tốt hơn trước đây. bây giờ trông thật chết mà không có khách du lịch. thức ăn tồi tệ hơn nhiều so với trước đây
"So với trước thì giờ tệ hơn nhiều. Vắng khách du lịch, đồ ăn cũng dở hơn hẳn.",2,nó đã tốt hơn trước đây. bây giờ trông thật chết mà không có khách du lịch. thức ăn tồi tệ hơn nhiều so với trước đây
"Không còn được như xưa. Khách du lịch không có nên trông rất ảm đạm, đồ ăn cũng dở hơn trước rất nhiều.",2,nó đã tốt hơn trước đây. bây giờ trông thật chết mà không có khách du lịch. thức ăn tồi tệ hơn nhiều so với trước đây
The staff is enthusiastic.,2,nhân viên nhiệt tình
The employees are very helpful.,2,nhân viên nhiệt tình
Staff was great!,2,nhân viên nhiệt tình
Enthusiastic workers.,2,nhân viên nhiệt tình
The staff are really kind.,2,nhân viên nhiệt tình
Employees were eager to help.,2,nhân viên nhiệt tình
đợi hơi lâu,2,chờ một thời gian dài
thời gian chờ đợi khá dài,2,chờ một thời gian dài
phải chờ đợi một lúc,2,chờ một thời gian dài
mất nhiều thời gian để chờ đợi,2,chờ một thời gian dài
thời gian chờ đợi kéo dài,2,chờ một thời gian dài
quá trình chờ đợi mất nhiều thời gian,2,chờ một thời gian dài
"Có món cho buổi sáng, bánh hơi dai với cứng.",2,"có món cho buổi sáng, bánh hơi dai với cứng"
"Có món cho buổi sáng, bánh hơi dai với cứng.",2,"có món cho buổi sáng, bánh hơi dai với cứng"
"Có món cho buổi sáng, bánh hơi dai với cứng.",2,"có món cho buổi sáng, bánh hơi dai với cứng"
"Có món cho buổi sáng, bánh hơi dai với cứng.",2,"có món cho buổi sáng, bánh hơi dai với cứng"
"Có món cho buổi sáng, bánh hơi dai với cứng.",2,"có món cho buổi sáng, bánh hơi dai với cứng"
"Có món cho buổi sáng, bánh hơi dai với cứng.",2,"có món cho buổi sáng, bánh hơi dai với cứng"
"bánh bị khô quá, vừa cầm vào đã vỡ bánh. các bạn nvien lịch sự nhiệt tình.",2,"bánh bị khô quá, vừa cầm vào đã vỡ bánh. các bạn nvien lịch sự nhiệt tình"
"bánh bị khô quá, vừa cầm vào đã vỡ bánh. các bạn nvien lịch sự nhiệt tình.",2,"bánh bị khô quá, vừa cầm vào đã vỡ bánh. các bạn nvien lịch sự nhiệt tình"
"bánh bị khô quá, vừa cầm vào đã vỡ bánh. các bạn nvien lịch sự nhiệt tình.",2,"bánh bị khô quá, vừa cầm vào đã vỡ bánh. các bạn nvien lịch sự nhiệt tình"
"bánh bị khô quá, vừa cầm vào đã vỡ bánh. các bạn nvien lịch sự nhiệt tình.",2,"bánh bị khô quá, vừa cầm vào đã vỡ bánh. các bạn nvien lịch sự nhiệt tình"
"bánh bị khô quá, vừa cầm vào đã vỡ bánh. các bạn nvien lịch sự nhiệt tình.",2,"bánh bị khô quá, vừa cầm vào đã vỡ bánh. các bạn nvien lịch sự nhiệt tình"
"bánh bị khô quá, vừa cầm vào đã vỡ bánh. các bạn nvien lịch sự nhiệt tình.",2,"bánh bị khô quá, vừa cầm vào đã vỡ bánh. các bạn nvien lịch sự nhiệt tình"
việc lựa chọn đồ ăn hơi khó đồ ăn thì tạm tạm nhưng sạch sẽ,2,việc lựa chọn đồ ăn hơi khó đồ ăn thì tạm tạm nhưng sạch sẽ
việc lựa chọn đồ ăn hơi khó đồ ăn thì tạm tạm nhưng sạch sẽ,2,việc lựa chọn đồ ăn hơi khó đồ ăn thì tạm tạm nhưng sạch sẽ
việc lựa chọn đồ ăn hơi khó đồ ăn thì tạm tạm nhưng sạch sẽ,2,việc lựa chọn đồ ăn hơi khó đồ ăn thì tạm tạm nhưng sạch sẽ
việc lựa chọn đồ ăn hơi khó đồ ăn thì tạm tạm nhưng sạch sẽ,2,việc lựa chọn đồ ăn hơi khó đồ ăn thì tạm tạm nhưng sạch sẽ
việc lựa chọn đồ ăn hơi khó đồ ăn thì tạm tạm nhưng sạch sẽ,2,việc lựa chọn đồ ăn hơi khó đồ ăn thì tạm tạm nhưng sạch sẽ
việc lựa chọn đồ ăn hơi khó đồ ăn thì tạm tạm nhưng sạch sẽ,2,việc lựa chọn đồ ăn hơi khó đồ ăn thì tạm tạm nhưng sạch sẽ
một fastfood bình thường d,2,một fastfood bình thường d
một fastfood bình thường d,2,một fastfood bình thường d
một fastfood bình thường d,2,một fastfood bình thường d
một fastfood bình thường d,2,một fastfood bình thường d
một fastfood bình thường d,2,một fastfood bình thường d
một fastfood bình thường d,2,một fastfood bình thường d
có băng matcha. đó là giá trị một phần tư giờ nghỉ.,2,có băng matcha. đó là giá trị một phần tư giờ nghỉ.
có băng matcha. đó là giá trị một phần tư giờ nghỉ.,2,có băng matcha. đó là giá trị một phần tư giờ nghỉ.
có băng matcha. đó là giá trị một phần tư giờ nghỉ.,2,có băng matcha. đó là giá trị một phần tư giờ nghỉ.
có băng matcha. đó là giá trị một phần tư giờ nghỉ.,2,có băng matcha. đó là giá trị một phần tư giờ nghỉ.
có băng matcha. đó là giá trị một phần tư giờ nghỉ.,2,có băng matcha. đó là giá trị một phần tư giờ nghỉ.
có băng matcha. đó là giá trị một phần tư giờ nghỉ.,2,có băng matcha. đó là giá trị một phần tư giờ nghỉ.
quá giá và béo ngậy..,2,quá giá và béo ngậy.
Giá cả cao và quá nhiều chất béo.,2,quá giá và béo ngậy.
Đắt đỏ và ngấy.,2,quá giá và béo ngậy.
"Không đáng tiền, lại còn béo nữa chứ.",2,quá giá và béo ngậy.
Giá chát mà ăn lại ngán.,2,quá giá và béo ngậy.
"Mắc quá, ăn béo ị.",2,quá giá và béo ngậy.
chỉ là mcdonald xung quanh seoho,2,chỉ là mcdonald xung quanh seoho
chỉ là mcdonald xung quanh seoho,2,chỉ là mcdonald xung quanh seoho
chỉ là mcdonald xung quanh seoho,2,chỉ là mcdonald xung quanh seoho
chỉ là mcdonald xung quanh seoho,2,chỉ là mcdonald xung quanh seoho
chỉ là mcdonald xung quanh seoho,2,chỉ là mcdonald xung quanh seoho
chỉ là mcdonald xung quanh seoho,2,chỉ là mcdonald xung quanh seoho
"vị trí đẹp, đồ ăn bình thường",2,"vị trí đẹp, đồ ăn bình thường"
"vị trí đẹp, đồ ăn bình thường",2,"vị trí đẹp, đồ ăn bình thường"
"vị trí đẹp, đồ ăn bình thường",2,"vị trí đẹp, đồ ăn bình thường"
"vị trí đẹp, đồ ăn bình thường",2,"vị trí đẹp, đồ ăn bình thường"
"vị trí đẹp, đồ ăn bình thường",2,"vị trí đẹp, đồ ăn bình thường"
"vị trí đẹp, đồ ăn bình thường",2,"vị trí đẹp, đồ ăn bình thường"
nó không có gì khác với mcdonald ở nhật bản. có cà phê việt nam không.,2,nó không có gì khác với mcdonald ở nhật bản. có cà phê việt nam không
nó không có gì khác với mcdonald ở nhật bản. có cà phê việt nam không.,2,nó không có gì khác với mcdonald ở nhật bản. có cà phê việt nam không
nó không có gì khác với mcdonald ở nhật bản. có cà phê việt nam không.,2,nó không có gì khác với mcdonald ở nhật bản. có cà phê việt nam không
nó không có gì khác với mcdonald ở nhật bản. có cà phê việt nam không.,2,nó không có gì khác với mcdonald ở nhật bản. có cà phê việt nam không
nó không có gì khác với mcdonald ở nhật bản. có cà phê việt nam không.,2,nó không có gì khác với mcdonald ở nhật bản. có cà phê việt nam không
nó không có gì khác với mcdonald ở nhật bản. có cà phê việt nam không.,2,nó không có gì khác với mcdonald ở nhật bản. có cà phê việt nam không
"có lẽ là mcdonald chậm nhất mà tôi từng đến. mất 15 phút cho một chiếc bánh táo tôi không nói rằng nó sẽ mất nhiều thời gian như vậy. những người khác đang chờ đợi tối đa 20 phút cho thực phẩm tiêu chuẩn khác. nếu không, đó chỉ là một mcdonald thực sự..",2,"có lẽ là mcdonald chậm nhất mà tôi từng đến. mất 15 phút cho một chiếc bánh táo tôi không nói rằng nó sẽ mất nhiều thời gian như vậy. những người khác đang chờ đợi tối đa 20 phút cho thực phẩm tiêu chuẩn khác. nếu không, đó chỉ là một mcdonald thực sự."
"có lẽ là mcdonald chậm nhất mà tôi từng đến. mất 15 phút cho một chiếc bánh táo tôi không nói rằng nó sẽ mất nhiều thời gian như vậy. những người khác đang chờ đợi tối đa 20 phút cho thực phẩm tiêu chuẩn khác. nếu không, đó chỉ là một mcdonald thực sự..",2,"có lẽ là mcdonald chậm nhất mà tôi từng đến. mất 15 phút cho một chiếc bánh táo tôi không nói rằng nó sẽ mất nhiều thời gian như vậy. những người khác đang chờ đợi tối đa 20 phút cho thực phẩm tiêu chuẩn khác. nếu không, đó chỉ là một mcdonald thực sự."
"có lẽ là mcdonald chậm nhất mà tôi từng đến. mất 15 phút cho một chiếc bánh táo tôi không nói rằng nó sẽ mất nhiều thời gian như vậy. những người khác đang chờ đợi tối đa 20 phút cho thực phẩm tiêu chuẩn khác. nếu không, đó chỉ là một mcdonald thực sự..",2,"có lẽ là mcdonald chậm nhất mà tôi từng đến. mất 15 phút cho một chiếc bánh táo tôi không nói rằng nó sẽ mất nhiều thời gian như vậy. những người khác đang chờ đợi tối đa 20 phút cho thực phẩm tiêu chuẩn khác. nếu không, đó chỉ là một mcdonald thực sự."
"có lẽ là mcdonald chậm nhất mà tôi từng đến. mất 15 phút cho một chiếc bánh táo tôi không nói rằng nó sẽ mất nhiều thời gian như vậy. những người khác đang chờ đợi tối đa 20 phút cho thực phẩm tiêu chuẩn khác. nếu không, đó chỉ là một mcdonald thực sự..",2,"có lẽ là mcdonald chậm nhất mà tôi từng đến. mất 15 phút cho một chiếc bánh táo tôi không nói rằng nó sẽ mất nhiều thời gian như vậy. những người khác đang chờ đợi tối đa 20 phút cho thực phẩm tiêu chuẩn khác. nếu không, đó chỉ là một mcdonald thực sự."
"có lẽ là mcdonald chậm nhất mà tôi từng đến. mất 15 phút cho một chiếc bánh táo tôi không nói rằng nó sẽ mất nhiều thời gian như vậy. những người khác đang chờ đợi tối đa 20 phút cho thực phẩm tiêu chuẩn khác. nếu không, đó chỉ là một mcdonald thực sự..",2,"có lẽ là mcdonald chậm nhất mà tôi từng đến. mất 15 phút cho một chiếc bánh táo tôi không nói rằng nó sẽ mất nhiều thời gian như vậy. những người khác đang chờ đợi tối đa 20 phút cho thực phẩm tiêu chuẩn khác. nếu không, đó chỉ là một mcdonald thực sự."
"có lẽ là mcdonald chậm nhất mà tôi từng đến. mất 15 phút cho một chiếc bánh táo tôi không nói rằng nó sẽ mất nhiều thời gian như vậy. những người khác đang chờ đợi tối đa 20 phút cho thực phẩm tiêu chuẩn khác. nếu không, đó chỉ là một mcdonald thực sự..",2,"có lẽ là mcdonald chậm nhất mà tôi từng đến. mất 15 phút cho một chiếc bánh táo tôi không nói rằng nó sẽ mất nhiều thời gian như vậy. những người khác đang chờ đợi tối đa 20 phút cho thực phẩm tiêu chuẩn khác. nếu không, đó chỉ là một mcdonald thực sự."
"quá đông khách, không đủ chỗ ngồi, chỗ rửa tay rất bẩn.",2,"quá đông khách, không đủ chỗ ngồi, chỗ rửa tay rất bẩn"
"quá đông khách, không đủ chỗ ngồi, chỗ rửa tay rất bẩn.",2,"quá đông khách, không đủ chỗ ngồi, chỗ rửa tay rất bẩn"
"quá đông khách, không đủ chỗ ngồi, chỗ rửa tay rất bẩn.",2,"quá đông khách, không đủ chỗ ngồi, chỗ rửa tay rất bẩn"
"quá đông khách, không đủ chỗ ngồi, chỗ rửa tay rất bẩn.",2,"quá đông khách, không đủ chỗ ngồi, chỗ rửa tay rất bẩn"
"quá đông khách, không đủ chỗ ngồi, chỗ rửa tay rất bẩn.",2,"quá đông khách, không đủ chỗ ngồi, chỗ rửa tay rất bẩn"
"quá đông khách, không đủ chỗ ngồi, chỗ rửa tay rất bẩn.",2,"quá đông khách, không đủ chỗ ngồi, chỗ rửa tay rất bẩn"
"Tôi không phải là một fan hâm mộ của thức ăn nhanh, đặc biệt là của một thương hiệu mà tôi đã có ở quê hương mình. Tuy nhiên, do thời tiết xấu, chúng tôi chỉ có lựa chọn này để nhanh chóng trở về nhà. Hương vị khác biệt so với Pháp/Hàn Quốc nhưng khá bất ngờ đối với McDonald's. Dịch vụ hơi chậm nhưng có rất nhiều người. Tôi nghĩ một số khách du lịch cư xử như vua với những lời chỉ trích điển hình của người định cư, vì họ tức giận vô cớ sau khi xác nhận đơn hàng chỉ hai phút trước đó. Tôi hài lòng với địa điểm này. Gà rán rất ngon. Tôi đã ghé thăm vào tháng 9.",2,"tôi không phải là một fan hâm mộ của thức ăn nhanh, đặc biệt là không phải là một thương hiệu mà tôi có ở đất nước của tôi. tuy nhiên, vì thời tiết xấu, chúng tôi chỉ có điều đó để về nhà nhanh chóng. các thị hiếu khác nhau của phápanhhàn quốc nhưng rất đáng ngạc nhiên đối với mcdonald. dịch vụ chỉ chậm một chút nhưng có rất nhiều người. tôi nghĩ rằng một số khách du lịch tự lấy các vị vua với những lời chỉ trích về những người định cư điển hình, vì họ đã tức giận mà không có lý do sau khi xác nhận một đơn đặt hàng hai phút trước đó. tôi hài lòng với nơi này. gà rán rất ngon đã ghé thăm vào tháng 9"
"Thường thì tôi không thích đồ ăn nhanh, nhất là những hãng có ở nước mình. Nhưng vì trời tệ quá nên đành tạt vào đây cho nhanh. Vị ở đây khác kiểu Pháp/Hàn nhưng McDonald's vẫn ngon bất ngờ. Phục vụ hơi chậm vì đông khách. Thấy mấy khách du lịch chảnh chọe quá trời, kiểu chê bai nhà hàng mà hai phút trước còn hùng hổ order. Nói chung là tôi thấy ổn. Gà rán ngon. Đi hồi tháng 9.",2,"tôi không phải là một fan hâm mộ của thức ăn nhanh, đặc biệt là không phải là một thương hiệu mà tôi có ở đất nước của tôi. tuy nhiên, vì thời tiết xấu, chúng tôi chỉ có điều đó để về nhà nhanh chóng. các thị hiếu khác nhau của phápanhhàn quốc nhưng rất đáng ngạc nhiên đối với mcdonald. dịch vụ chỉ chậm một chút nhưng có rất nhiều người. tôi nghĩ rằng một số khách du lịch tự lấy các vị vua với những lời chỉ trích về những người định cư điển hình, vì họ đã tức giận mà không có lý do sau khi xác nhận một đơn đặt hàng hai phút trước đó. tôi hài lòng với nơi này. gà rán rất ngon đã ghé thăm vào tháng 9"
"Không khoái fast food, nhất là mấy chuỗi có sẵn ở nhà. Cơ mà hôm đó thời tiết tệ quá, nên tấp vô đây cho lẹ. Vị khác bên Pháp với Hàn xíu, nhưng McDonald's vẫn ngon ngoài mong đợi. Phục vụ hơi lâu do khách đông. Mấy ông bà khách du lịch làm lố, bày đặt chê bai này nọ, trong khi mới order xong hai phút trước. Tóm lại là tôi thấy được. Gà rán đỉnh. Đi hồi tháng 9.",2,"tôi không phải là một fan hâm mộ của thức ăn nhanh, đặc biệt là không phải là một thương hiệu mà tôi có ở đất nước của tôi. tuy nhiên, vì thời tiết xấu, chúng tôi chỉ có điều đó để về nhà nhanh chóng. các thị hiếu khác nhau của phápanhhàn quốc nhưng rất đáng ngạc nhiên đối với mcdonald. dịch vụ chỉ chậm một chút nhưng có rất nhiều người. tôi nghĩ rằng một số khách du lịch tự lấy các vị vua với những lời chỉ trích về những người định cư điển hình, vì họ đã tức giận mà không có lý do sau khi xác nhận một đơn đặt hàng hai phút trước đó. tôi hài lòng với nơi này. gà rán rất ngon đã ghé thăm vào tháng 9"
"Tôi vốn không phải là người thích đồ ăn nhanh, đặc biệt là các thương hiệu đã có mặt ở quốc gia của tôi. Tuy nhiên, do điều kiện thời tiết bất lợi, chúng tôi buộc phải lựa chọn địa điểm này để có thể nhanh chóng trở về nhà. Hương vị có sự khác biệt so với Pháp và Hàn Quốc, nhưng lại là một trải nghiệm thú vị bất ngờ tại McDonald's. Tốc độ phục vụ hơi chậm do lượng khách hàng lớn. Tôi nhận thấy một số khách du lịch có thái độ không phù hợp, thể hiện sự khó chịu một cách vô lý sau khi chỉ vừa xác nhận đơn hàng cách đó không lâu. Về cá nhân, tôi hài lòng với trải nghiệm tại đây. Món gà rán rất ngon. Thời gian ghé thăm là vào tháng 9.",2,"tôi không phải là một fan hâm mộ của thức ăn nhanh, đặc biệt là không phải là một thương hiệu mà tôi có ở đất nước của tôi. tuy nhiên, vì thời tiết xấu, chúng tôi chỉ có điều đó để về nhà nhanh chóng. các thị hiếu khác nhau của phápanhhàn quốc nhưng rất đáng ngạc nhiên đối với mcdonald. dịch vụ chỉ chậm một chút nhưng có rất nhiều người. tôi nghĩ rằng một số khách du lịch tự lấy các vị vua với những lời chỉ trích về những người định cư điển hình, vì họ đã tức giận mà không có lý do sau khi xác nhận một đơn đặt hàng hai phút trước đó. tôi hài lòng với nơi này. gà rán rất ngon đã ghé thăm vào tháng 9"
"Tôi không phải fan của đồ ăn nhanh, đặc biệt là những thương hiệu mà tôi đã quen thuộc. Tuy nhiên, do thời tiết không ủng hộ, đây là lựa chọn duy nhất để chúng tôi có thể nhanh chóng về nhà. Hương vị có chút khác biệt so với ở Pháp hoặc Hàn Quốc, nhưng McDonald's vẫn mang đến một trải nghiệm khá tốt. Dịch vụ hơi chậm do lượng khách đông. Một vài du khách có vẻ hơi khó tính và phàn nàn, mặc dù họ vừa đặt món cách đây không lâu. Nhìn chung, tôi hài lòng với địa điểm này. Gà rán ở đây rất ngon. Tôi đã đến đây vào tháng 9.",2,"tôi không phải là một fan hâm mộ của thức ăn nhanh, đặc biệt là không phải là một thương hiệu mà tôi có ở đất nước của tôi. tuy nhiên, vì thời tiết xấu, chúng tôi chỉ có điều đó để về nhà nhanh chóng. các thị hiếu khác nhau của phápanhhàn quốc nhưng rất đáng ngạc nhiên đối với mcdonald. dịch vụ chỉ chậm một chút nhưng có rất nhiều người. tôi nghĩ rằng một số khách du lịch tự lấy các vị vua với những lời chỉ trích về những người định cư điển hình, vì họ đã tức giận mà không có lý do sau khi xác nhận một đơn đặt hàng hai phút trước đó. tôi hài lòng với nơi này. gà rán rất ngon đã ghé thăm vào tháng 9"
"Thông thường, tôi không hay ăn đồ ăn nhanh, đặc biệt là những nhãn hiệu đã có ở nước tôi. Thế nhưng, vì thời tiết xấu nên chúng tôi buộc phải chọn giải pháp này để nhanh chóng về nhà. Hương vị có khác so với kiểu Pháp/Hàn, nhưng đồ ăn ở McDonald's vẫn ngon hơn tôi tưởng. Do đông khách nên phục vụ hơi chậm. Tôi thấy một số khách du lịch có vẻ khó chịu, phàn nàn dù vừa mới gọi món. Nói chung, tôi thấy ổn. Gà rán ngon. Tôi đã ghé thăm vào tháng 9.",2,"tôi không phải là một fan hâm mộ của thức ăn nhanh, đặc biệt là không phải là một thương hiệu mà tôi có ở đất nước của tôi. tuy nhiên, vì thời tiết xấu, chúng tôi chỉ có điều đó để về nhà nhanh chóng. các thị hiếu khác nhau của phápanhhàn quốc nhưng rất đáng ngạc nhiên đối với mcdonald. dịch vụ chỉ chậm một chút nhưng có rất nhiều người. tôi nghĩ rằng một số khách du lịch tự lấy các vị vua với những lời chỉ trích về những người định cư điển hình, vì họ đã tức giận mà không có lý do sau khi xác nhận một đơn đặt hàng hai phút trước đó. tôi hài lòng với nơi này. gà rán rất ngon đã ghé thăm vào tháng 9"
Đó là một McDonald's thông thường.,2,đó là một mcdonald thường xuyên.
Đó là một McDonald's thông thường.,2,đó là một mcdonald thường xuyên.
Đó là một McDonald's thông thường.,2,đó là một mcdonald thường xuyên.
Đó là một McDonald's thông thường.,2,đó là một mcdonald thường xuyên.
Đó là một McDonald's thông thường.,2,đó là một mcdonald thường xuyên.
Đó là một McDonald's thông thường.,2,đó là một mcdonald thường xuyên.
Giống như tất cả các McDonald's.,2,giống như tất cả các mcdonalds
"Bạn biết đấy, một McDonald's điển hình.",2,giống như tất cả các mcdonalds
"McDonald's, không hơn không kém.",2,giống như tất cả các mcdonalds
"Chẳng có gì đặc biệt, một McDonald's bình thường thôi.",2,giống như tất cả các mcdonalds
Đúng chất McDonald's.,2,giống như tất cả các mcdonalds
Một trải nghiệm McDonald's quen thuộc.,2,giống như tất cả các mcdonalds
đông. đăt. sang chanh phong trao.,2,đông. đăt. sang chanh phong trao
đông. đăt. sang chanh phong trao.,2,đông. đăt. sang chanh phong trao
đông. đăt. sang chanh phong trao.,2,đông. đăt. sang chanh phong trao
đông. đăt. sang chanh phong trao.,2,đông. đăt. sang chanh phong trao
đông. đăt. sang chanh phong trao.,2,đông. đăt. sang chanh phong trao
đông. đăt. sang chanh phong trao.,2,đông. đăt. sang chanh phong trao
Đông quá nên cảm nhận khi ăn không được ngon.,2,đông quá nên cảm nhận khi ăn không được ngon
Do quá đông khách nên trải nghiệm ăn uống không thực sự tuyệt vời.,2,đông quá nên cảm nhận khi ăn không được ngon
"Vì quá đông đúc, đồ ăn mất ngon.",2,đông quá nên cảm nhận khi ăn không được ngon
"Quán đông nghịt, ăn mất cả hứng.",2,đông quá nên cảm nhận khi ăn không được ngon
Đông khách quá làm mình thấy đồ ăn dở đi.,2,đông quá nên cảm nhận khi ăn không được ngon
"Vì lượng khách quá lớn, chất lượng món ăn bị ảnh hưởng.",2,đông quá nên cảm nhận khi ăn không được ngon
The air quality is somewhat poor.,2,không khí hơi nghèo ...
The air isn't great.,2,không khí hơi nghèo ...
Air quality is so so.,2,không khí hơi nghèo ...
The air is not good.,2,không khí hơi nghèo ...
The air quality is not the best.,2,không khí hơi nghèo ...
The air quality could be better.,2,không khí hơi nghèo ...
"Chất lượng đồ ăn và nhân viên ở đây khá ổn, tuy nhiên quán chỉ có duy nhất một nhà vệ sinh nhỏ, điều này hơi bất tiện.",2,"chất lượng đồ ăn và nhân viên thì ổn, nhưng cả quán có mỗi 1 nhà vệ sinh bé quá"
"Đồ ăn và phục vụ nhìn chung là được, có điều nhà vệ sinh của quán hơi nhỏ và chỉ có một cái.",2,"chất lượng đồ ăn và nhân viên thì ổn, nhưng cả quán có mỗi 1 nhà vệ sinh bé quá"
"Mọi thứ khác đều ổn, mỗi tội nhà vệ sinh bé tí và lại còn có một cái.",2,"chất lượng đồ ăn và nhân viên thì ổn, nhưng cả quán có mỗi 1 nhà vệ sinh bé quá"
"Đồ ăn ngon, nhân viên nhiệt tình, nhưng nhà vệ sinh quá nhỏ và ít.",2,"chất lượng đồ ăn và nhân viên thì ổn, nhưng cả quán có mỗi 1 nhà vệ sinh bé quá"
"Nhìn chung về đồ ăn và nhân viên không có gì để chê, điểm trừ duy nhất là nhà vệ sinh quá bé.",2,"chất lượng đồ ăn và nhân viên thì ổn, nhưng cả quán có mỗi 1 nhà vệ sinh bé quá"
Quán nên xem lại vấn đề nhà vệ sinh vì nó quá nhỏ so với diện tích quán. Còn lại đồ ăn và nhân viên đều tốt.,2,"chất lượng đồ ăn và nhân viên thì ổn, nhưng cả quán có mỗi 1 nhà vệ sinh bé quá"
"thực đơn địa phương có sẵn. mayo và nước sốt có thể được khai thác trên nhà tài trợ, điều này cũng rất thực tế. chất lượng thực phẩm không may vì vậy lala. vì vậy, khoai tây chiên có vị như ấm lên từ ngày hôm trước.",2,"thực đơn địa phương có sẵn. mayo và nước sốt có thể được khai thác trên nhà tài trợ, điều này cũng rất thực tế. chất lượng thực phẩm không may vì vậy lala. vì vậy, khoai tây chiên có vị như ấm lên từ ngày hôm trước."
"thực đơn địa phương có sẵn. mayo và nước sốt có thể được khai thác trên nhà tài trợ, điều này cũng rất thực tế. chất lượng thực phẩm không may vì vậy lala. vì vậy, khoai tây chiên có vị như ấm lên từ ngày hôm trước.",2,"thực đơn địa phương có sẵn. mayo và nước sốt có thể được khai thác trên nhà tài trợ, điều này cũng rất thực tế. chất lượng thực phẩm không may vì vậy lala. vì vậy, khoai tây chiên có vị như ấm lên từ ngày hôm trước."
"thực đơn địa phương có sẵn. mayo và nước sốt có thể được khai thác trên nhà tài trợ, điều này cũng rất thực tế. chất lượng thực phẩm không may vì vậy lala. vì vậy, khoai tây chiên có vị như ấm lên từ ngày hôm trước.",2,"thực đơn địa phương có sẵn. mayo và nước sốt có thể được khai thác trên nhà tài trợ, điều này cũng rất thực tế. chất lượng thực phẩm không may vì vậy lala. vì vậy, khoai tây chiên có vị như ấm lên từ ngày hôm trước."
"thực đơn địa phương có sẵn. mayo và nước sốt có thể được khai thác trên nhà tài trợ, điều này cũng rất thực tế. chất lượng thực phẩm không may vì vậy lala. vì vậy, khoai tây chiên có vị như ấm lên từ ngày hôm trước.",2,"thực đơn địa phương có sẵn. mayo và nước sốt có thể được khai thác trên nhà tài trợ, điều này cũng rất thực tế. chất lượng thực phẩm không may vì vậy lala. vì vậy, khoai tây chiên có vị như ấm lên từ ngày hôm trước."
"thực đơn địa phương có sẵn. mayo và nước sốt có thể được khai thác trên nhà tài trợ, điều này cũng rất thực tế. chất lượng thực phẩm không may vì vậy lala. vì vậy, khoai tây chiên có vị như ấm lên từ ngày hôm trước.",2,"thực đơn địa phương có sẵn. mayo và nước sốt có thể được khai thác trên nhà tài trợ, điều này cũng rất thực tế. chất lượng thực phẩm không may vì vậy lala. vì vậy, khoai tây chiên có vị như ấm lên từ ngày hôm trước."
"thực đơn địa phương có sẵn. mayo và nước sốt có thể được khai thác trên nhà tài trợ, điều này cũng rất thực tế. chất lượng thực phẩm không may vì vậy lala. vì vậy, khoai tây chiên có vị như ấm lên từ ngày hôm trước.",2,"thực đơn địa phương có sẵn. mayo và nước sốt có thể được khai thác trên nhà tài trợ, điều này cũng rất thực tế. chất lượng thực phẩm không may vì vậy lala. vì vậy, khoai tây chiên có vị như ấm lên từ ngày hôm trước."
"wc bẩn kinh khủng, bad service",2,"wc bẩn kinh khủng, bad service"
"wc bẩn kinh khủng, bad service",2,"wc bẩn kinh khủng, bad service"
"wc bẩn kinh khủng, bad service",2,"wc bẩn kinh khủng, bad service"
"wc bẩn kinh khủng, bad service",2,"wc bẩn kinh khủng, bad service"
"wc bẩn kinh khủng, bad service",2,"wc bẩn kinh khủng, bad service"
"wc bẩn kinh khủng, bad service",2,"wc bẩn kinh khủng, bad service"
thức ăn sạch sẽ nhưng dịch vụ chậm,2,thức ăn sạch sẽ nhưng dịch vụ chậm
thức ăn sạch sẽ nhưng dịch vụ chậm,2,thức ăn sạch sẽ nhưng dịch vụ chậm
thức ăn sạch sẽ nhưng dịch vụ chậm,2,thức ăn sạch sẽ nhưng dịch vụ chậm
thức ăn sạch sẽ nhưng dịch vụ chậm,2,thức ăn sạch sẽ nhưng dịch vụ chậm
thức ăn sạch sẽ nhưng dịch vụ chậm,2,thức ăn sạch sẽ nhưng dịch vụ chậm
thức ăn sạch sẽ nhưng dịch vụ chậm,2,thức ăn sạch sẽ nhưng dịch vụ chậm
"đây là mcdonald, nơi bạn có thể gặp bất cứ nơi nào ...",2,"đây là mcdonald, nơi bạn có thể gặp bất cứ nơi nào .."
"đây là mcdonald, nơi bạn có thể gặp bất cứ nơi nào ...",2,"đây là mcdonald, nơi bạn có thể gặp bất cứ nơi nào .."
"đây là mcdonald, nơi bạn có thể gặp bất cứ nơi nào ...",2,"đây là mcdonald, nơi bạn có thể gặp bất cứ nơi nào .."
"đây là mcdonald, nơi bạn có thể gặp bất cứ nơi nào ...",2,"đây là mcdonald, nơi bạn có thể gặp bất cứ nơi nào .."
"đây là mcdonald, nơi bạn có thể gặp bất cứ nơi nào ...",2,"đây là mcdonald, nơi bạn có thể gặp bất cứ nơi nào .."
"đây là mcdonald, nơi bạn có thể gặp bất cứ nơi nào ...",2,"đây là mcdonald, nơi bạn có thể gặp bất cứ nơi nào .."
"The quality seems to be declining. The service isn't the top-notch McDonald's experience we've come to expect. The food is consistent, though, tasting as it always does. Also, be cautious of the electrical outlets.",2,"họ đang chùng xuống. dịch vụ này không phải là dịch vụ mcdonald của đẳng cấp thế giới mà tất cả chúng ta đều biết và yêu thích. thực phẩm là tiêu chuẩn mặc dù. mà có vị giống nhau. ngoài ra, hãy cẩn thận để không gây sốc cho bản thân trên phích cắm này."
"Things are going downhill. This isn't the world-class McDonald's service we all know and love. Food is standard though. That tastes the same. Also, be careful not to shock yourself on this plug.",2,"họ đang chùng xuống. dịch vụ này không phải là dịch vụ mcdonald của đẳng cấp thế giới mà tất cả chúng ta đều biết và yêu thích. thực phẩm là tiêu chuẩn mặc dù. mà có vị giống nhau. ngoài ra, hãy cẩn thận để không gây sốc cho bản thân trên phích cắm này."
"It seems like the standards are slipping. The service isn't the excellent McDonald's we're used to. The food quality is still the same. Also, watch out for the plug, it may shock you.",2,"họ đang chùng xuống. dịch vụ này không phải là dịch vụ mcdonald của đẳng cấp thế giới mà tất cả chúng ta đều biết và yêu thích. thực phẩm là tiêu chuẩn mặc dù. mà có vị giống nhau. ngoài ra, hãy cẩn thận để không gây sốc cho bản thân trên phích cắm này."
The place is losing its touch. The service isn't the amazing McDonald's that everyone raves about. The food tastes the same. Be careful about the electric plug.,2,"họ đang chùng xuống. dịch vụ này không phải là dịch vụ mcdonald của đẳng cấp thế giới mà tất cả chúng ta đều biết và yêu thích. thực phẩm là tiêu chuẩn mặc dù. mà có vị giống nhau. ngoài ra, hãy cẩn thận để không gây sốc cho bản thân trên phích cắm này."
"The experience is not as good as it used to be. The service isn't the world-class McDonald's we're used to, but the food is consistently the same. Be careful of the plug.",2,"họ đang chùng xuống. dịch vụ này không phải là dịch vụ mcdonald của đẳng cấp thế giới mà tất cả chúng ta đều biết và yêu thích. thực phẩm là tiêu chuẩn mặc dù. mà có vị giống nhau. ngoài ra, hãy cẩn thận để không gây sốc cho bản thân trên phích cắm này."
Quality has dipped. It's not the McDonald's we're accustomed to. Food's the same. Watch the plug.,2,"họ đang chùng xuống. dịch vụ này không phải là dịch vụ mcdonald của đẳng cấp thế giới mà tất cả chúng ta đều biết và yêu thích. thực phẩm là tiêu chuẩn mặc dù. mà có vị giống nhau. ngoài ra, hãy cẩn thận để không gây sốc cho bản thân trên phích cắm này."
"Tôi thích nhiều loại nước sốt của họ, nhưng tôi không thấy cơm trong thực đơn.",2,tôi thích nhiều loại nước sốt của họ. nhưng tôi không thể tìm thấy menu gạo ở đây
"Tôi rất thích các loại nước chấm ở đây, tiếc là không có món cơm nào cả.",2,tôi thích nhiều loại nước sốt của họ. nhưng tôi không thể tìm thấy menu gạo ở đây
"Nước sốt ngon, nhưng không có cơm.",2,tôi thích nhiều loại nước sốt của họ. nhưng tôi không thể tìm thấy menu gạo ở đây
"Thích nước sốt, không thích việc không có cơm.",2,tôi thích nhiều loại nước sốt của họ. nhưng tôi không thể tìm thấy menu gạo ở đây
"Tôi đánh giá cao sự đa dạng của nước sốt, nhưng việc thiếu cơm khiến tôi thất vọng.",2,tôi thích nhiều loại nước sốt của họ. nhưng tôi không thể tìm thấy menu gạo ở đây
"Nhiều loại nước sốt ngon, tuy nhiên không có cơm để ăn kèm.",2,tôi thích nhiều loại nước sốt của họ. nhưng tôi không thể tìm thấy menu gạo ở đây
mcd bận rộn với lựa chọn tốt tuy nhiên bộ đếm dịch vụ sal có vấn đề lấy thẻ tín dụng hoặc không thân thiện với người dùng. người nhận đơn đặt hàng của chúng tôi hầu như không thể hiểu được tiếng anh và rất khó để giải thích. mccafe servo tuy nhiên là tuyệt vời.,2,mcd bận rộn với lựa chọn tốt tuy nhiên bộ đếm dịch vụ sal có vấn đề lấy thẻ tín dụng hoặc không thân thiện với người dùng. người nhận đơn đặt hàng của chúng tôi hầu như không thể hiểu được tiếng anh và rất khó để giải thích. mccafe servo tuy nhiên là tuyệt vời.
mcd bận rộn với lựa chọn tốt tuy nhiên bộ đếm dịch vụ sal có vấn đề lấy thẻ tín dụng hoặc không thân thiện với người dùng. người nhận đơn đặt hàng của chúng tôi hầu như không thể hiểu được tiếng anh và rất khó để giải thích. mccafe servo tuy nhiên là tuyệt vời.,2,mcd bận rộn với lựa chọn tốt tuy nhiên bộ đếm dịch vụ sal có vấn đề lấy thẻ tín dụng hoặc không thân thiện với người dùng. người nhận đơn đặt hàng của chúng tôi hầu như không thể hiểu được tiếng anh và rất khó để giải thích. mccafe servo tuy nhiên là tuyệt vời.
mcd bận rộn với lựa chọn tốt tuy nhiên bộ đếm dịch vụ sal có vấn đề lấy thẻ tín dụng hoặc không thân thiện với người dùng. người nhận đơn đặt hàng của chúng tôi hầu như không thể hiểu được tiếng anh và rất khó để giải thích. mccafe servo tuy nhiên là tuyệt vời.,2,mcd bận rộn với lựa chọn tốt tuy nhiên bộ đếm dịch vụ sal có vấn đề lấy thẻ tín dụng hoặc không thân thiện với người dùng. người nhận đơn đặt hàng của chúng tôi hầu như không thể hiểu được tiếng anh và rất khó để giải thích. mccafe servo tuy nhiên là tuyệt vời.
mcd bận rộn với lựa chọn tốt tuy nhiên bộ đếm dịch vụ sal có vấn đề lấy thẻ tín dụng hoặc không thân thiện với người dùng. người nhận đơn đặt hàng của chúng tôi hầu như không thể hiểu được tiếng anh và rất khó để giải thích. mccafe servo tuy nhiên là tuyệt vời.,2,mcd bận rộn với lựa chọn tốt tuy nhiên bộ đếm dịch vụ sal có vấn đề lấy thẻ tín dụng hoặc không thân thiện với người dùng. người nhận đơn đặt hàng của chúng tôi hầu như không thể hiểu được tiếng anh và rất khó để giải thích. mccafe servo tuy nhiên là tuyệt vời.
mcd bận rộn với lựa chọn tốt tuy nhiên bộ đếm dịch vụ sal có vấn đề lấy thẻ tín dụng hoặc không thân thiện với người dùng. người nhận đơn đặt hàng của chúng tôi hầu như không thể hiểu được tiếng anh và rất khó để giải thích. mccafe servo tuy nhiên là tuyệt vời.,2,mcd bận rộn với lựa chọn tốt tuy nhiên bộ đếm dịch vụ sal có vấn đề lấy thẻ tín dụng hoặc không thân thiện với người dùng. người nhận đơn đặt hàng của chúng tôi hầu như không thể hiểu được tiếng anh và rất khó để giải thích. mccafe servo tuy nhiên là tuyệt vời.
mcd bận rộn với lựa chọn tốt tuy nhiên bộ đếm dịch vụ sal có vấn đề lấy thẻ tín dụng hoặc không thân thiện với người dùng. người nhận đơn đặt hàng của chúng tôi hầu như không thể hiểu được tiếng anh và rất khó để giải thích. mccafe servo tuy nhiên là tuyệt vời.,2,mcd bận rộn với lựa chọn tốt tuy nhiên bộ đếm dịch vụ sal có vấn đề lấy thẻ tín dụng hoặc không thân thiện với người dùng. người nhận đơn đặt hàng của chúng tôi hầu như không thể hiểu được tiếng anh và rất khó để giải thích. mccafe servo tuy nhiên là tuyệt vời.
"không tat bang mcdonal hoang dao thuy. mieng ga qua be. se không quay lai nua vi xung quanh co nhieu cua hang an nhanh hon... gia ca hop ly hon. tuy nhien, co 1 diem cong cua mcdonal so voi cac cua hang khac la nhan vien chuyen nghiep hon. va da du ky tu chua nhi cho chac chan.",2,"không tat bang mcdonal hoang dao thuy. mieng ga qua be. se không quay lai nua vi xung quanh co nhieu cua hang an nhanh hon... gia ca hop ly hon. tuy nhien, co 1 diem cong cua mcdonal so voi cac cua hang khac la nhan vien chuyen nghiep hon. va da du ky tu chua nhi cho chac chan"
"không tat bang mcdonal hoang dao thuy. mieng ga qua be. se không quay lai nua vi xung quanh co nhieu cua hang an nhanh hon... gia ca hop ly hon. tuy nhien, co 1 diem cong cua mcdonal so voi cac cua hang khac la nhan vien chuyen nghiep hon. va da du ky tu chua nhi cho chac chan.",2,"không tat bang mcdonal hoang dao thuy. mieng ga qua be. se không quay lai nua vi xung quanh co nhieu cua hang an nhanh hon... gia ca hop ly hon. tuy nhien, co 1 diem cong cua mcdonal so voi cac cua hang khac la nhan vien chuyen nghiep hon. va da du ky tu chua nhi cho chac chan"
"không tat bang mcdonal hoang dao thuy. mieng ga qua be. se không quay lai nua vi xung quanh co nhieu cua hang an nhanh hon... gia ca hop ly hon. tuy nhien, co 1 diem cong cua mcdonal so voi cac cua hang khac la nhan vien chuyen nghiep hon. va da du ky tu chua nhi cho chac chan.",2,"không tat bang mcdonal hoang dao thuy. mieng ga qua be. se không quay lai nua vi xung quanh co nhieu cua hang an nhanh hon... gia ca hop ly hon. tuy nhien, co 1 diem cong cua mcdonal so voi cac cua hang khac la nhan vien chuyen nghiep hon. va da du ky tu chua nhi cho chac chan"
"không tat bang mcdonal hoang dao thuy. mieng ga qua be. se không quay lai nua vi xung quanh co nhieu cua hang an nhanh hon... gia ca hop ly hon. tuy nhien, co 1 diem cong cua mcdonal so voi cac cua hang khac la nhan vien chuyen nghiep hon. va da du ky tu chua nhi cho chac chan.",2,"không tat bang mcdonal hoang dao thuy. mieng ga qua be. se không quay lai nua vi xung quanh co nhieu cua hang an nhanh hon... gia ca hop ly hon. tuy nhien, co 1 diem cong cua mcdonal so voi cac cua hang khac la nhan vien chuyen nghiep hon. va da du ky tu chua nhi cho chac chan"
"không tat bang mcdonal hoang dao thuy. mieng ga qua be. se không quay lai nua vi xung quanh co nhieu cua hang an nhanh hon... gia ca hop ly hon. tuy nhien, co 1 diem cong cua mcdonal so voi cac cua hang khac la nhan vien chuyen nghiep hon. va da du ky tu chua nhi cho chac chan.",2,"không tat bang mcdonal hoang dao thuy. mieng ga qua be. se không quay lai nua vi xung quanh co nhieu cua hang an nhanh hon... gia ca hop ly hon. tuy nhien, co 1 diem cong cua mcdonal so voi cac cua hang khac la nhan vien chuyen nghiep hon. va da du ky tu chua nhi cho chac chan"
"không tat bang mcdonal hoang dao thuy. mieng ga qua be. se không quay lai nua vi xung quanh co nhieu cua hang an nhanh hon... gia ca hop ly hon. tuy nhien, co 1 diem cong cua mcdonal so voi cac cua hang khac la nhan vien chuyen nghiep hon. va da du ky tu chua nhi cho chac chan.",2,"không tat bang mcdonal hoang dao thuy. mieng ga qua be. se không quay lai nua vi xung quanh co nhieu cua hang an nhanh hon... gia ca hop ly hon. tuy nhien, co 1 diem cong cua mcdonal so voi cac cua hang khac la nhan vien chuyen nghiep hon. va da du ky tu chua nhi cho chac chan"
Đó là một nơi gặp gỡ tour du lịch và tôi đã đi vào một lúc và mua nước đóng chai.,2,đó là một nơi gặp gỡ tour du lịch và tôi đã đi vào một lúc và mua nước đóng chai.
Đó là một nơi gặp gỡ tour du lịch và tôi đã đi vào một lúc và mua nước đóng chai.,2,đó là một nơi gặp gỡ tour du lịch và tôi đã đi vào một lúc và mua nước đóng chai.
Đó là một nơi gặp gỡ tour du lịch và tôi đã đi vào một lúc và mua nước đóng chai.,2,đó là một nơi gặp gỡ tour du lịch và tôi đã đi vào một lúc và mua nước đóng chai.
Đó là một nơi gặp gỡ tour du lịch và tôi đã đi vào một lúc và mua nước đóng chai.,2,đó là một nơi gặp gỡ tour du lịch và tôi đã đi vào một lúc và mua nước đóng chai.
Đó là một nơi gặp gỡ tour du lịch và tôi đã đi vào một lúc và mua nước đóng chai.,2,đó là một nơi gặp gỡ tour du lịch và tôi đã đi vào một lúc và mua nước đóng chai.
Đó là một nơi gặp gỡ tour du lịch và tôi đã đi vào một lúc và mua nước đóng chai.,2,đó là một nơi gặp gỡ tour du lịch và tôi đã đi vào một lúc và mua nước đóng chai.
được rồi.,2,được rồi
được rồi.,2,được rồi
được rồi.,2,được rồi
được rồi.,2,được rồi
được rồi.,2,được rồi
được rồi.,2,được rồi
đài loan vẫn tốt hơn.,2,đài loan vẫn tốt hơn
đài loan vẫn tốt hơn.,2,đài loan vẫn tốt hơn
đài loan vẫn tốt hơn.,2,đài loan vẫn tốt hơn
đài loan vẫn tốt hơn.,2,đài loan vẫn tốt hơn
đài loan vẫn tốt hơn.,2,đài loan vẫn tốt hơn
đài loan vẫn tốt hơn.,2,đài loan vẫn tốt hơn
món ăn ở mcdonald tphcm so với ở hà nội thì bên tphcm ngon hơn và có nhiều chi nhánh mcdonald hơn và nhân viên tốt hơn nhưng hà nội thì cụng khá là ngon nhưng nhân viên và bảo vệ hơi tệ chút. mà vị trí dễ tìm và cũng rất đẹp.,2,món ăn ở mcdonald tphcm so với ở hà nội thì bên tphcm ngon hơn và có nhiều chi nhánh mcdonald hơn và nhân viên tốt hơn nhưng hà nội thì cụng khá là ngon nhưng nhân viên và bảo vệ hơi tệ chút. mà vị trí dễ tìm và cũng rất đẹp.
món ăn ở mcdonald tphcm so với ở hà nội thì bên tphcm ngon hơn và có nhiều chi nhánh mcdonald hơn và nhân viên tốt hơn nhưng hà nội thì cụng khá là ngon nhưng nhân viên và bảo vệ hơi tệ chút. mà vị trí dễ tìm và cũng rất đẹp.,2,món ăn ở mcdonald tphcm so với ở hà nội thì bên tphcm ngon hơn và có nhiều chi nhánh mcdonald hơn và nhân viên tốt hơn nhưng hà nội thì cụng khá là ngon nhưng nhân viên và bảo vệ hơi tệ chút. mà vị trí dễ tìm và cũng rất đẹp.
món ăn ở mcdonald tphcm so với ở hà nội thì bên tphcm ngon hơn và có nhiều chi nhánh mcdonald hơn và nhân viên tốt hơn nhưng hà nội thì cụng khá là ngon nhưng nhân viên và bảo vệ hơi tệ chút. mà vị trí dễ tìm và cũng rất đẹp.,2,món ăn ở mcdonald tphcm so với ở hà nội thì bên tphcm ngon hơn và có nhiều chi nhánh mcdonald hơn và nhân viên tốt hơn nhưng hà nội thì cụng khá là ngon nhưng nhân viên và bảo vệ hơi tệ chút. mà vị trí dễ tìm và cũng rất đẹp.
món ăn ở mcdonald tphcm so với ở hà nội thì bên tphcm ngon hơn và có nhiều chi nhánh mcdonald hơn và nhân viên tốt hơn nhưng hà nội thì cụng khá là ngon nhưng nhân viên và bảo vệ hơi tệ chút. mà vị trí dễ tìm và cũng rất đẹp.,2,món ăn ở mcdonald tphcm so với ở hà nội thì bên tphcm ngon hơn và có nhiều chi nhánh mcdonald hơn và nhân viên tốt hơn nhưng hà nội thì cụng khá là ngon nhưng nhân viên và bảo vệ hơi tệ chút. mà vị trí dễ tìm và cũng rất đẹp.
món ăn ở mcdonald tphcm so với ở hà nội thì bên tphcm ngon hơn và có nhiều chi nhánh mcdonald hơn và nhân viên tốt hơn nhưng hà nội thì cụng khá là ngon nhưng nhân viên và bảo vệ hơi tệ chút. mà vị trí dễ tìm và cũng rất đẹp.,2,món ăn ở mcdonald tphcm so với ở hà nội thì bên tphcm ngon hơn và có nhiều chi nhánh mcdonald hơn và nhân viên tốt hơn nhưng hà nội thì cụng khá là ngon nhưng nhân viên và bảo vệ hơi tệ chút. mà vị trí dễ tìm và cũng rất đẹp.
món ăn ở mcdonald tphcm so với ở hà nội thì bên tphcm ngon hơn và có nhiều chi nhánh mcdonald hơn và nhân viên tốt hơn nhưng hà nội thì cụng khá là ngon nhưng nhân viên và bảo vệ hơi tệ chút. mà vị trí dễ tìm và cũng rất đẹp.,2,món ăn ở mcdonald tphcm so với ở hà nội thì bên tphcm ngon hơn và có nhiều chi nhánh mcdonald hơn và nhân viên tốt hơn nhưng hà nội thì cụng khá là ngon nhưng nhân viên và bảo vệ hơi tệ chút. mà vị trí dễ tìm và cũng rất đẹp.
đi bộ phố phường,2,dạo phố
tản bộ trên phố,2,dạo phố
đi dạo trên phố,2,dạo phố
ngắm phố phường,2,dạo phố
đi lang thang trên phố,2,dạo phố
đi dạo phố,2,dạo phố
Hương vị món ăn ở mức trung bình.,2,ăn bình thường
Món này ăn tàm tạm.,2,ăn bình thường
Đồ ăn không đặc sắc lắm.,2,ăn bình thường
Vị không có gì nổi bật.,2,ăn bình thường
Món ăn chỉ ở mức chấp nhận được.,2,ăn bình thường
Tôi thấy món này khá bình thường.,2,ăn bình thường
"đó là một nơi điên rồ. so với số lượng khách, phòng tắm quá chật chội.",2,"đó là một nơi điên rồ. so với số lượng khách, phòng tắm quá chật chội."
"đó là một nơi điên rồ. so với số lượng khách, phòng tắm quá chật chội.",2,"đó là một nơi điên rồ. so với số lượng khách, phòng tắm quá chật chội."
"đó là một nơi điên rồ. so với số lượng khách, phòng tắm quá chật chội.",2,"đó là một nơi điên rồ. so với số lượng khách, phòng tắm quá chật chội."
"đó là một nơi điên rồ. so với số lượng khách, phòng tắm quá chật chội.",2,"đó là một nơi điên rồ. so với số lượng khách, phòng tắm quá chật chội."
"đó là một nơi điên rồ. so với số lượng khách, phòng tắm quá chật chội.",2,"đó là một nơi điên rồ. so với số lượng khách, phòng tắm quá chật chội."
"đó là một nơi điên rồ. so với số lượng khách, phòng tắm quá chật chội.",2,"đó là một nơi điên rồ. so với số lượng khách, phòng tắm quá chật chội."
quá đông,2,quá đông
quá đông,2,quá đông
quá đông,2,quá đông
quá đông,2,quá đông
quá đông,2,quá đông
quá đông,2,quá đông
"McDonald's ở Hà Nội không ngon như mong đợi. Burger và McNuggets bình thường, nhưng kem McFlurry và khoai tây chiên mới ra thì ngon.",0,"mcdonalds có ngon không was mcdonalds good 😀 khoaiinhanoi yup, đợt vừa rồi 2 đứa cuối cùng cũng đã được thử mc donald ở hn 😗 bọn mình đã chọn những thứ căn bản nhất và nổi tiếng nhất ở đấy như mcnuggets, cheeseburger và mcflurry. ngoài ra thì có gọi gà rán với khoai chiên nữa. và thực sự thấy rất bất ngờ, bơi vì mấy món nổi tiếng... chả ngon như lời đồn 😳 burger không ngon bằng của kfc ấy huhu, miếng thịt bò nhạt nhẽo, khô xác xơ, ăn còn không có vị bò, với 1 miếng cheese, tí xốt, hết nuggets cũng thế, vị rất bình thường không có gì thần thánh hết thất vọng quá huhu 😭 cái kéo lại ở đây nhất chính là quầy sốt chấm, có đến tận 5 loại, ngoài ketchup với tương ớt ra thì còn có cả tương ớt tỏi, mù tạt mật ong với mayonnaise. nhưng mà kem thì đúng là ngon thật, ngon nhất trong mấy hãng đồ ăn nhanh kiểu này. gà rán cũng khá được ý. khoai tây chiên ngon, hôm 2 đứa ăn lại còn được khoai mới nóng giòn 😗 thấy có cả bánh nữa nhưng mà 2 đứa chưa thử. nhìn chung là hơi buồn, vì thấy nhiều người nghiện đồ ăn ở đây nên kì vọng hơi nhiều 😅 🔴 mcdonalds 📍2 hàng bài, hà nội 💲15295k yup, on the trip to hanoi, we even tried mc donald 😗 we chose the most famous stuffs there like cheeseburger, mcnuggets and mcflurry, with some other stuffs like fried chicken, fries. were so surprised, cuz... they werent that good 😳 the burger was so bland, dry beef patty, didnt even taste like beef, with a silce of cheese, some sauce, done. same with the nuggets, too normal to be something 😔 the nice thing in here that we love the most was they have 5 kinds of sauce, not just ketchup and chilli sauce, they even have mayonnaise, garlic chilli sauce and honey mustard 😍 but the mcflurry was really good, best ice cream in all of the fasfood franchises for us. the fried chicken was nice. good fries, we got them from a new batch, so they were even hot and crunchy 😚 they have cakes too but we didnt try. in general, it was a lil bit sad, like there are a lot of people that addicted to these stuffs so we really had high expectation... 😔 follow our blog on instagram and facebook for more reviews khoaitaykhoaita_"
"McDonald's không đáp ứng được kỳ vọng. Burger khô và nhạt, McNuggets cũng không đặc sắc. Điểm cộng là sốt chấm đa dạng và kem McFlurry ngon.",0,"mcdonalds có ngon không was mcdonalds good 😀 khoaiinhanoi yup, đợt vừa rồi 2 đứa cuối cùng cũng đã được thử mc donald ở hn 😗 bọn mình đã chọn những thứ căn bản nhất và nổi tiếng nhất ở đấy như mcnuggets, cheeseburger và mcflurry. ngoài ra thì có gọi gà rán với khoai chiên nữa. và thực sự thấy rất bất ngờ, bơi vì mấy món nổi tiếng... chả ngon như lời đồn 😳 burger không ngon bằng của kfc ấy huhu, miếng thịt bò nhạt nhẽo, khô xác xơ, ăn còn không có vị bò, với 1 miếng cheese, tí xốt, hết nuggets cũng thế, vị rất bình thường không có gì thần thánh hết thất vọng quá huhu 😭 cái kéo lại ở đây nhất chính là quầy sốt chấm, có đến tận 5 loại, ngoài ketchup với tương ớt ra thì còn có cả tương ớt tỏi, mù tạt mật ong với mayonnaise. nhưng mà kem thì đúng là ngon thật, ngon nhất trong mấy hãng đồ ăn nhanh kiểu này. gà rán cũng khá được ý. khoai tây chiên ngon, hôm 2 đứa ăn lại còn được khoai mới nóng giòn 😗 thấy có cả bánh nữa nhưng mà 2 đứa chưa thử. nhìn chung là hơi buồn, vì thấy nhiều người nghiện đồ ăn ở đây nên kì vọng hơi nhiều 😅 🔴 mcdonalds 📍2 hàng bài, hà nội 💲15295k yup, on the trip to hanoi, we even tried mc donald 😗 we chose the most famous stuffs there like cheeseburger, mcnuggets and mcflurry, with some other stuffs like fried chicken, fries. were so surprised, cuz... they werent that good 😳 the burger was so bland, dry beef patty, didnt even taste like beef, with a silce of cheese, some sauce, done. same with the nuggets, too normal to be something 😔 the nice thing in here that we love the most was they have 5 kinds of sauce, not just ketchup and chilli sauce, they even have mayonnaise, garlic chilli sauce and honey mustard 😍 but the mcflurry was really good, best ice cream in all of the fasfood franchises for us. the fried chicken was nice. good fries, we got them from a new batch, so they were even hot and crunchy 😚 they have cakes too but we didnt try. in general, it was a lil bit sad, like there are a lot of people that addicted to these stuffs so we really had high expectation... 😔 follow our blog on instagram and facebook for more reviews khoaitaykhoaita_"
Thất vọng về McDonald's Hà Nội. Burger và McNuggets không ngon. Kem McFlurry và khoai tây chiên mới chiên là điểm sáng.,0,"mcdonalds có ngon không was mcdonalds good 😀 khoaiinhanoi yup, đợt vừa rồi 2 đứa cuối cùng cũng đã được thử mc donald ở hn 😗 bọn mình đã chọn những thứ căn bản nhất và nổi tiếng nhất ở đấy như mcnuggets, cheeseburger và mcflurry. ngoài ra thì có gọi gà rán với khoai chiên nữa. và thực sự thấy rất bất ngờ, bơi vì mấy món nổi tiếng... chả ngon như lời đồn 😳 burger không ngon bằng của kfc ấy huhu, miếng thịt bò nhạt nhẽo, khô xác xơ, ăn còn không có vị bò, với 1 miếng cheese, tí xốt, hết nuggets cũng thế, vị rất bình thường không có gì thần thánh hết thất vọng quá huhu 😭 cái kéo lại ở đây nhất chính là quầy sốt chấm, có đến tận 5 loại, ngoài ketchup với tương ớt ra thì còn có cả tương ớt tỏi, mù tạt mật ong với mayonnaise. nhưng mà kem thì đúng là ngon thật, ngon nhất trong mấy hãng đồ ăn nhanh kiểu này. gà rán cũng khá được ý. khoai tây chiên ngon, hôm 2 đứa ăn lại còn được khoai mới nóng giòn 😗 thấy có cả bánh nữa nhưng mà 2 đứa chưa thử. nhìn chung là hơi buồn, vì thấy nhiều người nghiện đồ ăn ở đây nên kì vọng hơi nhiều 😅 🔴 mcdonalds 📍2 hàng bài, hà nội 💲15295k yup, on the trip to hanoi, we even tried mc donald 😗 we chose the most famous stuffs there like cheeseburger, mcnuggets and mcflurry, with some other stuffs like fried chicken, fries. were so surprised, cuz... they werent that good 😳 the burger was so bland, dry beef patty, didnt even taste like beef, with a silce of cheese, some sauce, done. same with the nuggets, too normal to be something 😔 the nice thing in here that we love the most was they have 5 kinds of sauce, not just ketchup and chilli sauce, they even have mayonnaise, garlic chilli sauce and honey mustard 😍 but the mcflurry was really good, best ice cream in all of the fasfood franchises for us. the fried chicken was nice. good fries, we got them from a new batch, so they were even hot and crunchy 😚 they have cakes too but we didnt try. in general, it was a lil bit sad, like there are a lot of people that addicted to these stuffs so we really had high expectation... 😔 follow our blog on instagram and facebook for more reviews khoaitaykhoaita_"
"McDonald's tạm được, nhưng không gây ấn tượng. Burger và McNuggets không đặc biệt. Kem McFlurry ngon và sốt chấm đa dạng.",1,"mcdonalds có ngon không was mcdonalds good 😀 khoaiinhanoi yup, đợt vừa rồi 2 đứa cuối cùng cũng đã được thử mc donald ở hn 😗 bọn mình đã chọn những thứ căn bản nhất và nổi tiếng nhất ở đấy như mcnuggets, cheeseburger và mcflurry. ngoài ra thì có gọi gà rán với khoai chiên nữa. và thực sự thấy rất bất ngờ, bơi vì mấy món nổi tiếng... chả ngon như lời đồn 😳 burger không ngon bằng của kfc ấy huhu, miếng thịt bò nhạt nhẽo, khô xác xơ, ăn còn không có vị bò, với 1 miếng cheese, tí xốt, hết nuggets cũng thế, vị rất bình thường không có gì thần thánh hết thất vọng quá huhu 😭 cái kéo lại ở đây nhất chính là quầy sốt chấm, có đến tận 5 loại, ngoài ketchup với tương ớt ra thì còn có cả tương ớt tỏi, mù tạt mật ong với mayonnaise. nhưng mà kem thì đúng là ngon thật, ngon nhất trong mấy hãng đồ ăn nhanh kiểu này. gà rán cũng khá được ý. khoai tây chiên ngon, hôm 2 đứa ăn lại còn được khoai mới nóng giòn 😗 thấy có cả bánh nữa nhưng mà 2 đứa chưa thử. nhìn chung là hơi buồn, vì thấy nhiều người nghiện đồ ăn ở đây nên kì vọng hơi nhiều 😅 🔴 mcdonalds 📍2 hàng bài, hà nội 💲15295k yup, on the trip to hanoi, we even tried mc donald 😗 we chose the most famous stuffs there like cheeseburger, mcnuggets and mcflurry, with some other stuffs like fried chicken, fries. were so surprised, cuz... they werent that good 😳 the burger was so bland, dry beef patty, didnt even taste like beef, with a silce of cheese, some sauce, done. same with the nuggets, too normal to be something 😔 the nice thing in here that we love the most was they have 5 kinds of sauce, not just ketchup and chilli sauce, they even have mayonnaise, garlic chilli sauce and honey mustard 😍 but the mcflurry was really good, best ice cream in all of the fasfood franchises for us. the fried chicken was nice. good fries, we got them from a new batch, so they were even hot and crunchy 😚 they have cakes too but we didnt try. in general, it was a lil bit sad, like there are a lot of people that addicted to these stuffs so we really had high expectation... 😔 follow our blog on instagram and facebook for more reviews khoaitaykhoaita_"
"McDonald's Hà Nội: Kem McFlurry ngon, khoai tây chiên ổn, còn lại bình thường.",2,"mcdonalds có ngon không was mcdonalds good 😀 khoaiinhanoi yup, đợt vừa rồi 2 đứa cuối cùng cũng đã được thử mc donald ở hn 😗 bọn mình đã chọn những thứ căn bản nhất và nổi tiếng nhất ở đấy như mcnuggets, cheeseburger và mcflurry. ngoài ra thì có gọi gà rán với khoai chiên nữa. và thực sự thấy rất bất ngờ, bơi vì mấy món nổi tiếng... chả ngon như lời đồn 😳 burger không ngon bằng của kfc ấy huhu, miếng thịt bò nhạt nhẽo, khô xác xơ, ăn còn không có vị bò, với 1 miếng cheese, tí xốt, hết nuggets cũng thế, vị rất bình thường không có gì thần thánh hết thất vọng quá huhu 😭 cái kéo lại ở đây nhất chính là quầy sốt chấm, có đến tận 5 loại, ngoài ketchup với tương ớt ra thì còn có cả tương ớt tỏi, mù tạt mật ong với mayonnaise. nhưng mà kem thì đúng là ngon thật, ngon nhất trong mấy hãng đồ ăn nhanh kiểu này. gà rán cũng khá được ý. khoai tây chiên ngon, hôm 2 đứa ăn lại còn được khoai mới nóng giòn 😗 thấy có cả bánh nữa nhưng mà 2 đứa chưa thử. nhìn chung là hơi buồn, vì thấy nhiều người nghiện đồ ăn ở đây nên kì vọng hơi nhiều 😅 🔴 mcdonalds 📍2 hàng bài, hà nội 💲15295k yup, on the trip to hanoi, we even tried mc donald 😗 we chose the most famous stuffs there like cheeseburger, mcnuggets and mcflurry, with some other stuffs like fried chicken, fries. were so surprised, cuz... they werent that good 😳 the burger was so bland, dry beef patty, didnt even taste like beef, with a silce of cheese, some sauce, done. same with the nuggets, too normal to be something 😔 the nice thing in here that we love the most was they have 5 kinds of sauce, not just ketchup and chilli sauce, they even have mayonnaise, garlic chilli sauce and honey mustard 😍 but the mcflurry was really good, best ice cream in all of the fasfood franchises for us. the fried chicken was nice. good fries, we got them from a new batch, so they were even hot and crunchy 😚 they have cakes too but we didnt try. in general, it was a lil bit sad, like there are a lot of people that addicted to these stuffs so we really had high expectation... 😔 follow our blog on instagram and facebook for more reviews khoaitaykhoaita_"
"McDonald's: Burger dở, McNuggets thường, kem McFlurry ngon nhất, khoai tây chiên mới chiên khá.",2,"mcdonalds có ngon không was mcdonalds good 😀 khoaiinhanoi yup, đợt vừa rồi 2 đứa cuối cùng cũng đã được thử mc donald ở hn 😗 bọn mình đã chọn những thứ căn bản nhất và nổi tiếng nhất ở đấy như mcnuggets, cheeseburger và mcflurry. ngoài ra thì có gọi gà rán với khoai chiên nữa. và thực sự thấy rất bất ngờ, bơi vì mấy món nổi tiếng... chả ngon như lời đồn 😳 burger không ngon bằng của kfc ấy huhu, miếng thịt bò nhạt nhẽo, khô xác xơ, ăn còn không có vị bò, với 1 miếng cheese, tí xốt, hết nuggets cũng thế, vị rất bình thường không có gì thần thánh hết thất vọng quá huhu 😭 cái kéo lại ở đây nhất chính là quầy sốt chấm, có đến tận 5 loại, ngoài ketchup với tương ớt ra thì còn có cả tương ớt tỏi, mù tạt mật ong với mayonnaise. nhưng mà kem thì đúng là ngon thật, ngon nhất trong mấy hãng đồ ăn nhanh kiểu này. gà rán cũng khá được ý. khoai tây chiên ngon, hôm 2 đứa ăn lại còn được khoai mới nóng giòn 😗 thấy có cả bánh nữa nhưng mà 2 đứa chưa thử. nhìn chung là hơi buồn, vì thấy nhiều người nghiện đồ ăn ở đây nên kì vọng hơi nhiều 😅 🔴 mcdonalds 📍2 hàng bài, hà nội 💲15295k yup, on the trip to hanoi, we even tried mc donald 😗 we chose the most famous stuffs there like cheeseburger, mcnuggets and mcflurry, with some other stuffs like fried chicken, fries. were so surprised, cuz... they werent that good 😳 the burger was so bland, dry beef patty, didnt even taste like beef, with a silce of cheese, some sauce, done. same with the nuggets, too normal to be something 😔 the nice thing in here that we love the most was they have 5 kinds of sauce, not just ketchup and chilli sauce, they even have mayonnaise, garlic chilli sauce and honey mustard 😍 but the mcflurry was really good, best ice cream in all of the fasfood franchises for us. the fried chicken was nice. good fries, we got them from a new batch, so they were even hot and crunchy 😚 they have cakes too but we didnt try. in general, it was a lil bit sad, like there are a lot of people that addicted to these stuffs so we really had high expectation... 😔 follow our blog on instagram and facebook for more reviews khoaitaykhoaita_"
chưa ghea,2,chưa ghea
chưa ghea,2,chưa ghea
chưa ghea,2,chưa ghea
chưa ghea,2,chưa ghea
chưa ghea,2,chưa ghea
chưa ghea,2,chưa ghea
quá đông đúc và lộn xộn,2,quá đông đúc và lộn xộn
quá đông đúc và lộn xộn,2,quá đông đúc và lộn xộn
quá đông đúc và lộn xộn,2,quá đông đúc và lộn xộn
quá đông đúc và lộn xộn,2,quá đông đúc và lộn xộn
quá đông đúc và lộn xộn,2,quá đông đúc và lộn xộn
quá đông đúc và lộn xộn,2,quá đông đúc và lộn xộn
Tuyệt.,2,tuyệt
Tuyệt.,2,tuyệt
Tuyệt.,2,tuyệt
Tuyệt.,2,tuyệt
Tuyệt.,2,tuyệt
Tuyệt.,2,tuyệt
bình thường burger không ngon mấy,2,bình thường burger không ngon mấy
bình thường burger không ngon mấy,2,bình thường burger không ngon mấy
bình thường burger không ngon mấy,2,bình thường burger không ngon mấy
bình thường burger không ngon mấy,2,bình thường burger không ngon mấy
bình thường burger không ngon mấy,2,bình thường burger không ngon mấy
bình thường burger không ngon mấy,2,bình thường burger không ngon mấy
"đồ ăn được, vị trí đẹp, mặc dù có máy để gọi đồ cho nhanh nhưng lúc thanh toán bằng thẻ lại bị lỗi",2,"đồ ăn được, vị trí đẹp, mặc dù có máy để gọi đồ cho nhanh nhưng lúc thanh toán bằng thẻ lại bị lỗi"
"đồ ăn được, vị trí đẹp, mặc dù có máy để gọi đồ cho nhanh nhưng lúc thanh toán bằng thẻ lại bị lỗi",2,"đồ ăn được, vị trí đẹp, mặc dù có máy để gọi đồ cho nhanh nhưng lúc thanh toán bằng thẻ lại bị lỗi"
"đồ ăn được, vị trí đẹp, mặc dù có máy để gọi đồ cho nhanh nhưng lúc thanh toán bằng thẻ lại bị lỗi",2,"đồ ăn được, vị trí đẹp, mặc dù có máy để gọi đồ cho nhanh nhưng lúc thanh toán bằng thẻ lại bị lỗi"
"đồ ăn được, vị trí đẹp, mặc dù có máy để gọi đồ cho nhanh nhưng lúc thanh toán bằng thẻ lại bị lỗi",2,"đồ ăn được, vị trí đẹp, mặc dù có máy để gọi đồ cho nhanh nhưng lúc thanh toán bằng thẻ lại bị lỗi"
"đồ ăn được, vị trí đẹp, mặc dù có máy để gọi đồ cho nhanh nhưng lúc thanh toán bằng thẻ lại bị lỗi",2,"đồ ăn được, vị trí đẹp, mặc dù có máy để gọi đồ cho nhanh nhưng lúc thanh toán bằng thẻ lại bị lỗi"
"đồ ăn được, vị trí đẹp, mặc dù có máy để gọi đồ cho nhanh nhưng lúc thanh toán bằng thẻ lại bị lỗi",2,"đồ ăn được, vị trí đẹp, mặc dù có máy để gọi đồ cho nhanh nhưng lúc thanh toán bằng thẻ lại bị lỗi"
Quá nhộn nhạo.,2,nhộn nhạo quá
Khá nhộn nhạo.,2,nhộn nhạo quá
Có phần nhộn nhạo.,2,nhộn nhạo quá
Cảm thấy hơi nhộn nhạo.,2,nhộn nhạo quá
Nhộn nhạo một chút.,2,nhộn nhạo quá
Tương đối nhộn nhạo.,2,nhộn nhạo quá
dj,2,dj
dj,2,dj
dj,2,dj
dj,2,dj
dj,2,dj
dj,2,dj
"Chắc do tôi xui nên đến đúng giờ cao điểm, quán đông nên phải đợi lâu. Đến khi có đồ ăn thì thịt bò trong bánh còn lạnh, ấn tượng ban đầu không tốt. May mà cánh gà và khoai tây chiên khá ngon, nên chấm với sốt mù tạt mật ong.",2,"chắc tại số mình nhọ nên đi đúng tầm giờ cao điểm đông khách nên đợi hơi lâu, đến lúc có đồ ăn thì miếng thịt bò trong bánh của mình vẫn còn bị lạnh ở giữa nên ấn tượng ban đầu không tốt cho lắm. trừ thịt bò trong bánh ra thì cánh gà và khoai khá ngon, nên ăn kèm sốt mù tạt mật ong."
"Có lẽ do mình không may nên ghé quán vào lúc đông khách, thành ra chờ đợi hơi lâu. Bánh mang ra thì thịt bò bên trong còn lạnh ngắt, làm mình thấy không ưng ý lắm. Điểm cộng là cánh gà và khoai tây chiên thì ổn áp, ăn cùng sốt mù tạt mật ong là hết sẩy.",2,"chắc tại số mình nhọ nên đi đúng tầm giờ cao điểm đông khách nên đợi hơi lâu, đến lúc có đồ ăn thì miếng thịt bò trong bánh của mình vẫn còn bị lạnh ở giữa nên ấn tượng ban đầu không tốt cho lắm. trừ thịt bò trong bánh ra thì cánh gà và khoai khá ngon, nên ăn kèm sốt mù tạt mật ong."
"Tôi đến quán vào giờ cao điểm nên phải chờ đợi khá lâu. Thịt bò trong bánh mì bị lạnh khiến tôi không hài lòng. Tuy nhiên, cánh gà và khoai tây chiên rất ngon. Tôi khuyên bạn nên ăn kèm với nước sốt mù tạt mật ong.",2,"chắc tại số mình nhọ nên đi đúng tầm giờ cao điểm đông khách nên đợi hơi lâu, đến lúc có đồ ăn thì miếng thịt bò trong bánh của mình vẫn còn bị lạnh ở giữa nên ấn tượng ban đầu không tốt cho lắm. trừ thịt bò trong bánh ra thì cánh gà và khoai khá ngon, nên ăn kèm sốt mù tạt mật ong."
"Điểm trừ lớn nhất là thịt bò trong bánh bị lạnh, có lẽ do quán quá đông khách vào giờ cao điểm. Bù lại, cánh gà và khoai tây chiên lại rất ngon, đặc biệt khi ăn cùng sốt mù tạt mật ong.",2,"chắc tại số mình nhọ nên đi đúng tầm giờ cao điểm đông khách nên đợi hơi lâu, đến lúc có đồ ăn thì miếng thịt bò trong bánh của mình vẫn còn bị lạnh ở giữa nên ấn tượng ban đầu không tốt cho lắm. trừ thịt bò trong bánh ra thì cánh gà và khoai khá ngon, nên ăn kèm sốt mù tạt mật ong."
"Quán đông khách vào giờ cao điểm nên mình phải đợi lâu, lại còn nhận được cái bánh bò lạnh nữa chứ. Được an ủi là cánh gà với khoai tây chiên gỡ gạc lại, chấm sốt mù tạt mật ong là hết bài.",2,"chắc tại số mình nhọ nên đi đúng tầm giờ cao điểm đông khách nên đợi hơi lâu, đến lúc có đồ ăn thì miếng thịt bò trong bánh của mình vẫn còn bị lạnh ở giữa nên ấn tượng ban đầu không tốt cho lắm. trừ thịt bò trong bánh ra thì cánh gà và khoai khá ngon, nên ăn kèm sốt mù tạt mật ong."
"Trải nghiệm không được tốt lắm vì thịt bò trong bánh còn lạnh, có lẽ do mình đến vào giờ cao điểm. Tuy nhiên, cánh gà và khoai tây chiên khá ngon, ăn kèm với sốt mù tạt mật ong thì tuyệt vời.",2,"chắc tại số mình nhọ nên đi đúng tầm giờ cao điểm đông khách nên đợi hơi lâu, đến lúc có đồ ăn thì miếng thịt bò trong bánh của mình vẫn còn bị lạnh ở giữa nên ấn tượng ban đầu không tốt cho lắm. trừ thịt bò trong bánh ra thì cánh gà và khoai khá ngon, nên ăn kèm sốt mù tạt mật ong."
Khỏe,2,khỏe
Khỏe re,2,khỏe
Bình thường,2,khỏe
Ổn,2,khỏe
Không có vấn đề gì,2,khỏe
Ở mức trung bình,2,khỏe
địa phương hóa nhưng đủ tốt cho khách du lịch với dị ứng thực phẩm hà nội địa phương..,2,địa phương hóa nhưng đủ tốt cho khách du lịch với dị ứng thực phẩm hà nội địa phương.
địa phương hóa nhưng đủ tốt cho khách du lịch với dị ứng thực phẩm hà nội địa phương..,2,địa phương hóa nhưng đủ tốt cho khách du lịch với dị ứng thực phẩm hà nội địa phương.
địa phương hóa nhưng đủ tốt cho khách du lịch với dị ứng thực phẩm hà nội địa phương..,2,địa phương hóa nhưng đủ tốt cho khách du lịch với dị ứng thực phẩm hà nội địa phương.
địa phương hóa nhưng đủ tốt cho khách du lịch với dị ứng thực phẩm hà nội địa phương..,2,địa phương hóa nhưng đủ tốt cho khách du lịch với dị ứng thực phẩm hà nội địa phương.
địa phương hóa nhưng đủ tốt cho khách du lịch với dị ứng thực phẩm hà nội địa phương..,2,địa phương hóa nhưng đủ tốt cho khách du lịch với dị ứng thực phẩm hà nội địa phương.
địa phương hóa nhưng đủ tốt cho khách du lịch với dị ứng thực phẩm hà nội địa phương..,2,địa phương hóa nhưng đủ tốt cho khách du lịch với dị ứng thực phẩm hà nội địa phương.
Tôi đã đến thăm một người vợ ốm yếu để mua đồ ăn địa phương. Bánh mì kẹp thịt quá tệ.,0,ghé thăm một người vợ yếu đuối trong thực phẩm địa phương. bánh mì kẹp thịt quá khác nhau.
Chuyến đi đến quán ăn địa phương để thăm vợ tôi không được khỏe. Bánh mì kẹp thịt không ngon.,0,ghé thăm một người vợ yếu đuối trong thực phẩm địa phương. bánh mì kẹp thịt quá khác nhau.
"Tôi đã đến một cửa hàng địa phương để mua thức ăn cho vợ tôi, người không được khỏe. Bánh mì kẹp thịt không phải là lựa chọn tốt.",0,ghé thăm một người vợ yếu đuối trong thực phẩm địa phương. bánh mì kẹp thịt quá khác nhau.
"Trong chuyến đi đến cửa hàng địa phương để mua thức ăn, tôi đã ghé thăm vợ mình, người đang ốm. Bánh mì kẹp thịt không ngon.",0,ghé thăm một người vợ yếu đuối trong thực phẩm địa phương. bánh mì kẹp thịt quá khác nhau.
Tôi đã đến một cửa hàng địa phương để mua thức ăn cho người vợ đang ốm. Bánh mì kẹp thịt thật thất vọng.,0,ghé thăm một người vợ yếu đuối trong thực phẩm địa phương. bánh mì kẹp thịt quá khác nhau.
Một chuyến đi đến cửa hàng địa phương để mua thức ăn cho người vợ ốm yếu. Bánh mì kẹp thịt rất tệ.,0,ghé thăm một người vợ yếu đuối trong thực phẩm địa phương. bánh mì kẹp thịt quá khác nhau.
chỉ là như vậy.,2,chỉ là như vậy
chỉ là như vậy.,2,chỉ là như vậy
chỉ là như vậy.,2,chỉ là như vậy
chỉ là như vậy.,2,chỉ là như vậy
chỉ là như vậy.,2,chỉ là như vậy
chỉ là như vậy.,2,chỉ là như vậy
"Trong trường hợp cực kỳ cần đối với người phương tây, nó không bị tổn thương.",2,"trong trường hợp cực kỳ cần đối với người phương tây, nó không bị tổn thương"
"Trong trường hợp cực kỳ cần đối với người phương tây, nó không bị tổn thương.",2,"trong trường hợp cực kỳ cần đối với người phương tây, nó không bị tổn thương"
"Trong trường hợp cực kỳ cần đối với người phương tây, nó không bị tổn thương.",2,"trong trường hợp cực kỳ cần đối với người phương tây, nó không bị tổn thương"
"Trong trường hợp cực kỳ cần đối với người phương tây, nó không bị tổn thương.",2,"trong trường hợp cực kỳ cần đối với người phương tây, nó không bị tổn thương"
"Trong trường hợp cực kỳ cần đối với người phương tây, nó không bị tổn thương.",2,"trong trường hợp cực kỳ cần đối với người phương tây, nó không bị tổn thương"
"Trong trường hợp cực kỳ cần đối với người phương tây, nó không bị tổn thương.",2,"trong trường hợp cực kỳ cần đối với người phương tây, nó không bị tổn thương"
địa điểm hút khách nước ngoài và trong nước. đồ ăn cũng tàm tạm.,2,địa điểm hút khách nước ngoài và trong nước. đồ ăn cũng tàm tạm
địa điểm hút khách nước ngoài và trong nước. đồ ăn cũng tàm tạm.,2,địa điểm hút khách nước ngoài và trong nước. đồ ăn cũng tàm tạm
địa điểm hút khách nước ngoài và trong nước. đồ ăn cũng tàm tạm.,2,địa điểm hút khách nước ngoài và trong nước. đồ ăn cũng tàm tạm
địa điểm hút khách nước ngoài và trong nước. đồ ăn cũng tàm tạm.,2,địa điểm hút khách nước ngoài và trong nước. đồ ăn cũng tàm tạm
địa điểm hút khách nước ngoài và trong nước. đồ ăn cũng tàm tạm.,2,địa điểm hút khách nước ngoài và trong nước. đồ ăn cũng tàm tạm
địa điểm hút khách nước ngoài và trong nước. đồ ăn cũng tàm tạm.,2,địa điểm hút khách nước ngoài và trong nước. đồ ăn cũng tàm tạm
"Vị trí thuận tiện, nhưng phục vụ hơi chậm chạp.",2,vị trí tốt nhưng dịch vụ khá chậm
"Địa điểm ổn, mỗi tội phục vụ có vẻ rề rà.",2,vị trí tốt nhưng dịch vụ khá chậm
"Gần trung tâm, nhưng tốc độ phục vụ cần cải thiện.",2,vị trí tốt nhưng dịch vụ khá chậm
"Tuy địa điểm đẹp, nhưng cung cách phục vụ chưa được nhanh nhẹn lắm.",2,vị trí tốt nhưng dịch vụ khá chậm
"Ưu điểm là vị trí đẹp, nhược điểm là phục vụ chậm.",2,vị trí tốt nhưng dịch vụ khá chậm
"Địa điểm thì ok, còn dịch vụ thì hơi bị chậm.",2,vị trí tốt nhưng dịch vụ khá chậm
hamburger có vị ㅠㅠ,2,hamburger có vị ㅠㅠ
hamburger có vị ㅠㅠ,2,hamburger có vị ㅠㅠ
hamburger có vị ㅠㅠ,2,hamburger có vị ㅠㅠ
hamburger có vị ㅠㅠ,2,hamburger có vị ㅠㅠ
hamburger có vị ㅠㅠ,2,hamburger có vị ㅠㅠ
hamburger có vị ㅠㅠ,2,hamburger có vị ㅠㅠ
Tạm được.,2,tạm được
Tạm được.,2,tạm được
Tạm được.,2,tạm được
Tạm được.,2,tạm được
Tạm được.,2,tạm được
Tạm được.,2,tạm được
giống như tất cả các macca khác. thực phẩm là trung bình. dịch vụ là tốt.,2,giống như tất cả các macca khác. thực phẩm là trung bình. dịch vụ là tốt
giống như tất cả các macca khác. thực phẩm là trung bình. dịch vụ là tốt.,2,giống như tất cả các macca khác. thực phẩm là trung bình. dịch vụ là tốt
giống như tất cả các macca khác. thực phẩm là trung bình. dịch vụ là tốt.,2,giống như tất cả các macca khác. thực phẩm là trung bình. dịch vụ là tốt
giống như tất cả các macca khác. thực phẩm là trung bình. dịch vụ là tốt.,2,giống như tất cả các macca khác. thực phẩm là trung bình. dịch vụ là tốt
giống như tất cả các macca khác. thực phẩm là trung bình. dịch vụ là tốt.,2,giống như tất cả các macca khác. thực phẩm là trung bình. dịch vụ là tốt
giống như tất cả các macca khác. thực phẩm là trung bình. dịch vụ là tốt.,2,giống như tất cả các macca khác. thực phẩm là trung bình. dịch vụ là tốt
"Tôi không phải là một fan hâm mộ lớn của đồ ăn nhanh, nhưng tôi nghĩ rằng đồ ăn ở đó ngon hơn Lotteria hoặc Jollibee. Tuy nhiên, nếu bạn cần rửa tay hoặc sử dụng nhà vệ sinh, hãy đi lên tầng 2 vì không có nhà vệ sinh nào ở tầng 1.",2,"tôi không phải là một fan hâm mộ lớn của fastfood nhưng tôi cho rằng thực phẩm ở đó tốt hơn ở lotteria hoặc jolibee. tuy nhiên, nếu bạn ở đó và muốn rửa tay hoặc vào phòng vệ sinh, hãy lên tầng 2, không có bất kỳ nhà vệ sinh nào ở tầng 1"
"Mặc dù không phải là người thích đồ ăn nhanh, tôi thấy đồ ăn ở đây ngon hơn so với Lotteria hay Jollibee. Một mẹo nhỏ: nhà vệ sinh chỉ có ở tầng 2, nên nếu cần, bạn hãy đi lên đó.",2,"tôi không phải là một fan hâm mộ lớn của fastfood nhưng tôi cho rằng thực phẩm ở đó tốt hơn ở lotteria hoặc jolibee. tuy nhiên, nếu bạn ở đó và muốn rửa tay hoặc vào phòng vệ sinh, hãy lên tầng 2, không có bất kỳ nhà vệ sinh nào ở tầng 1"
"Tôi không đặc biệt thích đồ ăn nhanh, nhưng phải thừa nhận là đồ ăn ở đây ổn hơn Lotteria và Jollibee. Lưu ý là nhà vệ sinh chỉ có trên tầng 2 thôi nhé.",2,"tôi không phải là một fan hâm mộ lớn của fastfood nhưng tôi cho rằng thực phẩm ở đó tốt hơn ở lotteria hoặc jolibee. tuy nhiên, nếu bạn ở đó và muốn rửa tay hoặc vào phòng vệ sinh, hãy lên tầng 2, không có bất kỳ nhà vệ sinh nào ở tầng 1"
"Nói chung là tôi không khoái đồ ăn nhanh lắm, nhưng đồ ăn ở chỗ này ngon hơn Lotteria với Jollibee đó. Với lại, muốn đi vệ sinh thì phải lên lầu 2 nha, dưới trệt không có đâu.",2,"tôi không phải là một fan hâm mộ lớn của fastfood nhưng tôi cho rằng thực phẩm ở đó tốt hơn ở lotteria hoặc jolibee. tuy nhiên, nếu bạn ở đó và muốn rửa tay hoặc vào phòng vệ sinh, hãy lên tầng 2, không có bất kỳ nhà vệ sinh nào ở tầng 1"
"Về cơ bản, tôi không phải là người thích đồ ăn nhanh, nhưng tôi nghĩ đồ ăn ở đây tốt hơn so với Lotteria hoặc Jollibee. FYI, nhà vệ sinh chỉ có trên tầng hai.",2,"tôi không phải là một fan hâm mộ lớn của fastfood nhưng tôi cho rằng thực phẩm ở đó tốt hơn ở lotteria hoặc jolibee. tuy nhiên, nếu bạn ở đó và muốn rửa tay hoặc vào phòng vệ sinh, hãy lên tầng 2, không có bất kỳ nhà vệ sinh nào ở tầng 1"
"Đồ ăn nhanh không phải gu của tôi, nhưng tôi thấy chỗ này hơn hẳn Lotteria với Jollibee. Nhớ là toilet ở tầng 2 nhé.",2,"tôi không phải là một fan hâm mộ lớn của fastfood nhưng tôi cho rằng thực phẩm ở đó tốt hơn ở lotteria hoặc jolibee. tuy nhiên, nếu bạn ở đó và muốn rửa tay hoặc vào phòng vệ sinh, hãy lên tầng 2, không có bất kỳ nhà vệ sinh nào ở tầng 1"
"nếu bạn không mong đợi nó, nó rất ngon nếu bạn mong chờ nó, bạn đang thất vọng hahaha kem luôn bằng phẳng haha",2,"nếu bạn không mong đợi nó, nó rất ngon nếu bạn mong chờ nó, bạn đang thất vọng hahaha kem luôn bằng phẳng haha"
"nếu bạn không mong đợi nó, nó rất ngon nếu bạn mong chờ nó, bạn đang thất vọng hahaha kem luôn bằng phẳng haha",2,"nếu bạn không mong đợi nó, nó rất ngon nếu bạn mong chờ nó, bạn đang thất vọng hahaha kem luôn bằng phẳng haha"
"nếu bạn không mong đợi nó, nó rất ngon nếu bạn mong chờ nó, bạn đang thất vọng hahaha kem luôn bằng phẳng haha",2,"nếu bạn không mong đợi nó, nó rất ngon nếu bạn mong chờ nó, bạn đang thất vọng hahaha kem luôn bằng phẳng haha"
"nếu bạn không mong đợi nó, nó rất ngon nếu bạn mong chờ nó, bạn đang thất vọng hahaha kem luôn bằng phẳng haha",2,"nếu bạn không mong đợi nó, nó rất ngon nếu bạn mong chờ nó, bạn đang thất vọng hahaha kem luôn bằng phẳng haha"
"nếu bạn không mong đợi nó, nó rất ngon nếu bạn mong chờ nó, bạn đang thất vọng hahaha kem luôn bằng phẳng haha",2,"nếu bạn không mong đợi nó, nó rất ngon nếu bạn mong chờ nó, bạn đang thất vọng hahaha kem luôn bằng phẳng haha"
"nếu bạn không mong đợi nó, nó rất ngon nếu bạn mong chờ nó, bạn đang thất vọng hahaha kem luôn bằng phẳng haha",2,"nếu bạn không mong đợi nó, nó rất ngon nếu bạn mong chờ nó, bạn đang thất vọng hahaha kem luôn bằng phẳng haha"
The food is very delicious.,2,rất ngon
It tastes good.,2,rất ngon
The flavor is great.,2,rất ngon
I like the taste.,1,rất ngon
The food is tasty,1,rất ngon
It is quite palatable,1,rất ngon
tuyệt vời,2,tuyệt vời
tuyệt vời,2,tuyệt vời
tuyệt vời,2,tuyệt vời
tuyệt vời,2,tuyệt vời
tuyệt vời,2,tuyệt vời
tuyệt vời,2,tuyệt vời
đôi khi đồ uống yếu,2,đôi khi đồ uống yếu
đôi khi đồ uống yếu,2,đôi khi đồ uống yếu
đôi khi đồ uống yếu,2,đôi khi đồ uống yếu
đôi khi đồ uống yếu,2,đôi khi đồ uống yếu
đôi khi đồ uống yếu,2,đôi khi đồ uống yếu
đôi khi đồ uống yếu,2,đôi khi đồ uống yếu
"Chúng tôi đã đến đó để xem nó có giống như ở Việt Nam không. Hóa ra là nó giống hệt. Thời gian chờ đợi lâu hơn một chút vì đó là một địa điểm nổi tiếng, và có nước sốt tự phục vụ.",2,"chúng tôi đã đi xem nếu nó sẽ giống nhau ở việt nam. chúng tôi phát hiện ra, nó giống hệt nhau. chỉ lâu hơn một chút là xếp hàng, bởi vì nó là một nơi phổ biến, và một thứ nữa nước sốt tự phục vụ ..."
Chúng tôi muốn so sánh địa điểm này với những địa điểm ở Việt Nam và thấy rằng nó giống hệt. Sự khác biệt duy nhất là thời gian chờ đợi lâu hơn do sự nổi tiếng của địa điểm này và việc có nước sốt tự phục vụ.,2,"chúng tôi đã đi xem nếu nó sẽ giống nhau ở việt nam. chúng tôi phát hiện ra, nó giống hệt nhau. chỉ lâu hơn một chút là xếp hàng, bởi vì nó là một nơi phổ biến, và một thứ nữa nước sốt tự phục vụ ..."
"Chúng tôi đã đi để kiểm tra xem địa điểm này có đúng với nguồn gốc Việt Nam của nó không. Thật bất ngờ, nó hoàn toàn giống nhau! Hàng đợi dài hơn một chút và họ có quầy nước sốt tự phục vụ.",2,"chúng tôi đã đi xem nếu nó sẽ giống nhau ở việt nam. chúng tôi phát hiện ra, nó giống hệt nhau. chỉ lâu hơn một chút là xếp hàng, bởi vì nó là một nơi phổ biến, và một thứ nữa nước sốt tự phục vụ ..."
"Chúng tôi đã đến đó để so sánh nó với địa điểm ở Việt Nam. Chắc chắn rồi, nó hoàn toàn giống nhau. Tuy nhiên, hãy chuẩn bị xếp hàng chờ đợi vì nó là một địa điểm ăn uống rất nổi tiếng. Ngoài ra, họ còn có nước sốt tự phục vụ.",2,"chúng tôi đã đi xem nếu nó sẽ giống nhau ở việt nam. chúng tôi phát hiện ra, nó giống hệt nhau. chỉ lâu hơn một chút là xếp hàng, bởi vì nó là một nơi phổ biến, và một thứ nữa nước sốt tự phục vụ ..."
"Chúng tôi rất tò mò muốn xem liệu địa điểm này có thể so sánh với các địa điểm ở Việt Nam hay không. Và thật vậy, nó giống hệt! Có vẻ như hàng đợi dài hơn một chút và bạn có thể tự phục vụ nước sốt của mình.",2,"chúng tôi đã đi xem nếu nó sẽ giống nhau ở việt nam. chúng tôi phát hiện ra, nó giống hệt nhau. chỉ lâu hơn một chút là xếp hàng, bởi vì nó là một nơi phổ biến, và một thứ nữa nước sốt tự phục vụ ..."
"Chuyến thăm của chúng tôi nhằm xác định độ chính xác của địa điểm này so với các địa điểm ở Việt Nam. Thật đáng chú ý, nó phản ánh bản gốc một cách trung thực. Những điểm khác biệt đáng chú ý bao gồm thời gian chờ đợi dài hơn, có thể là do sự phổ biến và một quầy nước sốt tự phục vụ.",2,"chúng tôi đã đi xem nếu nó sẽ giống nhau ở việt nam. chúng tôi phát hiện ra, nó giống hệt nhau. chỉ lâu hơn một chút là xếp hàng, bởi vì nó là một nơi phổ biến, và một thứ nữa nước sốt tự phục vụ ..."
mcdonalds. vị trí.,2,mcdonalds. vị trí
mcdonalds. vị trí.,2,mcdonalds. vị trí
mcdonalds. vị trí.,2,mcdonalds. vị trí
mcdonalds. vị trí.,2,mcdonalds. vị trí
mcdonalds. vị trí.,2,mcdonalds. vị trí
mcdonalds. vị trí.,2,mcdonalds. vị trí
Nó khác với những gì bạn đang hỏi..,2,nó khác với những gì bạn đang hỏi.
Nó khác với những gì bạn đang hỏi..,2,nó khác với những gì bạn đang hỏi.
Nó khác với những gì bạn đang hỏi..,2,nó khác với những gì bạn đang hỏi.
Nó khác với những gì bạn đang hỏi..,2,nó khác với những gì bạn đang hỏi.
Nó khác với những gì bạn đang hỏi..,2,nó khác với những gì bạn đang hỏi.
Nó khác với những gì bạn đang hỏi..,2,nó khác với những gì bạn đang hỏi.
quá nhiều người và quá ồn,2,quá nhiều người và quá ồn
quá nhiều người và quá ồn,2,quá nhiều người và quá ồn
quá nhiều người và quá ồn,2,quá nhiều người và quá ồn
quá nhiều người và quá ồn,2,quá nhiều người và quá ồn
quá nhiều người và quá ồn,2,quá nhiều người và quá ồn
quá nhiều người và quá ồn,2,quá nhiều người và quá ồn
Tôi đã làm kem matcha trong máy tự phục vụ với oreo kem zoom. Chắc chắn tôi sẽ quay lại ăn một lần nữa vì tôi tò mò về hương vị hamburger ở tầng hai của cửa hàng và mùi nước lau sàn.,2,"tôi đã làm kem matcha trong máy tự thứ tự chỉ cần oreo kem zoom tôi phải đi ăn một lần nữa vì tôi tự hỏi hương vị hamburger trên tầng hai của cửa hàng, mùi nước lau nước ..."
"Lần này tôi đã thử kem matcha tại máy tự phục vụ, kết hợp với oreo kem zoom. Tôi chắc chắn sẽ quay lại lần nữa để thử món hamburger ở tầng hai vì tôi tò mò. Tuy nhiên, mùi nước lau sàn hơi khó chịu.",2,"tôi đã làm kem matcha trong máy tự thứ tự chỉ cần oreo kem zoom tôi phải đi ăn một lần nữa vì tôi tự hỏi hương vị hamburger trên tầng hai của cửa hàng, mùi nước lau nước ..."
Hôm nay tôi đã thử kem matcha tại máy tự phục vụ. Tôi đã thêm oreo kem zoom. Tôi sẽ quay lại để thử hamburger ở tầng hai. Mùi nước lau sàn khá nồng.,2,"tôi đã làm kem matcha trong máy tự thứ tự chỉ cần oreo kem zoom tôi phải đi ăn một lần nữa vì tôi tự hỏi hương vị hamburger trên tầng hai của cửa hàng, mùi nước lau nước ..."
Kem matcha tự phục vụ với oreo kem zoom rất ngon. Tôi muốn thử hamburger ở tầng hai của cửa hàng. Mùi nước lau sàn cần được cải thiện.,2,"tôi đã làm kem matcha trong máy tự thứ tự chỉ cần oreo kem zoom tôi phải đi ăn một lần nữa vì tôi tự hỏi hương vị hamburger trên tầng hai của cửa hàng, mùi nước lau nước ..."
Tôi rất thích kem matcha và oreo kem zoom ở máy tự phục vụ. Tôi đang nghĩ đến việc quay lại để thử hamburger ở tầng trên. Mùi nước lau sàn hơi ảnh hưởng đến trải nghiệm của tôi.,2,"tôi đã làm kem matcha trong máy tự thứ tự chỉ cần oreo kem zoom tôi phải đi ăn một lần nữa vì tôi tự hỏi hương vị hamburger trên tầng hai của cửa hàng, mùi nước lau nước ..."
"Kem matcha tại máy tự phục vụ ngon, kết hợp với oreo kem zoom rất tuyệt. Tôi định ghé lại để thử hamburger ở tầng hai, nhưng mùi nước lau sàn hơi nồng.",2,"tôi đã làm kem matcha trong máy tự thứ tự chỉ cần oreo kem zoom tôi phải đi ăn một lần nữa vì tôi tự hỏi hương vị hamburger trên tầng hai của cửa hàng, mùi nước lau nước ..."
Nói chung là được.,2,thường ㅜ
Ở mức chấp nhận được.,2,thường ㅜ
Không có gì đặc biệt.,2,thường ㅜ
Tạm ổn.,2,thường ㅜ
Bình thường.,2,thường ㅜ
Không tốt không xấu.,2,thường ㅜ
môi trường tốt,2,môi trường tốt
môi trường tốt,2,môi trường tốt
môi trường tốt,2,môi trường tốt
môi trường tốt,2,môi trường tốt
môi trường tốt,2,môi trường tốt
môi trường tốt,2,môi trường tốt
"Lịch sự, sạch sẽ, tuy nhiên nhà vệ sinh chỉ có giấy nên hơi khó chịu.",2,"lịch sự sạch sẽ nhưng nhà vệ sinh chỉ có giấy ạ, rát cả cõi lòng"
"Địa điểm này lịch sự và sạch sẽ, nhưng thiếu tiện nghi trong nhà vệ sinh (chỉ có giấy).",2,"lịch sự sạch sẽ nhưng nhà vệ sinh chỉ có giấy ạ, rát cả cõi lòng"
"Mặc dù lịch sự và sạch sẽ, việc nhà vệ sinh chỉ có giấy là một điểm trừ lớn.",2,"lịch sự sạch sẽ nhưng nhà vệ sinh chỉ có giấy ạ, rát cả cõi lòng"
"Nhân viên lịch sự, chỗ ở sạch sẽ, có điều nhà vệ sinh chỉ có giấy thôi.",2,"lịch sự sạch sẽ nhưng nhà vệ sinh chỉ có giấy ạ, rát cả cõi lòng"
"Điểm cộng là lịch sự và sạch sẽ, điểm trừ là nhà vệ sinh chỉ có giấy.",2,"lịch sự sạch sẽ nhưng nhà vệ sinh chỉ có giấy ạ, rát cả cõi lòng"
"Mọi thứ đều ổn, mỗi tội nhà vệ sinh không được trang bị đầy đủ, chỉ có giấy.",2,"lịch sự sạch sẽ nhưng nhà vệ sinh chỉ có giấy ạ, rát cả cõi lòng"
Đông quá và đồ ăn cũng bình thường..,2,đông quá và đồ ăn cũng bình thường.
Đông quá và đồ ăn cũng bình thường..,2,đông quá và đồ ăn cũng bình thường.
Đông quá và đồ ăn cũng bình thường..,2,đông quá và đồ ăn cũng bình thường.
Đông quá và đồ ăn cũng bình thường..,2,đông quá và đồ ăn cũng bình thường.
Đông quá và đồ ăn cũng bình thường..,2,đông quá và đồ ăn cũng bình thường.
Đông quá và đồ ăn cũng bình thường..,2,đông quá và đồ ăn cũng bình thường.
Quá bận rộn.,2,quá bận rộn
Quá bận rộn.,2,quá bận rộn
Quá bận rộn.,2,quá bận rộn
Quá bận rộn.,2,quá bận rộn
Quá bận rộn.,2,quá bận rộn
Quá bận rộn.,2,quá bận rộn
cuối tuần bận rộn,2,cuối tuần bận rộn
cuối tuần bận rộn,2,cuối tuần bận rộn
cuối tuần bận rộn,2,cuối tuần bận rộn
cuối tuần bận rộn,2,cuối tuần bận rộn
cuối tuần bận rộn,2,cuối tuần bận rộn
cuối tuần bận rộn,2,cuối tuần bận rộn
rất đông đúc và tốn kém ở gần.,2,rất đông đúc và tốn kém ở gần
rất đông đúc và tốn kém ở gần.,2,rất đông đúc và tốn kém ở gần
rất đông đúc và tốn kém ở gần.,2,rất đông đúc và tốn kém ở gần
rất đông đúc và tốn kém ở gần.,2,rất đông đúc và tốn kém ở gần
rất đông đúc và tốn kém ở gần.,2,rất đông đúc và tốn kém ở gần
rất đông đúc và tốn kém ở gần.,2,rất đông đúc và tốn kém ở gần
"bánh mì kẹp thịt lợn khá đẹp, nhưng nó không đi kèm với thiết lập..",2,"bánh mì kẹp thịt lợn khá đẹp, nhưng nó không đi kèm với thiết lập."
"bánh mì kẹp thịt lợn khá đẹp, nhưng nó không đi kèm với thiết lập..",2,"bánh mì kẹp thịt lợn khá đẹp, nhưng nó không đi kèm với thiết lập."
"bánh mì kẹp thịt lợn khá đẹp, nhưng nó không đi kèm với thiết lập..",2,"bánh mì kẹp thịt lợn khá đẹp, nhưng nó không đi kèm với thiết lập."
"bánh mì kẹp thịt lợn khá đẹp, nhưng nó không đi kèm với thiết lập..",2,"bánh mì kẹp thịt lợn khá đẹp, nhưng nó không đi kèm với thiết lập."
"bánh mì kẹp thịt lợn khá đẹp, nhưng nó không đi kèm với thiết lập..",2,"bánh mì kẹp thịt lợn khá đẹp, nhưng nó không đi kèm với thiết lập."
"bánh mì kẹp thịt lợn khá đẹp, nhưng nó không đi kèm với thiết lập..",2,"bánh mì kẹp thịt lợn khá đẹp, nhưng nó không đi kèm với thiết lập."
"hamburger ngon, khoai tây chiên không được giòn như mcdonalds mình từng ăn bên châu âu, giá cả khá đắt so với thu nhập trung bình người việt, quán nằm tại địa điểm vàng của thủ đô hà nội, làm một nơi lí tưởng cho giới trẻ check in..",2,"hamburger ngon, khoai tây chiên không được giòn như mcdonalds mình từng ăn bên châu âu, giá cả khá đắt so với thu nhập trung bình người việt, quán nằm tại địa điểm vàng của thủ đô hà nội, làm một nơi lí tưởng cho giới trẻ check in."
"hamburger ngon, khoai tây chiên không được giòn như mcdonalds mình từng ăn bên châu âu, giá cả khá đắt so với thu nhập trung bình người việt, quán nằm tại địa điểm vàng của thủ đô hà nội, làm một nơi lí tưởng cho giới trẻ check in..",2,"hamburger ngon, khoai tây chiên không được giòn như mcdonalds mình từng ăn bên châu âu, giá cả khá đắt so với thu nhập trung bình người việt, quán nằm tại địa điểm vàng của thủ đô hà nội, làm một nơi lí tưởng cho giới trẻ check in."
"hamburger ngon, khoai tây chiên không được giòn như mcdonalds mình từng ăn bên châu âu, giá cả khá đắt so với thu nhập trung bình người việt, quán nằm tại địa điểm vàng của thủ đô hà nội, làm một nơi lí tưởng cho giới trẻ check in..",2,"hamburger ngon, khoai tây chiên không được giòn như mcdonalds mình từng ăn bên châu âu, giá cả khá đắt so với thu nhập trung bình người việt, quán nằm tại địa điểm vàng của thủ đô hà nội, làm một nơi lí tưởng cho giới trẻ check in."
"hamburger ngon, khoai tây chiên không được giòn như mcdonalds mình từng ăn bên châu âu, giá cả khá đắt so với thu nhập trung bình người việt, quán nằm tại địa điểm vàng của thủ đô hà nội, làm một nơi lí tưởng cho giới trẻ check in..",2,"hamburger ngon, khoai tây chiên không được giòn như mcdonalds mình từng ăn bên châu âu, giá cả khá đắt so với thu nhập trung bình người việt, quán nằm tại địa điểm vàng của thủ đô hà nội, làm một nơi lí tưởng cho giới trẻ check in."
"hamburger ngon, khoai tây chiên không được giòn như mcdonalds mình từng ăn bên châu âu, giá cả khá đắt so với thu nhập trung bình người việt, quán nằm tại địa điểm vàng của thủ đô hà nội, làm một nơi lí tưởng cho giới trẻ check in..",2,"hamburger ngon, khoai tây chiên không được giòn như mcdonalds mình từng ăn bên châu âu, giá cả khá đắt so với thu nhập trung bình người việt, quán nằm tại địa điểm vàng của thủ đô hà nội, làm một nơi lí tưởng cho giới trẻ check in."
"hamburger ngon, khoai tây chiên không được giòn như mcdonalds mình từng ăn bên châu âu, giá cả khá đắt so với thu nhập trung bình người việt, quán nằm tại địa điểm vàng của thủ đô hà nội, làm một nơi lí tưởng cho giới trẻ check in..",2,"hamburger ngon, khoai tây chiên không được giòn như mcdonalds mình từng ăn bên châu âu, giá cả khá đắt so với thu nhập trung bình người việt, quán nằm tại địa điểm vàng của thủ đô hà nội, làm một nơi lí tưởng cho giới trẻ check in."
giá cao,2,giá cao
giá cao,2,giá cao
giá cao,2,giá cao
giá cao,2,giá cao
giá cao,2,giá cao
giá cao,2,giá cao
cung ôn,2,cung ôn
cung ôn,2,cung ôn
cung ôn,2,cung ôn
cung ôn,2,cung ôn
cung ôn,2,cung ôn
cung ôn,2,cung ôn
The food wasn't very tasty for the price.,2,đồ ăn không quá ngon so với giá
The price of the food does not match the quality.,2,đồ ăn không quá ngon so với giá
The food is not delicious considering the price.,2,đồ ăn không quá ngon so với giá
"For what you pay, the food is just okay.",2,đồ ăn không quá ngon so với giá
The food isn't worth the money.,2,đồ ăn không quá ngon so với giá
"It's not the best food, especially when you think about how much it costs.",2,đồ ăn không quá ngon so với giá
phục vụ chậm và kô nhiệt tình,2,phục vụ chậm và kô nhiệt tình
phục vụ chậm và kô nhiệt tình,2,phục vụ chậm và kô nhiệt tình
phục vụ chậm và kô nhiệt tình,2,phục vụ chậm và kô nhiệt tình
phục vụ chậm và kô nhiệt tình,2,phục vụ chậm và kô nhiệt tình
phục vụ chậm và kô nhiệt tình,2,phục vụ chậm và kô nhiệt tình
phục vụ chậm và kô nhiệt tình,2,phục vụ chậm và kô nhiệt tình
Chỉ cần băng qua đường là đến bưu điện. Trạm xe buýt số 86 nằm ngay trước bưu điện. Từ đó bạn có thể đến Sân bay Quốc tế Nội Bài. Giá vé là 35.000 VNĐ.,2,"chỉ cần băng qua đường đến bưu điện, số 86 bus stop phải trước bưu điện, hãy đến cảng không khí quốc tế noi bai. giá vé có giá 35.0 vnd."
"Để đến Sân bay Nội Bài, bạn chỉ cần đi bộ sang bên kia đường để đến bưu điện, trạm xe buýt 86 nằm ở đó. Giá vé là 35.000 VNĐ.",2,"chỉ cần băng qua đường đến bưu điện, số 86 bus stop phải trước bưu điện, hãy đến cảng không khí quốc tế noi bai. giá vé có giá 35.0 vnd."
Bưu điện ở ngay bên kia đường. Xe buýt số 86 để đi Sân bay Nội Bài đỗ ở đó. Giá vé là 35.000 VNĐ.,2,"chỉ cần băng qua đường đến bưu điện, số 86 bus stop phải trước bưu điện, hãy đến cảng không khí quốc tế noi bai. giá vé có giá 35.0 vnd."
"Bạn có thể dễ dàng đến Sân bay Nội Bài bằng xe buýt số 86. Trạm xe buýt nằm đối diện bưu điện, giá vé là 35.000 VNĐ.",2,"chỉ cần băng qua đường đến bưu điện, số 86 bus stop phải trước bưu điện, hãy đến cảng không khí quốc tế noi bai. giá vé có giá 35.0 vnd."
"Để đến Sân bay quốc tế Nội Bài, bạn có thể bắt xe buýt 86 tại trạm xe buýt đối diện bưu điện. Vé có giá 35.000 VNĐ.",2,"chỉ cần băng qua đường đến bưu điện, số 86 bus stop phải trước bưu điện, hãy đến cảng không khí quốc tế noi bai. giá vé có giá 35.0 vnd."
Đi Sân bay Nội Bài ư? Cứ tìm bưu điện rồi qua đường là thấy trạm xe buýt 86. Giá vé 35 ngàn.,2,"chỉ cần băng qua đường đến bưu điện, số 86 bus stop phải trước bưu điện, hãy đến cảng không khí quốc tế noi bai. giá vé có giá 35.0 vnd."
mcdonald trong vn không tốt như kfc.,2,mcdonald trong vn không tốt như kfc
mcdonald trong vn không tốt như kfc.,2,mcdonald trong vn không tốt như kfc
mcdonald trong vn không tốt như kfc.,2,mcdonald trong vn không tốt như kfc
mcdonald trong vn không tốt như kfc.,2,mcdonald trong vn không tốt như kfc
mcdonald trong vn không tốt như kfc.,2,mcdonald trong vn không tốt như kfc
mcdonald trong vn không tốt như kfc.,2,mcdonald trong vn không tốt như kfc
"Mới và sạch sẽ mặc dù đôi khi quá đầy đủ với các nhân viên hữu ích cố gắng hết sức để giữ thời gian chờ đợi của bạn càng ngắn càng tốt. không có sữa lắc không may. cà phê là thú vị, đáng ngạc nhiên. thức ăn được nấu để đặt hàng và nóng..",2,"mới và sạch sẽ mặc dù đôi khi quá đầy đủ với các nhân viên hữu ích cố gắng hết sức để giữ thời gian chờ đợi của bạn càng ngắn càng tốt. không có sữa lắc không may. cà phê là thú vị, đáng ngạc nhiên. thức ăn được nấu để đặt hàng và nóng."
"Mới và sạch sẽ mặc dù đôi khi quá đầy đủ với các nhân viên hữu ích cố gắng hết sức để giữ thời gian chờ đợi của bạn càng ngắn càng tốt. không có sữa lắc không may. cà phê là thú vị, đáng ngạc nhiên. thức ăn được nấu để đặt hàng và nóng..",2,"mới và sạch sẽ mặc dù đôi khi quá đầy đủ với các nhân viên hữu ích cố gắng hết sức để giữ thời gian chờ đợi của bạn càng ngắn càng tốt. không có sữa lắc không may. cà phê là thú vị, đáng ngạc nhiên. thức ăn được nấu để đặt hàng và nóng."
"Mới và sạch sẽ mặc dù đôi khi quá đầy đủ với các nhân viên hữu ích cố gắng hết sức để giữ thời gian chờ đợi của bạn càng ngắn càng tốt. không có sữa lắc không may. cà phê là thú vị, đáng ngạc nhiên. thức ăn được nấu để đặt hàng và nóng..",2,"mới và sạch sẽ mặc dù đôi khi quá đầy đủ với các nhân viên hữu ích cố gắng hết sức để giữ thời gian chờ đợi của bạn càng ngắn càng tốt. không có sữa lắc không may. cà phê là thú vị, đáng ngạc nhiên. thức ăn được nấu để đặt hàng và nóng."
"Mới và sạch sẽ mặc dù đôi khi quá đầy đủ với các nhân viên hữu ích cố gắng hết sức để giữ thời gian chờ đợi của bạn càng ngắn càng tốt. không có sữa lắc không may. cà phê là thú vị, đáng ngạc nhiên. thức ăn được nấu để đặt hàng và nóng..",2,"mới và sạch sẽ mặc dù đôi khi quá đầy đủ với các nhân viên hữu ích cố gắng hết sức để giữ thời gian chờ đợi của bạn càng ngắn càng tốt. không có sữa lắc không may. cà phê là thú vị, đáng ngạc nhiên. thức ăn được nấu để đặt hàng và nóng."
"Mới và sạch sẽ mặc dù đôi khi quá đầy đủ với các nhân viên hữu ích cố gắng hết sức để giữ thời gian chờ đợi của bạn càng ngắn càng tốt. không có sữa lắc không may. cà phê là thú vị, đáng ngạc nhiên. thức ăn được nấu để đặt hàng và nóng..",2,"mới và sạch sẽ mặc dù đôi khi quá đầy đủ với các nhân viên hữu ích cố gắng hết sức để giữ thời gian chờ đợi của bạn càng ngắn càng tốt. không có sữa lắc không may. cà phê là thú vị, đáng ngạc nhiên. thức ăn được nấu để đặt hàng và nóng."
"Mới và sạch sẽ mặc dù đôi khi quá đầy đủ với các nhân viên hữu ích cố gắng hết sức để giữ thời gian chờ đợi của bạn càng ngắn càng tốt. không có sữa lắc không may. cà phê là thú vị, đáng ngạc nhiên. thức ăn được nấu để đặt hàng và nóng..",2,"mới và sạch sẽ mặc dù đôi khi quá đầy đủ với các nhân viên hữu ích cố gắng hết sức để giữ thời gian chờ đợi của bạn càng ngắn càng tốt. không có sữa lắc không may. cà phê là thú vị, đáng ngạc nhiên. thức ăn được nấu để đặt hàng và nóng."
bình thường đồ ăn không ngon,2,bình thường đồ ăn không ngon
bình thường đồ ăn không ngon,2,bình thường đồ ăn không ngon
bình thường đồ ăn không ngon,2,bình thường đồ ăn không ngon
bình thường đồ ăn không ngon,2,bình thường đồ ăn không ngon
bình thường đồ ăn không ngon,2,bình thường đồ ăn không ngon
bình thường đồ ăn không ngon,2,bình thường đồ ăn không ngon
"Giá cả phải chăng nhất, nhưng gà rán không ngon lắm, có lẽ là do bột chiên.",2,"giá cả hợp lý nhất, nhưng gà rán vẫn không ngon, nó có thể là do bột mì"
"Tuy giá rất ổn, nhưng gà rán chưa được ngon lắm, có thể vấn đề nằm ở bột.",2,"giá cả hợp lý nhất, nhưng gà rán vẫn không ngon, nó có thể là do bột mì"
"Giá cả rất cạnh tranh, nhưng hương vị gà rán chưa đạt, nghi ngờ do chất lượng bột.",2,"giá cả hợp lý nhất, nhưng gà rán vẫn không ngon, nó có thể là do bột mì"
"Mặc dù giá cả rất hấp dẫn, gà rán vẫn không ngon, có thể là vì bột.",2,"giá cả hợp lý nhất, nhưng gà rán vẫn không ngon, nó có thể là do bột mì"
"Điểm cộng là giá cả phải chăng, nhưng tiếc là gà rán không ngon, có lẽ do bột mì.",2,"giá cả hợp lý nhất, nhưng gà rán vẫn không ngon, nó có thể là do bột mì"
"Giá cả thì ổn áp nhất rồi, cơ mà gà rán chưa ngon, chắc do bột chiên dở.",2,"giá cả hợp lý nhất, nhưng gà rán vẫn không ngon, nó có thể là do bột mì"
"đơn đặt hàng có thể được thực hiện trên màn hình lớn ở lối vào. điều đó thật mượt mà, nhưng bên trong được quản lý kém và chỉ có một vài khách hàng, vì vậy tôi phải chờ khá lâu. 😂",2,"đơn đặt hàng có thể được thực hiện trên màn hình lớn ở lối vào. điều đó thật mượt mà, nhưng bên trong được quản lý kém và chỉ có một vài khách hàng, vì vậy tôi phải chờ khá lâu. 😂"
"đơn đặt hàng có thể được thực hiện trên màn hình lớn ở lối vào. điều đó thật mượt mà, nhưng bên trong được quản lý kém và chỉ có một vài khách hàng, vì vậy tôi phải chờ khá lâu. 😂",2,"đơn đặt hàng có thể được thực hiện trên màn hình lớn ở lối vào. điều đó thật mượt mà, nhưng bên trong được quản lý kém và chỉ có một vài khách hàng, vì vậy tôi phải chờ khá lâu. 😂"
"đơn đặt hàng có thể được thực hiện trên màn hình lớn ở lối vào. điều đó thật mượt mà, nhưng bên trong được quản lý kém và chỉ có một vài khách hàng, vì vậy tôi phải chờ khá lâu. 😂",2,"đơn đặt hàng có thể được thực hiện trên màn hình lớn ở lối vào. điều đó thật mượt mà, nhưng bên trong được quản lý kém và chỉ có một vài khách hàng, vì vậy tôi phải chờ khá lâu. 😂"
"đơn đặt hàng có thể được thực hiện trên màn hình lớn ở lối vào. điều đó thật mượt mà, nhưng bên trong được quản lý kém và chỉ có một vài khách hàng, vì vậy tôi phải chờ khá lâu. 😂",2,"đơn đặt hàng có thể được thực hiện trên màn hình lớn ở lối vào. điều đó thật mượt mà, nhưng bên trong được quản lý kém và chỉ có một vài khách hàng, vì vậy tôi phải chờ khá lâu. 😂"
"đơn đặt hàng có thể được thực hiện trên màn hình lớn ở lối vào. điều đó thật mượt mà, nhưng bên trong được quản lý kém và chỉ có một vài khách hàng, vì vậy tôi phải chờ khá lâu. 😂",2,"đơn đặt hàng có thể được thực hiện trên màn hình lớn ở lối vào. điều đó thật mượt mà, nhưng bên trong được quản lý kém và chỉ có một vài khách hàng, vì vậy tôi phải chờ khá lâu. 😂"
"đơn đặt hàng có thể được thực hiện trên màn hình lớn ở lối vào. điều đó thật mượt mà, nhưng bên trong được quản lý kém và chỉ có một vài khách hàng, vì vậy tôi phải chờ khá lâu. 😂",2,"đơn đặt hàng có thể được thực hiện trên màn hình lớn ở lối vào. điều đó thật mượt mà, nhưng bên trong được quản lý kém và chỉ có một vài khách hàng, vì vậy tôi phải chờ khá lâu. 😂"
"Nhân viên lịch sự, phục vụ nhiệt tình. Đồ ăn bình thường, hơi mặn",2,"nhân viên lịch sự, phục vụ nhiệt tình. đồ ăn bình thường, hơi mặn"
"Nhân viên lịch sự, phục vụ nhiệt tình. Đồ ăn bình thường, hơi mặn",2,"nhân viên lịch sự, phục vụ nhiệt tình. đồ ăn bình thường, hơi mặn"
"Nhân viên lịch sự, phục vụ nhiệt tình. Đồ ăn bình thường, hơi mặn",2,"nhân viên lịch sự, phục vụ nhiệt tình. đồ ăn bình thường, hơi mặn"
"Nhân viên lịch sự, phục vụ nhiệt tình. Đồ ăn bình thường, hơi mặn",2,"nhân viên lịch sự, phục vụ nhiệt tình. đồ ăn bình thường, hơi mặn"
"Nhân viên lịch sự, phục vụ nhiệt tình. Đồ ăn bình thường, hơi mặn",2,"nhân viên lịch sự, phục vụ nhiệt tình. đồ ăn bình thường, hơi mặn"
"Nhân viên lịch sự, phục vụ nhiệt tình. Đồ ăn bình thường, hơi mặn",2,"nhân viên lịch sự, phục vụ nhiệt tình. đồ ăn bình thường, hơi mặn"
tôi đã tự hỏi việt nam là gì mcdonald. thực phẩm sang trọng ở việt nam. ngon haha.,2,tôi đã tự hỏi việt nam là gì mcdonald. thực phẩm sang trọng ở việt nam. ngon haha
tôi đã tự hỏi việt nam là gì mcdonald. thực phẩm sang trọng ở việt nam. ngon haha.,2,tôi đã tự hỏi việt nam là gì mcdonald. thực phẩm sang trọng ở việt nam. ngon haha
tôi đã tự hỏi việt nam là gì mcdonald. thực phẩm sang trọng ở việt nam. ngon haha.,2,tôi đã tự hỏi việt nam là gì mcdonald. thực phẩm sang trọng ở việt nam. ngon haha
tôi đã tự hỏi việt nam là gì mcdonald. thực phẩm sang trọng ở việt nam. ngon haha.,2,tôi đã tự hỏi việt nam là gì mcdonald. thực phẩm sang trọng ở việt nam. ngon haha
tôi đã tự hỏi việt nam là gì mcdonald. thực phẩm sang trọng ở việt nam. ngon haha.,2,tôi đã tự hỏi việt nam là gì mcdonald. thực phẩm sang trọng ở việt nam. ngon haha
tôi đã tự hỏi việt nam là gì mcdonald. thực phẩm sang trọng ở việt nam. ngon haha.,2,tôi đã tự hỏi việt nam là gì mcdonald. thực phẩm sang trọng ở việt nam. ngon haha
phục vụ tốt,2,phục vụ tốt
phục vụ tốt,2,phục vụ tốt
phục vụ tốt,2,phục vụ tốt
phục vụ tốt,2,phục vụ tốt
phục vụ tốt,2,phục vụ tốt
phục vụ tốt,2,phục vụ tốt
một số thực đơn là khác nhau. có một số gạo.,2,một số thực đơn là khác nhau. có một số gạo
một số thực đơn là khác nhau. có một số gạo.,2,một số thực đơn là khác nhau. có một số gạo
một số thực đơn là khác nhau. có một số gạo.,2,một số thực đơn là khác nhau. có một số gạo
một số thực đơn là khác nhau. có một số gạo.,2,một số thực đơn là khác nhau. có một số gạo
một số thực đơn là khác nhau. có một số gạo.,2,một số thực đơn là khác nhau. có một số gạo
một số thực đơn là khác nhau. có một số gạo.,2,một số thực đơn là khác nhau. có một số gạo
một mc làm trong số nhiều người khác,2,một mc làm trong số nhiều người khác
một mc làm trong số nhiều người khác,2,một mc làm trong số nhiều người khác
một mc làm trong số nhiều người khác,2,một mc làm trong số nhiều người khác
một mc làm trong số nhiều người khác,2,một mc làm trong số nhiều người khác
một mc làm trong số nhiều người khác,2,một mc làm trong số nhiều người khác
một mc làm trong số nhiều người khác,2,một mc làm trong số nhiều người khác
"Tôi nghĩ rằng tôi nên rời khỏi cơ sở này. Vệ sinh không được tốt, nhưng nếu bạn nghĩ về McDonald's, thì thực sự đáng để ghé thăm.",2,"uh, tôi nghĩ rằng tôi nên ra khỏi trụ sở. nó không tốt cho vệ sinh, nhưng nó thực sự đáng để đi nếu bạn nghĩ về mcdonald."
"Tôi nghĩ rằng tôi có lẽ nên đi khỏi đây. Nó không được vệ sinh cho lắm, nhưng nếu so với McDonald's thì cũng đáng để ghé thăm.",2,"uh, tôi nghĩ rằng tôi nên ra khỏi trụ sở. nó không tốt cho vệ sinh, nhưng nó thực sự đáng để đi nếu bạn nghĩ về mcdonald."
"Chà, có lẽ tôi nên đi khỏi chỗ này. Vấn đề vệ sinh không ổn lắm, nhưng nếu bạn so sánh với McDonald's thì cũng đáng để thử.",2,"uh, tôi nghĩ rằng tôi nên ra khỏi trụ sở. nó không tốt cho vệ sinh, nhưng nó thực sự đáng để đi nếu bạn nghĩ về mcdonald."
"Ừm, tôi thấy nên rời khỏi nơi này thì hơn. Vệ sinh ở đây chưa ổn, nhưng nếu xét đến McDonald's thì có lẽ vẫn nên ghé qua.",2,"uh, tôi nghĩ rằng tôi nên ra khỏi trụ sở. nó không tốt cho vệ sinh, nhưng nó thực sự đáng để đi nếu bạn nghĩ về mcdonald."
"Có lẽ tôi nên rời khỏi nơi này. Vệ sinh không được tốt lắm, nhưng nếu bạn đang nghĩ đến McDonald's thì cũng đáng để thử đấy.",2,"uh, tôi nghĩ rằng tôi nên ra khỏi trụ sở. nó không tốt cho vệ sinh, nhưng nó thực sự đáng để đi nếu bạn nghĩ về mcdonald."
"Chắc tôi nên chuồn khỏi đây thôi. Vệ sinh không tốt, nhưng nếu so với McDonald's thì cũng đáng để ghé thăm.",2,"uh, tôi nghĩ rằng tôi nên ra khỏi trụ sở. nó không tốt cho vệ sinh, nhưng nó thực sự đáng để đi nếu bạn nghĩ về mcdonald."
"Vị trí đẹp, phù hợp giới trẻ",2,"vị trí đẹp, phù hợp giới trẻ"
"Địa điểm tuyệt vời, rất thích hợp cho thanh niên.",2,"vị trí đẹp, phù hợp giới trẻ"
"Nơi này có vị trí đắc địa, đặc biệt lý tưởng cho đối tượng khách hàng trẻ tuổi.",2,"vị trí đẹp, phù hợp giới trẻ"
"Địa điểm này đẹp, lại còn hợp gu giới trẻ nữa chứ.",2,"vị trí đẹp, phù hợp giới trẻ"
Đây là một địa điểm có vị trí tốt và được giới trẻ yêu thích.,2,"vị trí đẹp, phù hợp giới trẻ"
"Vị trí ổn, teen đến đây là chuẩn bài.",2,"vị trí đẹp, phù hợp giới trẻ"
bánh mì không giống như các mcdonalds khác và thức ăn không nóng khi chúng tôi nhận được. nhưng dịch vụ rất nhanh.,2,bánh mì không giống như các mcdonalds khác và thức ăn không nóng khi chúng tôi nhận được. nhưng dịch vụ rất nhanh.
bánh mì không giống như các mcdonalds khác và thức ăn không nóng khi chúng tôi nhận được. nhưng dịch vụ rất nhanh.,2,bánh mì không giống như các mcdonalds khác và thức ăn không nóng khi chúng tôi nhận được. nhưng dịch vụ rất nhanh.
bánh mì không giống như các mcdonalds khác và thức ăn không nóng khi chúng tôi nhận được. nhưng dịch vụ rất nhanh.,2,bánh mì không giống như các mcdonalds khác và thức ăn không nóng khi chúng tôi nhận được. nhưng dịch vụ rất nhanh.
bánh mì không giống như các mcdonalds khác và thức ăn không nóng khi chúng tôi nhận được. nhưng dịch vụ rất nhanh.,2,bánh mì không giống như các mcdonalds khác và thức ăn không nóng khi chúng tôi nhận được. nhưng dịch vụ rất nhanh.
bánh mì không giống như các mcdonalds khác và thức ăn không nóng khi chúng tôi nhận được. nhưng dịch vụ rất nhanh.,2,bánh mì không giống như các mcdonalds khác và thức ăn không nóng khi chúng tôi nhận được. nhưng dịch vụ rất nhanh.
bánh mì không giống như các mcdonalds khác và thức ăn không nóng khi chúng tôi nhận được. nhưng dịch vụ rất nhanh.,2,bánh mì không giống như các mcdonalds khác và thức ăn không nóng khi chúng tôi nhận được. nhưng dịch vụ rất nhanh.
Nhìn view khá đẹp mà chưa có dịp ăn nên chưa biết chất lượng ra sao.,2,nhìn view khá đẹp mà chưa có dịp ăn nên chưa biết chất lượng ra sao
Nhìn view khá đẹp mà chưa có dịp ăn nên chưa biết chất lượng ra sao.,2,nhìn view khá đẹp mà chưa có dịp ăn nên chưa biết chất lượng ra sao
Nhìn view khá đẹp mà chưa có dịp ăn nên chưa biết chất lượng ra sao.,2,nhìn view khá đẹp mà chưa có dịp ăn nên chưa biết chất lượng ra sao
Nhìn view khá đẹp mà chưa có dịp ăn nên chưa biết chất lượng ra sao.,2,nhìn view khá đẹp mà chưa có dịp ăn nên chưa biết chất lượng ra sao
Nhìn view khá đẹp mà chưa có dịp ăn nên chưa biết chất lượng ra sao.,2,nhìn view khá đẹp mà chưa có dịp ăn nên chưa biết chất lượng ra sao
Nhìn view khá đẹp mà chưa có dịp ăn nên chưa biết chất lượng ra sao.,2,nhìn view khá đẹp mà chưa có dịp ăn nên chưa biết chất lượng ra sao
"vào ngày lễ và cuối tuần dịp phố đi bộ, quán thường đông quá mức trong khi quầy thanh toán nhỏ nên phải xếp hàng hơi lâu..",2,"vào ngày lễ và cuối tuần dịp phố đi bộ, quán thường đông quá mức trong khi quầy thanh toán nhỏ nên phải xếp hàng hơi lâu."
"vào ngày lễ và cuối tuần dịp phố đi bộ, quán thường đông quá mức trong khi quầy thanh toán nhỏ nên phải xếp hàng hơi lâu..",2,"vào ngày lễ và cuối tuần dịp phố đi bộ, quán thường đông quá mức trong khi quầy thanh toán nhỏ nên phải xếp hàng hơi lâu."
"vào ngày lễ và cuối tuần dịp phố đi bộ, quán thường đông quá mức trong khi quầy thanh toán nhỏ nên phải xếp hàng hơi lâu..",2,"vào ngày lễ và cuối tuần dịp phố đi bộ, quán thường đông quá mức trong khi quầy thanh toán nhỏ nên phải xếp hàng hơi lâu."
"vào ngày lễ và cuối tuần dịp phố đi bộ, quán thường đông quá mức trong khi quầy thanh toán nhỏ nên phải xếp hàng hơi lâu..",2,"vào ngày lễ và cuối tuần dịp phố đi bộ, quán thường đông quá mức trong khi quầy thanh toán nhỏ nên phải xếp hàng hơi lâu."
"vào ngày lễ và cuối tuần dịp phố đi bộ, quán thường đông quá mức trong khi quầy thanh toán nhỏ nên phải xếp hàng hơi lâu..",2,"vào ngày lễ và cuối tuần dịp phố đi bộ, quán thường đông quá mức trong khi quầy thanh toán nhỏ nên phải xếp hàng hơi lâu."
"vào ngày lễ và cuối tuần dịp phố đi bộ, quán thường đông quá mức trong khi quầy thanh toán nhỏ nên phải xếp hàng hơi lâu..",2,"vào ngày lễ và cuối tuần dịp phố đi bộ, quán thường đông quá mức trong khi quầy thanh toán nhỏ nên phải xếp hàng hơi lâu."
"vâng, nó là thực phẩm sạch và tươi, và phổ biến trong ppl của người việt nam.",2,"vâng, nó là thực phẩm sạch và tươi, và phổ biến trong ppl của người việt nam"
"vâng, nó là thực phẩm sạch và tươi, và phổ biến trong ppl của người việt nam.",2,"vâng, nó là thực phẩm sạch và tươi, và phổ biến trong ppl của người việt nam"
"vâng, nó là thực phẩm sạch và tươi, và phổ biến trong ppl của người việt nam.",2,"vâng, nó là thực phẩm sạch và tươi, và phổ biến trong ppl của người việt nam"
"vâng, nó là thực phẩm sạch và tươi, và phổ biến trong ppl của người việt nam.",2,"vâng, nó là thực phẩm sạch và tươi, và phổ biến trong ppl của người việt nam"
"vâng, nó là thực phẩm sạch và tươi, và phổ biến trong ppl của người việt nam.",2,"vâng, nó là thực phẩm sạch và tươi, và phổ biến trong ppl của người việt nam"
"vâng, nó là thực phẩm sạch và tươi, và phổ biến trong ppl của người việt nam.",2,"vâng, nó là thực phẩm sạch và tươi, và phổ biến trong ppl của người việt nam"
Tuyệt vời cho trẻ em và các gia đình sau một ngày dài tham quan thành phố và đi bộ.,2,tốt cho trẻ em và gia đình sau chuyến lưu diễn thành phố và đi bộ dài.
Phù hợp cho trẻ nhỏ và người thân sau khi tham quan thành phố hoặc đi bộ đường dài.,2,tốt cho trẻ em và gia đình sau chuyến lưu diễn thành phố và đi bộ dài.
Địa điểm này lý tưởng cho trẻ em và các bậc phụ huynh nghỉ ngơi sau khi khám phá thành phố và đi bộ mệt nghỉ.,2,tốt cho trẻ em và gia đình sau chuyến lưu diễn thành phố và đi bộ dài.
Đây là một lựa chọn tốt cho các gia đình có trẻ nhỏ muốn thư giãn sau chuyến du lịch và đi bộ quanh thành phố.,2,tốt cho trẻ em và gia đình sau chuyến lưu diễn thành phố và đi bộ dài.
Địa điểm này thích hợp cho trẻ em và gia đình để nghỉ ngơi sau một ngày dài đi bộ và tham quan thành phố.,2,tốt cho trẻ em và gia đình sau chuyến lưu diễn thành phố và đi bộ dài.
"Rất lý tưởng cho gia đình và trẻ em, đặc biệt là sau một ngày dài khám phá thành phố và đi bộ.",2,tốt cho trẻ em và gia đình sau chuyến lưu diễn thành phố và đi bộ dài.
"nằm trên con đường đắt đỏ nên quán có giá khá cao, và nhân viên phục vụ không được tốt lắm.",2,"nằm trên con đường đắt đỏ nên quán có giá khá cao, và nhân viên phục vụ không được tốt lắm"
"Giá cả ở đây khá chát vì vị trí đắc địa, thêm nữa nhân viên phục vụ chưa được chu đáo.",2,"nằm trên con đường đắt đỏ nên quán có giá khá cao, và nhân viên phục vụ không được tốt lắm"
"Vì nằm ở khu sang chảnh nên giá quán hơi bị 'chát', mà phục vụ thì chưa tương xứng.",2,"nằm trên con đường đắt đỏ nên quán có giá khá cao, và nhân viên phục vụ không được tốt lắm"
"Vị trí đẹp thì giá cao thôi, nhưng phục vụ ở đây cần cải thiện thêm.",2,"nằm trên con đường đắt đỏ nên quán có giá khá cao, và nhân viên phục vụ không được tốt lắm"
"Giá cao do vị trí đẹp, dịch vụ chưa tốt.",2,"nằm trên con đường đắt đỏ nên quán có giá khá cao, và nhân viên phục vụ không được tốt lắm"
"Quán này giá cao ngất ngưởng vì nằm ở vị trí đắc địa, nhưng thái độ phục vụ của nhân viên thì không được thân thiện cho lắm.",2,"nằm trên con đường đắt đỏ nên quán có giá khá cao, và nhân viên phục vụ không được tốt lắm"
chưa ăn nhưng thấy cũng không đẹp,2,chưa ăn nhưng thấy cũng không đẹp
chưa ăn nhưng thấy cũng không đẹp,2,chưa ăn nhưng thấy cũng không đẹp
chưa ăn nhưng thấy cũng không đẹp,2,chưa ăn nhưng thấy cũng không đẹp
chưa ăn nhưng thấy cũng không đẹp,2,chưa ăn nhưng thấy cũng không đẹp
chưa ăn nhưng thấy cũng không đẹp,2,chưa ăn nhưng thấy cũng không đẹp
chưa ăn nhưng thấy cũng không đẹp,2,chưa ăn nhưng thấy cũng không đẹp
"Tôi đã thử McDonald's ở nhiều nơi trên thế giới, nhưng tôi không phải là fan của McDonald's ở Việt Nam.",2,"đã thử mcdonald ở nhiều địa điểm trên thế giới, đó không phải là một người hâm mộ của những người ở việt nam"
"Tôi đã từng ăn McDonald's ở nhiều quốc gia khác nhau, và tôi phải nói rằng tôi không thích McDonald's ở Việt Nam.",2,"đã thử mcdonald ở nhiều địa điểm trên thế giới, đó không phải là một người hâm mộ của những người ở việt nam"
"McDonald's trên toàn thế giới thì ok, nhưng McDonald's ở Việt Nam thì không phải gu của tôi.",2,"đã thử mcdonald ở nhiều địa điểm trên thế giới, đó không phải là một người hâm mộ của những người ở việt nam"
"Không phải là fan của McDonald's ở Việt Nam, mặc dù đã ăn ở nhiều nước khác rồi.",2,"đã thử mcdonald ở nhiều địa điểm trên thế giới, đó không phải là một người hâm mộ của những người ở việt nam"
"Tôi đã ghé McDonald's ở nhiều nước, nhưng cái ở Việt Nam không hợp khẩu vị tôi.",2,"đã thử mcdonald ở nhiều địa điểm trên thế giới, đó không phải là một người hâm mộ của những người ở việt nam"
"So với các chi nhánh McDonald's trên thế giới, McDonald's Việt Nam không gây ấn tượng với tôi.",2,"đã thử mcdonald ở nhiều địa điểm trên thế giới, đó không phải là một người hâm mộ của những người ở việt nam"
Đồ ăn ở mức trung bình.,2,đồ ăn bình thường
Món ăn không có gì đặc sắc.,2,đồ ăn bình thường
Chất lượng đồ ăn tàm tạm.,2,đồ ăn bình thường
Đồ ăn không quá ngon cũng không quá dở.,2,đồ ăn bình thường
Món ăn ở đây khá là bình thường.,2,đồ ăn bình thường
Đồ ăn chỉ đạt mức trung bình thôi.,2,đồ ăn bình thường
Dịch vụ tốt và nhanh chóng. Ngồi ngoài trời rất nguy hiểm vì xe máy tăng tốc quanh góc. Cà phê dở tệ.,2,dịch vụ là tốt n nhanh. ngồi bên ngoài là tự tử khi xe tay ga tăng tốc quanh góc. cà phê có vị như sh
"Phục vụ nhanh, chất lượng ổn. Không nên ngồi ngoài vì xe cộ phóng nhanh vượt ẩu. Cà phê quá tệ.",2,dịch vụ là tốt n nhanh. ngồi bên ngoài là tự tử khi xe tay ga tăng tốc quanh góc. cà phê có vị như sh
"Nhân viên phục vụ nhiệt tình và nhanh nhẹn. Tuy nhiên, không nên ngồi phía ngoài vì xe máy chạy ẩu. Cà phê thì khỏi bàn, dở không thể tả.",2,dịch vụ là tốt n nhanh. ngồi bên ngoài là tự tử khi xe tay ga tăng tốc quanh góc. cà phê có vị như sh
"Dịch vụ tạm ổn, nhanh. Không nên ngồi ngoài, xe cộ nguy hiểm. Cà phê tệ.",2,dịch vụ là tốt n nhanh. ngồi bên ngoài là tự tử khi xe tay ga tăng tốc quanh góc. cà phê có vị như sh
Tốc độ phục vụ tốt. Khu vực ngoài trời không an toàn do xe máy chạy ẩu. Cà phê không ngon.,2,dịch vụ là tốt n nhanh. ngồi bên ngoài là tự tử khi xe tay ga tăng tốc quanh góc. cà phê có vị như sh
"Dịch vụ nhanh nhẹn, ổn. Khu vực ngoài trời nguy hiểm do xe cộ. Cà phê rất tệ.",2,dịch vụ là tốt n nhanh. ngồi bên ngoài là tự tử khi xe tay ga tăng tốc quanh góc. cà phê có vị như sh
It's alright.,2,tạm ổn
It is acceptable.,2,tạm ổn
It's not bad.,2,tạm ổn
It's okay.,2,tạm ổn
It's so-so.,2,tạm ổn
Just satisfactory.,2,tạm ổn
có rất nhiều người và mùi nước trong cửa hàng..,2,có rất nhiều người và mùi nước trong cửa hàng.
có rất nhiều người và mùi nước trong cửa hàng..,2,có rất nhiều người và mùi nước trong cửa hàng.
có rất nhiều người và mùi nước trong cửa hàng..,2,có rất nhiều người và mùi nước trong cửa hàng.
có rất nhiều người và mùi nước trong cửa hàng..,2,có rất nhiều người và mùi nước trong cửa hàng.
có rất nhiều người và mùi nước trong cửa hàng..,2,có rất nhiều người và mùi nước trong cửa hàng.
có rất nhiều người và mùi nước trong cửa hàng..,2,có rất nhiều người và mùi nước trong cửa hàng.
Bình thường.,2,trung bình
Không tốt cũng không xấu.,2,trung bình
Ở mức chấp nhận được.,2,trung bình
Khá ổn.,2,trung bình
Không có gì đặc biệt.,2,trung bình
Tạm được.,2,trung bình
"Bạn nhất định nên thử món gà giòn cay ở đây. Quán xá sạch sẽ, thoải mái lại có cả McCafe nữa chứ.",2,bạn phải thử gà cay giòn. cửa hàng sạch và thoải mái với một phần mccafe.
Nhất định phải thử món gà rán cay giòn tan của họ! Quán sạch sẽ và còn có khu McCafe tiện lợi nữa.,2,bạn phải thử gà cay giòn. cửa hàng sạch và thoải mái với một phần mccafe.
"Nếu đến đây thì đừng bỏ qua món gà cay giòn nhé. Địa điểm này sạch sẽ, dễ chịu, lại có thêm McCafe nữa.",2,bạn phải thử gà cay giòn. cửa hàng sạch và thoải mái với một phần mccafe.
"Gà cay giòn là món bạn không thể bỏ lỡ. Quán sạch sẽ, thoải mái và có cả McCafe nữa.",2,bạn phải thử gà cay giòn. cửa hàng sạch và thoải mái với một phần mccafe.
Thực sự khuyên bạn nên thử món gà rán giòn cay. Quán rất sạch sẽ và còn có McCafe nữa.,2,bạn phải thử gà cay giòn. cửa hàng sạch và thoải mái với một phần mccafe.
"Đến đây nhất định phải thử gà giòn cay, quán xá sạch sẽ, dễ chịu lại có Mcaffe.",2,bạn phải thử gà cay giòn. cửa hàng sạch và thoải mái với một phần mccafe.
phải đi lên tầng 2 để tìm một chỗ ngồi. chúng tôi chỉ ở lại chỗ ngồi vỉa hè vì tôi không thích đi lên cầu thang.,2,phải đi lên tầng 2 để tìm một chỗ ngồi. chúng tôi chỉ ở lại chỗ ngồi vỉa hè vì tôi không thích đi lên cầu thang
phải đi lên tầng 2 để tìm một chỗ ngồi. chúng tôi chỉ ở lại chỗ ngồi vỉa hè vì tôi không thích đi lên cầu thang.,2,phải đi lên tầng 2 để tìm một chỗ ngồi. chúng tôi chỉ ở lại chỗ ngồi vỉa hè vì tôi không thích đi lên cầu thang
phải đi lên tầng 2 để tìm một chỗ ngồi. chúng tôi chỉ ở lại chỗ ngồi vỉa hè vì tôi không thích đi lên cầu thang.,2,phải đi lên tầng 2 để tìm một chỗ ngồi. chúng tôi chỉ ở lại chỗ ngồi vỉa hè vì tôi không thích đi lên cầu thang
phải đi lên tầng 2 để tìm một chỗ ngồi. chúng tôi chỉ ở lại chỗ ngồi vỉa hè vì tôi không thích đi lên cầu thang.,2,phải đi lên tầng 2 để tìm một chỗ ngồi. chúng tôi chỉ ở lại chỗ ngồi vỉa hè vì tôi không thích đi lên cầu thang
phải đi lên tầng 2 để tìm một chỗ ngồi. chúng tôi chỉ ở lại chỗ ngồi vỉa hè vì tôi không thích đi lên cầu thang.,2,phải đi lên tầng 2 để tìm một chỗ ngồi. chúng tôi chỉ ở lại chỗ ngồi vỉa hè vì tôi không thích đi lên cầu thang
phải đi lên tầng 2 để tìm một chỗ ngồi. chúng tôi chỉ ở lại chỗ ngồi vỉa hè vì tôi không thích đi lên cầu thang.,2,phải đi lên tầng 2 để tìm một chỗ ngồi. chúng tôi chỉ ở lại chỗ ngồi vỉa hè vì tôi không thích đi lên cầu thang
không gian hẹp,2,không gian hẹp
không gian hẹp,2,không gian hẹp
không gian hẹp,2,không gian hẹp
không gian hẹp,2,không gian hẹp
không gian hẹp,2,không gian hẹp
không gian hẹp,2,không gian hẹp
it is ok,2,nó là ok
it is ok,2,nó là ok
it is ok,2,nó là ok
it is ok,2,nó là ok
it is ok,2,nó là ok
it is ok,2,nó là ok
Hãy đến với chuyến đi của bạn.,2,hãy đến với chuyến đi của bạn
Hãy đến với chuyến đi của bạn.,2,hãy đến với chuyến đi của bạn
Hãy đến với chuyến đi của bạn.,2,hãy đến với chuyến đi của bạn
Hãy đến với chuyến đi của bạn.,2,hãy đến với chuyến đi của bạn
Hãy đến với chuyến đi của bạn.,2,hãy đến với chuyến đi của bạn
Hãy đến với chuyến đi của bạn.,2,hãy đến với chuyến đi của bạn
quá đông đúc,2,quá đông đúc
quá đông đúc,2,quá đông đúc
quá đông đúc,2,quá đông đúc
quá đông đúc,2,quá đông đúc
quá đông đúc,2,quá đông đúc
quá đông đúc,2,quá đông đúc
noi vui choi dep,2,noi vui chơi đẹp
noi vui choi dep,2,noi vui chơi đẹp
noi vui choi dep,2,noi vui chơi đẹp
noi vui choi dep,2,noi vui chơi đẹp
noi vui choi dep,2,noi vui chơi đẹp
noi vui choi dep,2,noi vui chơi đẹp
Thật tốt khi có tầng hai,2,thật tốt khi có tầng hai.
Thật tốt khi có tầng hai,2,thật tốt khi có tầng hai.
Thật tốt khi có tầng hai,2,thật tốt khi có tầng hai.
Thật tốt khi có tầng hai,2,thật tốt khi có tầng hai.
Thật tốt khi có tầng hai,2,thật tốt khi có tầng hai.
Thật tốt khi có tầng hai,2,thật tốt khi có tầng hai.
cũng được,2,cũng được
cũng được,2,cũng được
cũng được,2,cũng được
cũng được,2,cũng được
cũng được,2,cũng được
cũng được,2,cũng được
"Đồ ăn tàm tạm, nhưng quán quá đông khách nên phải chờ rất lâu mới có.",2,"đồ ăn ổn, tuy nhiên quán đông, chờ đợi rất lâu"
"Món ăn ở đây được, mỗi tội quán lúc nào cũng nườm nượp khách, thành ra đợi mỏi cả mắt.",2,"đồ ăn ổn, tuy nhiên quán đông, chờ đợi rất lâu"
"Thức ăn không quá đặc sắc, được cái là chấp nhận được. Cơ mà quán đông kinh khủng, chờ dài cổ luôn.",2,"đồ ăn ổn, tuy nhiên quán đông, chờ đợi rất lâu"
"Nhìn chung đồ ăn ở đây ở mức trung bình. Vấn đề lớn nhất là quán quá tải, thời gian chờ đợi quá lâu.",2,"đồ ăn ổn, tuy nhiên quán đông, chờ đợi rất lâu"
"Đồ ăn thì cũng thường thôi, nhưng mà quán đông khách dã man, đợi muốn xỉu.",2,"đồ ăn ổn, tuy nhiên quán đông, chờ đợi rất lâu"
"Chất lượng đồ ăn ở mức chấp nhận được. Tuy nhiên, do lượng khách quá đông, thời gian chờ đợi món ăn là một điểm trừ lớn.",2,"đồ ăn ổn, tuy nhiên quán đông, chờ đợi rất lâu"
"Tôi thích mcnugget của họ và họ có thực đơn đặc biệt cho cơm gà rán, với nhiều lựa chọn nước sốt hơn nhưng đồ ăn nhanh không bao giờ là thứ tôi thích ở Hà Nội vì có rất nhiều lựa chọn tốt hơn và lành mạnh hơn nếu bạn khám phá các đường phố. Tuy nhiên, nếu bạn muốn ăn nhanh ở đây, tôi khuyên bạn nên thử Lotteria, một thương hiệu khác của Hàn Quốc với món gà rất ngon.",2,"tôi thích mcnugget của họ và họ có thực đơn đặc biệt cho gạo gà rán, với nhiều lựa chọn nước sốt hơn nhưng thức ăn nhanh chưa bao giờ là thứ tôi thích ở hà nội vì có rất nhiều lựa chọn tốt hơn lành mạnh hơn nếu bạn kiểm tra các đường phố quý. nhưng bạn muốn cắn một miếng ở đây, tôi khuyên bạn nên kiểm tra lotteria, một thương hiệu khác của hàn quốc với món gà tuyệt vời."
"Tôi là fan của món gà rán McNuggets ở đây, đặc biệt là món cơm gà rán với nhiều loại nước sốt. Tuy nhiên, đồ ăn nhanh không phải là gu của tôi ở Hà Nội vì có nhiều lựa chọn khác ngon và tốt cho sức khỏe hơn trên các con phố. Nếu thèm đồ ăn nhanh, tôi gợi ý Lotteria - một thương hiệu gà rán Hàn Quốc ngon tuyệt.",2,"tôi thích mcnugget của họ và họ có thực đơn đặc biệt cho gạo gà rán, với nhiều lựa chọn nước sốt hơn nhưng thức ăn nhanh chưa bao giờ là thứ tôi thích ở hà nội vì có rất nhiều lựa chọn tốt hơn lành mạnh hơn nếu bạn kiểm tra các đường phố quý. nhưng bạn muốn cắn một miếng ở đây, tôi khuyên bạn nên kiểm tra lotteria, một thương hiệu khác của hàn quốc với món gà tuyệt vời."
"McNuggets và cơm gà rán ở đây khá ngon, lại có nhiều sốt để lựa chọn. Cơ mà ở Hà Nội thì mình ít khi ăn đồ ăn nhanh vì ngoài kia có bao nhiêu món vừa ngon vừa healthy hơn. Nếu mà thèm quá thì quất tạm Lotteria, gà rán Hàn Quốc cũng ổn áp phết.",2,"tôi thích mcnugget của họ và họ có thực đơn đặc biệt cho gạo gà rán, với nhiều lựa chọn nước sốt hơn nhưng thức ăn nhanh chưa bao giờ là thứ tôi thích ở hà nội vì có rất nhiều lựa chọn tốt hơn lành mạnh hơn nếu bạn kiểm tra các đường phố quý. nhưng bạn muốn cắn một miếng ở đây, tôi khuyên bạn nên kiểm tra lotteria, một thương hiệu khác của hàn quốc với món gà tuyệt vời."
"Tôi đánh giá cao món McNugget và thực đơn cơm gà rán đặc biệt của họ, cùng với sự đa dạng của các loại nước sốt. Tuy nhiên, tôi thường không ưu tiên đồ ăn nhanh ở Hà Nội do sự phong phú của các lựa chọn ẩm thực ngon miệng và lành mạnh hơn trên đường phố. Dù vậy, nếu bạn muốn thưởng thức một bữa ăn nhanh, tôi gợi ý bạn nên ghé thăm Lotteria, một thương hiệu Hàn Quốc nổi tiếng với món gà hấp dẫn.",2,"tôi thích mcnugget của họ và họ có thực đơn đặc biệt cho gạo gà rán, với nhiều lựa chọn nước sốt hơn nhưng thức ăn nhanh chưa bao giờ là thứ tôi thích ở hà nội vì có rất nhiều lựa chọn tốt hơn lành mạnh hơn nếu bạn kiểm tra các đường phố quý. nhưng bạn muốn cắn một miếng ở đây, tôi khuyên bạn nên kiểm tra lotteria, một thương hiệu khác của hàn quốc với món gà tuyệt vời."
"Điểm cộng là McNugget và món cơm gà rán với nhiều loại sốt. Nhưng thú thực ở Hà Nội có quá nhiều món ngon healthy hơn nên ít khi mình nghĩ đến fastfood. Nếu thèm quá thì Lotteria cũng là một lựa chọn không tồi, gà rán Hàn Quốc đó.",2,"tôi thích mcnugget của họ và họ có thực đơn đặc biệt cho gạo gà rán, với nhiều lựa chọn nước sốt hơn nhưng thức ăn nhanh chưa bao giờ là thứ tôi thích ở hà nội vì có rất nhiều lựa chọn tốt hơn lành mạnh hơn nếu bạn kiểm tra các đường phố quý. nhưng bạn muốn cắn một miếng ở đây, tôi khuyên bạn nên kiểm tra lotteria, một thương hiệu khác của hàn quốc với món gà tuyệt vời."
Nói chung là thích McNugget với cả cái món cơm gà rán nhiều sốt của quán. Mà ở Hà Nội thì đồ ăn nhanh không phải là chân ái vì đầy món vừa ngon vừa khỏe mạnh. Thèm quá thì tạt qua Lotteria làm miếng gà rán Hàn Quốc cũng được.,2,"tôi thích mcnugget của họ và họ có thực đơn đặc biệt cho gạo gà rán, với nhiều lựa chọn nước sốt hơn nhưng thức ăn nhanh chưa bao giờ là thứ tôi thích ở hà nội vì có rất nhiều lựa chọn tốt hơn lành mạnh hơn nếu bạn kiểm tra các đường phố quý. nhưng bạn muốn cắn một miếng ở đây, tôi khuyên bạn nên kiểm tra lotteria, một thương hiệu khác của hàn quốc với món gà tuyệt vời."
mcdonalds duy nhất ở hà nội..,2,mcdonalds duy nhất ở hà nội.
mcdonalds duy nhất ở hà nội..,2,mcdonalds duy nhất ở hà nội.
mcdonalds duy nhất ở hà nội..,2,mcdonalds duy nhất ở hà nội.
mcdonalds duy nhất ở hà nội..,2,mcdonalds duy nhất ở hà nội.
mcdonalds duy nhất ở hà nội..,2,mcdonalds duy nhất ở hà nội.
mcdonalds duy nhất ở hà nội..,2,mcdonalds duy nhất ở hà nội.
Khách đông nên phải xếp hàng chờ lấy đồ.,2,khách đông chờ xếp ha hàng lấy đồ
"Do lượng khách lớn, việc chờ đợi để nhận đồ là điều không tránh khỏi.",2,khách đông chờ xếp ha hàng lấy đồ
"Quán đông khách, phải xếp hàng dài để lấy đồ ăn/uống.",2,khách đông chờ xếp ha hàng lấy đồ
Vì quá nhiều người nên việc lấy đồ phải chờ đợi theo thứ tự.,2,khách đông chờ xếp ha hàng lấy đồ
"Rất đông khách, phải xếp hàng để lấy đồ.",2,khách đông chờ xếp ha hàng lấy đồ
"Quán này đông khách quá, ai đến cũng phải xếp hàng chờ đến lượt lấy đồ.",2,khách đông chờ xếp ha hàng lấy đồ
nơi tốt. rẻ hơn so với đối thủ cạnh tranh của nó.,2,nơi tốt. rẻ hơn so với đối thủ cạnh tranh của nó.
nơi tốt. rẻ hơn so với đối thủ cạnh tranh của nó.,2,nơi tốt. rẻ hơn so với đối thủ cạnh tranh của nó.
nơi tốt. rẻ hơn so với đối thủ cạnh tranh của nó.,2,nơi tốt. rẻ hơn so với đối thủ cạnh tranh của nó.
nơi tốt. rẻ hơn so với đối thủ cạnh tranh của nó.,2,nơi tốt. rẻ hơn so với đối thủ cạnh tranh của nó.
nơi tốt. rẻ hơn so với đối thủ cạnh tranh của nó.,2,nơi tốt. rẻ hơn so với đối thủ cạnh tranh của nó.
nơi tốt. rẻ hơn so với đối thủ cạnh tranh của nó.,2,nơi tốt. rẻ hơn so với đối thủ cạnh tranh của nó.
tôi thích đồ ăn nhẹ đơn giản.,2,tôi thích đồ ăn nhẹ đơn giản
tôi thích đồ ăn nhẹ đơn giản.,2,tôi thích đồ ăn nhẹ đơn giản
tôi thích đồ ăn nhẹ đơn giản.,2,tôi thích đồ ăn nhẹ đơn giản
tôi thích đồ ăn nhẹ đơn giản.,2,tôi thích đồ ăn nhẹ đơn giản
tôi thích đồ ăn nhẹ đơn giản.,2,tôi thích đồ ăn nhẹ đơn giản
tôi thích đồ ăn nhẹ đơn giản.,2,tôi thích đồ ăn nhẹ đơn giản
mcdonalds khá giống nhau ở khắp mọi nơi. tiêu chuẩn hợp lý trên tất cả tôi tin. dịch vụ là tốt. một số mục menu khác nhau một chút. nhiều lựa chọn nước sốt hơn. khu vực nhỏ mặc dù vậy có thể trở nên đông đúc.,2,mcdonalds khá giống nhau ở khắp mọi nơi. tiêu chuẩn hợp lý trên tất cả tôi tin. dịch vụ là tốt. một số mục menu khác nhau một chút. nhiều lựa chọn nước sốt hơn. khu vực nhỏ mặc dù vậy có thể trở nên đông đúc
mcdonalds khá giống nhau ở khắp mọi nơi. tiêu chuẩn hợp lý trên tất cả tôi tin. dịch vụ là tốt. một số mục menu khác nhau một chút. nhiều lựa chọn nước sốt hơn. khu vực nhỏ mặc dù vậy có thể trở nên đông đúc.,2,mcdonalds khá giống nhau ở khắp mọi nơi. tiêu chuẩn hợp lý trên tất cả tôi tin. dịch vụ là tốt. một số mục menu khác nhau một chút. nhiều lựa chọn nước sốt hơn. khu vực nhỏ mặc dù vậy có thể trở nên đông đúc
mcdonalds khá giống nhau ở khắp mọi nơi. tiêu chuẩn hợp lý trên tất cả tôi tin. dịch vụ là tốt. một số mục menu khác nhau một chút. nhiều lựa chọn nước sốt hơn. khu vực nhỏ mặc dù vậy có thể trở nên đông đúc.,2,mcdonalds khá giống nhau ở khắp mọi nơi. tiêu chuẩn hợp lý trên tất cả tôi tin. dịch vụ là tốt. một số mục menu khác nhau một chút. nhiều lựa chọn nước sốt hơn. khu vực nhỏ mặc dù vậy có thể trở nên đông đúc
mcdonalds khá giống nhau ở khắp mọi nơi. tiêu chuẩn hợp lý trên tất cả tôi tin. dịch vụ là tốt. một số mục menu khác nhau một chút. nhiều lựa chọn nước sốt hơn. khu vực nhỏ mặc dù vậy có thể trở nên đông đúc.,2,mcdonalds khá giống nhau ở khắp mọi nơi. tiêu chuẩn hợp lý trên tất cả tôi tin. dịch vụ là tốt. một số mục menu khác nhau một chút. nhiều lựa chọn nước sốt hơn. khu vực nhỏ mặc dù vậy có thể trở nên đông đúc
mcdonalds khá giống nhau ở khắp mọi nơi. tiêu chuẩn hợp lý trên tất cả tôi tin. dịch vụ là tốt. một số mục menu khác nhau một chút. nhiều lựa chọn nước sốt hơn. khu vực nhỏ mặc dù vậy có thể trở nên đông đúc.,2,mcdonalds khá giống nhau ở khắp mọi nơi. tiêu chuẩn hợp lý trên tất cả tôi tin. dịch vụ là tốt. một số mục menu khác nhau một chút. nhiều lựa chọn nước sốt hơn. khu vực nhỏ mặc dù vậy có thể trở nên đông đúc
mcdonalds khá giống nhau ở khắp mọi nơi. tiêu chuẩn hợp lý trên tất cả tôi tin. dịch vụ là tốt. một số mục menu khác nhau một chút. nhiều lựa chọn nước sốt hơn. khu vực nhỏ mặc dù vậy có thể trở nên đông đúc.,2,mcdonalds khá giống nhau ở khắp mọi nơi. tiêu chuẩn hợp lý trên tất cả tôi tin. dịch vụ là tốt. một số mục menu khác nhau một chút. nhiều lựa chọn nước sốt hơn. khu vực nhỏ mặc dù vậy có thể trở nên đông đúc
"tuy nhiên, so với các nhà hàng việt nam, thật đáng tiếc khi có một số điểm nhờn..",2,"tuy nhiên, so với các nhà hàng việt nam, thật đáng tiếc khi có một số điểm nhờn."
"tuy nhiên, so với các nhà hàng việt nam, thật đáng tiếc khi có một số điểm nhờn..",2,"tuy nhiên, so với các nhà hàng việt nam, thật đáng tiếc khi có một số điểm nhờn."
"tuy nhiên, so với các nhà hàng việt nam, thật đáng tiếc khi có một số điểm nhờn..",2,"tuy nhiên, so với các nhà hàng việt nam, thật đáng tiếc khi có một số điểm nhờn."
"tuy nhiên, so với các nhà hàng việt nam, thật đáng tiếc khi có một số điểm nhờn..",2,"tuy nhiên, so với các nhà hàng việt nam, thật đáng tiếc khi có một số điểm nhờn."
"tuy nhiên, so với các nhà hàng việt nam, thật đáng tiếc khi có một số điểm nhờn..",2,"tuy nhiên, so với các nhà hàng việt nam, thật đáng tiếc khi có một số điểm nhờn."
"tuy nhiên, so với các nhà hàng việt nam, thật đáng tiếc khi có một số điểm nhờn..",2,"tuy nhiên, so với các nhà hàng việt nam, thật đáng tiếc khi có một số điểm nhờn."
đắt,2,đắt
đắt,2,đắt
đắt,2,đắt
đắt,2,đắt
đắt,2,đắt
đắt,2,đắt
"quán đông nhân viên không thanh toán thẻ, dịch vụ không hài lòng..",2,"quán đông nhân viên không thanh toán thẻ, dịch vụ không hài lòng."
"quán đông nhân viên không thanh toán thẻ, dịch vụ không hài lòng..",2,"quán đông nhân viên không thanh toán thẻ, dịch vụ không hài lòng."
"quán đông nhân viên không thanh toán thẻ, dịch vụ không hài lòng..",2,"quán đông nhân viên không thanh toán thẻ, dịch vụ không hài lòng."
"quán đông nhân viên không thanh toán thẻ, dịch vụ không hài lòng..",2,"quán đông nhân viên không thanh toán thẻ, dịch vụ không hài lòng."
"quán đông nhân viên không thanh toán thẻ, dịch vụ không hài lòng..",2,"quán đông nhân viên không thanh toán thẻ, dịch vụ không hài lòng."
"quán đông nhân viên không thanh toán thẻ, dịch vụ không hài lòng..",2,"quán đông nhân viên không thanh toán thẻ, dịch vụ không hài lòng."
Ẩm thực địa phương ngon hơn.,2,ẩm thực địa phương ngon hơn
Ẩm thực địa phương ngon hơn.,2,ẩm thực địa phương ngon hơn
Ẩm thực địa phương ngon hơn.,2,ẩm thực địa phương ngon hơn
Ẩm thực địa phương ngon hơn.,2,ẩm thực địa phương ngon hơn
Ẩm thực địa phương ngon hơn.,2,ẩm thực địa phương ngon hơn
Ẩm thực địa phương ngon hơn.,2,ẩm thực địa phương ngon hơn
như thường lệ....,2,như thường lệ...
như thường lệ....,2,như thường lệ...
như thường lệ....,2,như thường lệ...
như thường lệ....,2,như thường lệ...
như thường lệ....,2,như thường lệ...
như thường lệ....,2,như thường lệ...
crowdy như mọi khi vì đây là mcdonald đầu tiên và duy nhất ở hà nội vào năm 2018. sự thiếu hụt rất lớn của nhân viên dọn dẹp nên nó nhanh chóng bị lộn xộn sau khi mọi người thả nước ngọt và thức ăn trên sàn nhà. thực đơn và thực phẩm là tốt như trong bất kỳ mcdonald nào trên khắp thế giới. nhân viên thân thiện nhưng không đủ của họ về nhiệm vụ dọn dẹp. thiếu sự hiện diện của người quản lý để giám sát và hỗ trợ các hoạt động khác.,2,crowdy như mọi khi vì đây là mcdonald đầu tiên và duy nhất ở hà nội vào năm 2018. sự thiếu hụt rất lớn của nhân viên dọn dẹp nên nó nhanh chóng bị lộn xộn sau khi mọi người thả nước ngọt và thức ăn trên sàn nhà. thực đơn và thực phẩm là tốt như trong bất kỳ mcdonald nào trên khắp thế giới. nhân viên thân thiện nhưng không đủ của họ về nhiệm vụ dọn dẹp. thiếu sự hiện diện của người quản lý để giám sát và hỗ trợ các hoạt động khác.
quán lúc nào cũng đông đúc vì đây là cửa hàng McDonald's đầu tiên ở Hà Nội từ năm 2018. Do thiếu nhân viên vệ sinh nên quán nhanh chóng trở nên bẩn sau khi khách hàng làm đổ đồ uống và thức ăn ra sàn. Đồ ăn và thực đơn không khác gì so với các cửa hàng McDonald's khác trên thế giới. Nhân viên thân thiện nhưng không đủ nhân viên để dọn dẹp. Không thấy quản lý giám sát và hỗ trợ các hoạt động khác.,2,crowdy như mọi khi vì đây là mcdonald đầu tiên và duy nhất ở hà nội vào năm 2018. sự thiếu hụt rất lớn của nhân viên dọn dẹp nên nó nhanh chóng bị lộn xộn sau khi mọi người thả nước ngọt và thức ăn trên sàn nhà. thực đơn và thực phẩm là tốt như trong bất kỳ mcdonald nào trên khắp thế giới. nhân viên thân thiện nhưng không đủ của họ về nhiệm vụ dọn dẹp. thiếu sự hiện diện của người quản lý để giám sát và hỗ trợ các hoạt động khác.
"McDonald's này luôn đông khách, có lẽ vì đây là chi nhánh đầu tiên tại Hà Nội từ năm 2018. Vấn đề lớn nhất là thiếu nhân viên dọn dẹp, khiến sàn nhà nhanh chóng bẩn thỉu. Đồ ăn thì vẫn chuẩn McDonald's thôi. Nhân viên thì nhiệt tình nhưng không đủ người dọn dẹp. Không thấy bóng dáng quản lý đâu cả.",2,crowdy như mọi khi vì đây là mcdonald đầu tiên và duy nhất ở hà nội vào năm 2018. sự thiếu hụt rất lớn của nhân viên dọn dẹp nên nó nhanh chóng bị lộn xộn sau khi mọi người thả nước ngọt và thức ăn trên sàn nhà. thực đơn và thực phẩm là tốt như trong bất kỳ mcdonald nào trên khắp thế giới. nhân viên thân thiện nhưng không đủ của họ về nhiệm vụ dọn dẹp. thiếu sự hiện diện của người quản lý để giám sát và hỗ trợ các hoạt động khác.
"Quán McDonald's đầu tiên ở Hà Nội (mở năm 2018) nên lúc nào cũng rất đông. Điểm trừ lớn là không đủ nhân viên vệ sinh, nên sàn nhà thường xuyên bị bẩn do khách làm rơi vãi đồ ăn thức uống. Về đồ ăn thì không có gì khác biệt so với các cửa hàng McDonald's khác. Nhân viên thân thiện nhưng có vẻ quá tải. Không thấy có quản lý ở đó.",2,crowdy như mọi khi vì đây là mcdonald đầu tiên và duy nhất ở hà nội vào năm 2018. sự thiếu hụt rất lớn của nhân viên dọn dẹp nên nó nhanh chóng bị lộn xộn sau khi mọi người thả nước ngọt và thức ăn trên sàn nhà. thực đơn và thực phẩm là tốt như trong bất kỳ mcdonald nào trên khắp thế giới. nhân viên thân thiện nhưng không đủ của họ về nhiệm vụ dọn dẹp. thiếu sự hiện diện của người quản lý để giám sát và hỗ trợ các hoạt động khác.
"Địa điểm McDonald's này, khai trương đầu tiên tại Hà Nội vào năm 2018, thường xuyên trong tình trạng đông đúc. Một vấn đề đáng lưu ý là tình trạng thiếu nhân viên vệ sinh, dẫn đến việc sàn nhà nhanh chóng bị vấy bẩn. Chất lượng đồ ăn tương đương với các chi nhánh McDonald's khác trên toàn cầu. Nhân viên phục vụ thân thiện, tuy nhiên số lượng nhân viên làm nhiệm vụ vệ sinh còn hạn chế. Bên cạnh đó, có vẻ như thiếu sự giám sát và hỗ trợ từ người quản lý.",2,crowdy như mọi khi vì đây là mcdonald đầu tiên và duy nhất ở hà nội vào năm 2018. sự thiếu hụt rất lớn của nhân viên dọn dẹp nên nó nhanh chóng bị lộn xộn sau khi mọi người thả nước ngọt và thức ăn trên sàn nhà. thực đơn và thực phẩm là tốt như trong bất kỳ mcdonald nào trên khắp thế giới. nhân viên thân thiện nhưng không đủ của họ về nhiệm vụ dọn dẹp. thiếu sự hiện diện của người quản lý để giám sát và hỗ trợ các hoạt động khác.
"Do là McDonald's đầu tiên ở Hà Nội từ 2018, quán lúc nào cũng đông nghịt. Điểm trừ là thiếu nhân viên dọn dẹp nên khá mất vệ sinh khi khách làm đổ đồ ăn. Đồ ăn thì vẫn như các McDonald's khác thôi. Nhân viên thân thiện nhưng không đủ người để dọn dẹp. Không thấy quản lý đâu cả.",2,crowdy như mọi khi vì đây là mcdonald đầu tiên và duy nhất ở hà nội vào năm 2018. sự thiếu hụt rất lớn của nhân viên dọn dẹp nên nó nhanh chóng bị lộn xộn sau khi mọi người thả nước ngọt và thức ăn trên sàn nhà. thực đơn và thực phẩm là tốt như trong bất kỳ mcdonald nào trên khắp thế giới. nhân viên thân thiện nhưng không đủ của họ về nhiệm vụ dọn dẹp. thiếu sự hiện diện của người quản lý để giám sát và hỗ trợ các hoạt động khác.
được rồi.,2,được rồi
được rồi.,2,được rồi
được rồi.,2,được rồi
được rồi.,2,được rồi
được rồi.,2,được rồi
được rồi.,2,được rồi
phù hợp ăn nhanh,2,phù hợp ăn nhanh
phù hợp ăn nhanh,2,phù hợp ăn nhanh
phù hợp ăn nhanh,2,phù hợp ăn nhanh
phù hợp ăn nhanh,2,phù hợp ăn nhanh
phù hợp ăn nhanh,2,phù hợp ăn nhanh
phù hợp ăn nhanh,2,phù hợp ăn nhanh
tôtf,2,tôtf
tôtf,2,tôtf
tôtf,2,tôtf
tôtf,2,tôtf
tôtf,2,tôtf
tôtf,2,tôtf
Đồ ăn được,2,đồ ăn được
Đồ ăn được,2,đồ ăn được
Đồ ăn được,2,đồ ăn được
Đồ ăn được,2,đồ ăn được
Đồ ăn được,2,đồ ăn được
Đồ ăn được,2,đồ ăn được
Tôi thất vọng vì không có món chay nào cả.,0,không có thực phẩm ăn chay có sẵn.
Ít lựa chọn cho người ăn chay.,0,không có thực phẩm ăn chay có sẵn.
Thực đơn thiếu các món chay.,0,không có thực phẩm ăn chay có sẵn.
"Nếu bạn là người ăn chay, bạn có thể gặp khó khăn ở đây.",0,không có thực phẩm ăn chay có sẵn.
Không có lựa chọn nào dành cho người ăn chay.,0,không có thực phẩm ăn chay có sẵn.
Tôi không thấy bất kỳ món ăn chay nào.,0,không có thực phẩm ăn chay có sẵn.
"Đây là cửa hàng McDonald's duy nhất trong thành phố, nằm ở vị trí trung tâm, rất tiện lợi để đến khu phố cổ Hà Nội. Cửa hàng mở cửa hàng ngày từ 7 giờ sáng đến nửa đêm, nhưng tầng 2 chỉ mở sau 10 giờ sáng. Không gian ở tầng trệt hơi chật vì không có nhiều bàn.",2,"chỉ có macdonald trong thành phố. vị trí trung tâm, rất gần các đường phố cũ của hà nội. mở cửa hàng ngày từ 7 giờ sáng đến nửa đêm nhưng tầng 2 chỉ mở sau 10 giờ sáng. downstair không có nhiều bảng."
"McDonald's độc nhất vô nhị của thành phố, ngay trung tâm, đi bộ vài bước là tới phố cổ Hà Nội. Mở cửa từ 7h sáng tới tận khuya, nhưng lầu 2 mãi 10h sáng mới mở cửa. Tầng dưới thì ít bàn quá.",2,"chỉ có macdonald trong thành phố. vị trí trung tâm, rất gần các đường phố cũ của hà nội. mở cửa hàng ngày từ 7 giờ sáng đến nửa đêm nhưng tầng 2 chỉ mở sau 10 giờ sáng. downstair không có nhiều bảng."
"Quán McDonald's duy nhất tại Hà Nội, nằm ngay khu trung tâm, rất gần khu phố cổ. Mở cửa từ 7 giờ sáng đến 12 giờ đêm, nhưng tầng 2 chỉ phục vụ sau 10 giờ sáng. Tầng dưới hơi ít bàn.",2,"chỉ có macdonald trong thành phố. vị trí trung tâm, rất gần các đường phố cũ của hà nội. mở cửa hàng ngày từ 7 giờ sáng đến nửa đêm nhưng tầng 2 chỉ mở sau 10 giờ sáng. downstair không có nhiều bảng."
"McDonald's này là địa điểm duy nhất trong thành phố. Nằm ở vị trí đắc địa ngay trung tâm, bạn có thể dễ dàng đi đến khu phố cổ Hà Nội. Quán mở cửa từ 7 giờ sáng đến nửa đêm, tuy nhiên tầng 2 chỉ mở cửa sau 10 giờ sáng. Điểm trừ là tầng trệt không có nhiều bàn.",2,"chỉ có macdonald trong thành phố. vị trí trung tâm, rất gần các đường phố cũ của hà nội. mở cửa hàng ngày từ 7 giờ sáng đến nửa đêm nhưng tầng 2 chỉ mở sau 10 giờ sáng. downstair không có nhiều bảng."
"Chỉ có một McDonald's ở Hà Nội thôi, và nó nằm ngay trung tâm thành phố, rất gần khu phố cổ. Quán mở cửa từ 7h sáng đến tận 12h đêm, nhưng mà tầng 2 thì 10h sáng mới mở cửa lận. Tầng trệt thì hơi ít bàn đó.",2,"chỉ có macdonald trong thành phố. vị trí trung tâm, rất gần các đường phố cũ của hà nội. mở cửa hàng ngày từ 7 giờ sáng đến nửa đêm nhưng tầng 2 chỉ mở sau 10 giờ sáng. downstair không có nhiều bảng."
"Cửa hàng McDonald's duy nhất ở trung tâm Hà Nội, rất gần các con phố cổ. Mở cửa từ 7 giờ sáng đến nửa đêm, nhưng tầng trên chỉ mở cửa sau 10 giờ sáng. Tầng dưới có ít bàn.",2,"chỉ có macdonald trong thành phố. vị trí trung tâm, rất gần các đường phố cũ của hà nội. mở cửa hàng ngày từ 7 giờ sáng đến nửa đêm nhưng tầng 2 chỉ mở sau 10 giờ sáng. downstair không có nhiều bảng."
quản lý,2,quản lý
quản lý,2,quản lý
quản lý,2,quản lý
quản lý,2,quản lý
quản lý,2,quản lý
quản lý,2,quản lý
"thức ăn hơi giản dị, hương vị tương tự như của đài loan",2,"thức ăn hơi giản dị, hương vị tương tự như của đài loan"
"thức ăn hơi giản dị, hương vị tương tự như của đài loan",2,"thức ăn hơi giản dị, hương vị tương tự như của đài loan"
"thức ăn hơi giản dị, hương vị tương tự như của đài loan",2,"thức ăn hơi giản dị, hương vị tương tự như của đài loan"
"thức ăn hơi giản dị, hương vị tương tự như của đài loan",2,"thức ăn hơi giản dị, hương vị tương tự như của đài loan"
"thức ăn hơi giản dị, hương vị tương tự như của đài loan",2,"thức ăn hơi giản dị, hương vị tương tự như của đài loan"
"thức ăn hơi giản dị, hương vị tương tự như của đài loan",2,"thức ăn hơi giản dị, hương vị tương tự như của đài loan"
duy nhất ở hà nội,2,duy nhất ở hà nội
độc nhất vô nhị tại Hà Nội,2,duy nhất ở hà nội
chỉ có ở Hà Nội thôi,2,duy nhất ở hà nội
không nơi nào khác có ở Hà Nội,2,duy nhất ở hà nội
một địa điểm độc đáo của Hà Nội,2,duy nhất ở hà nội
chỉ tìm thấy ở Hà Nội,2,duy nhất ở hà nội
quá đông và chậm,2,quá đông và chậm
quá đông và chậm,2,quá đông và chậm
quá đông và chậm,2,quá đông và chậm
quá đông và chậm,2,quá đông và chậm
quá đông và chậm,2,quá đông và chậm
quá đông và chậm,2,quá đông và chậm
Đây là chi nhánh McDonald's duy nhất ở Hà Nội. Có rất nhiều người xếp hàng.,2,hà nội duy nhất của mcdonald. hàng dài
"McDonald's độc nhất tại Hà Nội, lúc nào cũng đông khách.",2,hà nội duy nhất của mcdonald. hàng dài
Cửa hàng McDonald's duy nhất tại Hà Nội. Khách hàng phải xếp hàng chờ đợi rất lâu.,2,hà nội duy nhất của mcdonald. hàng dài
McDonald's chỉ có một địa điểm ở Hà Nội thôi. Xếp hàng dài cổ.,2,hà nội duy nhất của mcdonald. hàng dài
Địa điểm McDonald's độc quyền tại Hà Nội. Thường xuyên trong tình trạng xếp hàng dài.,2,hà nội duy nhất của mcdonald. hàng dài
Hà Nội mỗi chỗ này có McDonald's. Ai cũng phải xếp hàng.,2,hà nội duy nhất của mcdonald. hàng dài
"mcdonald bẩn thỉu nhất mà tôi từng thấy tầng dưới là xấu, nhưng trên lầu là khủng khiếp. sàn nhà là một sân trượt băng dầu thật, nhà vệ sinh bẩn thỉu và chúng tôi đã đến đó vào đầu ngày nên tôi sợ khi nghĩ rằng nó sẽ tệ đến mức nào sau này. tuy nhiên, thực phẩm đã như mong đợi.",2,"mcdonald bẩn thỉu nhất mà tôi từng thấy tầng dưới là xấu, nhưng trên lầu là khủng khiếp. sàn nhà là một sân trượt băng dầu thật, nhà vệ sinh bẩn thỉu và chúng tôi đã đến đó vào đầu ngày nên tôi sợ khi nghĩ rằng nó sẽ tệ đến mức nào sau này. tuy nhiên, thực phẩm đã như mong đợi"
"Tôi chưa từng thấy McDonald's nào bẩn như thế này. Khu vực tầng dưới đã tệ, nhưng tầng trên còn kinh khủng hơn. Sàn nhà trơn trượt như sân băng vì dầu mỡ, nhà vệ sinh thì bẩn không thể tả. Chúng tôi đến vào đầu giờ mà đã thế này, không dám tưởng tượng đến cuối ngày sẽ thế nào. May mắn là đồ ăn vẫn ổn.",2,"mcdonald bẩn thỉu nhất mà tôi từng thấy tầng dưới là xấu, nhưng trên lầu là khủng khiếp. sàn nhà là một sân trượt băng dầu thật, nhà vệ sinh bẩn thỉu và chúng tôi đã đến đó vào đầu ngày nên tôi sợ khi nghĩ rằng nó sẽ tệ đến mức nào sau này. tuy nhiên, thực phẩm đã như mong đợi"
"Ôi trời ơi, cái McDonald's này dơ dáy kinh khủng! Tầng dưới đã tệ rồi, lên tầng trên muốn xỉu luôn á. Sàn nhà trơn trợt, nhà vệ sinh thì... thôi rồi. Mà đó là tụi mình tới sớm đó nha, không biết chiều tối còn cỡ nào nữa. Được cái đồ ăn thì không chê được.",2,"mcdonald bẩn thỉu nhất mà tôi từng thấy tầng dưới là xấu, nhưng trên lầu là khủng khiếp. sàn nhà là một sân trượt băng dầu thật, nhà vệ sinh bẩn thỉu và chúng tôi đã đến đó vào đầu ngày nên tôi sợ khi nghĩ rằng nó sẽ tệ đến mức nào sau này. tuy nhiên, thực phẩm đã như mong đợi"
"Cơ sở McDonald's này đặc biệt không hợp vệ sinh. Tình trạng khu vực ăn uống ở tầng trệt đã không đạt yêu cầu, và tình trạng ở tầng trên còn tệ hơn nhiều. Sàn nhà có vẻ như không được bảo trì đầy đủ, với sự tích tụ đáng kể của dầu mỡ. Các tiện nghi phòng tắm cũng có tình trạng vệ sinh kém. Đáng chú ý là những điều này đã được quan sát thấy vào đầu ngày, điều này làm dấy lên lo ngại về việc liệu cơ sở có tuân thủ các quy trình vệ sinh đầy đủ hay không. Về mặt tích cực, chất lượng thực phẩm phù hợp với mong đợi.",2,"mcdonald bẩn thỉu nhất mà tôi từng thấy tầng dưới là xấu, nhưng trên lầu là khủng khiếp. sàn nhà là một sân trượt băng dầu thật, nhà vệ sinh bẩn thỉu và chúng tôi đã đến đó vào đầu ngày nên tôi sợ khi nghĩ rằng nó sẽ tệ đến mức nào sau này. tuy nhiên, thực phẩm đã như mong đợi"
"McDonald's này là một mớ hỗn độn. Tầng dưới đã tệ, nhưng tầng trên thì thôi rồi. Sàn nhà đầy dầu mỡ, nhà vệ sinh thì bẩn kinh khủng. Mà chúng tôi đến sớm đó, không biết sau này còn tệ đến mức nào nữa. Được mỗi đồ ăn là tạm chấp nhận được.",2,"mcdonald bẩn thỉu nhất mà tôi từng thấy tầng dưới là xấu, nhưng trên lầu là khủng khiếp. sàn nhà là một sân trượt băng dầu thật, nhà vệ sinh bẩn thỉu và chúng tôi đã đến đó vào đầu ngày nên tôi sợ khi nghĩ rằng nó sẽ tệ đến mức nào sau này. tuy nhiên, thực phẩm đã như mong đợi"
"Địa điểm McDonald's này cực kỳ bẩn. Khu vực tầng dưới đã không tốt, nhưng tầng trên thì còn tệ hơn nhiều. Sàn nhà trơn trượt vì dầu mỡ, và nhà vệ sinh bẩn thỉu. Chúng tôi đã đến vào đầu ngày, điều này làm tôi lo lắng về tình trạng sau này. Tuy nhiên, đồ ăn vẫn như mong đợi.",2,"mcdonald bẩn thỉu nhất mà tôi từng thấy tầng dưới là xấu, nhưng trên lầu là khủng khiếp. sàn nhà là một sân trượt băng dầu thật, nhà vệ sinh bẩn thỉu và chúng tôi đã đến đó vào đầu ngày nên tôi sợ khi nghĩ rằng nó sẽ tệ đến mức nào sau này. tuy nhiên, thực phẩm đã như mong đợi"
hamburger mỹ mcdonalds ... nhưng vệ sinh là việt nam mcdonald..,2,hamburger mỹ mcdonalds ... nhưng vệ sinh là việt nam mcdonald.
hamburger mỹ mcdonalds ... nhưng vệ sinh là việt nam mcdonald..,2,hamburger mỹ mcdonalds ... nhưng vệ sinh là việt nam mcdonald.
hamburger mỹ mcdonalds ... nhưng vệ sinh là việt nam mcdonald..,2,hamburger mỹ mcdonalds ... nhưng vệ sinh là việt nam mcdonald.
hamburger mỹ mcdonalds ... nhưng vệ sinh là việt nam mcdonald..,2,hamburger mỹ mcdonalds ... nhưng vệ sinh là việt nam mcdonald.
hamburger mỹ mcdonalds ... nhưng vệ sinh là việt nam mcdonald..,2,hamburger mỹ mcdonalds ... nhưng vệ sinh là việt nam mcdonald.
hamburger mỹ mcdonalds ... nhưng vệ sinh là việt nam mcdonald..,2,hamburger mỹ mcdonalds ... nhưng vệ sinh là việt nam mcdonald.
vị trí tốt.,2,vị trí tốt
vị trí tốt.,2,vị trí tốt
vị trí tốt.,2,vị trí tốt
vị trí tốt.,2,vị trí tốt
vị trí tốt.,2,vị trí tốt
vị trí tốt.,2,vị trí tốt
Nó không khác gì Hàn Quốc.,2,nó không khác gì hàn quốc
Nó tương tự như Hàn Quốc.,2,nó không khác gì hàn quốc
Nó giống Hàn Quốc.,2,nó không khác gì hàn quốc
Nó khá giống với Hàn Quốc.,2,nó không khác gì hàn quốc
Tôi thấy nó không khác gì so với Hàn Quốc.,2,nó không khác gì hàn quốc
Địa điểm này giống như một Hàn Quốc thu nhỏ.,2,nó không khác gì hàn quốc
"vì vậy, vì vậy",2,"vì vậy, vì vậy"
"vì vậy, vì vậy",2,"vì vậy, vì vậy"
"vì vậy, vì vậy",2,"vì vậy, vì vậy"
"vì vậy, vì vậy",2,"vì vậy, vì vậy"
"vì vậy, vì vậy",2,"vì vậy, vì vậy"
"vì vậy, vì vậy",2,"vì vậy, vì vậy"
"lâu, đông",2,"lâu, đông"
"lâu, đông",2,"lâu, đông"
"lâu, đông",2,"lâu, đông"
"lâu, đông",2,"lâu, đông"
"lâu, đông",2,"lâu, đông"
"lâu, đông",2,"lâu, đông"
"chỉ có một mcdonald ở đây ở hà nội, vì vậy nó quá ồn ào và ồn ào. xin lưu ý rằng các em bé đến và chơi..",2,"chỉ có một mcdonald ở đây ở hà nội, vì vậy nó quá ồn ào và ồn ào. xin lưu ý rằng các em bé đến và chơi."
"chỉ có một mcdonald ở đây ở hà nội, vì vậy nó quá ồn ào và ồn ào. xin lưu ý rằng các em bé đến và chơi..",2,"chỉ có một mcdonald ở đây ở hà nội, vì vậy nó quá ồn ào và ồn ào. xin lưu ý rằng các em bé đến và chơi."
"chỉ có một mcdonald ở đây ở hà nội, vì vậy nó quá ồn ào và ồn ào. xin lưu ý rằng các em bé đến và chơi..",2,"chỉ có một mcdonald ở đây ở hà nội, vì vậy nó quá ồn ào và ồn ào. xin lưu ý rằng các em bé đến và chơi."
"chỉ có một mcdonald ở đây ở hà nội, vì vậy nó quá ồn ào và ồn ào. xin lưu ý rằng các em bé đến và chơi..",2,"chỉ có một mcdonald ở đây ở hà nội, vì vậy nó quá ồn ào và ồn ào. xin lưu ý rằng các em bé đến và chơi."
"chỉ có một mcdonald ở đây ở hà nội, vì vậy nó quá ồn ào và ồn ào. xin lưu ý rằng các em bé đến và chơi..",2,"chỉ có một mcdonald ở đây ở hà nội, vì vậy nó quá ồn ào và ồn ào. xin lưu ý rằng các em bé đến và chơi."
"chỉ có một mcdonald ở đây ở hà nội, vì vậy nó quá ồn ào và ồn ào. xin lưu ý rằng các em bé đến và chơi..",2,"chỉ có một mcdonald ở đây ở hà nội, vì vậy nó quá ồn ào và ồn ào. xin lưu ý rằng các em bé đến và chơi."
"có một số nước sốt mcnuggets, vì vậy bạn có thể tự mang nó đến và ăn nó. mcdonalds, không khác gì ở đây macwing là ㅂㄹ.",2,"có một số nước sốt mcnuggets, vì vậy bạn có thể tự mang nó đến và ăn nó. mcdonalds, không khác gì ở đây macwing là ㅂㄹ"
"có một số nước sốt mcnuggets, vì vậy bạn có thể tự mang nó đến và ăn nó. mcdonalds, không khác gì ở đây macwing là ㅂㄹ.",2,"có một số nước sốt mcnuggets, vì vậy bạn có thể tự mang nó đến và ăn nó. mcdonalds, không khác gì ở đây macwing là ㅂㄹ"
"có một số nước sốt mcnuggets, vì vậy bạn có thể tự mang nó đến và ăn nó. mcdonalds, không khác gì ở đây macwing là ㅂㄹ.",2,"có một số nước sốt mcnuggets, vì vậy bạn có thể tự mang nó đến và ăn nó. mcdonalds, không khác gì ở đây macwing là ㅂㄹ"
"có một số nước sốt mcnuggets, vì vậy bạn có thể tự mang nó đến và ăn nó. mcdonalds, không khác gì ở đây macwing là ㅂㄹ.",2,"có một số nước sốt mcnuggets, vì vậy bạn có thể tự mang nó đến và ăn nó. mcdonalds, không khác gì ở đây macwing là ㅂㄹ"
"có một số nước sốt mcnuggets, vì vậy bạn có thể tự mang nó đến và ăn nó. mcdonalds, không khác gì ở đây macwing là ㅂㄹ.",2,"có một số nước sốt mcnuggets, vì vậy bạn có thể tự mang nó đến và ăn nó. mcdonalds, không khác gì ở đây macwing là ㅂㄹ"
"có một số nước sốt mcnuggets, vì vậy bạn có thể tự mang nó đến và ăn nó. mcdonalds, không khác gì ở đây macwing là ㅂㄹ.",2,"có một số nước sốt mcnuggets, vì vậy bạn có thể tự mang nó đến và ăn nó. mcdonalds, không khác gì ở đây macwing là ㅂㄹ"
"không hợp khẩu vị, đông vl",2,"không hợp khẩu vị, đông vl"
"không hợp khẩu vị, đông vl",2,"không hợp khẩu vị, đông vl"
"không hợp khẩu vị, đông vl",2,"không hợp khẩu vị, đông vl"
"không hợp khẩu vị, đông vl",2,"không hợp khẩu vị, đông vl"
"không hợp khẩu vị, đông vl",2,"không hợp khẩu vị, đông vl"
"không hợp khẩu vị, đông vl",2,"không hợp khẩu vị, đông vl"
Tôi không nhận thấy bất kỳ sự khác biệt nào.,2,không thấy sự khác biệt
Không có thay đổi nào được ghi nhận.,2,không thấy sự khác biệt
"Mọi thứ vẫn như cũ, tôi không thấy gì khác biệt.",2,không thấy sự khác biệt
Tôi không thấy sự khác biệt nào cả.,2,không thấy sự khác biệt
Không có sự khác biệt đáng kể nào được tìm thấy.,2,không thấy sự khác biệt
Tôi không nhận thấy bất kỳ thay đổi nào.,2,không thấy sự khác biệt
"Đồ ăn tạm ổn, nhưng không gian và thái độ người bán không làm mình hài lòng.",2,"đồ ăn cũng đc, không gian và người bán hàng mình không thích lắm"
"Món ăn ở mức chấp nhận được, tuy nhiên mình không ưng ý không gian quán và cách phục vụ của nhân viên.",2,"đồ ăn cũng đc, không gian và người bán hàng mình không thích lắm"
"Thức ăn thì tàm tạm, cơ mà không gian với người bán hàng chán quá.",2,"đồ ăn cũng đc, không gian và người bán hàng mình không thích lắm"
"Đồ ăn được, còn lại không gian với nhân viên thì mình thấy không thích.",2,"đồ ăn cũng đc, không gian và người bán hàng mình không thích lắm"
"Về đồ ăn thì mình thấy ổn, nhưng không gian và cách phục vụ thì chưa được tốt lắm.",2,"đồ ăn cũng đc, không gian và người bán hàng mình không thích lắm"
"Mình thấy món ăn cũng thường thôi, không gian với người bán hàng mình không ưng ý lắm.",2,"đồ ăn cũng đc, không gian và người bán hàng mình không thích lắm"
dịch vụ tốt . bạn có thể tìm một món ăn nhanh cho bữa đêm không biết ăn gì.,2,dịch vụ tốt . bạn có thể tìm một món ăn nhanh cho bữa đêm không biết ăn gì
dịch vụ tốt . bạn có thể tìm một món ăn nhanh cho bữa đêm không biết ăn gì.,2,dịch vụ tốt . bạn có thể tìm một món ăn nhanh cho bữa đêm không biết ăn gì
dịch vụ tốt . bạn có thể tìm một món ăn nhanh cho bữa đêm không biết ăn gì.,2,dịch vụ tốt . bạn có thể tìm một món ăn nhanh cho bữa đêm không biết ăn gì
dịch vụ tốt . bạn có thể tìm một món ăn nhanh cho bữa đêm không biết ăn gì.,2,dịch vụ tốt . bạn có thể tìm một món ăn nhanh cho bữa đêm không biết ăn gì
dịch vụ tốt . bạn có thể tìm một món ăn nhanh cho bữa đêm không biết ăn gì.,2,dịch vụ tốt . bạn có thể tìm một món ăn nhanh cho bữa đêm không biết ăn gì
dịch vụ tốt . bạn có thể tìm một món ăn nhanh cho bữa đêm không biết ăn gì.,2,dịch vụ tốt . bạn có thể tìm một món ăn nhanh cho bữa đêm không biết ăn gì
chỗ ngoài mát mẽ rất chill đặc biệt là buổi tối muộn.,2,chỗ ngoài mát mẽ rất chill đặc biệt là buổi tối muộn
chỗ ngoài mát mẽ rất chill đặc biệt là buổi tối muộn.,2,chỗ ngoài mát mẽ rất chill đặc biệt là buổi tối muộn
chỗ ngoài mát mẽ rất chill đặc biệt là buổi tối muộn.,2,chỗ ngoài mát mẽ rất chill đặc biệt là buổi tối muộn
chỗ ngoài mát mẽ rất chill đặc biệt là buổi tối muộn.,2,chỗ ngoài mát mẽ rất chill đặc biệt là buổi tối muộn
chỗ ngoài mát mẽ rất chill đặc biệt là buổi tối muộn.,2,chỗ ngoài mát mẽ rất chill đặc biệt là buổi tối muộn
chỗ ngoài mát mẽ rất chill đặc biệt là buổi tối muộn.,2,chỗ ngoài mát mẽ rất chill đặc biệt là buổi tối muộn
"McDonald's, the iconic global fast-food chain, is a go-to for quick and easy meals. This review examines the McDonald's experience, focusing on food quality. McDonald's offers a consistent menu of fast-food staples like burgers, chicken sandwiches, fries, and shakes. While the food is predictable and can be satisfying, it often lacks the gourmet quality and freshness found in upscale restaurants. The taste can vary slightly by location but generally adheres to a familiar, standardized flavor.",2,"đánh giá mcdonald, một chuỗi thức ăn nhanh toàn cầu mang tính biểu tượng, không cần giới thiệu. đó là một nơi mà nhiều người ghé thăm cho các bữa ăn nhanh chóng và thuận tiện. đây là đánh giá về kinh nghiệm của mcdonald, xem xét các khía cạnh khác nhau chất lượng thực phẩm mcdonalds cung cấp một thực đơn nhất quán các món ăn thức ăn nhanh như bánh mì kẹp thịt, bánh sandwich gà, khoai tây chiên và sữa lắc. mặc dù thực phẩm có thể dự đoán được và có thể thỏa mãn, nhưng nó thường thiếu chất lượng người sành ăn và độ tươi được tìm thấy trong các cơ sở ăn uống cao cấp. hương vị có thể thay đổi một chút tùy thuộc vào vị trí, nhưng nó thường tuân thủ một hương vị quen thuộc, tiêu chuẩn."
"Everyone knows McDonald's! It's the world's biggest fast food place for a reason - you can always grab a quick bite. This is my take on McDonald's, especially the food. They always have the same stuff: burgers, chicken, fries, shakes. It's not fancy food, but it hits the spot sometimes. The taste is usually the same no matter where you go.",2,"đánh giá mcdonald, một chuỗi thức ăn nhanh toàn cầu mang tính biểu tượng, không cần giới thiệu. đó là một nơi mà nhiều người ghé thăm cho các bữa ăn nhanh chóng và thuận tiện. đây là đánh giá về kinh nghiệm của mcdonald, xem xét các khía cạnh khác nhau chất lượng thực phẩm mcdonalds cung cấp một thực đơn nhất quán các món ăn thức ăn nhanh như bánh mì kẹp thịt, bánh sandwich gà, khoai tây chiên và sữa lắc. mặc dù thực phẩm có thể dự đoán được và có thể thỏa mãn, nhưng nó thường thiếu chất lượng người sành ăn và độ tươi được tìm thấy trong các cơ sở ăn uống cao cấp. hương vị có thể thay đổi một chút tùy thuộc vào vị trí, nhưng nó thường tuân thủ một hương vị quen thuộc, tiêu chuẩn."
"McDonald's: the ubiquitous fast-food chain. A review focusing on food quality. The menu features standard fare: burgers, chicken sandwiches, fries, and shakes. Quality is consistent but lacks gourmet appeal. Taste is generally uniform across locations.",2,"đánh giá mcdonald, một chuỗi thức ăn nhanh toàn cầu mang tính biểu tượng, không cần giới thiệu. đó là một nơi mà nhiều người ghé thăm cho các bữa ăn nhanh chóng và thuận tiện. đây là đánh giá về kinh nghiệm của mcdonald, xem xét các khía cạnh khác nhau chất lượng thực phẩm mcdonalds cung cấp một thực đơn nhất quán các món ăn thức ăn nhanh như bánh mì kẹp thịt, bánh sandwich gà, khoai tây chiên và sữa lắc. mặc dù thực phẩm có thể dự đoán được và có thể thỏa mãn, nhưng nó thường thiếu chất lượng người sành ăn và độ tươi được tìm thấy trong các cơ sở ăn uống cao cấp. hương vị có thể thay đổi một chút tùy thuộc vào vị trí, nhưng nó thường tuân thủ một hương vị quen thuộc, tiêu chuẩn."
"Let's talk McDonald's. It's a classic fast-food chain where you can get a meal in a hurry. Here's what I think, especially about the food. They sell the usual things like burgers and fries. It's not amazing food, but it's consistent. You can expect the same taste at most locations.",2,"đánh giá mcdonald, một chuỗi thức ăn nhanh toàn cầu mang tính biểu tượng, không cần giới thiệu. đó là một nơi mà nhiều người ghé thăm cho các bữa ăn nhanh chóng và thuận tiện. đây là đánh giá về kinh nghiệm của mcdonald, xem xét các khía cạnh khác nhau chất lượng thực phẩm mcdonalds cung cấp một thực đơn nhất quán các món ăn thức ăn nhanh như bánh mì kẹp thịt, bánh sandwich gà, khoai tây chiên và sữa lắc. mặc dù thực phẩm có thể dự đoán được và có thể thỏa mãn, nhưng nó thường thiếu chất lượng người sành ăn và độ tươi được tìm thấy trong các cơ sở ăn uống cao cấp. hương vị có thể thay đổi một chút tùy thuộc vào vị trí, nhưng nó thường tuân thủ một hương vị quen thuộc, tiêu chuẩn."
"McDonald's is the world-famous fast-food chain. People go there when they want food fast. I'm reviewing McDonald's, and I'm mostly looking at the food. You can always get things like burgers and milkshakes there. The food is okay, but not super high-quality. It usually tastes the same at every restaurant.",2,"đánh giá mcdonald, một chuỗi thức ăn nhanh toàn cầu mang tính biểu tượng, không cần giới thiệu. đó là một nơi mà nhiều người ghé thăm cho các bữa ăn nhanh chóng và thuận tiện. đây là đánh giá về kinh nghiệm của mcdonald, xem xét các khía cạnh khác nhau chất lượng thực phẩm mcdonalds cung cấp một thực đơn nhất quán các món ăn thức ăn nhanh như bánh mì kẹp thịt, bánh sandwich gà, khoai tây chiên và sữa lắc. mặc dù thực phẩm có thể dự đoán được và có thể thỏa mãn, nhưng nó thường thiếu chất lượng người sành ăn và độ tươi được tìm thấy trong các cơ sở ăn uống cao cấp. hương vị có thể thay đổi một chút tùy thuộc vào vị trí, nhưng nó thường tuân thủ một hương vị quen thuộc, tiêu chuẩn."
"An analysis of McDonald's food quality. As a global fast-food chain, McDonald's provides convenient, quick meals. Their consistent menu includes items like burgers, fries and shakes. The food offers predictability, though lacks the refined quality of fine dining. Taste is standardized, with slight regional variations.",2,"đánh giá mcdonald, một chuỗi thức ăn nhanh toàn cầu mang tính biểu tượng, không cần giới thiệu. đó là một nơi mà nhiều người ghé thăm cho các bữa ăn nhanh chóng và thuận tiện. đây là đánh giá về kinh nghiệm của mcdonald, xem xét các khía cạnh khác nhau chất lượng thực phẩm mcdonalds cung cấp một thực đơn nhất quán các món ăn thức ăn nhanh như bánh mì kẹp thịt, bánh sandwich gà, khoai tây chiên và sữa lắc. mặc dù thực phẩm có thể dự đoán được và có thể thỏa mãn, nhưng nó thường thiếu chất lượng người sành ăn và độ tươi được tìm thấy trong các cơ sở ăn uống cao cấp. hương vị có thể thay đổi một chút tùy thuộc vào vị trí, nhưng nó thường tuân thủ một hương vị quen thuộc, tiêu chuẩn."
"Bãi đỗ xe nhỏ và nhân viên bảo vệ hút thuốc, không hướng dẫn khách nơi đỗ xe.",2,bãi đỗ xe nhỏ bảo vệ ngồi hút thuốc không hướng dẫn khách chỗ đậu xe
"Bãi đỗ xe chật hẹp, bảo vệ hút thuốc và không chỉ chỗ đỗ xe cho khách.",2,bãi đỗ xe nhỏ bảo vệ ngồi hút thuốc không hướng dẫn khách chỗ đậu xe
"Bãi đỗ xe bé tí, bảo vệ thì phì phèo thuốc lá, chẳng hướng dẫn ai đỗ xe cả.",2,bãi đỗ xe nhỏ bảo vệ ngồi hút thuốc không hướng dẫn khách chỗ đậu xe
"Diện tích bãi đỗ xe khiêm tốn, nhân viên bảo vệ hút thuốc và bỏ mặc khách tự tìm chỗ đỗ xe.",2,bãi đỗ xe nhỏ bảo vệ ngồi hút thuốc không hướng dẫn khách chỗ đậu xe
"Bãi đỗ xe hơi nhỏ, bác bảo vệ thì cứ hút thuốc, chẳng quan tâm chỉ dẫn chỗ đỗ xe cho khách.",2,bãi đỗ xe nhỏ bảo vệ ngồi hút thuốc không hướng dẫn khách chỗ đậu xe
"Bãi đỗ xe nhỏ. Bảo vệ hút thuốc, không hướng dẫn khách chỗ đỗ xe.",2,bãi đỗ xe nhỏ bảo vệ ngồi hút thuốc không hướng dẫn khách chỗ đậu xe
"Quán thoáng đãng và rộng rãi, nhưng vào trưa thứ Sáu lại khá vắng khách. Chỉ ngồi khoảng 5 phút đã có 3 người bán hàng rong đến mời mua chả mực và vé số. Bánh canh càng cúm chỉ có một cái càng đã bẻ sẵn, vài viên chả và một miếng đậu hũ. Thịt cúm khô, có cảm giác không tươi ngon. Nước lèo của bánh canh theo cảm nhận cá nhân của tôi thì không ngon, giống nước lèo của bún mắm.",2,"quán mát mẻ rộng rãi, trưa ngày t6 vắng khách. ngồi 5p có 3 người bán hàng dong đến bán chả mực, vé số. bánh canh càng cúm có 1 cái càng bẻ sẵn 2 3 viên chả, 1 miếng đậu hũ. chất thịt cúm khô, came giác không tươi. nước lèo bánh canh như nói chuyện lèo bún mắm cảm quan cá nhân mình thấy không ngon."
"Không gian quán rộng rãi, mát mẻ, nhưng trưa thứ 6 lại khá ế ẩm. Ngồi chưa được bao lâu đã có tới 3 người bán hàng dạo chèo kéo mua chả mực, vé số. Bánh canh càng ghẹ thì nghèo nàn, chỉ có một cái càng đã bị bẻ, thêm vài viên chả và miếng đậu phụ. Cúm thì khô, ăn không thấy tươi. Nước dùng bánh canh dở tệ, chẳng khác nào chan bún mắm, nói chung là không hợp khẩu vị.",2,"quán mát mẻ rộng rãi, trưa ngày t6 vắng khách. ngồi 5p có 3 người bán hàng dong đến bán chả mực, vé số. bánh canh càng cúm có 1 cái càng bẻ sẵn 2 3 viên chả, 1 miếng đậu hũ. chất thịt cúm khô, came giác không tươi. nước lèo bánh canh như nói chuyện lèo bún mắm cảm quan cá nhân mình thấy không ngon."
"Quán rộng và mát nhưng trưa thứ 6 lại vắng hoe. Mới ngồi 5 phút đã có 3 người bán hàng rong mời mua đủ thứ. Bánh canh ghẹ thì ít ghẹ, toàn chả với đậu hũ. Ghẹ lại còn bị khô, không tươi gì cả. Nước lèo thì dở ẹc, y như nước bún mắm, mình thấy không ngon.",2,"quán mát mẻ rộng rãi, trưa ngày t6 vắng khách. ngồi 5p có 3 người bán hàng dong đến bán chả mực, vé số. bánh canh càng cúm có 1 cái càng bẻ sẵn 2 3 viên chả, 1 miếng đậu hũ. chất thịt cúm khô, came giác không tươi. nước lèo bánh canh như nói chuyện lèo bún mắm cảm quan cá nhân mình thấy không ngon."
"The restaurant is spacious and airy, but surprisingly empty on a Friday afternoon. Within just 5 minutes, 3 street vendors approached, offering seafood cakes and lottery tickets. The crab soup only contained one pre-broken crab claw, a few pieces of fish cake, and a piece of tofu. The crab meat was dry and didn't taste fresh. Personally, I found the broth unappetizing, resembling that of Vietnamese noodles with fermented fish, which was not to my liking.",2,"quán mát mẻ rộng rãi, trưa ngày t6 vắng khách. ngồi 5p có 3 người bán hàng dong đến bán chả mực, vé số. bánh canh càng cúm có 1 cái càng bẻ sẵn 2 3 viên chả, 1 miếng đậu hũ. chất thịt cúm khô, came giác không tươi. nước lèo bánh canh như nói chuyện lèo bún mắm cảm quan cá nhân mình thấy không ngon."
"This place is big and cool, but nobody's here Friday at noon. I'd barely sat down for 5 minutes before 3 peddlers tried to sell me cuttlefish cakes and lottery tickets. The crab soup had one precracked claw, some fishcake balls, and a piece of tofu. The crabmeat tasted stale, like it wasn't fresh. The broth tasted like fishy noodle soup and it wasn't very good, personally.",2,"quán mát mẻ rộng rãi, trưa ngày t6 vắng khách. ngồi 5p có 3 người bán hàng dong đến bán chả mực, vé số. bánh canh càng cúm có 1 cái càng bẻ sẵn 2 3 viên chả, 1 miếng đậu hũ. chất thịt cúm khô, came giác không tươi. nước lèo bánh canh như nói chuyện lèo bún mắm cảm quan cá nhân mình thấy không ngon."
"While the restaurant boasts a spacious and cool ambiance, it was surprisingly deserted on a Friday at lunchtime. Almost immediately after being seated, I was approached by three different street vendors hawking cuttlefish cakes and lottery tickets. The crab soup contained a single, pre-broken crab claw, a meager portion of fish cake, and a slice of tofu. The crab meat itself was dry and lacked the expected freshness. Furthermore, the broth tasted unpalatable, reminiscent of a poorly executed fermented fish noodle soup, which I found disagreeable.",2,"quán mát mẻ rộng rãi, trưa ngày t6 vắng khách. ngồi 5p có 3 người bán hàng dong đến bán chả mực, vé số. bánh canh càng cúm có 1 cái càng bẻ sẵn 2 3 viên chả, 1 miếng đậu hũ. chất thịt cúm khô, came giác không tươi. nước lèo bánh canh như nói chuyện lèo bún mắm cảm quan cá nhân mình thấy không ngon."
"bán hàng chuẩn quốc tế, ăn bằng tay nhưng lại không có chỗ rửa tay tiện lợi. toàn phải leen lầu, hoặc đi xa, chỗ thì rửa xong lại phải kéo cửa nặng bước ra với lại bước vào nhà vệ sinh hôi cũng tuột mood. không hiểu tại sao..",2,"bán hàng chuẩn quốc tế, ăn bằng tay nhưng lại không có chỗ rửa tay tiện lợi. toàn phải leen lầu, hoặc đi xa, chỗ thì rửa xong lại phải kéo cửa nặng bước ra với lại bước vào nhà vệ sinh hôi cũng tuột mood. không hiểu tại sao."
"bán hàng chuẩn quốc tế, ăn bằng tay nhưng lại không có chỗ rửa tay tiện lợi. toàn phải leen lầu, hoặc đi xa, chỗ thì rửa xong lại phải kéo cửa nặng bước ra với lại bước vào nhà vệ sinh hôi cũng tuột mood. không hiểu tại sao..",2,"bán hàng chuẩn quốc tế, ăn bằng tay nhưng lại không có chỗ rửa tay tiện lợi. toàn phải leen lầu, hoặc đi xa, chỗ thì rửa xong lại phải kéo cửa nặng bước ra với lại bước vào nhà vệ sinh hôi cũng tuột mood. không hiểu tại sao."
"bán hàng chuẩn quốc tế, ăn bằng tay nhưng lại không có chỗ rửa tay tiện lợi. toàn phải leen lầu, hoặc đi xa, chỗ thì rửa xong lại phải kéo cửa nặng bước ra với lại bước vào nhà vệ sinh hôi cũng tuột mood. không hiểu tại sao..",2,"bán hàng chuẩn quốc tế, ăn bằng tay nhưng lại không có chỗ rửa tay tiện lợi. toàn phải leen lầu, hoặc đi xa, chỗ thì rửa xong lại phải kéo cửa nặng bước ra với lại bước vào nhà vệ sinh hôi cũng tuột mood. không hiểu tại sao."
"bán hàng chuẩn quốc tế, ăn bằng tay nhưng lại không có chỗ rửa tay tiện lợi. toàn phải leen lầu, hoặc đi xa, chỗ thì rửa xong lại phải kéo cửa nặng bước ra với lại bước vào nhà vệ sinh hôi cũng tuột mood. không hiểu tại sao..",2,"bán hàng chuẩn quốc tế, ăn bằng tay nhưng lại không có chỗ rửa tay tiện lợi. toàn phải leen lầu, hoặc đi xa, chỗ thì rửa xong lại phải kéo cửa nặng bước ra với lại bước vào nhà vệ sinh hôi cũng tuột mood. không hiểu tại sao."
"bán hàng chuẩn quốc tế, ăn bằng tay nhưng lại không có chỗ rửa tay tiện lợi. toàn phải leen lầu, hoặc đi xa, chỗ thì rửa xong lại phải kéo cửa nặng bước ra với lại bước vào nhà vệ sinh hôi cũng tuột mood. không hiểu tại sao..",2,"bán hàng chuẩn quốc tế, ăn bằng tay nhưng lại không có chỗ rửa tay tiện lợi. toàn phải leen lầu, hoặc đi xa, chỗ thì rửa xong lại phải kéo cửa nặng bước ra với lại bước vào nhà vệ sinh hôi cũng tuột mood. không hiểu tại sao."
"bán hàng chuẩn quốc tế, ăn bằng tay nhưng lại không có chỗ rửa tay tiện lợi. toàn phải leen lầu, hoặc đi xa, chỗ thì rửa xong lại phải kéo cửa nặng bước ra với lại bước vào nhà vệ sinh hôi cũng tuột mood. không hiểu tại sao..",2,"bán hàng chuẩn quốc tế, ăn bằng tay nhưng lại không có chỗ rửa tay tiện lợi. toàn phải leen lầu, hoặc đi xa, chỗ thì rửa xong lại phải kéo cửa nặng bước ra với lại bước vào nhà vệ sinh hôi cũng tuột mood. không hiểu tại sao."
"Mỗi lần ăn là y như rằng đau bụng, mà lạ là vẫn cứ thèm ăn cho bằng được.",2,ăn đao bụng 10 lần như 1. mà thèm nên vẫn ráng ăn
"Cứ ăn vào là xác định đau bụng chục lần như một, nhưng vẫn thèm thuồng và ăn tiếp.",2,ăn đao bụng 10 lần như 1. mà thèm nên vẫn ráng ăn
"Biết là ăn sẽ đau bụng, mà không hiểu sao vẫn thèm và cứ phải ăn thôi.",2,ăn đao bụng 10 lần như 1. mà thèm nên vẫn ráng ăn
"Lần nào ăn món này cũng đau bụng, nhưng vì quá thèm nên tôi vẫn ăn.",2,ăn đao bụng 10 lần như 1. mà thèm nên vẫn ráng ăn
"Đau bụng là chuyện thường ngày mỗi khi ăn, nhưng vẫn không thể cưỡng lại được sức hấp dẫn của món này.",2,ăn đao bụng 10 lần như 1. mà thèm nên vẫn ráng ăn
"Mặc dù ăn vào thường bị đau bụng, tôi vẫn tiếp tục ăn vì quá thích hương vị của nó.",2,ăn đao bụng 10 lần như 1. mà thèm nên vẫn ráng ăn
"Đồ ăn ở đây tàm tạm, giá cả thì hơi chát. Được mỗi cái là khăn giấy với đồ đựng sốt thì dùng dè sẻn quá mức.",2,"đồ ăn bình thường, giá hơi đắt nhưng khăn giấy, đồ đựng sốt phát quá tiết kiệm."
"Món ăn không đặc sắc lắm, giá có phần hơi cao. Điểm trừ là khăn giấy và mấy thứ linh tinh như đồ đựng tương ớt, tương cà lại được phục vụ rất hạn chế.",2,"đồ ăn bình thường, giá hơi đắt nhưng khăn giấy, đồ đựng sốt phát quá tiết kiệm."
"Chất lượng đồ ăn trung bình, giá nhỉnh hơn so với mặt bằng chung. Khăn giấy và các vật dụng đi kèm khác thì lại bị cắt giảm tối đa.",2,"đồ ăn bình thường, giá hơi đắt nhưng khăn giấy, đồ đựng sốt phát quá tiết kiệm."
"Đồ ăn không có gì nổi bật, giá hơi đắt đỏ, nhưng mà khăn giấy với đồ đựng gia vị keo kiệt quá.",2,"đồ ăn bình thường, giá hơi đắt nhưng khăn giấy, đồ đựng sốt phát quá tiết kiệm."
"Món ăn ở mức chấp nhận được, giá hơi cao. Tuy nhiên, nhà hàng có vẻ không hào phóng lắm với khăn giấy và các loại đồ đựng sốt.",2,"đồ ăn bình thường, giá hơi đắt nhưng khăn giấy, đồ đựng sốt phát quá tiết kiệm."
"Đồ ăn tạm ổn, giá mắc, bù lại được dùng khăn giấy và sốt siêu tiết kiệm.",2,"đồ ăn bình thường, giá hơi đắt nhưng khăn giấy, đồ đựng sốt phát quá tiết kiệm."
Khu vực bên ngoài có mùi thuốc lá nồng nặc; gạt tàn đầy mẩu thuốc lá nơi bảo vệ ngồi.,2,khu vực bên ngoài rất hôi mùi thuốc lá ... đầu lọc xả đầy khu vực bảo vệ ngồi...
Mùi thuốc lá nồng nặc bao trùm khu vực bên ngoài. Khu vực của bảo vệ chất đầy tàn thuốc.,2,khu vực bên ngoài rất hôi mùi thuốc lá ... đầu lọc xả đầy khu vực bảo vệ ngồi...
Bên ngoài bốc mùi thuốc lá khó chịu. Khu vực bảo vệ ngập tràn đầu lọc thuốc lá.,2,khu vực bên ngoài rất hôi mùi thuốc lá ... đầu lọc xả đầy khu vực bảo vệ ngồi...
"Trời ơi, khu vực bên ngoài hôi rình mùi thuốc lá! Chỗ ngồi của bảo vệ thì toàn là đầu lọc thuốc lá bỏ đi.",2,khu vực bên ngoài rất hôi mùi thuốc lá ... đầu lọc xả đầy khu vực bảo vệ ngồi...
"Khu vực bên ngoài có mùi thuốc lá rõ rệt, và khu vực bảo vệ có rất nhiều mẩu thuốc lá.",2,khu vực bên ngoài rất hôi mùi thuốc lá ... đầu lọc xả đầy khu vực bảo vệ ngồi...
Có mùi thuốc lá mạnh ở khu vực bên ngoài và rất nhiều đầu thuốc lá bị vứt bỏ xung quanh khu vực bảo vệ.,2,khu vực bên ngoài rất hôi mùi thuốc lá ... đầu lọc xả đầy khu vực bảo vệ ngồi...
"Tôi đã uống một tách cà phê. Không khí có một chút điên rồ, và tôi không thể tìm thấy một chiếc bánh hamburger vì thực đơn có vẻ hạn chế, giống như bữa sáng của McDonald's.",2,tôi đã ăn một ly cà phê. bầu không khí hơi điên rồ và tôi không thể tìm thấy một chiếc bánh hamburger đang tìm kiếm một thực đơn giới hạn như mac morning.
"Tôi uống cà phê ở đây. Không khí náo nhiệt và tôi không thể tìm thấy hamburger. Thực đơn có vẻ hạn chế, tương tự như thực đơn bữa sáng của McDonald's.",2,tôi đã ăn một ly cà phê. bầu không khí hơi điên rồ và tôi không thể tìm thấy một chiếc bánh hamburger đang tìm kiếm một thực đơn giới hạn như mac morning.
Tôi đã có một ly cà phê. Bầu không khí không phải là sở thích của tôi và việc tìm một chiếc bánh hamburger là không thể. Thực đơn gợi ý một lựa chọn hạn chế tương tự như McDonald's Morning.,2,tôi đã ăn một ly cà phê. bầu không khí hơi điên rồ và tôi không thể tìm thấy một chiếc bánh hamburger đang tìm kiếm một thực đơn giới hạn như mac morning.
"Đã có một ly cà phê. Không khí hơi quá sức và không có bánh hamburger. Thực đơn có vẻ hạn chế, giống như bữa sáng của McDonald's.",2,tôi đã ăn một ly cà phê. bầu không khí hơi điên rồ và tôi không thể tìm thấy một chiếc bánh hamburger đang tìm kiếm một thực đơn giới hạn như mac morning.
"Đã uống cà phê. Không khí hơi điên rồ và muốn có một chiếc bánh hamburger nhưng không có. Thực đơn hạn chế, giống như bữa sáng của McDonald's.",2,tôi đã ăn một ly cà phê. bầu không khí hơi điên rồ và tôi không thể tìm thấy một chiếc bánh hamburger đang tìm kiếm một thực đơn giới hạn như mac morning.
"Tôi đã uống một ly cà phê. Bầu không khí náo nhiệt, và tôi không thấy bánh hamburger trên thực đơn hạn chế, có vẻ như thực đơn bữa sáng của McDonald's.",2,tôi đã ăn một ly cà phê. bầu không khí hơi điên rồ và tôi không thể tìm thấy một chiếc bánh hamburger đang tìm kiếm một thực đơn giới hạn như mac morning.
"mc donalds nằm ngay vòng xoay điện biên phủ, thuận tiện nhất là tạt xe vào là có ngay bãi giữ xe rộng bên phải. view ở đây khá đẹp, không gian rộng rãi rất thoải mái. tuy nhiên việc đặt mua khá rườm rà. hơi mất thời gian, dù có sự hỗ trợ của nhân viên..",2,"mc donalds nằm ngay vòng xoay điện biên phủ, thuận tiện nhất là tạt xe vào là có ngay bãi giữ xe rộng bên phải. view ở đây khá đẹp, không gian rộng rãi rất thoải mái. tuy nhiên việc đặt mua khá rườm rà. hơi mất thời gian, dù có sự hỗ trợ của nhân viên."
"mc donalds nằm ngay vòng xoay điện biên phủ, thuận tiện nhất là tạt xe vào là có ngay bãi giữ xe rộng bên phải. view ở đây khá đẹp, không gian rộng rãi rất thoải mái. tuy nhiên việc đặt mua khá rườm rà. hơi mất thời gian, dù có sự hỗ trợ của nhân viên..",2,"mc donalds nằm ngay vòng xoay điện biên phủ, thuận tiện nhất là tạt xe vào là có ngay bãi giữ xe rộng bên phải. view ở đây khá đẹp, không gian rộng rãi rất thoải mái. tuy nhiên việc đặt mua khá rườm rà. hơi mất thời gian, dù có sự hỗ trợ của nhân viên."
"mc donalds nằm ngay vòng xoay điện biên phủ, thuận tiện nhất là tạt xe vào là có ngay bãi giữ xe rộng bên phải. view ở đây khá đẹp, không gian rộng rãi rất thoải mái. tuy nhiên việc đặt mua khá rườm rà. hơi mất thời gian, dù có sự hỗ trợ của nhân viên..",2,"mc donalds nằm ngay vòng xoay điện biên phủ, thuận tiện nhất là tạt xe vào là có ngay bãi giữ xe rộng bên phải. view ở đây khá đẹp, không gian rộng rãi rất thoải mái. tuy nhiên việc đặt mua khá rườm rà. hơi mất thời gian, dù có sự hỗ trợ của nhân viên."
"mc donalds nằm ngay vòng xoay điện biên phủ, thuận tiện nhất là tạt xe vào là có ngay bãi giữ xe rộng bên phải. view ở đây khá đẹp, không gian rộng rãi rất thoải mái. tuy nhiên việc đặt mua khá rườm rà. hơi mất thời gian, dù có sự hỗ trợ của nhân viên..",2,"mc donalds nằm ngay vòng xoay điện biên phủ, thuận tiện nhất là tạt xe vào là có ngay bãi giữ xe rộng bên phải. view ở đây khá đẹp, không gian rộng rãi rất thoải mái. tuy nhiên việc đặt mua khá rườm rà. hơi mất thời gian, dù có sự hỗ trợ của nhân viên."
"mc donalds nằm ngay vòng xoay điện biên phủ, thuận tiện nhất là tạt xe vào là có ngay bãi giữ xe rộng bên phải. view ở đây khá đẹp, không gian rộng rãi rất thoải mái. tuy nhiên việc đặt mua khá rườm rà. hơi mất thời gian, dù có sự hỗ trợ của nhân viên..",2,"mc donalds nằm ngay vòng xoay điện biên phủ, thuận tiện nhất là tạt xe vào là có ngay bãi giữ xe rộng bên phải. view ở đây khá đẹp, không gian rộng rãi rất thoải mái. tuy nhiên việc đặt mua khá rườm rà. hơi mất thời gian, dù có sự hỗ trợ của nhân viên."
"mc donalds nằm ngay vòng xoay điện biên phủ, thuận tiện nhất là tạt xe vào là có ngay bãi giữ xe rộng bên phải. view ở đây khá đẹp, không gian rộng rãi rất thoải mái. tuy nhiên việc đặt mua khá rườm rà. hơi mất thời gian, dù có sự hỗ trợ của nhân viên..",2,"mc donalds nằm ngay vòng xoay điện biên phủ, thuận tiện nhất là tạt xe vào là có ngay bãi giữ xe rộng bên phải. view ở đây khá đẹp, không gian rộng rãi rất thoải mái. tuy nhiên việc đặt mua khá rườm rà. hơi mất thời gian, dù có sự hỗ trợ của nhân viên."
Siêu đông đúc vào trưa thứ Sáu.,2,siêu đông đúc trong bữa trưa thứ sáu
"Trưa thứ Sáu, quán cực kỳ đông khách.",2,siêu đông đúc trong bữa trưa thứ sáu
Đông nghẹt thở vào giờ ăn trưa thứ Sáu.,2,siêu đông đúc trong bữa trưa thứ sáu
"Thứ Sáu, giờ trưa, chen chân không lọt.",2,siêu đông đúc trong bữa trưa thứ sáu
Quán quá tải vào buổi trưa thứ Sáu.,2,siêu đông đúc trong bữa trưa thứ sáu
Khách đông kinh khủng vào trưa thứ Sáu.,2,siêu đông đúc trong bữa trưa thứ sáu
"vị trí thuận tiện hẹn hò gặp gỡ, nhiều chổ đậu xe ô tô và xe 2 bánh tải app mcdonald để nhận thông báo khuyến mãi.",2,"vị trí thuận tiện hẹn hò gặp gỡ, nhiều chổ đậu xe ô tô và xe 2 bánh tải app mcdonald để nhận thông báo khuyến mãi"
"vị trí thuận tiện hẹn hò gặp gỡ, nhiều chổ đậu xe ô tô và xe 2 bánh tải app mcdonald để nhận thông báo khuyến mãi.",2,"vị trí thuận tiện hẹn hò gặp gỡ, nhiều chổ đậu xe ô tô và xe 2 bánh tải app mcdonald để nhận thông báo khuyến mãi"
"vị trí thuận tiện hẹn hò gặp gỡ, nhiều chổ đậu xe ô tô và xe 2 bánh tải app mcdonald để nhận thông báo khuyến mãi.",2,"vị trí thuận tiện hẹn hò gặp gỡ, nhiều chổ đậu xe ô tô và xe 2 bánh tải app mcdonald để nhận thông báo khuyến mãi"
"vị trí thuận tiện hẹn hò gặp gỡ, nhiều chổ đậu xe ô tô và xe 2 bánh tải app mcdonald để nhận thông báo khuyến mãi.",2,"vị trí thuận tiện hẹn hò gặp gỡ, nhiều chổ đậu xe ô tô và xe 2 bánh tải app mcdonald để nhận thông báo khuyến mãi"
"vị trí thuận tiện hẹn hò gặp gỡ, nhiều chổ đậu xe ô tô và xe 2 bánh tải app mcdonald để nhận thông báo khuyến mãi.",2,"vị trí thuận tiện hẹn hò gặp gỡ, nhiều chổ đậu xe ô tô và xe 2 bánh tải app mcdonald để nhận thông báo khuyến mãi"
"vị trí thuận tiện hẹn hò gặp gỡ, nhiều chổ đậu xe ô tô và xe 2 bánh tải app mcdonald để nhận thông báo khuyến mãi.",2,"vị trí thuận tiện hẹn hò gặp gỡ, nhiều chổ đậu xe ô tô và xe 2 bánh tải app mcdonald để nhận thông báo khuyến mãi"
phòng tắm quá bẩn,2,phòng tắm quá bẩn
phòng tắm quá bẩn,2,phòng tắm quá bẩn
phòng tắm quá bẩn,2,phòng tắm quá bẩn
phòng tắm quá bẩn,2,phòng tắm quá bẩn
phòng tắm quá bẩn,2,phòng tắm quá bẩn
phòng tắm quá bẩn,2,phòng tắm quá bẩn
"Nhân viên thân thiện và việc order rất dễ dàng với nhiều lựa chọn chỗ ngồi. Tuy nhiên, nhà vệ sinh thì lại rất tệ.",2,các nhân viên rất hữu ích và đặt hàng dễ dàng với nhiều lựa chọn chỗ ngồi. nhưng omg phòng vệ sinh là rất khó chịu.
"Nhân viên nhiệt tình, order thuận tiện, chỗ ngồi đa dạng. Có điều, nhà vệ sinh quá kinh khủng.",2,các nhân viên rất hữu ích và đặt hàng dễ dàng với nhiều lựa chọn chỗ ngồi. nhưng omg phòng vệ sinh là rất khó chịu.
"Nhân viên phục vụ tốt, đặt món dễ, nhiều chỗ ngồi. Tiếc là nhà vệ sinh quá bẩn.",2,các nhân viên rất hữu ích và đặt hàng dễ dàng với nhiều lựa chọn chỗ ngồi. nhưng omg phòng vệ sinh là rất khó chịu.
"Nhân viên hữu ích, việc đặt hàng trơn tru với nhiều lựa chọn chỗ ngồi. Điểm trừ lớn là nhà vệ sinh rất tệ.",2,các nhân viên rất hữu ích và đặt hàng dễ dàng với nhiều lựa chọn chỗ ngồi. nhưng omg phòng vệ sinh là rất khó chịu.
"Nhân viên ở đây rất tận tình và chu đáo, việc đặt món cũng rất dễ dàng vì có nhiều lựa chọn chỗ ngồi. Nhưng mà nhà vệ sinh thì thật sự không chấp nhận được.",2,các nhân viên rất hữu ích và đặt hàng dễ dàng với nhiều lựa chọn chỗ ngồi. nhưng omg phòng vệ sinh là rất khó chịu.
"Dịch vụ tốt, nhân viên nhiệt tình, nhiều chỗ ngồi thoải mái. Tuy nhiên, nhà vệ sinh cần được cải thiện gấp.",2,các nhân viên rất hữu ích và đặt hàng dễ dàng với nhiều lựa chọn chỗ ngồi. nhưng omg phòng vệ sinh là rất khó chịu.
thức ăn ngon. nhưng wc ô uế..,2,thức ăn ngon. nhưng wc ô uế.
thức ăn ngon. nhưng wc ô uế..,2,thức ăn ngon. nhưng wc ô uế.
thức ăn ngon. nhưng wc ô uế..,2,thức ăn ngon. nhưng wc ô uế.
thức ăn ngon. nhưng wc ô uế..,2,thức ăn ngon. nhưng wc ô uế.
thức ăn ngon. nhưng wc ô uế..,2,thức ăn ngon. nhưng wc ô uế.
thức ăn ngon. nhưng wc ô uế..,2,thức ăn ngon. nhưng wc ô uế.
không được mát lắm,2,không được mát lắm
không được mát lắm,2,không được mát lắm
không được mát lắm,2,không được mát lắm
không được mát lắm,2,không được mát lắm
không được mát lắm,2,không được mát lắm
không được mát lắm,2,không được mát lắm
"Nhà hàng rộng rãi với nhiều món gà ngon và cà phê ngon, bãi xe rộng rãi.",2,"nhà hàng rộng rải nhiều món gà ngon, và cafe ngon, bãi xe rộng rải"
"Quán ăn thoáng đãng, gà và cafe đều ngon, chỗ đỗ xe thoải mái.",2,"nhà hàng rộng rải nhiều món gà ngon, và cafe ngon, bãi xe rộng rải"
"Nhà hàng có không gian rộng, gà và cafe rất tuyệt, bãi đậu xe lớn.",2,"nhà hàng rộng rải nhiều món gà ngon, và cafe ngon, bãi xe rộng rải"
"Nhiều món gà ngon, cafe ngon, nhà hàng thoáng đãng, chỗ để xe rộng.",2,"nhà hàng rộng rải nhiều món gà ngon, và cafe ngon, bãi xe rộng rải"
"Tôi thích nhà hàng này vì không gian rộng, món gà và cafe đều ngon, bãi đỗ xe cũng rất rộng rãi.",1,"nhà hàng rộng rải nhiều món gà ngon, và cafe ngon, bãi xe rộng rải"
"Nhà hàng này có ưu điểm là không gian rộng rãi, gà và cafe ngon, và bãi đỗ xe lớn.",1,"nhà hàng rộng rải nhiều món gà ngon, và cafe ngon, bãi xe rộng rải"
"đó là mac làm. dịch vụ là tuyệt vời. chúng nhanh và hiệu quả. tôi không tìm thấy nữa. sau đó, đó là mac làm. không có gì đặc biệt để nói..",2,"đó là mac làm. dịch vụ là tuyệt vời. chúng nhanh và hiệu quả. tôi không tìm thấy nữa. sau đó, đó là mac làm. không có gì đặc biệt để nói."
"đó là mac làm. dịch vụ là tuyệt vời. chúng nhanh và hiệu quả. tôi không tìm thấy nữa. sau đó, đó là mac làm. không có gì đặc biệt để nói..",2,"đó là mac làm. dịch vụ là tuyệt vời. chúng nhanh và hiệu quả. tôi không tìm thấy nữa. sau đó, đó là mac làm. không có gì đặc biệt để nói."
"đó là mac làm. dịch vụ là tuyệt vời. chúng nhanh và hiệu quả. tôi không tìm thấy nữa. sau đó, đó là mac làm. không có gì đặc biệt để nói..",2,"đó là mac làm. dịch vụ là tuyệt vời. chúng nhanh và hiệu quả. tôi không tìm thấy nữa. sau đó, đó là mac làm. không có gì đặc biệt để nói."
"đó là mac làm. dịch vụ là tuyệt vời. chúng nhanh và hiệu quả. tôi không tìm thấy nữa. sau đó, đó là mac làm. không có gì đặc biệt để nói..",2,"đó là mac làm. dịch vụ là tuyệt vời. chúng nhanh và hiệu quả. tôi không tìm thấy nữa. sau đó, đó là mac làm. không có gì đặc biệt để nói."
"đó là mac làm. dịch vụ là tuyệt vời. chúng nhanh và hiệu quả. tôi không tìm thấy nữa. sau đó, đó là mac làm. không có gì đặc biệt để nói..",2,"đó là mac làm. dịch vụ là tuyệt vời. chúng nhanh và hiệu quả. tôi không tìm thấy nữa. sau đó, đó là mac làm. không có gì đặc biệt để nói."
"đó là mac làm. dịch vụ là tuyệt vời. chúng nhanh và hiệu quả. tôi không tìm thấy nữa. sau đó, đó là mac làm. không có gì đặc biệt để nói..",2,"đó là mac làm. dịch vụ là tuyệt vời. chúng nhanh và hiệu quả. tôi không tìm thấy nữa. sau đó, đó là mac làm. không có gì đặc biệt để nói."
"Nơi này đã tốt hơn. thiếu nhân viên gây ra thiếu dịch vụ đàng hoàng như rót nước, làm sạch..",2,"nơi này đã tốt hơn. thiếu nhân viên gây ra thiếu dịch vụ đàng hoàng như rót nước, làm sạch."
"Nơi này đã tốt hơn. thiếu nhân viên gây ra thiếu dịch vụ đàng hoàng như rót nước, làm sạch..",2,"nơi này đã tốt hơn. thiếu nhân viên gây ra thiếu dịch vụ đàng hoàng như rót nước, làm sạch."
"Nơi này đã tốt hơn. thiếu nhân viên gây ra thiếu dịch vụ đàng hoàng như rót nước, làm sạch..",2,"nơi này đã tốt hơn. thiếu nhân viên gây ra thiếu dịch vụ đàng hoàng như rót nước, làm sạch."
"Nơi này đã tốt hơn. thiếu nhân viên gây ra thiếu dịch vụ đàng hoàng như rót nước, làm sạch..",2,"nơi này đã tốt hơn. thiếu nhân viên gây ra thiếu dịch vụ đàng hoàng như rót nước, làm sạch."
"Nơi này đã tốt hơn. thiếu nhân viên gây ra thiếu dịch vụ đàng hoàng như rót nước, làm sạch..",2,"nơi này đã tốt hơn. thiếu nhân viên gây ra thiếu dịch vụ đàng hoàng như rót nước, làm sạch."
"Nơi này đã tốt hơn. thiếu nhân viên gây ra thiếu dịch vụ đàng hoàng như rót nước, làm sạch..",2,"nơi này đã tốt hơn. thiếu nhân viên gây ra thiếu dịch vụ đàng hoàng như rót nước, làm sạch."
"tiện chỗ để xe, đồ ăn và nước uống quá dở",2,"tiện chỗ để xe, đồ ăn và nước uống quá dở"
"tiện chỗ để xe, đồ ăn và nước uống quá dở",2,"tiện chỗ để xe, đồ ăn và nước uống quá dở"
"tiện chỗ để xe, đồ ăn và nước uống quá dở",2,"tiện chỗ để xe, đồ ăn và nước uống quá dở"
"tiện chỗ để xe, đồ ăn và nước uống quá dở",2,"tiện chỗ để xe, đồ ăn và nước uống quá dở"
"tiện chỗ để xe, đồ ăn và nước uống quá dở",2,"tiện chỗ để xe, đồ ăn và nước uống quá dở"
"tiện chỗ để xe, đồ ăn và nước uống quá dở",2,"tiện chỗ để xe, đồ ăn và nước uống quá dở"
không phải là thời điểm tốt để đến thăm họ đã xây dựng trong giờ ăn trưa..,2,không phải là thời điểm tốt để đến thăm họ đã xây dựng trong giờ ăn trưa.
không phải là thời điểm tốt để đến thăm họ đã xây dựng trong giờ ăn trưa..,2,không phải là thời điểm tốt để đến thăm họ đã xây dựng trong giờ ăn trưa.
không phải là thời điểm tốt để đến thăm họ đã xây dựng trong giờ ăn trưa..,2,không phải là thời điểm tốt để đến thăm họ đã xây dựng trong giờ ăn trưa.
không phải là thời điểm tốt để đến thăm họ đã xây dựng trong giờ ăn trưa..,2,không phải là thời điểm tốt để đến thăm họ đã xây dựng trong giờ ăn trưa.
không phải là thời điểm tốt để đến thăm họ đã xây dựng trong giờ ăn trưa..,2,không phải là thời điểm tốt để đến thăm họ đã xây dựng trong giờ ăn trưa.
không phải là thời điểm tốt để đến thăm họ đã xây dựng trong giờ ăn trưa..,2,không phải là thời điểm tốt để đến thăm họ đã xây dựng trong giờ ăn trưa.
"khu này đồ ăn ngon, mỗi tội có cái cống hôi ăn mất ngon..",2,"khu này đồ ăn ngon, mỗi tội có cái cống hôi ăn mất ngon."
"khu này đồ ăn ngon, mỗi tội có cái cống hôi ăn mất ngon..",2,"khu này đồ ăn ngon, mỗi tội có cái cống hôi ăn mất ngon."
"khu này đồ ăn ngon, mỗi tội có cái cống hôi ăn mất ngon..",2,"khu này đồ ăn ngon, mỗi tội có cái cống hôi ăn mất ngon."
"khu này đồ ăn ngon, mỗi tội có cái cống hôi ăn mất ngon..",2,"khu này đồ ăn ngon, mỗi tội có cái cống hôi ăn mất ngon."
"khu này đồ ăn ngon, mỗi tội có cái cống hôi ăn mất ngon..",2,"khu này đồ ăn ngon, mỗi tội có cái cống hôi ăn mất ngon."
"khu này đồ ăn ngon, mỗi tội có cái cống hôi ăn mất ngon..",2,"khu này đồ ăn ngon, mỗi tội có cái cống hôi ăn mất ngon."
Đông đúc và không được làm sạch mặc dù lớn nhưng vẫn cần một số quản lý.,2,đông đúc và không được làm sạch mặc dù lớn nhưng vẫn cần một số quản lý
Đông đúc và không được làm sạch mặc dù lớn nhưng vẫn cần một số quản lý.,2,đông đúc và không được làm sạch mặc dù lớn nhưng vẫn cần một số quản lý
Đông đúc và không được làm sạch mặc dù lớn nhưng vẫn cần một số quản lý.,2,đông đúc và không được làm sạch mặc dù lớn nhưng vẫn cần một số quản lý
Đông đúc và không được làm sạch mặc dù lớn nhưng vẫn cần một số quản lý.,2,đông đúc và không được làm sạch mặc dù lớn nhưng vẫn cần một số quản lý
Đông đúc và không được làm sạch mặc dù lớn nhưng vẫn cần một số quản lý.,2,đông đúc và không được làm sạch mặc dù lớn nhưng vẫn cần một số quản lý
Đông đúc và không được làm sạch mặc dù lớn nhưng vẫn cần một số quản lý.,2,đông đúc và không được làm sạch mặc dù lớn nhưng vẫn cần một số quản lý
Hương vị ở Việt Nam không quá ngon. Điều này là chúng cung cấp nhiều sự lựa chọn hơn về nước sốt và cũng nhận được mynonise.,2,hương vị ở việt nam không quá ngon. điều này là chúng cung cấp nhiều sự lựa chọn hơn về nước sốt và cũng nhận được mynonise
Hương vị ở Việt Nam không quá ngon. Điều này là chúng cung cấp nhiều sự lựa chọn hơn về nước sốt và cũng nhận được mynonise.,2,hương vị ở việt nam không quá ngon. điều này là chúng cung cấp nhiều sự lựa chọn hơn về nước sốt và cũng nhận được mynonise
Hương vị ở Việt Nam không quá ngon. Điều này là chúng cung cấp nhiều sự lựa chọn hơn về nước sốt và cũng nhận được mynonise.,2,hương vị ở việt nam không quá ngon. điều này là chúng cung cấp nhiều sự lựa chọn hơn về nước sốt và cũng nhận được mynonise
Hương vị ở Việt Nam không quá ngon. Điều này là chúng cung cấp nhiều sự lựa chọn hơn về nước sốt và cũng nhận được mynonise.,2,hương vị ở việt nam không quá ngon. điều này là chúng cung cấp nhiều sự lựa chọn hơn về nước sốt và cũng nhận được mynonise
Hương vị ở Việt Nam không quá ngon. Điều này là chúng cung cấp nhiều sự lựa chọn hơn về nước sốt và cũng nhận được mynonise.,2,hương vị ở việt nam không quá ngon. điều này là chúng cung cấp nhiều sự lựa chọn hơn về nước sốt và cũng nhận được mynonise
Hương vị ở Việt Nam không quá ngon. Điều này là chúng cung cấp nhiều sự lựa chọn hơn về nước sốt và cũng nhận được mynonise.,2,hương vị ở việt nam không quá ngon. điều này là chúng cung cấp nhiều sự lựa chọn hơn về nước sốt và cũng nhận được mynonise
okay,2,bình thường
"not great, not terrible",2,bình thường
nothing special,2,bình thường
so-so,2,bình thường
mediocre,2,bình thường
passable,2,bình thường
"món ăn và dịch vụ đạt chuẩn, nhà hàng đông khách, náo nhiệt thích hợp cho gia đình",2,"món ăn và dịch vụ đạt chuẩn, nhà hàng đông khách, náo nhiệt thích hợp cho gia đình"
"món ăn và dịch vụ đạt chuẩn, nhà hàng đông khách, náo nhiệt thích hợp cho gia đình",2,"món ăn và dịch vụ đạt chuẩn, nhà hàng đông khách, náo nhiệt thích hợp cho gia đình"
"món ăn và dịch vụ đạt chuẩn, nhà hàng đông khách, náo nhiệt thích hợp cho gia đình",2,"món ăn và dịch vụ đạt chuẩn, nhà hàng đông khách, náo nhiệt thích hợp cho gia đình"
"món ăn và dịch vụ đạt chuẩn, nhà hàng đông khách, náo nhiệt thích hợp cho gia đình",2,"món ăn và dịch vụ đạt chuẩn, nhà hàng đông khách, náo nhiệt thích hợp cho gia đình"
"món ăn và dịch vụ đạt chuẩn, nhà hàng đông khách, náo nhiệt thích hợp cho gia đình",2,"món ăn và dịch vụ đạt chuẩn, nhà hàng đông khách, náo nhiệt thích hợp cho gia đình"
"món ăn và dịch vụ đạt chuẩn, nhà hàng đông khách, náo nhiệt thích hợp cho gia đình",2,"món ăn và dịch vụ đạt chuẩn, nhà hàng đông khách, náo nhiệt thích hợp cho gia đình"
"chắc do mình thấy không hợp với vị gà mặn, ăn ngán..",2,"chắc do mình thấy không hợp với vị gà mặn, ăn ngán."
"chắc do mình thấy không hợp với vị gà mặn, ăn ngán..",2,"chắc do mình thấy không hợp với vị gà mặn, ăn ngán."
"chắc do mình thấy không hợp với vị gà mặn, ăn ngán..",2,"chắc do mình thấy không hợp với vị gà mặn, ăn ngán."
"chắc do mình thấy không hợp với vị gà mặn, ăn ngán..",2,"chắc do mình thấy không hợp với vị gà mặn, ăn ngán."
"chắc do mình thấy không hợp với vị gà mặn, ăn ngán..",2,"chắc do mình thấy không hợp với vị gà mặn, ăn ngán."
"chắc do mình thấy không hợp với vị gà mặn, ăn ngán..",2,"chắc do mình thấy không hợp với vị gà mặn, ăn ngán."
không gian thoải mái đồ ăn và dịch vụ thì bùnh thường,2,không gian thoải mái đồ ăn và dịch vụ thì bùnh thường
không gian thoải mái đồ ăn và dịch vụ thì bùnh thường,2,không gian thoải mái đồ ăn và dịch vụ thì bùnh thường
không gian thoải mái đồ ăn và dịch vụ thì bùnh thường,2,không gian thoải mái đồ ăn và dịch vụ thì bùnh thường
không gian thoải mái đồ ăn và dịch vụ thì bùnh thường,2,không gian thoải mái đồ ăn và dịch vụ thì bùnh thường
không gian thoải mái đồ ăn và dịch vụ thì bùnh thường,2,không gian thoải mái đồ ăn và dịch vụ thì bùnh thường
không gian thoải mái đồ ăn và dịch vụ thì bùnh thường,2,không gian thoải mái đồ ăn và dịch vụ thì bùnh thường
Có vẻ ổn thôi...,2,tạm được...
Không tệ lắm.,2,tạm được...
Chấp nhận được.,2,tạm được...
Ở mức trung bình.,2,tạm được...
"Không xuất sắc, nhưng cũng không tệ.",2,tạm được...
Tạm chấp nhận được.,2,tạm được...
"nó vẫn là mcdonald, đây là một địa chỉ tốt nếu bạn muốn ăn nhanh, tuy nhiên tôi thấy rằng thẻ bị hạn chế so với các quốc gia khác một chút thất vọng..",2,"nó vẫn là mcdonald, đây là một địa chỉ tốt nếu bạn muốn ăn nhanh, tuy nhiên tôi thấy rằng thẻ bị hạn chế so với các quốc gia khác một chút thất vọng."
"nó vẫn là mcdonald, đây là một địa chỉ tốt nếu bạn muốn ăn nhanh, tuy nhiên tôi thấy rằng thẻ bị hạn chế so với các quốc gia khác một chút thất vọng..",2,"nó vẫn là mcdonald, đây là một địa chỉ tốt nếu bạn muốn ăn nhanh, tuy nhiên tôi thấy rằng thẻ bị hạn chế so với các quốc gia khác một chút thất vọng."
"nó vẫn là mcdonald, đây là một địa chỉ tốt nếu bạn muốn ăn nhanh, tuy nhiên tôi thấy rằng thẻ bị hạn chế so với các quốc gia khác một chút thất vọng..",2,"nó vẫn là mcdonald, đây là một địa chỉ tốt nếu bạn muốn ăn nhanh, tuy nhiên tôi thấy rằng thẻ bị hạn chế so với các quốc gia khác một chút thất vọng."
"nó vẫn là mcdonald, đây là một địa chỉ tốt nếu bạn muốn ăn nhanh, tuy nhiên tôi thấy rằng thẻ bị hạn chế so với các quốc gia khác một chút thất vọng..",2,"nó vẫn là mcdonald, đây là một địa chỉ tốt nếu bạn muốn ăn nhanh, tuy nhiên tôi thấy rằng thẻ bị hạn chế so với các quốc gia khác một chút thất vọng."
"nó vẫn là mcdonald, đây là một địa chỉ tốt nếu bạn muốn ăn nhanh, tuy nhiên tôi thấy rằng thẻ bị hạn chế so với các quốc gia khác một chút thất vọng..",2,"nó vẫn là mcdonald, đây là một địa chỉ tốt nếu bạn muốn ăn nhanh, tuy nhiên tôi thấy rằng thẻ bị hạn chế so với các quốc gia khác một chút thất vọng."
"nó vẫn là mcdonald, đây là một địa chỉ tốt nếu bạn muốn ăn nhanh, tuy nhiên tôi thấy rằng thẻ bị hạn chế so với các quốc gia khác một chút thất vọng..",2,"nó vẫn là mcdonald, đây là một địa chỉ tốt nếu bạn muốn ăn nhanh, tuy nhiên tôi thấy rằng thẻ bị hạn chế so với các quốc gia khác một chút thất vọng."
"Đồ ăn được phục vụ nhanh chóng, tuy nhiên nhân viên vệ sinh lại có hành vi không đúng mực với khách hàng.",2,đồ ăn ra nhanh phục vụ được nhưng nhân viên vệ sinh chửi khách
"Món ăn lên bàn khá nhanh và nhân viên phục vụ cũng ổn, nhưng lại có vấn đề là nhân viên vệ sinh lại chửi khách.",2,đồ ăn ra nhanh phục vụ được nhưng nhân viên vệ sinh chửi khách
"Thức ăn được mang ra nhanh, thái độ phục vụ chấp nhận được, nhưng nhân viên vệ sinh lại chửi bới khách hàng, điều này thật không thể chấp nhận.",0,đồ ăn ra nhanh phục vụ được nhưng nhân viên vệ sinh chửi khách
"Phục vụ nhanh, đồ ăn tàm tạm, nhưng nhân viên vệ sinh lại gây gổ với khách.",0,đồ ăn ra nhanh phục vụ được nhưng nhân viên vệ sinh chửi khách
"Nhìn chung là đồ ăn lên nhanh, phục vụ tạm ổn, có điều nhân viên vệ sinh lại có lời lẽ không hay với khách hàng.",0,đồ ăn ra nhanh phục vụ được nhưng nhân viên vệ sinh chửi khách
"Mặc dù đồ ăn được lên khá nhanh và nhân viên phục vụ chấp nhận được, tuy nhiên lại có một sự cố xảy ra là nhân viên vệ sinh đã có hành vi chửi khách.",0,đồ ăn ra nhanh phục vụ được nhưng nhân viên vệ sinh chửi khách
ổn..,2,ổn.
ổn..,2,ổn.
ổn..,2,ổn.
ổn..,2,ổn.
ổn..,2,ổn.
ổn..,2,ổn.
"tôi nghĩ rằng mc donald vn không đầu tư vào quảng cáo vì trang web của họ trông rất kém, ứng dụng ios hoặc android cũng trông rất tệ và bị mắc kẹt, một số thứ đã không thích.",2,"tôi nghĩ rằng mc donald vn không đầu tư vào quảng cáo vì trang web của họ trông rất kém, ứng dụng ios hoặc android cũng trông rất tệ và bị mắc kẹt, một số thứ đã không thích"
"tôi nghĩ rằng mc donald vn không đầu tư vào quảng cáo vì trang web của họ trông rất kém, ứng dụng ios hoặc android cũng trông rất tệ và bị mắc kẹt, một số thứ đã không thích.",2,"tôi nghĩ rằng mc donald vn không đầu tư vào quảng cáo vì trang web của họ trông rất kém, ứng dụng ios hoặc android cũng trông rất tệ và bị mắc kẹt, một số thứ đã không thích"
"tôi nghĩ rằng mc donald vn không đầu tư vào quảng cáo vì trang web của họ trông rất kém, ứng dụng ios hoặc android cũng trông rất tệ và bị mắc kẹt, một số thứ đã không thích.",2,"tôi nghĩ rằng mc donald vn không đầu tư vào quảng cáo vì trang web của họ trông rất kém, ứng dụng ios hoặc android cũng trông rất tệ và bị mắc kẹt, một số thứ đã không thích"
"tôi nghĩ rằng mc donald vn không đầu tư vào quảng cáo vì trang web của họ trông rất kém, ứng dụng ios hoặc android cũng trông rất tệ và bị mắc kẹt, một số thứ đã không thích.",2,"tôi nghĩ rằng mc donald vn không đầu tư vào quảng cáo vì trang web của họ trông rất kém, ứng dụng ios hoặc android cũng trông rất tệ và bị mắc kẹt, một số thứ đã không thích"
"tôi nghĩ rằng mc donald vn không đầu tư vào quảng cáo vì trang web của họ trông rất kém, ứng dụng ios hoặc android cũng trông rất tệ và bị mắc kẹt, một số thứ đã không thích.",2,"tôi nghĩ rằng mc donald vn không đầu tư vào quảng cáo vì trang web của họ trông rất kém, ứng dụng ios hoặc android cũng trông rất tệ và bị mắc kẹt, một số thứ đã không thích"
"tôi nghĩ rằng mc donald vn không đầu tư vào quảng cáo vì trang web của họ trông rất kém, ứng dụng ios hoặc android cũng trông rất tệ và bị mắc kẹt, một số thứ đã không thích.",2,"tôi nghĩ rằng mc donald vn không đầu tư vào quảng cáo vì trang web của họ trông rất kém, ứng dụng ios hoặc android cũng trông rất tệ và bị mắc kẹt, một số thứ đã không thích"
nơi tuyệt vời,2,nơi tuyệt vời
nơi tuyệt vời,2,nơi tuyệt vời
nơi tuyệt vời,2,nơi tuyệt vời
nơi tuyệt vời,2,nơi tuyệt vời
nơi tuyệt vời,2,nơi tuyệt vời
nơi tuyệt vời,2,nơi tuyệt vời
"nếu bạn không biết mcdonald là như thế nào, sẽ không có mô tả nào về tôi..",2,"nếu bạn không biết mcdonald là như thế nào, sẽ không có mô tả nào về tôi."
"nếu bạn không biết mcdonald là như thế nào, sẽ không có mô tả nào về tôi..",2,"nếu bạn không biết mcdonald là như thế nào, sẽ không có mô tả nào về tôi."
"nếu bạn không biết mcdonald là như thế nào, sẽ không có mô tả nào về tôi..",2,"nếu bạn không biết mcdonald là như thế nào, sẽ không có mô tả nào về tôi."
"nếu bạn không biết mcdonald là như thế nào, sẽ không có mô tả nào về tôi..",2,"nếu bạn không biết mcdonald là như thế nào, sẽ không có mô tả nào về tôi."
"nếu bạn không biết mcdonald là như thế nào, sẽ không có mô tả nào về tôi..",2,"nếu bạn không biết mcdonald là như thế nào, sẽ không có mô tả nào về tôi."
"nếu bạn không biết mcdonald là như thế nào, sẽ không có mô tả nào về tôi..",2,"nếu bạn không biết mcdonald là như thế nào, sẽ không có mô tả nào về tôi."
"toilet hôi, gửi xe thì bảo vệ nói khách thẻ trên bàn rồi chỉ tay xuống bàn.thùng rác tổng của quán đặt gần bãi xe bốc mùi chua và hôi gây khó chịu ảnh hưởng sức khỏe nhân viên và khách hàng.",2,"toilet hôi, gửi xe thì bảo vệ nói khách thẻ trên bàn rồi chỉ tay xuống bàn.thùng rác tổng của quán đặt gần bãi xe bốc mùi chua và hôi gây khó chịu ảnh hưởng sức khỏe nhân viên và khách hàng"
"toilet hôi, gửi xe thì bảo vệ nói khách thẻ trên bàn rồi chỉ tay xuống bàn.thùng rác tổng của quán đặt gần bãi xe bốc mùi chua và hôi gây khó chịu ảnh hưởng sức khỏe nhân viên và khách hàng.",2,"toilet hôi, gửi xe thì bảo vệ nói khách thẻ trên bàn rồi chỉ tay xuống bàn.thùng rác tổng của quán đặt gần bãi xe bốc mùi chua và hôi gây khó chịu ảnh hưởng sức khỏe nhân viên và khách hàng"
"toilet hôi, gửi xe thì bảo vệ nói khách thẻ trên bàn rồi chỉ tay xuống bàn.thùng rác tổng của quán đặt gần bãi xe bốc mùi chua và hôi gây khó chịu ảnh hưởng sức khỏe nhân viên và khách hàng.",2,"toilet hôi, gửi xe thì bảo vệ nói khách thẻ trên bàn rồi chỉ tay xuống bàn.thùng rác tổng của quán đặt gần bãi xe bốc mùi chua và hôi gây khó chịu ảnh hưởng sức khỏe nhân viên và khách hàng"
"toilet hôi, gửi xe thì bảo vệ nói khách thẻ trên bàn rồi chỉ tay xuống bàn.thùng rác tổng của quán đặt gần bãi xe bốc mùi chua và hôi gây khó chịu ảnh hưởng sức khỏe nhân viên và khách hàng.",2,"toilet hôi, gửi xe thì bảo vệ nói khách thẻ trên bàn rồi chỉ tay xuống bàn.thùng rác tổng của quán đặt gần bãi xe bốc mùi chua và hôi gây khó chịu ảnh hưởng sức khỏe nhân viên và khách hàng"
"toilet hôi, gửi xe thì bảo vệ nói khách thẻ trên bàn rồi chỉ tay xuống bàn.thùng rác tổng của quán đặt gần bãi xe bốc mùi chua và hôi gây khó chịu ảnh hưởng sức khỏe nhân viên và khách hàng.",2,"toilet hôi, gửi xe thì bảo vệ nói khách thẻ trên bàn rồi chỉ tay xuống bàn.thùng rác tổng của quán đặt gần bãi xe bốc mùi chua và hôi gây khó chịu ảnh hưởng sức khỏe nhân viên và khách hàng"
"toilet hôi, gửi xe thì bảo vệ nói khách thẻ trên bàn rồi chỉ tay xuống bàn.thùng rác tổng của quán đặt gần bãi xe bốc mùi chua và hôi gây khó chịu ảnh hưởng sức khỏe nhân viên và khách hàng.",2,"toilet hôi, gửi xe thì bảo vệ nói khách thẻ trên bàn rồi chỉ tay xuống bàn.thùng rác tổng của quán đặt gần bãi xe bốc mùi chua và hôi gây khó chịu ảnh hưởng sức khỏe nhân viên và khách hàng"
"không hiểu sao , không ngon như bên nga hay bên singapore",2,"không hiểu sao , không ngon như bên nga hay bên singapore"
"không hiểu sao , không ngon như bên nga hay bên singapore",2,"không hiểu sao , không ngon như bên nga hay bên singapore"
"không hiểu sao , không ngon như bên nga hay bên singapore",2,"không hiểu sao , không ngon như bên nga hay bên singapore"
"không hiểu sao , không ngon như bên nga hay bên singapore",2,"không hiểu sao , không ngon như bên nga hay bên singapore"
"không hiểu sao , không ngon như bên nga hay bên singapore",2,"không hiểu sao , không ngon như bên nga hay bên singapore"
"không hiểu sao , không ngon như bên nga hay bên singapore",2,"không hiểu sao , không ngon như bên nga hay bên singapore"
hoàn hảo để sử dụng làm nơi gặp gỡ cho chuyến lưu diễn xe máy.,2,hoàn hảo để sử dụng làm nơi gặp gỡ cho chuyến lưu diễn xe máy
hoàn hảo để sử dụng làm nơi gặp gỡ cho chuyến lưu diễn xe máy.,2,hoàn hảo để sử dụng làm nơi gặp gỡ cho chuyến lưu diễn xe máy
hoàn hảo để sử dụng làm nơi gặp gỡ cho chuyến lưu diễn xe máy.,2,hoàn hảo để sử dụng làm nơi gặp gỡ cho chuyến lưu diễn xe máy
hoàn hảo để sử dụng làm nơi gặp gỡ cho chuyến lưu diễn xe máy.,2,hoàn hảo để sử dụng làm nơi gặp gỡ cho chuyến lưu diễn xe máy
hoàn hảo để sử dụng làm nơi gặp gỡ cho chuyến lưu diễn xe máy.,2,hoàn hảo để sử dụng làm nơi gặp gỡ cho chuyến lưu diễn xe máy
hoàn hảo để sử dụng làm nơi gặp gỡ cho chuyến lưu diễn xe máy.,2,hoàn hảo để sử dụng làm nơi gặp gỡ cho chuyến lưu diễn xe máy
trải nghiệm tùy mỗi cá nhân ..,2,trải nghiệm tùy mỗi cá nhân .
trải nghiệm tùy mỗi cá nhân ..,2,trải nghiệm tùy mỗi cá nhân .
trải nghiệm tùy mỗi cá nhân ..,2,trải nghiệm tùy mỗi cá nhân .
trải nghiệm tùy mỗi cá nhân ..,2,trải nghiệm tùy mỗi cá nhân .
trải nghiệm tùy mỗi cá nhân ..,2,trải nghiệm tùy mỗi cá nhân .
trải nghiệm tùy mỗi cá nhân ..,2,trải nghiệm tùy mỗi cá nhân .
"lúc mình đi là giao thừa nên có thể vì thế nên ít nhân viên. tự đặt món ở màn hình cảm ứng, nhưng do lần đầu làm, lại không có nhân viên gần đó hỗ trợ nên hơi bị bối rối. chỗ ngồi cũng không có người dọn dẹp nên hơi dơ..",2,"lúc mình đi là giao thừa nên có thể vì thế nên ít nhân viên. tự đặt món ở màn hình cảm ứng, nhưng do lần đầu làm, lại không có nhân viên gần đó hỗ trợ nên hơi bị bối rối. chỗ ngồi cũng không có người dọn dẹp nên hơi dơ."
"lúc mình đi là giao thừa nên có thể vì thế nên ít nhân viên. tự đặt món ở màn hình cảm ứng, nhưng do lần đầu làm, lại không có nhân viên gần đó hỗ trợ nên hơi bị bối rối. chỗ ngồi cũng không có người dọn dẹp nên hơi dơ..",2,"lúc mình đi là giao thừa nên có thể vì thế nên ít nhân viên. tự đặt món ở màn hình cảm ứng, nhưng do lần đầu làm, lại không có nhân viên gần đó hỗ trợ nên hơi bị bối rối. chỗ ngồi cũng không có người dọn dẹp nên hơi dơ."
"lúc mình đi là giao thừa nên có thể vì thế nên ít nhân viên. tự đặt món ở màn hình cảm ứng, nhưng do lần đầu làm, lại không có nhân viên gần đó hỗ trợ nên hơi bị bối rối. chỗ ngồi cũng không có người dọn dẹp nên hơi dơ..",2,"lúc mình đi là giao thừa nên có thể vì thế nên ít nhân viên. tự đặt món ở màn hình cảm ứng, nhưng do lần đầu làm, lại không có nhân viên gần đó hỗ trợ nên hơi bị bối rối. chỗ ngồi cũng không có người dọn dẹp nên hơi dơ."
"lúc mình đi là giao thừa nên có thể vì thế nên ít nhân viên. tự đặt món ở màn hình cảm ứng, nhưng do lần đầu làm, lại không có nhân viên gần đó hỗ trợ nên hơi bị bối rối. chỗ ngồi cũng không có người dọn dẹp nên hơi dơ..",2,"lúc mình đi là giao thừa nên có thể vì thế nên ít nhân viên. tự đặt món ở màn hình cảm ứng, nhưng do lần đầu làm, lại không có nhân viên gần đó hỗ trợ nên hơi bị bối rối. chỗ ngồi cũng không có người dọn dẹp nên hơi dơ."
"lúc mình đi là giao thừa nên có thể vì thế nên ít nhân viên. tự đặt món ở màn hình cảm ứng, nhưng do lần đầu làm, lại không có nhân viên gần đó hỗ trợ nên hơi bị bối rối. chỗ ngồi cũng không có người dọn dẹp nên hơi dơ..",2,"lúc mình đi là giao thừa nên có thể vì thế nên ít nhân viên. tự đặt món ở màn hình cảm ứng, nhưng do lần đầu làm, lại không có nhân viên gần đó hỗ trợ nên hơi bị bối rối. chỗ ngồi cũng không có người dọn dẹp nên hơi dơ."
"lúc mình đi là giao thừa nên có thể vì thế nên ít nhân viên. tự đặt món ở màn hình cảm ứng, nhưng do lần đầu làm, lại không có nhân viên gần đó hỗ trợ nên hơi bị bối rối. chỗ ngồi cũng không có người dọn dẹp nên hơi dơ..",2,"lúc mình đi là giao thừa nên có thể vì thế nên ít nhân viên. tự đặt món ở màn hình cảm ứng, nhưng do lần đầu làm, lại không có nhân viên gần đó hỗ trợ nên hơi bị bối rối. chỗ ngồi cũng không có người dọn dẹp nên hơi dơ."
"Tôi vừa ăn tối ở đó với gia đình tối qua. Chúng tôi đã chọn một combo và một ly kem với giá gần 200 nghìn đồng. Bữa ăn diễn ra vui vẻ với gia đình. Tuy nhiên, khi tôi vào nhà vệ sinh ở tầng trệt, tôi thực sự muốn nôn ra tất cả vì mùi nước tiểu quá kinh khủng. Tôi đã loay hoay một lúc để thích ứng với không khí và cố gắng quên đi cảm giác buồn nôn sắp tới... Tháng trước tôi cũng gặp tình trạng tương tự nhưng không tệ bằng lần này. Tại sao McDonald's lại đối xử với khách hàng như vậy, khi nhà vệ sinh chỉ cách khu vực ăn uống một cánh cửa?",2,"mới ăn cùng gia đình tối qua. chọn combo và ly kem gần 200k, ăn uống cùng gđ vui vẻ xong khi tới lúc vào nhà vệ sinh tầng trệt thật sự cái combo muốn trào ra hết vì ngộp thở mùi khai nước tiểu, loay hoay một hồi để thích ứng không khí và cố quên cơn nôn kế tiếp... tháng trước cũng bị vậy nhưng không nặng bằng. tại sao chỉ cách có một cánh của thôi mà đối xử khách hàng như thế mcdonalds"
"Tối qua mình đi ăn ở McDonald's với gia đình, gọi combo với kem hết gần 200k. Ăn uống thì vui vẻ, ai dè lúc đi toilet dưới trệt thì muốn ói vì mùi khai quá trời. Hít thở sâu các kiểu để quen với mùi, xong cố nuốt cơn buồn nôn. Tháng trước cũng bị rồi mà không nặng như lần này. Không hiểu sao toilet gần vậy mà McDonald's để khách hàng chịu cảnh này.",2,"mới ăn cùng gia đình tối qua. chọn combo và ly kem gần 200k, ăn uống cùng gđ vui vẻ xong khi tới lúc vào nhà vệ sinh tầng trệt thật sự cái combo muốn trào ra hết vì ngộp thở mùi khai nước tiểu, loay hoay một hồi để thích ứng không khí và cố quên cơn nôn kế tiếp... tháng trước cũng bị vậy nhưng không nặng bằng. tại sao chỉ cách có một cánh của thôi mà đối xử khách hàng như thế mcdonalds"
"Gia đình tôi vừa ăn ở McDonald's tối qua. Chúng tôi gọi combo và kem, tổng cộng gần 200 ngàn. Ăn uống khá ổn cho đến khi tôi vào nhà vệ sinh tầng trệt. Mùi khai nước tiểu nồng nặc khiến tôi muốn nôn. Tôi phải cố gắng để thích nghi với mùi và ngăn mình không nôn. Tháng trước tôi cũng gặp tình trạng này, nhưng không tệ như vậy. Tôi không hiểu tại sao McDonald's lại để nhà vệ sinh bẩn như vậy, trong khi nó chỉ cách khu vực ăn uống một bước chân.",2,"mới ăn cùng gia đình tối qua. chọn combo và ly kem gần 200k, ăn uống cùng gđ vui vẻ xong khi tới lúc vào nhà vệ sinh tầng trệt thật sự cái combo muốn trào ra hết vì ngộp thở mùi khai nước tiểu, loay hoay một hồi để thích ứng không khí và cố quên cơn nôn kế tiếp... tháng trước cũng bị vậy nhưng không nặng bằng. tại sao chỉ cách có một cánh của thôi mà đối xử khách hàng như thế mcdonalds"
"Chuyến đi ăn tối với gia đình tại McDonald's tối qua đã diễn ra không mấy suôn sẻ. Dù combo và kem có giá gần 200k và trải nghiệm ăn uống khá vui vẻ, nhà vệ sinh tầng trệt lại là một thảm họa. Mùi khai nước tiểu quá mạnh khiến tôi cảm thấy buồn nôn. Tôi đã phải cố gắng rất nhiều để thích ứng với mùi hôi thối đó. Tình trạng này đã xảy ra từ tháng trước, nhưng lần này tồi tệ hơn nhiều. Tôi tự hỏi tại sao McDonald's lại có thể chấp nhận một nhà vệ sinh bẩn thỉu như vậy, đặc biệt khi nó nằm ngay gần khu vực ăn uống.",2,"mới ăn cùng gia đình tối qua. chọn combo và ly kem gần 200k, ăn uống cùng gđ vui vẻ xong khi tới lúc vào nhà vệ sinh tầng trệt thật sự cái combo muốn trào ra hết vì ngộp thở mùi khai nước tiểu, loay hoay một hồi để thích ứng không khí và cố quên cơn nôn kế tiếp... tháng trước cũng bị vậy nhưng không nặng bằng. tại sao chỉ cách có một cánh của thôi mà đối xử khách hàng như thế mcdonalds"
"Ăn tối tại McDonald's tối qua với gia đình. Gọi món combo và thêm ly kem hết gần 200 ngàn. Mọi thứ đều ổn cho đến khi tôi ghé thăm nhà vệ sinh ở tầng trệt. Thật kinh khủng! Mùi khai nồng nặc xộc thẳng vào mũi khiến tôi suýt nôn. Tôi phải mất một lúc để làm quen với mùi và cố gắng không để bị nôn. Tháng trước tôi cũng gặp phải tình trạng tương tự nhưng không nghiêm trọng đến vậy. Tại sao McDonald's lại để nhà vệ sinh ở tình trạng tệ hại như vậy, trong khi nó nằm ngay cạnh khu vực ăn uống của khách hàng?",2,"mới ăn cùng gia đình tối qua. chọn combo và ly kem gần 200k, ăn uống cùng gđ vui vẻ xong khi tới lúc vào nhà vệ sinh tầng trệt thật sự cái combo muốn trào ra hết vì ngộp thở mùi khai nước tiểu, loay hoay một hồi để thích ứng không khí và cố quên cơn nôn kế tiếp... tháng trước cũng bị vậy nhưng không nặng bằng. tại sao chỉ cách có một cánh của thôi mà đối xử khách hàng như thế mcdonalds"
"Trải nghiệm ăn tối tại McDonald's tối qua với gia đình không được trọn vẹn. Chúng tôi đã chi gần 200k cho combo và kem, và mọi thứ diễn ra khá suôn sẻ cho đến khi tôi sử dụng nhà vệ sinh ở tầng trệt. Mùi khai nước tiểu nồng nặc và khó chịu đến mức khiến tôi cảm thấy muốn nôn ngay lập tức. Tôi đã phải mất một khoảng thời gian để thích nghi với mùi kinh khủng này. Điều đáng nói là tình trạng này đã xảy ra từ tháng trước, nhưng lần này có vẻ tệ hơn. Thực sự không hiểu nổi tại sao một chuỗi nhà hàng lớn như McDonald's lại có thể bỏ qua vấn đề vệ sinh như vậy, đặc biệt là khi nhà vệ sinh nằm rất gần khu vực ăn uống.",2,"mới ăn cùng gia đình tối qua. chọn combo và ly kem gần 200k, ăn uống cùng gđ vui vẻ xong khi tới lúc vào nhà vệ sinh tầng trệt thật sự cái combo muốn trào ra hết vì ngộp thở mùi khai nước tiểu, loay hoay một hồi để thích ứng không khí và cố quên cơn nôn kế tiếp... tháng trước cũng bị vậy nhưng không nặng bằng. tại sao chỉ cách có một cánh của thôi mà đối xử khách hàng như thế mcdonalds"
thuận tiện cho khách không xuống xe..,2,thuận tiện cho khách không xuống xe.
thuận tiện cho khách không xuống xe..,2,thuận tiện cho khách không xuống xe.
thuận tiện cho khách không xuống xe..,2,thuận tiện cho khách không xuống xe.
thuận tiện cho khách không xuống xe..,2,thuận tiện cho khách không xuống xe.
thuận tiện cho khách không xuống xe..,2,thuận tiện cho khách không xuống xe.
thuận tiện cho khách không xuống xe..,2,thuận tiện cho khách không xuống xe.
"Mình đã đặc biệt dặn là không lấy phần đùi gà, nhưng họ vẫn bỏ đùi vào. Thêm vào đó, lại đưa cho mình ba gói tương cà mà không có gói tương ớt nào cả. Gần nửa đêm rồi, giờ mình phải chạy đi xin tương ớt của hàng xóm để ăn. May mắn lắm mới cho 3 sao đó. Đây là đơn hàng số 139 mình mua lúc 23:20-23:30 tại McDonald's Điện Biên Phủ. Ăn mà tức không chịu được.",2,"đã dặn không lấy đùi cũng bỏ cái đùi vô. đã vậy còn đưa 3 gói tương cà không có tương ớt, gần 12h đêm fai vác cái chén đi xin hàng xóm trọ ít tương để ăn. 3 sao là hên rồi. đơn hàng số 139 mua lúc 23h2023h30 tại mcdonald điện biên phủ. ăn mình tức muốn trào đờm."
Tui kêu rõ ràng là đừng có đùi mà vẫn nhét cái đùi vô là sao? Đã vậy còn chơi mình 3 gói tương cà không có miếng tương ớt nào. Hên là còn hàng xóm để chạy qua xin miếng tương ăn đỡ lúc gần 12h đêm. Chứ không chắc tui quăng luôn quá. 3 sao là còn nể đó. Order số 139 lúc 11 rưỡi đêm ở Mc Donald's Điện Biên Phủ. Tức dễ sợ!,2,"đã dặn không lấy đùi cũng bỏ cái đùi vô. đã vậy còn đưa 3 gói tương cà không có tương ớt, gần 12h đêm fai vác cái chén đi xin hàng xóm trọ ít tương để ăn. 3 sao là hên rồi. đơn hàng số 139 mua lúc 23h2023h30 tại mcdonald điện biên phủ. ăn mình tức muốn trào đờm."
"Mặc dù đã yêu cầu không lấy đùi gà, đơn hàng vẫn bao gồm phần đùi. Ngoài ra, chỉ nhận được ba gói tương cà mà không có tương ớt. Buộc phải đi xin tương ớt từ hàng xóm vào lúc gần nửa đêm. Đánh giá 3 sao. Đơn hàng số 139, mua tại McDonald's Điện Biên Phủ lúc 23:20-23:30. Rất không hài lòng.",2,"đã dặn không lấy đùi cũng bỏ cái đùi vô. đã vậy còn đưa 3 gói tương cà không có tương ớt, gần 12h đêm fai vác cái chén đi xin hàng xóm trọ ít tương để ăn. 3 sao là hên rồi. đơn hàng số 139 mua lúc 23h2023h30 tại mcdonald điện biên phủ. ăn mình tức muốn trào đờm."
"Tôi đã yêu cầu loại bỏ đùi gà khỏi đơn hàng, nhưng yêu cầu này không được thực hiện. Bên cạnh đó, tôi chỉ nhận được 3 gói tương cà mà không hề có tương ớt. Vì vậy, tôi phải đi xin tương ớt từ nhà hàng xóm vào lúc gần 12 giờ đêm để dùng bữa. Tôi đánh giá 3 sao cho trải nghiệm này. Mã đơn hàng là 139, được mua tại McDonald's Điện Biên Phủ vào khoảng 23:20-23:30.",2,"đã dặn không lấy đùi cũng bỏ cái đùi vô. đã vậy còn đưa 3 gói tương cà không có tương ớt, gần 12h đêm fai vác cái chén đi xin hàng xóm trọ ít tương để ăn. 3 sao là hên rồi. đơn hàng số 139 mua lúc 23h2023h30 tại mcdonald điện biên phủ. ăn mình tức muốn trào đờm."
"Đã dặn dò kỹ lưỡng về việc không muốn nhận phần đùi gà, nhưng đơn hàng vẫn có. Không những thế, lại còn thiếu tương ớt, chỉ có 3 gói tương cà. Buộc lòng phải đi vay mượn hàng xóm tương ớt lúc đêm khuya. 3 sao là còn rộng lượng chán. Đơn hàng 139 tại McDonald's Điện Biên Phủ lúc 11:20-11:30 đêm. Bực bội thật sự.",2,"đã dặn không lấy đùi cũng bỏ cái đùi vô. đã vậy còn đưa 3 gói tương cà không có tương ớt, gần 12h đêm fai vác cái chén đi xin hàng xóm trọ ít tương để ăn. 3 sao là hên rồi. đơn hàng số 139 mua lúc 23h2023h30 tại mcdonald điện biên phủ. ăn mình tức muốn trào đờm."
"Mình đã note rất rõ là không lấy đùi gà, vậy mà vẫn cho đùi gà vào. Đã thế còn đưa có 3 gói tương cà, không có tương ớt gì hết. Tới gần 12h đêm phải chạy đi xin tương ớt của nhà kế bên. Thôi thì cho 3 sao. Order số 139 mua ở McDonald's Điện Biên Phủ lúc 23:20-23:30. Tức muốn ói.",2,"đã dặn không lấy đùi cũng bỏ cái đùi vô. đã vậy còn đưa 3 gói tương cà không có tương ớt, gần 12h đêm fai vác cái chén đi xin hàng xóm trọ ít tương để ăn. 3 sao là hên rồi. đơn hàng số 139 mua lúc 23h2023h30 tại mcdonald điện biên phủ. ăn mình tức muốn trào đờm."
"Burger trung bình, thịt có vị lạ, không giống các nước châu á khác.",2,"trung bình, thịt trên burger có vị lạ, không phải ở các nước châu á khác."
"Burger tạm được, nhưng thịt burger có vị khác thường so với các nước châu Á khác.",2,"trung bình, thịt trên burger có vị lạ, không phải ở các nước châu á khác."
"Burger ở mức chấp nhận được, nhưng hương vị thịt khác với những gì tôi đã quen ở châu Á.",2,"trung bình, thịt trên burger có vị lạ, không phải ở các nước châu á khác."
"Tôi thấy burger này bình thường, vị thịt không giống như những burger tôi từng ăn ở các nước châu Á khác.",2,"trung bình, thịt trên burger có vị lạ, không phải ở các nước châu á khác."
"Burger không đặc sắc, vị thịt hơi kỳ lạ, không giống khẩu vị châu Á quen thuộc.",2,"trung bình, thịt trên burger có vị lạ, không phải ở các nước châu á khác."
"Vị burger khá bình thường, thịt có vị khác lạ so với những nơi khác ở châu Á.",2,"trung bình, thịt trên burger có vị lạ, không phải ở các nước châu á khác."
It's alright.,2,tạm được
It's acceptable.,2,tạm được
It's not bad.,2,tạm được
It's okay.,2,tạm được
It's average.,2,tạm được
It's mediocre.,2,tạm được
"Quán rộng rãi, giá đắt",2,"quán rộng rãi, giá đắt"
"Không gian quán rộng, nhưng giá cả lại cao",2,"quán rộng rãi, giá đắt"
Giá cả không tương xứng với không gian rộng rãi của quán,2,"quán rộng rãi, giá đắt"
"Tuy quán có không gian lớn, nhưng giá thành lại là một vấn đề",2,"quán rộng rãi, giá đắt"
"Quán thì rộng đấy, mỗi tội giá hơi chát",2,"quán rộng rãi, giá đắt"
"Không gian quán rộng rãi là một điểm cộng, nhưng giá cả lại là một điểm trừ",2,"quán rộng rãi, giá đắt"
"Đã 24 giờ rồi, nên tôi muốn ăn kem hoặc đồ ăn nhanh. Tôi muốn đánh giá 5 sao cho hướng dẫn sử dụng, nhưng tôi phải dọn rác đồ ăn trên bàn ngoài trời mỗi lần, nên tôi chỉ cho 3 sao thôi.",2,"đã 24 giờ, vì vậy đã đến lúc đi ăn kem hoặc các bữa ăn đơn giản muộn. tôi muốn cho 5 sao cho hướng dẫn sử dụng, nhưng mỗi lần tôi phải tổ chức rác thực phẩm trên bàn ngoài trời, có 3 sao."
"Đã một ngày trôi qua, tôi thèm kem hoặc một bữa ăn nhẹ. Mặc dù rất thích hướng dẫn sử dụng và muốn đánh giá 5 sao, nhưng việc phải dọn dẹp bàn ăn ngoài trời sau mỗi lần sử dụng khiến tôi chỉ có thể cho 3 sao.",2,"đã 24 giờ, vì vậy đã đến lúc đi ăn kem hoặc các bữa ăn đơn giản muộn. tôi muốn cho 5 sao cho hướng dẫn sử dụng, nhưng mỗi lần tôi phải tổ chức rác thực phẩm trên bàn ngoài trời, có 3 sao."
"Sau 24 giờ, tôi nghĩ mình cần một chút kem hoặc đồ ăn vặt. Hướng dẫn sử dụng rất tuyệt (tôi muốn cho 5 sao!), nhưng việc phải dọn dẹp đồ ăn thừa trên bàn ngoài trời khiến trải nghiệm của tôi chỉ đáng 3 sao.",2,"đã 24 giờ, vì vậy đã đến lúc đi ăn kem hoặc các bữa ăn đơn giản muộn. tôi muốn cho 5 sao cho hướng dẫn sử dụng, nhưng mỗi lần tôi phải tổ chức rác thực phẩm trên bàn ngoài trời, có 3 sao."
"Đã đến lúc ăn kem hoặc bữa nhẹ sau một ngày dài. Mặc dù hướng dẫn sử dụng rất hữu ích (ước gì có thể cho 5 sao), nhưng việc phải dọn dẹp bàn ngoài trời sau khi ăn xong khiến tôi chỉ đánh giá 3 sao.",2,"đã 24 giờ, vì vậy đã đến lúc đi ăn kem hoặc các bữa ăn đơn giản muộn. tôi muốn cho 5 sao cho hướng dẫn sử dụng, nhưng mỗi lần tôi phải tổ chức rác thực phẩm trên bàn ngoài trời, có 3 sao."
"Một ngày đã kết thúc, và tôi muốn ăn kem hoặc một món gì đó đơn giản. Tôi rất thích hướng dẫn sử dụng và muốn cho điểm tối đa, nhưng việc phải lo dọn dẹp bàn ăn ngoài trời sau mỗi lần dùng làm tôi chỉ có thể cho 3 sao.",2,"đã 24 giờ, vì vậy đã đến lúc đi ăn kem hoặc các bữa ăn đơn giản muộn. tôi muốn cho 5 sao cho hướng dẫn sử dụng, nhưng mỗi lần tôi phải tổ chức rác thực phẩm trên bàn ngoài trời, có 3 sao."
"Hết một ngày rồi, giờ là lúc thưởng thức kem hoặc đồ ăn vặt. Mặc dù tôi rất ấn tượng với hướng dẫn sử dụng (muốn cho 5 sao luôn), nhưng việc phải tự dọn bàn ăn ngoài trời mỗi lần khiến tôi chỉ đánh giá 3 sao thôi.",2,"đã 24 giờ, vì vậy đã đến lúc đi ăn kem hoặc các bữa ăn đơn giản muộn. tôi muốn cho 5 sao cho hướng dẫn sử dụng, nhưng mỗi lần tôi phải tổ chức rác thực phẩm trên bàn ngoài trời, có 3 sao."
"không gian nóng, tiết kiệm điện máy lạnh. vô đó cũng đông khách, ăn thì nhớ lấy hóa đơn để miễn phí gửi xe..",2,"không gian nóng, tiết kiệm điện máy lạnh. vô đó cũng đông khách, ăn thì nhớ lấy hóa đơn để miễn phí gửi xe."
"không gian nóng, tiết kiệm điện máy lạnh. vô đó cũng đông khách, ăn thì nhớ lấy hóa đơn để miễn phí gửi xe..",2,"không gian nóng, tiết kiệm điện máy lạnh. vô đó cũng đông khách, ăn thì nhớ lấy hóa đơn để miễn phí gửi xe."
"không gian nóng, tiết kiệm điện máy lạnh. vô đó cũng đông khách, ăn thì nhớ lấy hóa đơn để miễn phí gửi xe..",2,"không gian nóng, tiết kiệm điện máy lạnh. vô đó cũng đông khách, ăn thì nhớ lấy hóa đơn để miễn phí gửi xe."
"không gian nóng, tiết kiệm điện máy lạnh. vô đó cũng đông khách, ăn thì nhớ lấy hóa đơn để miễn phí gửi xe..",2,"không gian nóng, tiết kiệm điện máy lạnh. vô đó cũng đông khách, ăn thì nhớ lấy hóa đơn để miễn phí gửi xe."
"không gian nóng, tiết kiệm điện máy lạnh. vô đó cũng đông khách, ăn thì nhớ lấy hóa đơn để miễn phí gửi xe..",2,"không gian nóng, tiết kiệm điện máy lạnh. vô đó cũng đông khách, ăn thì nhớ lấy hóa đơn để miễn phí gửi xe."
"không gian nóng, tiết kiệm điện máy lạnh. vô đó cũng đông khách, ăn thì nhớ lấy hóa đơn để miễn phí gửi xe..",2,"không gian nóng, tiết kiệm điện máy lạnh. vô đó cũng đông khách, ăn thì nhớ lấy hóa đơn để miễn phí gửi xe."
"bình thường, lúc này thêm order trên máy tính nên khách dễ lựa chọn hơn.",2,"bình thường, lúc này thêm order trên máy tính nên khách dễ lựa chọn hơn"
"tôi thấy bình thường, có thêm máy tính để order thì khách dễ chọn món hơn.",2,"bình thường, lúc này thêm order trên máy tính nên khách dễ lựa chọn hơn"
"Mọi thứ ở mức trung bình, việc có thêm máy tính để đặt món giúp khách hàng dễ dàng lựa chọn hơn trước.",2,"bình thường, lúc này thêm order trên máy tính nên khách dễ lựa chọn hơn"
Chất lượng ở mức chấp nhận được. Việc trang bị thêm hệ thống order trên máy tính giúp khách hàng thuận tiện hơn trong việc xem và chọn món.,2,"bình thường, lúc này thêm order trên máy tính nên khách dễ lựa chọn hơn"
"Không có gì đặc biệt, nhưng việc order bằng máy tính giúp khách hàng dễ dàng xem menu và chọn món.",2,"bình thường, lúc này thêm order trên máy tính nên khách dễ lựa chọn hơn"
"Ở mức trung bình thôi, được cái giờ order bằng máy nên dễ chọn đồ hơn hẳn.",2,"bình thường, lúc này thêm order trên máy tính nên khách dễ lựa chọn hơn"
hỗ trợ kém,2,hỗ trợ kém
hỗ trợ kém,2,hỗ trợ kém
hỗ trợ kém,2,hỗ trợ kém
hỗ trợ kém,2,hỗ trợ kém
hỗ trợ kém,2,hỗ trợ kém
hỗ trợ kém,2,hỗ trợ kém
"những món ăn quen thuộc của mcdonalds, nhà vệ sinh hơi bẩn....",2,"những món ăn quen thuộc của mcdonalds, nhà vệ sinh hơi bẩn..."
"những món ăn quen thuộc của mcdonalds, nhà vệ sinh hơi bẩn....",2,"những món ăn quen thuộc của mcdonalds, nhà vệ sinh hơi bẩn..."
"những món ăn quen thuộc của mcdonalds, nhà vệ sinh hơi bẩn....",2,"những món ăn quen thuộc của mcdonalds, nhà vệ sinh hơi bẩn..."
"những món ăn quen thuộc của mcdonalds, nhà vệ sinh hơi bẩn....",2,"những món ăn quen thuộc của mcdonalds, nhà vệ sinh hơi bẩn..."
"những món ăn quen thuộc của mcdonalds, nhà vệ sinh hơi bẩn....",2,"những món ăn quen thuộc của mcdonalds, nhà vệ sinh hơi bẩn..."
"những món ăn quen thuộc của mcdonalds, nhà vệ sinh hơi bẩn....",2,"những món ăn quen thuộc của mcdonalds, nhà vệ sinh hơi bẩn..."
"Quán ăn nhanh này hơi chậm so với tiêu chuẩn của tôi. Có lẽ hôm nay đông khách và nhân viên không đủ. Việc nhận order diễn ra chậm chạp, dù là order qua màn hình hay xếp hàng. Đồ ăn thì ngon so với giá. Tuy nhiên, bạn có thể tìm thấy những lựa chọn tốt hơn hoặc nhiều hơn với giá tương đương hoặc thậm chí rẻ hơn ở những nơi khác. Chất lượng đồ ăn tốt, khẩu phần vừa đủ. Vấn đề lớn nhất là vệ sinh, đôi khi trông hơi bẩn. Nhân viên làm việc tốt nhưng phần lớn sự bừa bộn là do khách hàng gây ra. Nhìn chung, đây là một nơi tốt để ăn nhanh, dù có thể không nhanh như mong đợi. Vệ sinh ở mức chấp nhận được và có chỗ ngồi ngoài trời nếu bạn không thích điều hòa.",2,"đối với một nơi thức ăn nhanh, nó là loại chậm theo quan điểm của tôi. có lẽ hôm nay là một chút đông đúc và họ có thể bị thiếu. đối với việc tiếp nhận đặt hàng, họ đã làm việc khá chậm, với việc đặt hàng qua màn hình hoặc chờ xếp hàng. ngoài ra, thực phẩm là tốt cho giá của nó. tuy nhiên, bạn vẫn có thể nhận được một cái gì đó khác tốt hơn nhiều hoặc thậm chí với tỷ lệ lớn hơn ở một nơi khác và thậm chí cũng có thể rẻ hơn. với điều đó đã được nói, chất lượng thực phẩm là tốt và phần là đủ. phê bình lớn nhất sẽ là sự sạch sẽ, mặc dù. đôi khi nó có thể trông hơi cẩu thả và bẩn. tôi biết rằng các nhân viên chắc chắn làm tốt công việc của họ nhưng đôi khi, hầu hết các mớ hỗn độn được tạo ra bởi khách hàng chứ không phải do nhân viên lười biếng. nhìn chung, một nơi tốt để lấy một bữa ăn nhanh, thậm chí nó có thể không đủ nhanh. sạch ở mức độ vừa phải và có chỗ ngồi ngoài trời nếu bạn không thích không khí điều hòa không khí."
"Theo ý kiến của tôi, đây là một địa điểm thức ăn nhanh tương đối chậm chạp. Có lẽ do hôm nay quán đông đúc và nhân viên có thể không đủ. Việc tiếp nhận order diễn ra khá chậm, bất kể bạn order qua màn hình hay xếp hàng chờ đợi. Bù lại, đồ ăn ở đây có chất lượng tương xứng với giá cả. Mặc dù vậy, bạn hoàn toàn có thể tìm được những món ăn ngon hơn, nhiều hơn hoặc thậm chí rẻ hơn ở một số địa điểm khác. Nhìn chung, chất lượng đồ ăn ở đây khá ổn và khẩu phần ăn cũng vừa đủ. Điểm trừ lớn nhất có lẽ là vấn đề vệ sinh. Đôi khi quán trông khá lộn xộn và không được sạch sẽ. Mặc dù nhân viên đã cố gắng làm việc hết mình nhưng phần lớn sự bừa bộn lại đến từ ý thức của khách hàng. Tóm lại, đây là một địa điểm chấp nhận được để ăn nhanh, mặc dù tốc độ phục vụ có thể không được nhanh như mong đợi. Vấn đề vệ sinh ở mức trung bình và quán có khu vực ngồi ngoài trời nếu bạn không thích không gian điều hòa.",2,"đối với một nơi thức ăn nhanh, nó là loại chậm theo quan điểm của tôi. có lẽ hôm nay là một chút đông đúc và họ có thể bị thiếu. đối với việc tiếp nhận đặt hàng, họ đã làm việc khá chậm, với việc đặt hàng qua màn hình hoặc chờ xếp hàng. ngoài ra, thực phẩm là tốt cho giá của nó. tuy nhiên, bạn vẫn có thể nhận được một cái gì đó khác tốt hơn nhiều hoặc thậm chí với tỷ lệ lớn hơn ở một nơi khác và thậm chí cũng có thể rẻ hơn. với điều đó đã được nói, chất lượng thực phẩm là tốt và phần là đủ. phê bình lớn nhất sẽ là sự sạch sẽ, mặc dù. đôi khi nó có thể trông hơi cẩu thả và bẩn. tôi biết rằng các nhân viên chắc chắn làm tốt công việc của họ nhưng đôi khi, hầu hết các mớ hỗn độn được tạo ra bởi khách hàng chứ không phải do nhân viên lười biếng. nhìn chung, một nơi tốt để lấy một bữa ăn nhanh, thậm chí nó có thể không đủ nhanh. sạch ở mức độ vừa phải và có chỗ ngồi ngoài trời nếu bạn không thích không khí điều hòa không khí."
"Nói thật thì, so với các quán ăn nhanh khác, tốc độ phục vụ ở đây hơi bị chậm ấy. Chắc hôm nay quán đông nên nhân viên làm không xuể. Gọi món cũng lâu la nữa, dù là tự order qua máy hay đứng xếp hàng. Được cái đồ ăn ngon so với giá tiền. Cơ mà nếu chịu khó tìm thì vẫn có chỗ khác ngon hơn, nhiều hơn mà giá lại còn mềm hơn ấy chứ. Về chất lượng đồ ăn thì không có gì để chê, phần ăn cũng vừa vặn. Mỗi tội là quán hơi bẩn, nhiều khi nhìn hơi mất vệ sinh. Biết là nhân viên cũng cố gắng dọn dẹp rồi nhưng mà phần lớn là do khách ăn xong vứt bừa bãi ra ấy. Túm lại là, nếu muốn ăn nhanh thì đây cũng là một lựa chọn tàm tạm, nhưng mà chắc chắn là không nhanh được như mình mong đợi đâu. Vệ sinh thì ở mức trung bình, có chỗ ngồi ngoài trời cho ai không thích ngồi điều hòa.",2,"đối với một nơi thức ăn nhanh, nó là loại chậm theo quan điểm của tôi. có lẽ hôm nay là một chút đông đúc và họ có thể bị thiếu. đối với việc tiếp nhận đặt hàng, họ đã làm việc khá chậm, với việc đặt hàng qua màn hình hoặc chờ xếp hàng. ngoài ra, thực phẩm là tốt cho giá của nó. tuy nhiên, bạn vẫn có thể nhận được một cái gì đó khác tốt hơn nhiều hoặc thậm chí với tỷ lệ lớn hơn ở một nơi khác và thậm chí cũng có thể rẻ hơn. với điều đó đã được nói, chất lượng thực phẩm là tốt và phần là đủ. phê bình lớn nhất sẽ là sự sạch sẽ, mặc dù. đôi khi nó có thể trông hơi cẩu thả và bẩn. tôi biết rằng các nhân viên chắc chắn làm tốt công việc của họ nhưng đôi khi, hầu hết các mớ hỗn độn được tạo ra bởi khách hàng chứ không phải do nhân viên lười biếng. nhìn chung, một nơi tốt để lấy một bữa ăn nhanh, thậm chí nó có thể không đủ nhanh. sạch ở mức độ vừa phải và có chỗ ngồi ngoài trời nếu bạn không thích không khí điều hòa không khí."
"Quán này phục vụ chậm so với mặt bằng chung của các quán ăn nhanh. Chắc tại hôm nay đông khách quá nên nhân viên không kịp xoay sở. Việc order món cũng khá chậm, dù order bằng máy hay xếp hàng. Bù lại thì đồ ăn ổn so với giá. Tuy nhiên, nếu tìm kỹ thì bạn có thể tìm được những lựa chọn tốt hơn, nhiều hơn hoặc rẻ hơn ở những nơi khác. Chất lượng đồ ăn ở đây khá ổn, khẩu phần cũng vừa đủ. Điểm trừ lớn nhất là vấn đề vệ sinh, đôi khi quán hơi bẩn. Mặc dù nhân viên đã cố gắng dọn dẹp nhưng phần lớn là do khách hàng xả rác bừa bãi. Nói chung, đây là một địa điểm ăn nhanh chấp nhận được, mặc dù tốc độ phục vụ không nhanh như mong đợi. Vệ sinh ở mức trung bình và có chỗ ngồi ngoài trời nếu bạn không thích không gian điều hòa.",2,"đối với một nơi thức ăn nhanh, nó là loại chậm theo quan điểm của tôi. có lẽ hôm nay là một chút đông đúc và họ có thể bị thiếu. đối với việc tiếp nhận đặt hàng, họ đã làm việc khá chậm, với việc đặt hàng qua màn hình hoặc chờ xếp hàng. ngoài ra, thực phẩm là tốt cho giá của nó. tuy nhiên, bạn vẫn có thể nhận được một cái gì đó khác tốt hơn nhiều hoặc thậm chí với tỷ lệ lớn hơn ở một nơi khác và thậm chí cũng có thể rẻ hơn. với điều đó đã được nói, chất lượng thực phẩm là tốt và phần là đủ. phê bình lớn nhất sẽ là sự sạch sẽ, mặc dù. đôi khi nó có thể trông hơi cẩu thả và bẩn. tôi biết rằng các nhân viên chắc chắn làm tốt công việc của họ nhưng đôi khi, hầu hết các mớ hỗn độn được tạo ra bởi khách hàng chứ không phải do nhân viên lười biếng. nhìn chung, một nơi tốt để lấy một bữa ăn nhanh, thậm chí nó có thể không đủ nhanh. sạch ở mức độ vừa phải và có chỗ ngồi ngoài trời nếu bạn không thích không khí điều hòa không khí."
"So với những quán ăn nhanh khác, tôi thấy quán này phục vụ hơi chậm. Có thể hôm nay quán đông khách và nhân viên không đủ. Việc order món diễn ra khá chậm chạp, dù là order qua màn hình hay xếp hàng chờ đợi. Bù lại, đồ ăn ở đây có chất lượng tương xứng với giá tiền. Mặc dù vậy, bạn hoàn toàn có thể tìm được những món ăn ngon hơn, nhiều hơn hoặc thậm chí rẻ hơn ở một số địa điểm khác. Nhìn chung, chất lượng đồ ăn ở đây khá ổn và khẩu phần ăn cũng vừa đủ. Điểm trừ lớn nhất có lẽ là vấn đề vệ sinh. Đôi khi quán trông khá lộn xộn và không được sạch sẽ. Mặc dù nhân viên đã cố gắng làm việc hết mình nhưng phần lớn sự bừa bộn lại đến từ ý thức của khách hàng. Tóm lại, đây là một địa điểm chấp nhận được để ăn nhanh, mặc dù tốc độ phục vụ có thể không được nhanh như mong đợi. Vấn đề vệ sinh ở mức trung bình và quán có khu vực ngồi ngoài trời nếu bạn không thích không gian điều hòa.",2,"đối với một nơi thức ăn nhanh, nó là loại chậm theo quan điểm của tôi. có lẽ hôm nay là một chút đông đúc và họ có thể bị thiếu. đối với việc tiếp nhận đặt hàng, họ đã làm việc khá chậm, với việc đặt hàng qua màn hình hoặc chờ xếp hàng. ngoài ra, thực phẩm là tốt cho giá của nó. tuy nhiên, bạn vẫn có thể nhận được một cái gì đó khác tốt hơn nhiều hoặc thậm chí với tỷ lệ lớn hơn ở một nơi khác và thậm chí cũng có thể rẻ hơn. với điều đó đã được nói, chất lượng thực phẩm là tốt và phần là đủ. phê bình lớn nhất sẽ là sự sạch sẽ, mặc dù. đôi khi nó có thể trông hơi cẩu thả và bẩn. tôi biết rằng các nhân viên chắc chắn làm tốt công việc của họ nhưng đôi khi, hầu hết các mớ hỗn độn được tạo ra bởi khách hàng chứ không phải do nhân viên lười biếng. nhìn chung, một nơi tốt để lấy một bữa ăn nhanh, thậm chí nó có thể không đủ nhanh. sạch ở mức độ vừa phải và có chỗ ngồi ngoài trời nếu bạn không thích không khí điều hòa không khí."
"Theo đánh giá cá nhân, tốc độ phục vụ tại địa điểm thức ăn nhanh này có phần chậm chạp. Tình trạng này có thể xuất phát từ lượng khách hàng đông đúc và sự thiếu hụt nhân viên trong ngày. Quy trình tiếp nhận đơn hàng diễn ra tương đối chậm, bất kể khách hàng lựa chọn hình thức đặt hàng qua màn hình điện tử hoặc chờ đợi tại quầy. Tuy nhiên, chất lượng món ăn tương xứng với mức giá được niêm yết. Khách hàng có thể cân nhắc các lựa chọn thay thế khác với chất lượng và số lượng vượt trội hơn, hoặc mức giá cạnh tranh hơn tại các cơ sở kinh doanh khác. Chất lượng nguyên liệu chế biến món ăn được đánh giá ở mức khá và khẩu phần ăn đáp ứng nhu cầu cơ bản. Điểm cần cải thiện nhất là vấn đề vệ sinh tại khu vực chung. Mặc dù nhân viên đã nỗ lực duy trì sự sạch sẽ, một phần lớn sự lộn xộn xuất phát từ ý thức của khách hàng. Tóm lại, đây là một địa điểm phù hợp để dùng bữa nhanh, mặc dù tốc độ phục vụ có thể không đáp ứng được kỳ vọng của một số khách hàng. Vấn đề vệ sinh cần được quan tâm và quán có khu vực ngồi ngoài trời cho những khách hàng không ưu thích không gian sử dụng điều hòa không khí.",2,"đối với một nơi thức ăn nhanh, nó là loại chậm theo quan điểm của tôi. có lẽ hôm nay là một chút đông đúc và họ có thể bị thiếu. đối với việc tiếp nhận đặt hàng, họ đã làm việc khá chậm, với việc đặt hàng qua màn hình hoặc chờ xếp hàng. ngoài ra, thực phẩm là tốt cho giá của nó. tuy nhiên, bạn vẫn có thể nhận được một cái gì đó khác tốt hơn nhiều hoặc thậm chí với tỷ lệ lớn hơn ở một nơi khác và thậm chí cũng có thể rẻ hơn. với điều đó đã được nói, chất lượng thực phẩm là tốt và phần là đủ. phê bình lớn nhất sẽ là sự sạch sẽ, mặc dù. đôi khi nó có thể trông hơi cẩu thả và bẩn. tôi biết rằng các nhân viên chắc chắn làm tốt công việc của họ nhưng đôi khi, hầu hết các mớ hỗn độn được tạo ra bởi khách hàng chứ không phải do nhân viên lười biếng. nhìn chung, một nơi tốt để lấy một bữa ăn nhanh, thậm chí nó có thể không đủ nhanh. sạch ở mức độ vừa phải và có chỗ ngồi ngoài trời nếu bạn không thích không khí điều hòa không khí."
các nhân viên lười biếng vào ban đêm và không được vệ sinh.,2,các nhân viên lười biếng vào ban đêm và không được vệ sinh
các nhân viên lười biếng vào ban đêm và không được vệ sinh.,2,các nhân viên lười biếng vào ban đêm và không được vệ sinh
các nhân viên lười biếng vào ban đêm và không được vệ sinh.,2,các nhân viên lười biếng vào ban đêm và không được vệ sinh
các nhân viên lười biếng vào ban đêm và không được vệ sinh.,2,các nhân viên lười biếng vào ban đêm và không được vệ sinh
các nhân viên lười biếng vào ban đêm và không được vệ sinh.,2,các nhân viên lười biếng vào ban đêm và không được vệ sinh
các nhân viên lười biếng vào ban đêm và không được vệ sinh.,2,các nhân viên lười biếng vào ban đêm và không được vệ sinh
"quán sạch sẽ, thức ăn phong phú ngon, giá cả hợp lý..",2,"quán sạch sẽ, thức ăn phong phú ngon, giá cả hợp lý."
"quán sạch sẽ, thức ăn phong phú ngon, giá cả hợp lý..",2,"quán sạch sẽ, thức ăn phong phú ngon, giá cả hợp lý."
"quán sạch sẽ, thức ăn phong phú ngon, giá cả hợp lý..",2,"quán sạch sẽ, thức ăn phong phú ngon, giá cả hợp lý."
"quán sạch sẽ, thức ăn phong phú ngon, giá cả hợp lý..",2,"quán sạch sẽ, thức ăn phong phú ngon, giá cả hợp lý."
"quán sạch sẽ, thức ăn phong phú ngon, giá cả hợp lý..",2,"quán sạch sẽ, thức ăn phong phú ngon, giá cả hợp lý."
"quán sạch sẽ, thức ăn phong phú ngon, giá cả hợp lý..",2,"quán sạch sẽ, thức ăn phong phú ngon, giá cả hợp lý."
"Là tài xế công nghệ, đây là lần đầu tôi đến mua đồ giao cho khách. Lúc đến, vì không rành khu vực đỗ xe, tôi đi theo hướng dẫn vào bãi. Vừa đến, tôi hỏi nhân viên giữ xe chỗ đậu, anh ta chỉ tay về phía quán và bảo ""Thấy đồng nghiệp đậu không?"". Tôi thấy không vui vì dù sao tôi cũng là khách hàng. Hướng dẫn nên rõ ràng. Có vẻ như có thái độ với tài xế công nghệ. Tôi chỉ mua hộ chứ không xin xỏ. Nếu là khách, tôi đã bỏ đi. Mong quản lý chấn chỉnh để phục vụ tốt hơn.",2,"tôi làm tài xế công nghệ, lần đầu tiên ghé đây mua đồ giao cho khách. khi đến nơi do không biết về khu vực để xe. nên đi theo hướng dẫn vào nơi để gửi xe, vừa tới khu vực giữ xe, mình hỏi anh giữ xe là để xe ở đây phải không ạ anh chỉ tay về phía trước quán và nói có thấy đồng nghiệp đậu không nghe xong mình thấy không vui ngay. dù sao mình cũng phải được xem như một khách hàng chứ. đã hướng dẫn thì phải cho rõ để khách còn biết. giống kiểu có thái độ riêng biệt với tài xế công nghệ. tôi chỉ là người mua hộ cho khách chứ đâu phải vào để xin xỏ gì đâu mà đối xử vậy. nếu tôi là khách hàng chắc chắn sẽ quay xe đi luôn rồi. mong rằng quản lý chấn chỉnh điều này để có dịch vụ tốt nhất trong khâu phục vụ."
"Tôi là tài xế công nghệ, và đây là trải nghiệm đầu tiên của tôi khi ghé qua địa điểm này để mua hàng cho khách. Do không quen thuộc với khu vực đỗ xe, tôi đã làm theo chỉ dẫn và đi vào khu vực giữ xe. Ngay khi đến nơi, tôi đã hỏi nhân viên giữ xe liệu tôi có thể đỗ xe ở đó không. Anh ta chỉ tay về phía trước quán và trả lời một cách thiếu thiện cảm: ""Không thấy mấy người khác đang đậu ở đó à?"". Câu trả lời này khiến tôi cảm thấy không hài lòng. Dù sao, tôi cũng nên được đối xử như một khách hàng bình thường. Hướng dẫn nên rõ ràng và dễ hiểu hơn để khách hàng không cảm thấy bối rối. Tôi cảm nhận được một thái độ phân biệt đối xử với những người làm tài xế công nghệ như tôi. Tôi chỉ là người mua hộ hàng cho khách, chứ không hề có ý định xin xỏ hay lợi dụng ai. Nếu tôi là một khách hàng thông thường, có lẽ tôi đã bỏ đi ngay lập tức. Hy vọng rằng quản lý sẽ lưu ý và điều chỉnh vấn đề này để cải thiện chất lượng dịch vụ.",2,"tôi làm tài xế công nghệ, lần đầu tiên ghé đây mua đồ giao cho khách. khi đến nơi do không biết về khu vực để xe. nên đi theo hướng dẫn vào nơi để gửi xe, vừa tới khu vực giữ xe, mình hỏi anh giữ xe là để xe ở đây phải không ạ anh chỉ tay về phía trước quán và nói có thấy đồng nghiệp đậu không nghe xong mình thấy không vui ngay. dù sao mình cũng phải được xem như một khách hàng chứ. đã hướng dẫn thì phải cho rõ để khách còn biết. giống kiểu có thái độ riêng biệt với tài xế công nghệ. tôi chỉ là người mua hộ cho khách chứ đâu phải vào để xin xỏ gì đâu mà đối xử vậy. nếu tôi là khách hàng chắc chắn sẽ quay xe đi luôn rồi. mong rằng quản lý chấn chỉnh điều này để có dịch vụ tốt nhất trong khâu phục vụ."
"Với tư cách là một tài xế công nghệ, đây là lần đầu tiên tôi ghé qua địa điểm này để mua đồ giao cho khách hàng. Do không quen thuộc với khu vực đỗ xe, tôi đã đi theo hướng dẫn và tiến vào khu vực giữ xe. Khi vừa đến nơi, tôi đã hỏi nhân viên giữ xe về chỗ đỗ xe. Đáp lại, anh ta chỉ tay về phía trước quán và nói một cách cộc lốc: ""Thấy người ta đỗ ở đó không?"". Phản ứng này khiến tôi cảm thấy khá khó chịu. Xét cho cùng, tôi cũng là một khách hàng và đáng được đối xử một cách tôn trọng. Lẽ ra, hướng dẫn nên được cung cấp một cách rõ ràng và chi tiết hơn để tránh gây hiểu lầm cho khách hàng. Tôi có cảm giác như nhân viên này có thái độ không tốt đối với những người làm tài xế công nghệ. Tôi chỉ đơn giản là người mua hàng hộ cho khách hàng của mình, chứ không hề có ý định lợi dụng hay xin xỏ bất cứ điều gì. Nếu tôi là một khách hàng thông thường, có lẽ tôi đã rời đi ngay lập tức. Tôi hy vọng rằng ban quản lý sẽ xem xét và điều chỉnh lại cách phục vụ của nhân viên để đảm bảo trải nghiệm tốt nhất cho khách hàng.",2,"tôi làm tài xế công nghệ, lần đầu tiên ghé đây mua đồ giao cho khách. khi đến nơi do không biết về khu vực để xe. nên đi theo hướng dẫn vào nơi để gửi xe, vừa tới khu vực giữ xe, mình hỏi anh giữ xe là để xe ở đây phải không ạ anh chỉ tay về phía trước quán và nói có thấy đồng nghiệp đậu không nghe xong mình thấy không vui ngay. dù sao mình cũng phải được xem như một khách hàng chứ. đã hướng dẫn thì phải cho rõ để khách còn biết. giống kiểu có thái độ riêng biệt với tài xế công nghệ. tôi chỉ là người mua hộ cho khách chứ đâu phải vào để xin xỏ gì đâu mà đối xử vậy. nếu tôi là khách hàng chắc chắn sẽ quay xe đi luôn rồi. mong rằng quản lý chấn chỉnh điều này để có dịch vụ tốt nhất trong khâu phục vụ."
"Lần đầu tiên mình ghé chỗ này mua đồ giao cho khách với vai trò tài xế công nghệ. Tới nơi không biết đường, mình đi theo chỉ dẫn vào chỗ gửi xe. Vừa tới hỏi anh giữ xe chỗ đậu, ảnh chỉ tay bảo ""Thấy người ta đậu không?"". Nghe xong thấy bực ghê. Dù gì mình cũng là khách mà. Chỉ dẫn kiểu đó ai hiểu. Cảm giác như bị phân biệt đối xử ấy. Mình mua giùm khách thôi chứ có xin xỏ gì đâu. Là khách chắc mình đi luôn rồi. Mong quản lý xem lại vụ này để phục vụ tốt hơn nha.",2,"tôi làm tài xế công nghệ, lần đầu tiên ghé đây mua đồ giao cho khách. khi đến nơi do không biết về khu vực để xe. nên đi theo hướng dẫn vào nơi để gửi xe, vừa tới khu vực giữ xe, mình hỏi anh giữ xe là để xe ở đây phải không ạ anh chỉ tay về phía trước quán và nói có thấy đồng nghiệp đậu không nghe xong mình thấy không vui ngay. dù sao mình cũng phải được xem như một khách hàng chứ. đã hướng dẫn thì phải cho rõ để khách còn biết. giống kiểu có thái độ riêng biệt với tài xế công nghệ. tôi chỉ là người mua hộ cho khách chứ đâu phải vào để xin xỏ gì đâu mà đối xử vậy. nếu tôi là khách hàng chắc chắn sẽ quay xe đi luôn rồi. mong rằng quản lý chấn chỉnh điều này để có dịch vụ tốt nhất trong khâu phục vụ."
"Mình là tài xế công nghệ, lần đầu tới đây mua đồ cho khách. Do lạ chỗ đỗ xe, mình làm theo hướng dẫn đi vào. Hỏi anh giữ xe chỗ đậu thì ảnh chỉ tay bảo tự nhìn. Thái độ vậy làm mình thấy không vui. Dù sao mình cũng là khách mà. Chỉ dẫn nên rõ ràng hơn. Có vẻ như họ có thái độ với tài xế công nghệ. Mình chỉ mua hộ thôi chứ có xin xỏ gì đâu. Nếu là khách chắc mình đã đi rồi. Mong quản lý xem xét lại cách phục vụ.",2,"tôi làm tài xế công nghệ, lần đầu tiên ghé đây mua đồ giao cho khách. khi đến nơi do không biết về khu vực để xe. nên đi theo hướng dẫn vào nơi để gửi xe, vừa tới khu vực giữ xe, mình hỏi anh giữ xe là để xe ở đây phải không ạ anh chỉ tay về phía trước quán và nói có thấy đồng nghiệp đậu không nghe xong mình thấy không vui ngay. dù sao mình cũng phải được xem như một khách hàng chứ. đã hướng dẫn thì phải cho rõ để khách còn biết. giống kiểu có thái độ riêng biệt với tài xế công nghệ. tôi chỉ là người mua hộ cho khách chứ đâu phải vào để xin xỏ gì đâu mà đối xử vậy. nếu tôi là khách hàng chắc chắn sẽ quay xe đi luôn rồi. mong rằng quản lý chấn chỉnh điều này để có dịch vụ tốt nhất trong khâu phục vụ."
"Tôi là tài xế công nghệ, lần đầu tiên đến địa điểm này để mua đồ giao cho khách hàng. Do không quen thuộc với khu vực đỗ xe, tôi đã làm theo hướng dẫn và đi vào khu vực giữ xe. Khi đến nơi, tôi hỏi nhân viên giữ xe về chỗ đỗ xe. Anh ta chỉ tay về phía trước quán và nói một cách thiếu thiện cảm: ""Thấy người ta đỗ ở đó không?"". Điều này khiến tôi cảm thấy không hài lòng vì tôi cũng là một khách hàng. Hướng dẫn nên rõ ràng hơn để tránh gây khó khăn cho khách hàng. Tôi cảm thấy có sự phân biệt đối xử với tài xế công nghệ. Tôi chỉ là người mua hàng hộ, không hề xin xỏ. Nếu tôi là một khách hàng bình thường, có lẽ tôi đã rời đi. Mong quản lý xem xét và cải thiện dịch vụ.",2,"tôi làm tài xế công nghệ, lần đầu tiên ghé đây mua đồ giao cho khách. khi đến nơi do không biết về khu vực để xe. nên đi theo hướng dẫn vào nơi để gửi xe, vừa tới khu vực giữ xe, mình hỏi anh giữ xe là để xe ở đây phải không ạ anh chỉ tay về phía trước quán và nói có thấy đồng nghiệp đậu không nghe xong mình thấy không vui ngay. dù sao mình cũng phải được xem như một khách hàng chứ. đã hướng dẫn thì phải cho rõ để khách còn biết. giống kiểu có thái độ riêng biệt với tài xế công nghệ. tôi chỉ là người mua hộ cho khách chứ đâu phải vào để xin xỏ gì đâu mà đối xử vậy. nếu tôi là khách hàng chắc chắn sẽ quay xe đi luôn rồi. mong rằng quản lý chấn chỉnh điều này để có dịch vụ tốt nhất trong khâu phục vụ."
một lựa chọn tuyệt vời để nghỉ ngơi trên một chiếc xe máy.,2,một lựa chọn tuyệt vời để nghỉ ngơi trên một chiếc xe máy
một lựa chọn tuyệt vời để nghỉ ngơi trên một chiếc xe máy.,2,một lựa chọn tuyệt vời để nghỉ ngơi trên một chiếc xe máy
một lựa chọn tuyệt vời để nghỉ ngơi trên một chiếc xe máy.,2,một lựa chọn tuyệt vời để nghỉ ngơi trên một chiếc xe máy
một lựa chọn tuyệt vời để nghỉ ngơi trên một chiếc xe máy.,2,một lựa chọn tuyệt vời để nghỉ ngơi trên một chiếc xe máy
một lựa chọn tuyệt vời để nghỉ ngơi trên một chiếc xe máy.,2,một lựa chọn tuyệt vời để nghỉ ngơi trên một chiếc xe máy
một lựa chọn tuyệt vời để nghỉ ngơi trên một chiếc xe máy.,2,một lựa chọn tuyệt vời để nghỉ ngơi trên một chiếc xe máy
nơi này là tốt. mở cửa 24 giờ. nhà vệ sinh đã rất sạch sẽ. dịch vụ đã chậm.,2,nơi này là tốt. mở cửa 24 giờ. nhà vệ sinh đã rất sạch sẽ. dịch vụ đã chậm.
nơi này là tốt. mở cửa 24 giờ. nhà vệ sinh đã rất sạch sẽ. dịch vụ đã chậm.,2,nơi này là tốt. mở cửa 24 giờ. nhà vệ sinh đã rất sạch sẽ. dịch vụ đã chậm.
nơi này là tốt. mở cửa 24 giờ. nhà vệ sinh đã rất sạch sẽ. dịch vụ đã chậm.,2,nơi này là tốt. mở cửa 24 giờ. nhà vệ sinh đã rất sạch sẽ. dịch vụ đã chậm.
nơi này là tốt. mở cửa 24 giờ. nhà vệ sinh đã rất sạch sẽ. dịch vụ đã chậm.,2,nơi này là tốt. mở cửa 24 giờ. nhà vệ sinh đã rất sạch sẽ. dịch vụ đã chậm.
nơi này là tốt. mở cửa 24 giờ. nhà vệ sinh đã rất sạch sẽ. dịch vụ đã chậm.,2,nơi này là tốt. mở cửa 24 giờ. nhà vệ sinh đã rất sạch sẽ. dịch vụ đã chậm.
nơi này là tốt. mở cửa 24 giờ. nhà vệ sinh đã rất sạch sẽ. dịch vụ đã chậm.,2,nơi này là tốt. mở cửa 24 giờ. nhà vệ sinh đã rất sạch sẽ. dịch vụ đã chậm.
thấy cũng ít khách,2,thấy cũng ít khách
thấy cũng ít khách,2,thấy cũng ít khách
thấy cũng ít khách,2,thấy cũng ít khách
thấy cũng ít khách,2,thấy cũng ít khách
thấy cũng ít khách,2,thấy cũng ít khách
thấy cũng ít khách,2,thấy cũng ít khách
"Nói chung là mọi thứ đều ổn, tuy nhiên trừ 2 sao vì trời quá nóng trong nhà hàng. Chắc là họ không đủ tiền để bật điều hòa.",2,mọi thứ ở đây đều tốt. lấy đi 2 sao vì sức nóng bên trong nhà hàng. họ dường như không đủ khả năng để trả tiền cho điều hòa không khí.
"Nhìn chung chất lượng tốt, trừ việc trong nhà hàng hơi nóng. Có lẽ nhà hàng cần xem lại hệ thống điều hòa.",2,mọi thứ ở đây đều tốt. lấy đi 2 sao vì sức nóng bên trong nhà hàng. họ dường như không đủ khả năng để trả tiền cho điều hòa không khí.
"Địa điểm này khá ổn, nhưng hơi nóng. Có lẽ họ không có điều hòa.",2,mọi thứ ở đây đều tốt. lấy đi 2 sao vì sức nóng bên trong nhà hàng. họ dường như không đủ khả năng để trả tiền cho điều hòa không khí.
"Mọi thứ đều được, nhưng mà nóng quá! Có lẽ nên đầu tư vào điều hòa.",2,mọi thứ ở đây đều tốt. lấy đi 2 sao vì sức nóng bên trong nhà hàng. họ dường như không đủ khả năng để trả tiền cho điều hòa không khí.
"Không có gì đặc biệt, nhưng cũng không tệ. Chỉ là hơi nóng một chút.",2,mọi thứ ở đây đều tốt. lấy đi 2 sao vì sức nóng bên trong nhà hàng. họ dường như không đủ khả năng để trả tiền cho điều hòa không khí.
"Tôi thích nơi này, nhưng điều hòa có vẻ không hoạt động.",2,mọi thứ ở đây đều tốt. lấy đi 2 sao vì sức nóng bên trong nhà hàng. họ dường như không đủ khả năng để trả tiền cho điều hòa không khí.
"Sạch sẽ, đẹp đẽ, phục vụ tốt, nhưng sao gà lại mặn quá vậy nhỉ?",2,sạch đẹp phục vụ ok nhưng sao gà mặn quá😬😬😬
"Quán sạch, đẹp, nhân viên nhiệt tình, mỗi tội gà hơi mặn.",2,sạch đẹp phục vụ ok nhưng sao gà mặn quá😬😬😬
"Mọi thứ đều ổn, từ vệ sinh đến thái độ phục vụ. Chỉ có món gà là nêm nếm hơi quá tay.",2,sạch đẹp phục vụ ok nhưng sao gà mặn quá😬😬😬
"Không gian quán sạch đẹp, nhân viên phục vụ được. Gà mặn chát!",2,sạch đẹp phục vụ ok nhưng sao gà mặn quá😬😬😬
"Điểm cộng là quán sạch sẽ và phục vụ ổn, điểm trừ là gà quá mặn.",2,sạch đẹp phục vụ ok nhưng sao gà mặn quá😬😬😬
"Nhìn chung là tốt, mỗi tội gà mặn quá ăn không nổi.",0,sạch đẹp phục vụ ok nhưng sao gà mặn quá😬😬😬
một mcdonald là một lựa chọn an toàn khi bạn đi đến các thị trấn xa lạ và bạn không biết một nơi tốt để ăn trong các khu phố. những gì mcdonald có là sự nhất quán trên tất cả các cửa hàng của nó. mcdonald tại vị trí này lớn hơn những người khác. nó cũng sử dụng nhân viên thu ngân tự động hơn.,2,một mcdonald là một lựa chọn an toàn khi bạn đi đến các thị trấn xa lạ và bạn không biết một nơi tốt để ăn trong các khu phố. những gì mcdonald có là sự nhất quán trên tất cả các cửa hàng của nó. mcdonald tại vị trí này lớn hơn những người khác. nó cũng sử dụng nhân viên thu ngân tự động hơn.
"Khi bạn đến một thị trấn mới và không chắc chắn về các lựa chọn ăn uống địa phương, McDonald's là một lựa chọn đáng tin cậy. Sự nhất quán là điểm mạnh của McDonald's. Địa điểm này lớn hơn và có nhiều máy tự phục vụ hơn.",2,một mcdonald là một lựa chọn an toàn khi bạn đi đến các thị trấn xa lạ và bạn không biết một nơi tốt để ăn trong các khu phố. những gì mcdonald có là sự nhất quán trên tất cả các cửa hàng của nó. mcdonald tại vị trí này lớn hơn những người khác. nó cũng sử dụng nhân viên thu ngân tự động hơn.
"Nếu bạn đang ở một nơi xa lạ và cần một bữa ăn nhanh, McDonald's là một lựa chọn an toàn vì họ duy trì chất lượng ổn định ở mọi chi nhánh. Chi nhánh này rộng rãi hơn và sử dụng máy tự phục vụ.",2,một mcdonald là một lựa chọn an toàn khi bạn đi đến các thị trấn xa lạ và bạn không biết một nơi tốt để ăn trong các khu phố. những gì mcdonald có là sự nhất quán trên tất cả các cửa hàng của nó. mcdonald tại vị trí này lớn hơn những người khác. nó cũng sử dụng nhân viên thu ngân tự động hơn.
McDonald's luôn là một lựa chọn quen thuộc khi bạn lạc lõng ở một thành phố mới và không biết ăn ở đâu. Điều tuyệt vời của McDonald's là sự đồng đều giữa các cửa hàng. Cơ sở này có vẻ lớn hơn bình thường và có nhiều máy tính tiền tự động.,2,một mcdonald là một lựa chọn an toàn khi bạn đi đến các thị trấn xa lạ và bạn không biết một nơi tốt để ăn trong các khu phố. những gì mcdonald có là sự nhất quán trên tất cả các cửa hàng của nó. mcdonald tại vị trí này lớn hơn những người khác. nó cũng sử dụng nhân viên thu ngân tự động hơn.
"Khi đi du lịch đến những nơi chưa quen, McDonald's là một lựa chọn dễ dàng nếu bạn không biết nơi nào để ăn. Ưu điểm của McDonald's là sự nhất quán. Địa điểm này lớn hơn các địa điểm khác và có nhiều máy tự thanh toán.",2,một mcdonald là một lựa chọn an toàn khi bạn đi đến các thị trấn xa lạ và bạn không biết một nơi tốt để ăn trong các khu phố. những gì mcdonald có là sự nhất quán trên tất cả các cửa hàng của nó. mcdonald tại vị trí này lớn hơn những người khác. nó cũng sử dụng nhân viên thu ngân tự động hơn.
Bạn có thể tin tưởng McDonald's khi bạn ở một thị trấn xa lạ và không biết chỗ nào ăn ngon. McDonald's nổi tiếng với sự đồng đều về chất lượng ở mọi nơi. Chi nhánh này có quy mô lớn hơn so với các chi nhánh khác và trang bị nhiều máy tự phục vụ.,2,một mcdonald là một lựa chọn an toàn khi bạn đi đến các thị trấn xa lạ và bạn không biết một nơi tốt để ăn trong các khu phố. những gì mcdonald có là sự nhất quán trên tất cả các cửa hàng của nó. mcdonald tại vị trí này lớn hơn những người khác. nó cũng sử dụng nhân viên thu ngân tự động hơn.
chỗ thoáng tiện để hẹn bạn bè. điểm trừ là toilet hôi với khai..,2,chỗ thoáng tiện để hẹn bạn bè. điểm trừ là toilet hôi với khai.
chỗ thoáng tiện để hẹn bạn bè. điểm trừ là toilet hôi với khai..,2,chỗ thoáng tiện để hẹn bạn bè. điểm trừ là toilet hôi với khai.
chỗ thoáng tiện để hẹn bạn bè. điểm trừ là toilet hôi với khai..,2,chỗ thoáng tiện để hẹn bạn bè. điểm trừ là toilet hôi với khai.
chỗ thoáng tiện để hẹn bạn bè. điểm trừ là toilet hôi với khai..,2,chỗ thoáng tiện để hẹn bạn bè. điểm trừ là toilet hôi với khai.
chỗ thoáng tiện để hẹn bạn bè. điểm trừ là toilet hôi với khai..,2,chỗ thoáng tiện để hẹn bạn bè. điểm trừ là toilet hôi với khai.
chỗ thoáng tiện để hẹn bạn bè. điểm trừ là toilet hôi với khai..,2,chỗ thoáng tiện để hẹn bạn bè. điểm trừ là toilet hôi với khai.
Nó ổn. Nhưng nhân viên không bao giờ cung cấp dịch vụ bàn khi thanh toán tại quầy.,2,không sao đâu. nhưng các nhân viên không bao giờ cung cấp dịch vụ bàn khi trả tiền tại quầy.
"Mọi thứ đều ổn. Tuy nhiên, không có dịch vụ bàn nào từ nhân viên khi thanh toán tại quầy.",2,không sao đâu. nhưng các nhân viên không bao giờ cung cấp dịch vụ bàn khi trả tiền tại quầy.
Không có gì đáng phàn nàn. Nhưng việc không có dịch vụ bàn khi thanh toán tại quầy là một bất tiện.,2,không sao đâu. nhưng các nhân viên không bao giờ cung cấp dịch vụ bàn khi trả tiền tại quầy.
Nó ở mức trung bình. Điều tôi thấy khó chịu là không có ai phục vụ tại bàn khi bạn thanh toán.,2,không sao đâu. nhưng các nhân viên không bao giờ cung cấp dịch vụ bàn khi trả tiền tại quầy.
"Chấp nhận được, nhưng nhân viên quầy thu ngân không cung cấp dịch vụ bàn.",2,không sao đâu. nhưng các nhân viên không bao giờ cung cấp dịch vụ bàn khi trả tiền tại quầy.
Tôi không có vấn đề gì lớn. Chỉ là không có ai phục vụ tại bàn khi bạn thanh toán.,2,không sao đâu. nhưng các nhân viên không bao giờ cung cấp dịch vụ bàn khi trả tiền tại quầy.
lựa chọn dễ dàng nhân viên chu đáo,2,lựa chọn dễ dàng nhân viên chu đáo
lựa chọn dễ dàng nhân viên chu đáo,2,lựa chọn dễ dàng nhân viên chu đáo
lựa chọn dễ dàng nhân viên chu đáo,2,lựa chọn dễ dàng nhân viên chu đáo
lựa chọn dễ dàng nhân viên chu đáo,2,lựa chọn dễ dàng nhân viên chu đáo
lựa chọn dễ dàng nhân viên chu đáo,2,lựa chọn dễ dàng nhân viên chu đáo
lựa chọn dễ dàng nhân viên chu đáo,2,lựa chọn dễ dàng nhân viên chu đáo
đây không phải là loại đồ ăn tôi thích. Nhân viên thì tốt. Bàn không sạch sẽ.,2,không phải loại thức ăn của tôi. nhân viên là tốt đẹp. bàn không sạch sẽ
Đồ ăn không hợp khẩu vị của tôi. Nhân viên lịch sự. Bàn bẩn.,2,không phải loại thức ăn của tôi. nhân viên là tốt đẹp. bàn không sạch sẽ
"Tôi không thích đồ ăn ở đây. Nhân viên được, nhưng bàn hơi dơ.",2,không phải loại thức ăn của tôi. nhân viên là tốt đẹp. bàn không sạch sẽ
Món này không phải gu của tôi. Phục vụ tốt. Vệ sinh bàn kém.,2,không phải loại thức ăn của tôi. nhân viên là tốt đẹp. bàn không sạch sẽ
Đồ ăn dở tệ. Nhân viên tạm được. Bàn quá bẩn.,2,không phải loại thức ăn của tôi. nhân viên là tốt đẹp. bàn không sạch sẽ
Không ngon. Nhân viên ổn. Bàn cần được lau dọn.,2,không phải loại thức ăn của tôi. nhân viên là tốt đẹp. bàn không sạch sẽ
đó là nơi tốt cho gia đình..,2,đó là nơi tốt cho gia đình.
đó là nơi tốt cho gia đình..,2,đó là nơi tốt cho gia đình.
đó là nơi tốt cho gia đình..,2,đó là nơi tốt cho gia đình.
đó là nơi tốt cho gia đình..,2,đó là nơi tốt cho gia đình.
đó là nơi tốt cho gia đình..,2,đó là nơi tốt cho gia đình.
đó là nơi tốt cho gia đình..,2,đó là nơi tốt cho gia đình.
khu này ok quá tôi muốn nghé thường xuyên.,2,khu này ok quá tôi muốn nghé thường xuyên
khu này ok quá tôi muốn nghé thường xuyên.,2,khu này ok quá tôi muốn nghé thường xuyên
khu này ok quá tôi muốn nghé thường xuyên.,2,khu này ok quá tôi muốn nghé thường xuyên
khu này ok quá tôi muốn nghé thường xuyên.,2,khu này ok quá tôi muốn nghé thường xuyên
khu này ok quá tôi muốn nghé thường xuyên.,2,khu này ok quá tôi muốn nghé thường xuyên
khu này ok quá tôi muốn nghé thường xuyên.,2,khu này ok quá tôi muốn nghé thường xuyên
khâu phục vụ chưa thật tốt,2,khâu phục vụ chưa thật tốt
khâu phục vụ chưa thật tốt,2,khâu phục vụ chưa thật tốt
khâu phục vụ chưa thật tốt,2,khâu phục vụ chưa thật tốt
khâu phục vụ chưa thật tốt,2,khâu phục vụ chưa thật tốt
khâu phục vụ chưa thật tốt,2,khâu phục vụ chưa thật tốt
khâu phục vụ chưa thật tốt,2,khâu phục vụ chưa thật tốt
tạm,2,tạm
tạm,2,tạm
tạm,2,tạm
tạm,2,tạm
tạm,2,tạm
tạm,2,tạm
khuôn viên rất rộng thoáng mát mẻ.,2,khuon viên rất rộng thoáng mát mẻ
khuôn viên rất rộng thoáng mát mẻ.,2,khuon viên rất rộng thoáng mát mẻ
khuôn viên rất rộng thoáng mát mẻ.,2,khuon viên rất rộng thoáng mát mẻ
khuôn viên rất rộng thoáng mát mẻ.,2,khuon viên rất rộng thoáng mát mẻ
khuôn viên rất rộng thoáng mát mẻ.,2,khuon viên rất rộng thoáng mát mẻ
khuôn viên rất rộng thoáng mát mẻ.,2,khuon viên rất rộng thoáng mát mẻ
"khách đông,nóng,phục vụ món nhanh",2,"khách đông,nóng,phục vụ món nhanh"
"khách đông,nóng,phục vụ món nhanh",2,"khách đông,nóng,phục vụ món nhanh"
"khách đông,nóng,phục vụ món nhanh",2,"khách đông,nóng,phục vụ món nhanh"
"khách đông,nóng,phục vụ món nhanh",2,"khách đông,nóng,phục vụ món nhanh"
"khách đông,nóng,phục vụ món nhanh",2,"khách đông,nóng,phục vụ món nhanh"
"khách đông,nóng,phục vụ món nhanh",2,"khách đông,nóng,phục vụ món nhanh"
không ngon,2,"không ngon,"
không ngon,2,"không ngon,"
không ngon,2,"không ngon,"
không ngon,2,"không ngon,"
không ngon,2,"không ngon,"
không ngon,2,"không ngon,"
"không gian tạm được, hệ thống order phiền phức và có cảm giác bị lừa.",2,tạm được ở khâu không gian. hệ thống order phiền phức có cảm giác bị lừa
"khâu không gian ở mức chấp nhận được. trải nghiệm order không tốt, cảm thấy như bị lừa.",2,tạm được ở khâu không gian. hệ thống order phiền phức có cảm giác bị lừa
"không gian ổn nhưng hệ thống order tệ, có cảm giác như bị gạt.",2,tạm được ở khâu không gian. hệ thống order phiền phức có cảm giác bị lừa
"về không gian thì tàm tạm. cách order thì quá là rắc rối, làm mình thấy như bị lừa vậy.",2,tạm được ở khâu không gian. hệ thống order phiền phức có cảm giác bị lừa
"không gian ở mức trung bình. hệ thống gọi món gây bực mình, mình thấy như bị chơi xỏ.",2,tạm được ở khâu không gian. hệ thống order phiền phức có cảm giác bị lừa
"mặt không gian thì không có gì đặc biệt. cái hệ thống order thì dở tệ, cảm giác như bị lừa đảo.",2,tạm được ở khâu không gian. hệ thống order phiền phức có cảm giác bị lừa
hầu như không sạch sẽ luôn bẩn,2,hầu như không sạch sẽ luôn bẩn
hầu như không sạch sẽ luôn bẩn,2,hầu như không sạch sẽ luôn bẩn
hầu như không sạch sẽ luôn bẩn,2,hầu như không sạch sẽ luôn bẩn
hầu như không sạch sẽ luôn bẩn,2,hầu như không sạch sẽ luôn bẩn
hầu như không sạch sẽ luôn bẩn,2,hầu như không sạch sẽ luôn bẩn
hầu như không sạch sẽ luôn bẩn,2,hầu như không sạch sẽ luôn bẩn
pos không hoạt động mọi lúc khi tôi cố gắng đặt hàng từ máy tự phục vụ..,2,pos không hoạt động mọi lúc khi tôi cố gắng đặt hàng từ máy tự phục vụ.
pos không hoạt động mọi lúc khi tôi cố gắng đặt hàng từ máy tự phục vụ..,2,pos không hoạt động mọi lúc khi tôi cố gắng đặt hàng từ máy tự phục vụ.
pos không hoạt động mọi lúc khi tôi cố gắng đặt hàng từ máy tự phục vụ..,2,pos không hoạt động mọi lúc khi tôi cố gắng đặt hàng từ máy tự phục vụ.
pos không hoạt động mọi lúc khi tôi cố gắng đặt hàng từ máy tự phục vụ..,2,pos không hoạt động mọi lúc khi tôi cố gắng đặt hàng từ máy tự phục vụ.
pos không hoạt động mọi lúc khi tôi cố gắng đặt hàng từ máy tự phục vụ..,2,pos không hoạt động mọi lúc khi tôi cố gắng đặt hàng từ máy tự phục vụ.
pos không hoạt động mọi lúc khi tôi cố gắng đặt hàng từ máy tự phục vụ..,2,pos không hoạt động mọi lúc khi tôi cố gắng đặt hàng từ máy tự phục vụ.
Đồ ăn không ngon.,0,ăn chán
Hương vị không hấp dẫn.,0,ăn chán
Không thích món này.,0,ăn chán
Món ăn này bình thường.,2,ăn chán
Tôi không ấn tượng với đồ ăn ở đây.,0,ăn chán
Thức ăn ở đây không hợp khẩu vị của tôi.,0,ăn chán
phục vụ nhanh. nhân viên giao đồ ăn cho khách không kiểm tra bill dẫn tới giao nhầm suất ăn.,2,phục vụ nhanh. nhân viên giao đồ ăn cho khách không kiểm tra bill dẫn tới giao nhầm suất ăn
phục vụ nhanh. nhân viên giao đồ ăn cho khách không kiểm tra bill dẫn tới giao nhầm suất ăn.,2,phục vụ nhanh. nhân viên giao đồ ăn cho khách không kiểm tra bill dẫn tới giao nhầm suất ăn
phục vụ nhanh. nhân viên giao đồ ăn cho khách không kiểm tra bill dẫn tới giao nhầm suất ăn.,2,phục vụ nhanh. nhân viên giao đồ ăn cho khách không kiểm tra bill dẫn tới giao nhầm suất ăn
phục vụ nhanh. nhân viên giao đồ ăn cho khách không kiểm tra bill dẫn tới giao nhầm suất ăn.,2,phục vụ nhanh. nhân viên giao đồ ăn cho khách không kiểm tra bill dẫn tới giao nhầm suất ăn
phục vụ nhanh. nhân viên giao đồ ăn cho khách không kiểm tra bill dẫn tới giao nhầm suất ăn.,2,phục vụ nhanh. nhân viên giao đồ ăn cho khách không kiểm tra bill dẫn tới giao nhầm suất ăn
phục vụ nhanh. nhân viên giao đồ ăn cho khách không kiểm tra bill dẫn tới giao nhầm suất ăn.,2,phục vụ nhanh. nhân viên giao đồ ăn cho khách không kiểm tra bill dẫn tới giao nhầm suất ăn
It's okay to eat....,2,ăn tạm được...
The food is acceptable.,2,ăn tạm được...
The meal is just average.,2,ăn tạm được...
"It's not bad, but not great either.",2,ăn tạm được...
The food is alright.,2,ăn tạm được...
"I can eat it, nothing special.",2,ăn tạm được...
"gà và khoai chiên không giòn, có hiện tượng ngấm dầu",2,"gà và khoai chiên không giòn, có hiện tượng ngấm dầu"
"gà và khoai chiên không giòn, có hiện tượng ngấm dầu",2,"gà và khoai chiên không giòn, có hiện tượng ngấm dầu"
"gà và khoai chiên không giòn, có hiện tượng ngấm dầu",2,"gà và khoai chiên không giòn, có hiện tượng ngấm dầu"
"gà và khoai chiên không giòn, có hiện tượng ngấm dầu",2,"gà và khoai chiên không giòn, có hiện tượng ngấm dầu"
"gà và khoai chiên không giòn, có hiện tượng ngấm dầu",2,"gà và khoai chiên không giòn, có hiện tượng ngấm dầu"
"gà và khoai chiên không giòn, có hiện tượng ngấm dầu",2,"gà và khoai chiên không giòn, có hiện tượng ngấm dầu"
Gà ở đây rất ngon.,2,gà ở đây rất ngon
Gà ở đây rất ngon.,2,gà ở đây rất ngon
Gà ở đây rất ngon.,2,gà ở đây rất ngon
Gà ở đây rất ngon.,2,gà ở đây rất ngon
Gà ở đây rất ngon.,2,gà ở đây rất ngon
Gà ở đây rất ngon.,2,gà ở đây rất ngon
Quán cafe này có đồ uống ngon.,2,cafe ngon
Tôi thấy cafe ở đây ngon.,2,cafe ngon
Cafe ở đây hương vị tuyệt vời.,2,cafe ngon
Đây là một quán cafe ngon.,2,cafe ngon
Ngon miệng với ly cafe tại quán này.,2,cafe ngon
Tôi rất thích cafe ở quán này.,2,cafe ngon
"quan thoang, rông, quang canh ok..",2,"quan thoang, rông, quang canh ok."
"quan thoang, rông, quang canh ok..",2,"quan thoang, rông, quang canh ok."
"quan thoang, rông, quang canh ok..",2,"quan thoang, rông, quang canh ok."
"quan thoang, rông, quang canh ok..",2,"quan thoang, rông, quang canh ok."
"quan thoang, rông, quang canh ok..",2,"quan thoang, rông, quang canh ok."
"quan thoang, rông, quang canh ok..",2,"quan thoang, rông, quang canh ok."
"burger tạm ổn nhưng cơm bò, cơm trứng thì dở tệ, ngọt ngọt như ăn chè xôi ấy hic",2,"burger tạm ổn nhưng cơm bò, cơm trứng thì dở tệ, ngọt ngọt như ăn chè xôi ấy hic"
"burger tạm ổn nhưng cơm bò, cơm trứng thì dở tệ, ngọt ngọt như ăn chè xôi ấy hic",2,"burger tạm ổn nhưng cơm bò, cơm trứng thì dở tệ, ngọt ngọt như ăn chè xôi ấy hic"
"burger tạm ổn nhưng cơm bò, cơm trứng thì dở tệ, ngọt ngọt như ăn chè xôi ấy hic",2,"burger tạm ổn nhưng cơm bò, cơm trứng thì dở tệ, ngọt ngọt như ăn chè xôi ấy hic"
"burger tạm ổn nhưng cơm bò, cơm trứng thì dở tệ, ngọt ngọt như ăn chè xôi ấy hic",2,"burger tạm ổn nhưng cơm bò, cơm trứng thì dở tệ, ngọt ngọt như ăn chè xôi ấy hic"
"burger tạm ổn nhưng cơm bò, cơm trứng thì dở tệ, ngọt ngọt như ăn chè xôi ấy hic",2,"burger tạm ổn nhưng cơm bò, cơm trứng thì dở tệ, ngọt ngọt như ăn chè xôi ấy hic"
"burger tạm ổn nhưng cơm bò, cơm trứng thì dở tệ, ngọt ngọt như ăn chè xôi ấy hic",2,"burger tạm ổn nhưng cơm bò, cơm trứng thì dở tệ, ngọt ngọt như ăn chè xôi ấy hic"
"Địa điểm khá tốt, chỗ để xe rộng, món ăn uống khá ok",2,"địa điểm khá tốt, chỗ để xe rộng, món ăn uống khá ok"
"Địa điểm khá tốt, chỗ để xe rộng, món ăn uống khá ok",2,"địa điểm khá tốt, chỗ để xe rộng, món ăn uống khá ok"
"Địa điểm khá tốt, chỗ để xe rộng, món ăn uống khá ok",2,"địa điểm khá tốt, chỗ để xe rộng, món ăn uống khá ok"
"Địa điểm khá tốt, chỗ để xe rộng, món ăn uống khá ok",2,"địa điểm khá tốt, chỗ để xe rộng, món ăn uống khá ok"
"Địa điểm khá tốt, chỗ để xe rộng, món ăn uống khá ok",2,"địa điểm khá tốt, chỗ để xe rộng, món ăn uống khá ok"
"Địa điểm khá tốt, chỗ để xe rộng, món ăn uống khá ok",2,"địa điểm khá tốt, chỗ để xe rộng, món ăn uống khá ok"
"không gian nhỏ, không thoải mái, thực phẩm bình thường",2,"không gian nhỏ, không thoải mái, thực phẩm bình thường"
"không gian nhỏ, không thoải mái, thực phẩm bình thường",2,"không gian nhỏ, không thoải mái, thực phẩm bình thường"
"không gian nhỏ, không thoải mái, thực phẩm bình thường",2,"không gian nhỏ, không thoải mái, thực phẩm bình thường"
"không gian nhỏ, không thoải mái, thực phẩm bình thường",2,"không gian nhỏ, không thoải mái, thực phẩm bình thường"
"không gian nhỏ, không thoải mái, thực phẩm bình thường",2,"không gian nhỏ, không thoải mái, thực phẩm bình thường"
"không gian nhỏ, không thoải mái, thực phẩm bình thường",2,"không gian nhỏ, không thoải mái, thực phẩm bình thường"
mo dem tien cho khach ve khuya,2,mo dem tien cho khach ve khuya
mo dem tien cho khach ve khuya,2,mo dem tien cho khach ve khuya
mo dem tien cho khach ve khuya,2,mo dem tien cho khach ve khuya
mo dem tien cho khach ve khuya,2,mo dem tien cho khach ve khuya
mo dem tien cho khach ve khuya,2,mo dem tien cho khach ve khuya
mo dem tien cho khach ve khuya,2,mo dem tien cho khach ve khuya
fastfood,2,fastfood.
fastfood,2,fastfood.
fastfood,2,fastfood.
fastfood,2,fastfood.
fastfood,2,fastfood.
fastfood,2,fastfood.
mcdonald điện biên phủ ăn không ngon..,2,mcdonald điện biên phủ ăn không ngon.
mcdonald điện biên phủ ăn không ngon..,2,mcdonald điện biên phủ ăn không ngon.
mcdonald điện biên phủ ăn không ngon..,2,mcdonald điện biên phủ ăn không ngon.
mcdonald điện biên phủ ăn không ngon..,2,mcdonald điện biên phủ ăn không ngon.
mcdonald điện biên phủ ăn không ngon..,2,mcdonald điện biên phủ ăn không ngon.
mcdonald điện biên phủ ăn không ngon..,2,mcdonald điện biên phủ ăn không ngon.
Không có gì đặc biệt.,2,bình thường
Ở mức trung bình.,2,bình thường
Chấp nhận được.,2,bình thường
Không tốt cũng không xấu.,2,bình thường
Khá ổn.,2,bình thường
Tạm được.,2,bình thường
mcdonalds,2,mcdonalds
mcdonalds,2,mcdonalds
mcdonalds,2,mcdonalds
mcdonalds,2,mcdonalds
mcdonalds,2,mcdonalds
mcdonalds,2,mcdonalds
"Thanh toán bằng thẻ bị lỗi, gây bất tiện cho việc thanh toán. Đồ ăn thức uống hợp vệ sinh.",2,"thanh toán bằng thẻ bị lỗi, gây bất tiện cho việc thanh toán. đồ ăn thức uống hợp vệ sinh"
"Thanh toán thẻ gặp trục trặc, hơi khó khăn khi trả tiền. Bù lại đồ ăn và đồ uống thì đảm bảo vệ sinh.",2,"thanh toán bằng thẻ bị lỗi, gây bất tiện cho việc thanh toán. đồ ăn thức uống hợp vệ sinh"
"Quẹt thẻ không được, thanh toán hơi phiền. Được cái là đồ ăn uống sạch sẽ.",2,"thanh toán bằng thẻ bị lỗi, gây bất tiện cho việc thanh toán. đồ ăn thức uống hợp vệ sinh"
"Giao dịch bằng thẻ có vấn đề, thanh toán không thuận lợi. May mà đồ ăn, thức uống ở đây vệ sinh.",2,"thanh toán bằng thẻ bị lỗi, gây bất tiện cho việc thanh toán. đồ ăn thức uống hợp vệ sinh"
"Hệ thống thanh toán thẻ bị lỗi nên việc trả tiền khá bất tiện. Tuy nhiên, đồ ăn và đồ uống thì lại rất đảm bảo vệ sinh.",2,"thanh toán bằng thẻ bị lỗi, gây bất tiện cho việc thanh toán. đồ ăn thức uống hợp vệ sinh"
"Việc thanh toán bằng thẻ gặp sự cố, gây ra trải nghiệm không tốt. Điểm cộng là đồ ăn và thức uống được chế biến hợp vệ sinh.",2,"thanh toán bằng thẻ bị lỗi, gây bất tiện cho việc thanh toán. đồ ăn thức uống hợp vệ sinh"
Tôi không hài lòng với nhân viên.,0,nhân viên chưa tốt
Nhân viên cần cải thiện thêm.,0,nhân viên chưa tốt
Chất lượng nhân viên ở mức trung bình.,2,nhân viên chưa tốt
Cần chú ý hơn đến thái độ phục vụ của nhân viên.,0,nhân viên chưa tốt
Nhân viên chưa được đào tạo bài bản.,0,nhân viên chưa tốt
Thái độ của nhân viên không tốt lắm.,0,nhân viên chưa tốt
Hơi ồn ào vì có nhiều trẻ em.,2,hơi ồn ào vì có nhiều trẻ em
Hơi ồn ào vì có nhiều trẻ em.,2,hơi ồn ào vì có nhiều trẻ em
Hơi ồn ào vì có nhiều trẻ em.,2,hơi ồn ào vì có nhiều trẻ em
Hơi ồn ào vì có nhiều trẻ em.,2,hơi ồn ào vì có nhiều trẻ em
Hơi ồn ào vì có nhiều trẻ em.,2,hơi ồn ào vì có nhiều trẻ em
Hơi ồn ào vì có nhiều trẻ em.,2,hơi ồn ào vì có nhiều trẻ em
"Thông thường là tự phục vụ. Bạn chọn món ăn, gọi món và tự lấy. Không ai bảo tôi mang đồ ăn cả. Giá cả đắt đỏ. Phần ăn nhỏ hơn quảng cáo. Burger King, Texas hoặc Jollibee sẽ tốt hơn. Vị trí đẹp, ở quận trung tâm nhưng ồn ào và hơi bẩn.",2,"thông thường nó là tự phục vụ. bạn chọn các món ăn của bạn trong thực đơn, đặt hàng và chờ đợi để tự mình lấy nó. không ai bảo tôi mang thức ăn của tôi . giá cả không đáng yêu. phần nhỏ không giống như quảng cáo. bạn có thể chọn burgerking, texas hoặc jollibee để có trải nghiệm tốt hơn vị trí được xây dựng tốt, ở quận trung tâm quận 1 ồn ào và một chút không bẩn thỉu."
"Đây là kiểu nhà hàng tự phục vụ. Khách tự chọn món, order và tự đi lấy đồ ăn. Tôi đã phải tự mang đồ ăn của mình. Giá thì không hề rẻ. Khẩu phần ăn thì lại ít hơn so với quảng cáo. Thà đến Burger King, Texas Chicken hay Jollibee còn hơn. Quán nằm ở vị trí đẹp ngay trung tâm Quận 1, nhưng lại ồn ào và không được sạch sẽ cho lắm.",2,"thông thường nó là tự phục vụ. bạn chọn các món ăn của bạn trong thực đơn, đặt hàng và chờ đợi để tự mình lấy nó. không ai bảo tôi mang thức ăn của tôi . giá cả không đáng yêu. phần nhỏ không giống như quảng cáo. bạn có thể chọn burgerking, texas hoặc jollibee để có trải nghiệm tốt hơn vị trí được xây dựng tốt, ở quận trung tâm quận 1 ồn ào và một chút không bẩn thỉu."
"Quán này kiểu tự phục vụ ấy. Mình tự chọn món, gọi rồi tự đi lấy đồ ăn thôi. Chẳng ai phục vụ mang đồ ăn cho mình cả. Giá thì chát chúa. Mà phần ăn thì bé tí, khác xa quảng cáo. Tốt nhất là ra Burger King, Texas hay Jollibee ăn cho sướng. Được cái quán xây đẹp, ngay trung tâm Quận 1, nhưng mà ồn ào với lại hơi dơ.",2,"thông thường nó là tự phục vụ. bạn chọn các món ăn của bạn trong thực đơn, đặt hàng và chờ đợi để tự mình lấy nó. không ai bảo tôi mang thức ăn của tôi . giá cả không đáng yêu. phần nhỏ không giống như quảng cáo. bạn có thể chọn burgerking, texas hoặc jollibee để có trải nghiệm tốt hơn vị trí được xây dựng tốt, ở quận trung tâm quận 1 ồn ào và một chút không bẩn thỉu."
"Nhà hàng này là dạng tự phục vụ: khách hàng tự chọn món từ menu, order và tự đến quầy lấy đồ. Không có ai mang đồ ăn đến bàn cả. Giá cả thì cao, trong khi phần ăn lại nhỏ hơn so với hình ảnh quảng cáo. Nếu muốn ăn ngon hơn thì nên chọn Burger King, Texas Chicken hoặc Jollibee. Vị trí của quán khá đẹp, nằm ngay khu trung tâm Quận 1, tuy nhiên lại khá ồn ào và không được sạch sẽ cho lắm.",2,"thông thường nó là tự phục vụ. bạn chọn các món ăn của bạn trong thực đơn, đặt hàng và chờ đợi để tự mình lấy nó. không ai bảo tôi mang thức ăn của tôi . giá cả không đáng yêu. phần nhỏ không giống như quảng cáo. bạn có thể chọn burgerking, texas hoặc jollibee để có trải nghiệm tốt hơn vị trí được xây dựng tốt, ở quận trung tâm quận 1 ồn ào và một chút không bẩn thỉu."
"Tự phục vụ là chính ở đây. Khách tự chọn món trong menu, tự gọi và tự đi lấy. Chả ai giúp mình mang đồ ăn cả. Giá thì quá cao. Phần ăn thì ít, không giống như quảng cáo. Thà sang Burger King, Texas hoặc Jollibee còn hơn. Quán nằm ở vị trí đẹp, ngay trung tâm Quận 1 nhưng hơi ồn ào và chưa được sạch sẽ.",2,"thông thường nó là tự phục vụ. bạn chọn các món ăn của bạn trong thực đơn, đặt hàng và chờ đợi để tự mình lấy nó. không ai bảo tôi mang thức ăn của tôi . giá cả không đáng yêu. phần nhỏ không giống như quảng cáo. bạn có thể chọn burgerking, texas hoặc jollibee để có trải nghiệm tốt hơn vị trí được xây dựng tốt, ở quận trung tâm quận 1 ồn ào và một chút không bẩn thỉu."
"Đây là một nhà hàng tự phục vụ. Bạn tự chọn món, đặt hàng và sau đó phải tự lấy đồ ăn của mình. Không có nhân viên nào mang đồ ăn cho bạn cả. Giá cả ở đây không hề rẻ. Kích thước phần ăn cũng nhỏ hơn so với quảng cáo. Bạn sẽ có trải nghiệm tốt hơn nếu đến Burger King, Texas Chicken hoặc Jollibee. Vị trí của nhà hàng khá tốt, nằm ở trung tâm Quận 1, nhưng khu vực này khá ồn ào và không được sạch sẽ lắm.",2,"thông thường nó là tự phục vụ. bạn chọn các món ăn của bạn trong thực đơn, đặt hàng và chờ đợi để tự mình lấy nó. không ai bảo tôi mang thức ăn của tôi . giá cả không đáng yêu. phần nhỏ không giống như quảng cáo. bạn có thể chọn burgerking, texas hoặc jollibee để có trải nghiệm tốt hơn vị trí được xây dựng tốt, ở quận trung tâm quận 1 ồn ào và một chút không bẩn thỉu."
Máy điều hòa không khí có thể mạnh hơn không.,2,máy điều hòa không khí có thể mạnh hơn không
Tôi ước máy điều hòa không khí mạnh hơn một chút.,2,máy điều hòa không khí có thể mạnh hơn không
Máy lạnh nên làm mát tốt hơn.,2,máy điều hòa không khí có thể mạnh hơn không
Khả năng làm mát của máy điều hòa không khí cần được cải thiện.,2,máy điều hòa không khí có thể mạnh hơn không
Máy điều hòa không khí không mạnh như tôi mong đợi.,2,máy điều hòa không khí có thể mạnh hơn không
Máy điều hòa không khí cần mạnh hơn một chút.,2,máy điều hòa không khí có thể mạnh hơn không
"tôi đi vào bên trong bị đặt hàng sai, rắc rối với tiếng anh",2,"tôi đi vào bên trong bị đặt hàng sai, rắc rối với tiếng anh"
"tôi đi vào bên trong bị đặt hàng sai, rắc rối với tiếng anh",2,"tôi đi vào bên trong bị đặt hàng sai, rắc rối với tiếng anh"
"tôi đi vào bên trong bị đặt hàng sai, rắc rối với tiếng anh",2,"tôi đi vào bên trong bị đặt hàng sai, rắc rối với tiếng anh"
"tôi đi vào bên trong bị đặt hàng sai, rắc rối với tiếng anh",2,"tôi đi vào bên trong bị đặt hàng sai, rắc rối với tiếng anh"
"tôi đi vào bên trong bị đặt hàng sai, rắc rối với tiếng anh",2,"tôi đi vào bên trong bị đặt hàng sai, rắc rối với tiếng anh"
"tôi đi vào bên trong bị đặt hàng sai, rắc rối với tiếng anh",2,"tôi đi vào bên trong bị đặt hàng sai, rắc rối với tiếng anh"
Khu vực xung quanh chưa được vệ sinh tốt.,2,vệ sinh khu vực xung quanh không tốt
Độ sạch sẽ của khu vực xung quanh cần được cải thiện.,2,vệ sinh khu vực xung quanh không tốt
Vấn đề vệ sinh tại khu vực xung quanh cần được chú trọng hơn.,2,vệ sinh khu vực xung quanh không tốt
Khu vực xung quanh không được sạch sẽ cho lắm.,2,vệ sinh khu vực xung quanh không tốt
Vệ sinh khu vực xung quanh còn kém.,2,vệ sinh khu vực xung quanh không tốt
Khu vực xung quanh có vẻ chưa được dọn dẹp thường xuyên.,2,vệ sinh khu vực xung quanh không tốt
"mcdonald, vị trí thuận tiện thông thường.",2,"mcdonald, vị trí thuận tiện thông thường"
"mcdonald, vị trí thuận tiện thông thường.",2,"mcdonald, vị trí thuận tiện thông thường"
"mcdonald, vị trí thuận tiện thông thường.",2,"mcdonald, vị trí thuận tiện thông thường"
"mcdonald, vị trí thuận tiện thông thường.",2,"mcdonald, vị trí thuận tiện thông thường"
"mcdonald, vị trí thuận tiện thông thường.",2,"mcdonald, vị trí thuận tiện thông thường"
"mcdonald, vị trí thuận tiện thông thường.",2,"mcdonald, vị trí thuận tiện thông thường"
như mọi macdonal,2,như mọi macdonal
như mọi macdonal,2,như mọi macdonal
như mọi macdonal,2,như mọi macdonal
như mọi macdonal,2,như mọi macdonal
như mọi macdonal,2,như mọi macdonal
như mọi macdonal,2,như mọi macdonal
"Trước đây quán này khá ổn. Vẫn còn một vài nhân viên làm việc đàng hoàng và cố gắng hết sức. Nhưng những người còn lại thì lờ đờ như xác sống, không nắm rõ trách nhiệm và công việc của mình. Có vẻ như họ chỉ đến để nhận lương. Bàn ghế, sàn nhà khá bẩn. Người quản lý vẫn làm việc. Cô lao công (chỉ có một người, rất điển hình ở VN) thì thay vì dùng dụng cụ vệ sinh, cô ấy chỉ đi loanh quanh chạm chỗ này, xoa chỗ kia, không mang lại hiệu quả rõ rệt. Tốt nhất là đừng đến quá sớm, trước 8 giờ, nếu không bạn có thể bị đau bụng. Thêm nữa, họ đã không sửa điều hòa trong hai tuần. Khi tôi đến vào cuối tuần và hỏi nhân viên thu ngân tại sao lại nóng như vậy, họ trả lời rằng vì là cuối tuần, ít khách nên không sao cả.",2,"nó từng là tốt. có một số nhân viên là những người đàng hoàng làm công việc của họ tốt nhất. tất cả những người còn lại như thây ma, không hiểu những gì họ chịu trách nhiệm, không biết họ đang làm gì. có vẻ như họ đến làm việc chỉ để nhận tiền lương. kính, bàn, sàn khá bẩn, người giám sát làm công việc của mình. người phụ nữ dọn dẹp, chỉ là một, điển hình trong vn, thay vì có những thứ làm công việc của họ, cô ấy chỉ đi bộ và chạm vào đây, xoa ở đó hoạt động, không có kết quả rõ ràng. và sẽ không đề nghị đến quá sớm, sớm hơn 8, nếu không nếu không có cơ hội khiến dạ dày của bạn buồn bã. và hơn thế nữa, họ đã không quản lý để sửa chữa hệ thống aircon trong hai tuần. và khi tôi đến thăm vào cuối tuần, sau khi hỏi một nhân viên thu ngân, tại sao nó lại nóng như vậy, họ vẫn trả lời đó là cuối tuần, không nhiều người, vì vậy nó ổn. d"
"Quán từng tốt, vẫn còn vài nhân viên tận tâm. Phần lớn còn lại thì làm việc uể oải, thiếu trách nhiệm, chỉ nghĩ đến lương. Vệ sinh kém, bàn ghế bẩn. Cô lao công làm việc không hiệu quả. Không nên đến quá sớm kẻo đau bụng. Điều hòa hỏng hai tuần chưa sửa. Hỏi nhân viên thì được trả lời vì cuối tuần ít khách nên không sao.",2,"nó từng là tốt. có một số nhân viên là những người đàng hoàng làm công việc của họ tốt nhất. tất cả những người còn lại như thây ma, không hiểu những gì họ chịu trách nhiệm, không biết họ đang làm gì. có vẻ như họ đến làm việc chỉ để nhận tiền lương. kính, bàn, sàn khá bẩn, người giám sát làm công việc của mình. người phụ nữ dọn dẹp, chỉ là một, điển hình trong vn, thay vì có những thứ làm công việc của họ, cô ấy chỉ đi bộ và chạm vào đây, xoa ở đó hoạt động, không có kết quả rõ ràng. và sẽ không đề nghị đến quá sớm, sớm hơn 8, nếu không nếu không có cơ hội khiến dạ dày của bạn buồn bã. và hơn thế nữa, họ đã không quản lý để sửa chữa hệ thống aircon trong hai tuần. và khi tôi đến thăm vào cuối tuần, sau khi hỏi một nhân viên thu ngân, tại sao nó lại nóng như vậy, họ vẫn trả lời đó là cuối tuần, không nhiều người, vì vậy nó ổn. d"
"Tôi từng thích quán này, một số nhân viên làm việc rất tốt. Tuy nhiên, nhiều người làm việc thiếu nhiệt tình và không hiểu rõ công việc. Vệ sinh ở đây chưa tốt, điều hòa cũng bị hỏng khá lâu. Tôi không khuyên bạn nên đến quá sớm.",2,"nó từng là tốt. có một số nhân viên là những người đàng hoàng làm công việc của họ tốt nhất. tất cả những người còn lại như thây ma, không hiểu những gì họ chịu trách nhiệm, không biết họ đang làm gì. có vẻ như họ đến làm việc chỉ để nhận tiền lương. kính, bàn, sàn khá bẩn, người giám sát làm công việc của mình. người phụ nữ dọn dẹp, chỉ là một, điển hình trong vn, thay vì có những thứ làm công việc của họ, cô ấy chỉ đi bộ và chạm vào đây, xoa ở đó hoạt động, không có kết quả rõ ràng. và sẽ không đề nghị đến quá sớm, sớm hơn 8, nếu không nếu không có cơ hội khiến dạ dày của bạn buồn bã. và hơn thế nữa, họ đã không quản lý để sửa chữa hệ thống aircon trong hai tuần. và khi tôi đến thăm vào cuối tuần, sau khi hỏi một nhân viên thu ngân, tại sao nó lại nóng như vậy, họ vẫn trả lời đó là cuối tuần, không nhiều người, vì vậy nó ổn. d"
"Ngày xưa quán này được đấy. Có vài bạn nhân viên làm việc còn được. Còn lại thì toàn kiểu làm cho có, chẳng hiểu gì, cứ như đi làm chỉ để lãnh lương thôi. Bàn ghế, sàn nhà thì dơ. Cô lao công thì làm việc không hiệu quả. Đừng đến sớm quá, dễ bị đau bụng lắm. Điều hòa thì hư cả tuần chưa sửa. Hỏi thì bảo cuối tuần ít khách nên kệ.",2,"nó từng là tốt. có một số nhân viên là những người đàng hoàng làm công việc của họ tốt nhất. tất cả những người còn lại như thây ma, không hiểu những gì họ chịu trách nhiệm, không biết họ đang làm gì. có vẻ như họ đến làm việc chỉ để nhận tiền lương. kính, bàn, sàn khá bẩn, người giám sát làm công việc của mình. người phụ nữ dọn dẹp, chỉ là một, điển hình trong vn, thay vì có những thứ làm công việc của họ, cô ấy chỉ đi bộ và chạm vào đây, xoa ở đó hoạt động, không có kết quả rõ ràng. và sẽ không đề nghị đến quá sớm, sớm hơn 8, nếu không nếu không có cơ hội khiến dạ dày của bạn buồn bã. và hơn thế nữa, họ đã không quản lý để sửa chữa hệ thống aircon trong hai tuần. và khi tôi đến thăm vào cuối tuần, sau khi hỏi một nhân viên thu ngân, tại sao nó lại nóng như vậy, họ vẫn trả lời đó là cuối tuần, không nhiều người, vì vậy nó ổn. d"
"Trước đây, chất lượng phục vụ của quán khá tốt, vẫn còn một số nhân viên làm việc tận tâm. Tuy nhiên, phần lớn nhân viên còn lại có thái độ làm việc thờ ơ, thiếu trách nhiệm và dường như chỉ quan tâm đến việc nhận lương. Vấn đề vệ sinh cũng là một điểm trừ, với bàn ghế và sàn nhà không được giữ gìn sạch sẽ. Phương pháp làm việc của nhân viên vệ sinh cũng không mang lại hiệu quả rõ rệt. Ngoài ra, tôi không khuyến khích việc đến quán quá sớm, vì có thể gây khó chịu cho dạ dày. Thêm vào đó, hệ thống điều hòa không khí đã gặp sự cố trong hai tuần liên tiếp mà chưa được khắc phục. Khi tôi đến vào cuối tuần và thắc mắc với nhân viên thu ngân về vấn đề này, tôi nhận được câu trả lời rằng vì cuối tuần lượng khách không đông nên vấn đề này không quá quan trọng.",2,"nó từng là tốt. có một số nhân viên là những người đàng hoàng làm công việc của họ tốt nhất. tất cả những người còn lại như thây ma, không hiểu những gì họ chịu trách nhiệm, không biết họ đang làm gì. có vẻ như họ đến làm việc chỉ để nhận tiền lương. kính, bàn, sàn khá bẩn, người giám sát làm công việc của mình. người phụ nữ dọn dẹp, chỉ là một, điển hình trong vn, thay vì có những thứ làm công việc của họ, cô ấy chỉ đi bộ và chạm vào đây, xoa ở đó hoạt động, không có kết quả rõ ràng. và sẽ không đề nghị đến quá sớm, sớm hơn 8, nếu không nếu không có cơ hội khiến dạ dày của bạn buồn bã. và hơn thế nữa, họ đã không quản lý để sửa chữa hệ thống aircon trong hai tuần. và khi tôi đến thăm vào cuối tuần, sau khi hỏi một nhân viên thu ngân, tại sao nó lại nóng như vậy, họ vẫn trả lời đó là cuối tuần, không nhiều người, vì vậy nó ổn. d"
"Thời gian trước, quán này khá ổn. Tuy nhiên, hiện tại, bên cạnh một số nhân viên vẫn giữ được thái độ phục vụ tốt, đa phần những người còn lại đều làm việc một cách hời hợt, thiếu tinh thần trách nhiệm, chỉ mong đến kỳ lĩnh lương. Vấn đề vệ sinh cũng là một điểm đáng lưu ý, khi bàn ghế và sàn nhà không được lau dọn thường xuyên. Cách làm việc của nhân viên vệ sinh cũng không thực sự hiệu quả. Một điều nữa là bạn không nên đến quán quá sớm, vì có thể ảnh hưởng đến hệ tiêu hóa. Hơn nữa, hệ thống điều hòa đã không hoạt động trong hai tuần mà chưa được sửa chữa. Khi tôi đến vào dịp cuối tuần và hỏi một nhân viên về việc này, tôi nhận được lời giải thích rằng vì cuối tuần quán vắng khách nên tình trạng này không gây ảnh hưởng lớn.",2,"nó từng là tốt. có một số nhân viên là những người đàng hoàng làm công việc của họ tốt nhất. tất cả những người còn lại như thây ma, không hiểu những gì họ chịu trách nhiệm, không biết họ đang làm gì. có vẻ như họ đến làm việc chỉ để nhận tiền lương. kính, bàn, sàn khá bẩn, người giám sát làm công việc của mình. người phụ nữ dọn dẹp, chỉ là một, điển hình trong vn, thay vì có những thứ làm công việc của họ, cô ấy chỉ đi bộ và chạm vào đây, xoa ở đó hoạt động, không có kết quả rõ ràng. và sẽ không đề nghị đến quá sớm, sớm hơn 8, nếu không nếu không có cơ hội khiến dạ dày của bạn buồn bã. và hơn thế nữa, họ đã không quản lý để sửa chữa hệ thống aircon trong hai tuần. và khi tôi đến thăm vào cuối tuần, sau khi hỏi một nhân viên thu ngân, tại sao nó lại nóng như vậy, họ vẫn trả lời đó là cuối tuần, không nhiều người, vì vậy nó ổn. d"
nơi tốt,2,nơi tốt
nơi tốt,2,nơi tốt
nơi tốt,2,nơi tốt
nơi tốt,2,nơi tốt
nơi tốt,2,nơi tốt
nơi tốt,2,nơi tốt
"Gần đây họ đã triển khai hệ thống đặt hàng qua màn hình, điều này có thể hơi bất tiện vì thời gian chờ đợi lâu hơn.",2,dạo này có màn hướng khách đặt món qua màn hình. hơi bất tiện vì phải chờ lâu
Việc sử dụng màn hình cảm ứng để đặt món gần đây khiến tôi thấy hơi phiền phức vì phải đợi lâu hơn bình thường.,2,dạo này có màn hướng khách đặt món qua màn hình. hơi bất tiện vì phải chờ lâu
"Tôi nhận thấy rằng việc đặt món giờ đây được thực hiện qua màn hình, điều này gây ra một chút chậm trễ và bất tiện.",2,dạo này có màn hướng khách đặt món qua màn hình. hơi bất tiện vì phải chờ lâu
"Hệ thống đặt món mới trên màn hình làm chậm quá trình, hơi khó chịu một chút.",2,dạo này có màn hướng khách đặt món qua màn hình. hơi bất tiện vì phải chờ lâu
"Việc chuyển sang đặt món bằng màn hình làm tăng thời gian chờ đợi, điều này không được thuận tiện cho lắm.",2,dạo này có màn hướng khách đặt món qua màn hình. hơi bất tiện vì phải chờ lâu
"Có vẻ như bây giờ bạn phải đặt hàng trên màn hình, điều này có thể gây ra sự chậm trễ không cần thiết.",2,dạo này có màn hướng khách đặt món qua màn hình. hơi bất tiện vì phải chờ lâu
ok sạch sẽ. cũng bình thường..,2,ok sạch sẽ. cũng bình thường.
ok sạch sẽ. cũng bình thường..,2,ok sạch sẽ. cũng bình thường.
ok sạch sẽ. cũng bình thường..,2,ok sạch sẽ. cũng bình thường.
ok sạch sẽ. cũng bình thường..,2,ok sạch sẽ. cũng bình thường.
ok sạch sẽ. cũng bình thường..,2,ok sạch sẽ. cũng bình thường.
ok sạch sẽ. cũng bình thường..,2,ok sạch sẽ. cũng bình thường.
"Tôi thường xuyên đặt hàng từ McDonald's qua ứng dụng của họ. Tôi khá chắc chắn rằng chi nhánh này thường xuyên bỏ sót các món trong đơn hàng của tôi. Mọi thứ khác đều ổn, nhưng khoai tây chiên thường bị mềm và ướt. Tôi cho rằng điều này là do chúng được đựng trong túi giấy kín, làm chúng bị hấp trong quá trình vận chuyển.",2,"tôi đặt hàng từ mcdonalds khá thường xuyên sử dụng ứng dụng. tôi khá tự tin chi nhánh này là một thứ lấp đầy đơn đặt hàng của tôi. mọi thứ đều tốt ngoại trừ khoai tây chiên, thường đến héo và sũng nước. điều này là do khoai tây chiên được vận chuyển trong một túi giấy màu nâu kín, hấp chúng một cách hiệu quả."
"Tôi là khách hàng quen thuộc của McDonald's thông qua ứng dụng và tôi tin rằng địa điểm này có xu hướng quên một số món trong đơn hàng của tôi. Ngoài khoai tây chiên, mọi thứ khác đều chấp nhận được. Tuy nhiên, khoai tây chiên thường xuyên đến tay tôi trong tình trạng mềm nhũn và ướt át, có lẽ vì chúng được đóng gói trong túi giấy kín, về cơ bản là hấp chín chúng.",2,"tôi đặt hàng từ mcdonalds khá thường xuyên sử dụng ứng dụng. tôi khá tự tin chi nhánh này là một thứ lấp đầy đơn đặt hàng của tôi. mọi thứ đều tốt ngoại trừ khoai tây chiên, thường đến héo và sũng nước. điều này là do khoai tây chiên được vận chuyển trong một túi giấy màu nâu kín, hấp chúng một cách hiệu quả."
"Tôi hay đặt McDonald's trên app. Hình như cái chỗ này hay thiếu đồ. Mấy món khác thì không sao, mỗi tội khoai tây chiên lúc nào cũng ỉu xìu, ướt nhẹp. Chắc tại vì nó gói trong cái túi giấy kín mít, thành ra nó hấp khoai luôn.",2,"tôi đặt hàng từ mcdonalds khá thường xuyên sử dụng ứng dụng. tôi khá tự tin chi nhánh này là một thứ lấp đầy đơn đặt hàng của tôi. mọi thứ đều tốt ngoại trừ khoai tây chiên, thường đến héo và sũng nước. điều này là do khoai tây chiên được vận chuyển trong một túi giấy màu nâu kín, hấp chúng một cách hiệu quả."
"Mình hay order Mc Donald's qua app lắm. Thấy cái chỗ này hình như hay quên món hay sao á. Mấy món khác thì ok, chỉ có khoai tây chiên là lúc nào cũng bị mềm với ướt thôi. Chắc do người ta đựng trong cái túi giấy kín quá nên nó bị hấp hơi á.",2,"tôi đặt hàng từ mcdonalds khá thường xuyên sử dụng ứng dụng. tôi khá tự tin chi nhánh này là một thứ lấp đầy đơn đặt hàng của tôi. mọi thứ đều tốt ngoại trừ khoai tây chiên, thường đến héo và sũng nước. điều này là do khoai tây chiên được vận chuyển trong một túi giấy màu nâu kín, hấp chúng một cách hiệu quả."
"Việc đặt hàng McDonald's thông qua ứng dụng diễn ra khá thường xuyên đối với tôi. Tuy nhiên, tôi nhận thấy chi nhánh này có vẻ không cẩn thận khi chuẩn bị đơn hàng. Các sản phẩm khác nhìn chung đạt yêu cầu, nhưng khoai tây chiên thường không đạt chất lượng như mong đợi, thường bị mềm và ẩm ướt. Có lẽ việc đóng gói trong túi giấy kín đã gây ra tình trạng này.",2,"tôi đặt hàng từ mcdonalds khá thường xuyên sử dụng ứng dụng. tôi khá tự tin chi nhánh này là một thứ lấp đầy đơn đặt hàng của tôi. mọi thứ đều tốt ngoại trừ khoai tây chiên, thường đến héo và sũng nước. điều này là do khoai tây chiên được vận chuyển trong một túi giấy màu nâu kín, hấp chúng một cách hiệu quả."
"McDonald's là lựa chọn quen thuộc của tôi khi đặt đồ ăn qua ứng dụng. Tuy nhiên, tôi không hài lòng lắm với cách chi nhánh này chuẩn bị đơn hàng. Chất lượng các món khác tạm chấp nhận được, nhưng khoai tây chiên thường bị ỉu và ngấm dầu. Nguyên nhân có thể là do chúng được đựng trong túi giấy kín hơi.",2,"tôi đặt hàng từ mcdonalds khá thường xuyên sử dụng ứng dụng. tôi khá tự tin chi nhánh này là một thứ lấp đầy đơn đặt hàng của tôi. mọi thứ đều tốt ngoại trừ khoai tây chiên, thường đến héo và sũng nước. điều này là do khoai tây chiên được vận chuyển trong một túi giấy màu nâu kín, hấp chúng một cách hiệu quả."
nhà hàng mc donald được mở đầu tiên,2,nhà hàng mc donald được mở đầu tiên
nhà hàng mc donald được mở đầu tiên,2,nhà hàng mc donald được mở đầu tiên
nhà hàng mc donald được mở đầu tiên,2,nhà hàng mc donald được mở đầu tiên
nhà hàng mc donald được mở đầu tiên,2,nhà hàng mc donald được mở đầu tiên
nhà hàng mc donald được mở đầu tiên,2,nhà hàng mc donald được mở đầu tiên
nhà hàng mc donald được mở đầu tiên,2,nhà hàng mc donald được mở đầu tiên
