sentence,sentiment,tokenized_text,emoji to text,emoji to text + stopwords
rất cơ bản.,positive,rất cơ_bản .,rất cơ_bản .,cơ_bản
"họ đã miễn phí thịt xông khói thịt lợn trong salad, tôi là người hồi giáo vì vậy ..",neutral,"họ đã miễn_phí thịt xông khói thịt lợn trong salad , tôi là người hồi_giáo vì_vậy ..","họ đã miễn_phí thịt xông khói thịt lợn trong salad , tôi là người hồi_giáo vì_vậy ..",miễn_phí thịt xông khói thịt lợn salad hồi_giáo vì_vậy ..
"trong mcdonalds, họ cho tóc ăn.",negative,"trong mcdonalds , họ cho tóc ăn .","trong mcdonalds , họ cho tóc ăn .",mcdonalds tóc
khó đặt hàng,positive,khó đặt_hàng,khó đặt_hàng,đặt_hàng
"đẳng cấp hơn các loại gà rán khác, cảm giác đang ở mỹ chứ không phải vn, 2200 vẫn đông khách..",positive,"đẳng_cấp hơn các loại gà rán khác , cảm_giác đang ở mỹ chứ không phải vn , 2200 vẫn đông khách ..","đẳng_cấp hơn các loại gà rán khác , cảm_giác đang ở mỹ chứ không phải vn , 2200 vẫn đông khách ..",đẳng_cấp gà rán mỹ vn 2200 đông ..
"cửa hàng bẩn, ồn ào đáng kinh ngạc",neutral,"cửa_hàng bẩn , ồn_ào đáng kinh_ngạc","cửa_hàng bẩn , ồn_ào đáng kinh_ngạc",cửa_hàng bẩn ồn_ào kinh_ngạc
"ngay cả khi có một chút rào cản ngôn ngữ, chúng tôi có thể dễ dàng đặt hàng thực phẩm, và nhân viên rất tốt",positive,"ngay cả khi có một_chút rào_cản ngôn_ngữ , chúng_tôi có_thể dễ_dàng đặt_hàng thực_phẩm , và nhân_viên rất tốt","ngay cả khi có một_chút rào_cản ngôn_ngữ , chúng_tôi có_thể dễ_dàng đặt_hàng thực_phẩm , và nhân_viên rất tốt",một_chút rào_cản ngôn_ngữ chúng_tôi có_thể dễ_dàng đặt_hàng thực_phẩm nhân_viên
"không hiểu sao phục vụ ăn tại chỗ lại chỉ để bánh vào hộp và không có bọc, tụi mình ăn cầm rất bất tiện. xuống quầy xin giấy bọc thì mình được nhân viên hướng dẫn là hứng vào hộp hoặc vào khay. ok im fine",negative,"không hiểu sao phục_vụ ăn tại_chỗ lại chỉ để bánh vào hộp và không có bọc , tụi mình ăn cầm rất bất_tiện . xuống quầy xin giấy bọc thì mình được nhân_viên hướng_dẫn là hứng vào hộp hoặc vào khay . ok im fine","không hiểu sao phục_vụ ăn tại_chỗ lại chỉ để bánh vào hộp và không có bọc , tụi mình ăn cầm rất bất_tiện . xuống quầy xin giấy bọc thì mình được nhân_viên hướng_dẫn là hứng vào hộp hoặc vào khay . ok im fine",phục_vụ tại_chỗ bánh hộp bọc tụi cầm bất_tiện quầy giấy bọc nhân_viên hướng_dẫn hứng hộp khay ok im fine
"tôi đến ăn sáng, và tầng hai đã đóng cửa. lần đầu tiên đến khai mạc, nhưng lần thứ hai lúc 830",neutral,"tôi đến ăn sáng , và tầng hai đã đóng_cửa . lần đầu_tiên đến khai_mạc , nhưng lần thứ hai lúc 830","tôi đến ăn sáng , và tầng hai đã đóng_cửa . lần đầu_tiên đến khai_mạc , nhưng lần thứ hai lúc 830",tầng hai đóng_cửa đầu_tiên khai_mạc hai 830
thức ăn ngon,positive,thức_ăn ngon,thức_ăn ngon,thức_ăn ngon
không có chỗ để xe,positive,không có chỗ để xe,không có chỗ để xe,chỗ xe
cần cải thiện hơn về dịch vụ. nhanh chóng và chính xác phải được ưu tiên.,negative,cần cải_thiện hơn về dịch_vụ . nhanh_chóng và chính_xác phải được ưu_tiên .,cần cải_thiện hơn về dịch_vụ . nhanh_chóng và chính_xác phải được ưu_tiên .,cải_thiện dịch_vụ nhanh_chóng chính_xác ưu_tiên
"sạch sẽ và ngăn nắp, thích hợp như một sự thay đổi đối với thực phẩm việt nam.",positive,"sạch_sẽ và ngăn_nắp , thích_hợp như một sự thay_đổi đối_với thực_phẩm việt_nam .","sạch_sẽ và ngăn_nắp , thích_hợp như một sự thay_đổi đối_với thực_phẩm việt_nam .",sạch_sẽ ngăn_nắp thích_hợp thay_đổi đối_với thực_phẩm việt_nam
không phải những gì bạn gọi là hiệu quả ... không phải là tiêu chuẩn của nhượng quyền thương mại. mọi thứ đều hỗn loạn và nó mất mãi mãi,negative,không phải những gì bạn gọi là hiệu_quả ... không phải là tiêu_chuẩn của nhượng quyền thương_mại . mọi thứ đều hỗn_loạn và nó mất mãi_mãi,không phải những gì bạn gọi là hiệu_quả ... không phải là tiêu_chuẩn của nhượng quyền thương_mại . mọi thứ đều hỗn_loạn và nó mất mãi_mãi,gọi hiệu_quả ... tiêu_chuẩn nhượng quyền thương_mại hỗn_loạn mãi_mãi
cho một lần không có gạo thay đổi tốt,positive,cho một lần không có gạo thay_đổi tốt,cho một lần không có gạo thay_đổi tốt,gạo thay_đổi
không có lựa chọn ăn chay nào ở đây cho khách du lịch ấn độ,positive,không có lựa_chọn ăn_chay nào ở đây cho khách du_lịch ấn_độ,không có lựa_chọn ăn_chay nào ở đây cho khách du_lịch ấn_độ,lựa_chọn ăn_chay du_lịch ấn_độ
có một nhà vệ sinh trên tầng hai.,neutral,có một nhà_vệ_sinh trên tầng hai .,có một nhà_vệ_sinh trên tầng hai .,nhà_vệ_sinh tầng hai
thức ăn ít đa dạng hơn,positive,thức_ăn ít đa_dạng hơn,thức_ăn ít đa_dạng hơn,thức_ăn đa_dạng
không được quản lý tốt. chuẩn bị tối và chậm thực phẩm. chất lượng thực phẩm dưới mức trung bình một chút.,neutral,không được quản_lý tốt . chuẩn_bị tối và chậm thực_phẩm . chất_lượng thực_phẩm dưới mức trung_bình một_chút .,không được quản_lý tốt . chuẩn_bị tối và chậm thực_phẩm . chất_lượng thực_phẩm dưới mức trung_bình một_chút .,quản_lý chuẩn_bị tối chậm thực_phẩm chất_lượng thực_phẩm trung_bình một_chút
không có gì đặc biệt chỉ là thực đơn của mcdonald cổ điển,neutral,không có gì đặc_biệt chỉ là thực_đơn của mcdonald cổ_điển,không có gì đặc_biệt chỉ là thực_đơn của mcdonald cổ_điển,đặc_biệt thực_đơn mcdonald cổ_điển
"máy đặt hàng và nhà vệ sinh có sẵn nó đông đúc trong giờ ăn trưa và dành thời gian để phục vụ chỉ có một số bộ giá trị ở việt nam không có sẵn riêng lẻ, vì vậy vui lòng kiểm tra chúng.",positive,"máy đặt_hàng và nhà_vệ_sinh có sẵn nó đông_đúc trong giờ ăn trưa và dành thời_gian để phục_vụ chỉ có một_số bộ giá_trị ở việt_nam không có sẵn riêng_lẻ , vì_vậy vui_lòng kiểm_tra chúng .","máy đặt_hàng và nhà_vệ_sinh có sẵn nó đông_đúc trong giờ ăn trưa và dành thời_gian để phục_vụ chỉ có một_số bộ giá_trị ở việt_nam không có sẵn riêng_lẻ , vì_vậy vui_lòng kiểm_tra chúng .",máy đặt_hàng nhà_vệ_sinh sẵn đông_đúc trưa thời_gian phục_vụ một_số giá_trị việt_nam sẵn riêng_lẻ vì_vậy vui_lòng kiểm_tra
tốt,positive,tốt,tốt,
không gian hơi bé,positive,không_gian hơi bé,không_gian hơi bé,không_gian hơi bé
nhân viên thân thiện,positive,nhân_viên thân_thiện,nhân_viên thân_thiện,nhân_viên thân_thiện
địa điểm của giới nhà giàu,positive,địa_điểm của giới nhà giàu,địa_điểm của giới nhà giàu,địa_điểm giới giàu
"cũng tốt. đồ ăn ngon , đợi không quá lâu. gần ngay bờ hồ hoàn kiếm",positive,"cũng tốt . đồ_ăn ngon , đợi không quá lâu . gần ngay bờ hồ hoàn_kiếm","cũng tốt . đồ_ăn ngon , đợi không quá lâu . gần ngay bờ hồ hoàn_kiếm",đồ_ăn ngon đợi bờ hồ hoàn_kiếm
"đơn ra nhanh, ăn ngon miệng, hàng hơi bé. cuối tuần nên nhà mình chuyển qua mang đi các bạn vui vẻ đóng đồ",positive,"đơn ra nhanh , ăn ngon_miệng , hàng hơi bé . cuối tuần nên nhà mình chuyển qua mang đi các bạn vui_vẻ đóng đồ","đơn ra nhanh , ăn ngon_miệng , hàng hơi bé . cuối tuần nên nhà mình chuyển qua mang đi các bạn vui_vẻ đóng đồ",đơn ngon_miệng hàng hơi bé vui_vẻ đóng đồ
hương vị tốt nhất trong gà rán tôi nghĩ như vậy duong ha gems ha noi ở việt nam whatapp 84979451921,positive,hương_vị tốt nhất trong gà rán tôi nghĩ như_vậy duong ha gems ha noi ở việt_nam whatapp 84979451921,hương_vị tốt nhất trong gà rán tôi nghĩ như_vậy duong ha gems ha noi ở việt_nam whatapp 84979451921,hương_vị gà rán như_vậy duong ha gems ha noi việt_nam whatapp 84979451921
"thanh toán chuyển khoản xong, máy báo lỗi không ra hoá đơn cửa hàng không hoàn tiền mà bảo chuyển khoản thêm lần nữa rồi nói sẽ hoàn tiền sau, và đến hnay là 1 tuần chưa hoàn tiền cho số đt nhưng gọi không bắt máy",negative,"thanh_toán chuyển_khoản xong , máy báo lỗi không ra hoá_đơn cửa_hàng không hoàn tiền mà bảo chuyển_khoản thêm lần nữa rồi nói sẽ hoàn tiền sau , và đến hnay là 1 tuần chưa hoàn tiền cho số đt nhưng gọi không bắt máy","thanh_toán chuyển_khoản xong , máy báo lỗi không ra hoá_đơn cửa_hàng không hoàn tiền mà bảo chuyển_khoản thêm lần nữa rồi nói sẽ hoàn tiền sau , và đến hnay là 1 tuần chưa hoàn tiền cho số đt nhưng gọi không bắt máy",thanh_toán chuyển_khoản xong máy báo lỗi hoá_đơn cửa_hàng hoàn tiền bảo chuyển_khoản hoàn tiền hnay 1 hoàn tiền đt gọi bắt máy
quá tệ,negative,quá tệ,quá tệ,tệ
"những gì để nói về mc d. thật tuyệt vời khi đi đến universal food, bất cứ phần nào của thế giới bạn đang ở.",positive,"những gì để nói về mc d . thật tuyệt_vời khi đi đến universal food , bất_cứ phần_nào của thế_giới bạn đang ở .","những gì để nói về mc d . thật tuyệt_vời khi đi đến universal food , bất_cứ phần_nào của thế_giới bạn đang ở .",mc d tuyệt_vời universal food bất_cứ phần_nào thế_giới
"thực đơn gạo của mcdonald, việt nam, không ngon. gạo không đủ tốt để để gạo nó không phải vì nó là một loại gạo bay nếu bạn ăn menu gạo, nước sốt là nước mắm tỏi vui lòng sử dụng nước sốt thịt nướng lý do điểm số thấp là đây là điên rồ hơn đường phố của hà nội đến một cửa hàng khác aa",negative,"thực_đơn gạo của mcdonald , việt_nam , không ngon . gạo không đủ tốt để để gạo nó không phải vì nó là một loại gạo bay nếu bạn ăn menu gạo , nước sốt là nước_mắm tỏi vui_lòng sử_dụng nước sốt thịt nướng lý_do điểm_số thấp là đây là điên_rồ hơn đường_phố của hà_nội đến một cửa_hàng khác aa","thực_đơn gạo của mcdonald , việt_nam , không ngon . gạo không đủ tốt để để gạo nó không phải vì nó là một loại gạo bay nếu bạn ăn menu gạo , nước sốt là nước_mắm tỏi vui_lòng sử_dụng nước sốt thịt nướng lý_do điểm_số thấp là đây là điên_rồ hơn đường_phố của hà_nội đến một cửa_hàng khác aa",thực_đơn gạo mcdonald việt_nam ngon gạo gạo gạo bay menu gạo sốt nước_mắm tỏi vui_lòng sử_dụng sốt thịt nướng lý_do điểm_số điên_rồ đường_phố hà_nội cửa_hàng aa
một nơi để lấp đầy bụng của bạn 😁 hoàn hảo khi bạn không có tâm trạng để thử nghiệm các món ngon mới,positive,một nơi để lấp đầy bụng của bạn 😁 hoàn_hảo khi bạn không có tâm_trạng để thử_nghiệm các món ngon mới,một nơi để lấp đầy bụng của bạn :khuôn mặt rạng rỡ với đôi mắt cười: hoàn_hảo khi bạn không có tâm_trạng để thử_nghiệm các món ngon mới,lấp bụng :khuôn mặt rạng rỡ đôi mắt cười: hoàn_hảo tâm_trạng thử_nghiệm món ngon
"đó là một nơi thư giãn trong hà nội nóng. kem mềm cũng rẻ, và bạn có thể yên tâm với thương hiệu của mcdonald. có nhiều máy để đặt hàng, vì vậy nó dễ đặt hàng. về nội thất và chỗ ngồi, tôi không nghĩ rằng có nhiều việc dọn dẹp. thật tuyệt khi đẹp hơn một chút vì nó được sử dụng bởi rất nhiều người.",positive,"đó là một nơi thư_giãn trong hà_nội nóng . kem mềm cũng rẻ , và bạn có_thể yên_tâm với thương_hiệu của mcdonald . có nhiều máy để đặt_hàng , vì_vậy nó dễ đặt_hàng . về nội_thất và chỗ ngồi , tôi không nghĩ rằng có nhiều việc dọn_dẹp . thật tuyệt khi đẹp hơn một_chút vì nó được sử_dụng bởi rất nhiều người .","đó là một nơi thư_giãn trong hà_nội nóng . kem mềm cũng rẻ , và bạn có_thể yên_tâm với thương_hiệu của mcdonald . có nhiều máy để đặt_hàng , vì_vậy nó dễ đặt_hàng . về nội_thất và chỗ ngồi , tôi không nghĩ rằng có nhiều việc dọn_dẹp . thật tuyệt khi đẹp hơn một_chút vì nó được sử_dụng bởi rất nhiều người .",thư_giãn hà_nội nóng kem mềm rẻ có_thể yên_tâm thương_hiệu mcdonald máy đặt_hàng vì_vậy đặt_hàng nội_thất chỗ dọn_dẹp tuyệt đẹp một_chút sử_dụng
thức ăn ngon nhưng gián đang chuyển vùng. không chắc chắn nếu họ thậm chí có mặt trong nhà bếp. ai biết được thức ăn là vệ sinh.,negative,thức_ăn ngon nhưng gián đang chuyển vùng . không chắc_chắn nếu họ thậm_chí có_mặt trong nhà_bếp . ai biết được thức_ăn là vệ_sinh .,thức_ăn ngon nhưng gián đang chuyển vùng . không chắc_chắn nếu họ thậm_chí có_mặt trong nhà_bếp . ai biết được thức_ăn là vệ_sinh .,thức_ăn ngon gián chắc_chắn thậm_chí có_mặt nhà_bếp thức_ăn vệ_sinh
"việt nam là một quốc gia hào phóng trong việc hút thuốc, nhưng có những sinh viên đại học hút thuốc trong nhà ... nhân viên không kiềm chế.",neutral,"việt_nam là một quốc_gia hào_phóng trong việc hút thuốc , nhưng có những sinh_viên đại_học hút thuốc trong nhà ... nhân_viên không kiềm_chế .","việt_nam là một quốc_gia hào_phóng trong việc hút thuốc , nhưng có những sinh_viên đại_học hút thuốc trong nhà ... nhân_viên không kiềm_chế .",việt_nam quốc_gia hào_phóng hút thuốc sinh_viên đại_học hút thuốc ... nhân_viên kiềm_chế
mình ăn mc donalds hồ gươm khá nhiều nên mình đánh giá chất lượng và phục vụ tốt. không gian hợp lý vì nó ngay bờ hồ,positive,mình ăn mc donalds hồ gươm khá nhiều nên mình đánh_giá chất_lượng và phục_vụ tốt . không_gian hợp_lý vì nó ngay bờ hồ,mình ăn mc donalds hồ gươm khá nhiều nên mình đánh_giá chất_lượng và phục_vụ tốt . không_gian hợp_lý vì nó ngay bờ hồ,mc donalds hồ gươm đánh_giá chất_lượng phục_vụ không_gian hợp_lý bờ hồ
một trong số ít mcdonalds ở việt nam,positive,một trong số_ít mcdonalds ở việt_nam,một trong số_ít mcdonalds ở việt_nam,số_ít mcdonalds việt_nam
thức ăn tuyệt vời. đã đến đó nhiều lần khi ở hà nội. thức ăn luôn sẵn sàng trong vòng chưa đầy 10 phút. chất lượng thực phẩm và các phần rất tốt. thức ăn không đắt. nhân viên có tiếng anh tốt và rất hữu ích.,positive,thức_ăn tuyệt_vời . đã đến đó nhiều lần khi ở hà_nội . thức_ăn luôn sẵn_sàng trong vòng chưa đầy 10 phút . chất_lượng thực_phẩm và các phần rất tốt . thức_ăn không đắt . nhân_viên có tiếng anh tốt và rất hữu_ích .,thức_ăn tuyệt_vời . đã đến đó nhiều lần khi ở hà_nội . thức_ăn luôn sẵn_sàng trong vòng chưa đầy 10 phút . chất_lượng thực_phẩm và các phần rất tốt . thức_ăn không đắt . nhân_viên có tiếng anh tốt và rất hữu_ích .,thức_ăn tuyệt_vời hà_nội thức_ăn sẵn_sàng vòng 10 phút chất_lượng thực_phẩm thức_ăn đắt nhân_viên tiếng hữu_ích
không có tùy chọn veg nào ở đó,negative,không có tuỳ chọn veg nào ở đó,không có tuỳ chọn veg nào ở đó,tuỳ veg
"đã đến đây hai lần, rất ngon và thức ăn ngon. chỉ có điều xấu là bánh mì kẹp thịt luôn có một chút ở phía lạnh",positive,"đã đến đây hai lần , rất ngon và thức_ăn ngon . chỉ có_điều xấu là bánh_mì kẹp thịt luôn có một_chút ở phía lạnh","đã đến đây hai lần , rất ngon và thức_ăn ngon . chỉ có_điều xấu là bánh_mì kẹp thịt luôn có một_chút ở phía lạnh",hai ngon thức_ăn ngon có_điều xấu bánh_mì kẹp thịt một_chút lạnh
"đó là một chiếc macca, nó sạch sẽ và gọn gàng, có wifi miễn phí, nhà vệ sinh, điều hòa không khí và thực phẩm có giá hợp lý. không có gì để phàn nàn về, công việc được thực hiện tốt.",positive,"đó là một chiếc macca , nó sạch_sẽ và gọn_gàng , có wifi miễn_phí , nhà_vệ_sinh , điều_hoà_không_khí và thực_phẩm có giá hợp_lý . không có gì để phàn_nàn về , công_việc được thực_hiện tốt .","đó là một chiếc macca , nó sạch_sẽ và gọn_gàng , có wifi miễn_phí , nhà_vệ_sinh , điều_hoà_không_khí và thực_phẩm có giá hợp_lý . không có gì để phàn_nàn về , công_việc được thực_hiện tốt .",macca sạch_sẽ gọn_gàng wifi miễn_phí nhà_vệ_sinh điều_hoà_không_khí thực_phẩm giá hợp_lý phàn_nàn công_việc thực_hiện
rất đẹp,positive,rất đẹp,rất đẹp,đẹp
hầu như luôn luôn nhưng cũng là một ốc đảo phương tây,neutral,hầu_như luôn_luôn nhưng cũng là một ốc_đảo phương tây,hầu_như luôn_luôn nhưng cũng là một ốc_đảo phương tây,hầu_như luôn_luôn ốc_đảo phương tây
"mcdonalds là mcdonalds, dù bạn là ai. nhân viên rất thân thiện và hiệu quả",positive,"mcdonalds là mcdonalds , dù bạn là ai . nhân_viên rất thân_thiện và hiệu_quả","mcdonalds là mcdonalds , dù bạn là ai . nhân_viên rất thân_thiện và hiệu_quả",mcdonalds mcdonalds nhân_viên thân_thiện hiệu_quả
"quán làm đơn cho xế rất lâu. gọi tổng đài , tổng đài bảo đợi đồ mang ra. đợi 1520p chưa thấy đâu. phải 1 xế trông xe 1 xế vào lấy. nói chung là tệ",negative,"quán làm đơn cho xế rất lâu . gọi tổng_đài , tổng_đài bảo đợi đồ mang ra . đợi 1520p chưa thấy đâu . phải 1 xế trông xe 1 xế vào lấy . nói_chung là tệ","quán làm đơn cho xế rất lâu . gọi tổng_đài , tổng_đài bảo đợi đồ mang ra . đợi 1520p chưa thấy đâu . phải 1 xế trông xe 1 xế vào lấy . nói_chung là tệ",quán đơn xế gọi tổng_đài tổng_đài bảo đợi đồ đợi 1520p 1 xế trông xe 1 xế nói_chung tệ
thái độ nhân viên tệ. gọi tổng đài bảo xế đợi ở ngoài. đợi 1520p gọi cho quán quán vẫn bảo đợi. nói chung là tệ,negative,thái_độ nhân_viên tệ . gọi tổng_đài bảo xế đợi ở ngoài . đợi 1520p gọi cho quán quán vẫn bảo đợi . nói_chung là tệ,thái_độ nhân_viên tệ . gọi tổng_đài bảo xế đợi ở ngoài . đợi 1520p gọi cho quán quán vẫn bảo đợi . nói_chung là tệ,thái_độ nhân_viên tệ gọi tổng_đài bảo xế đợi đợi 1520p gọi quán quán bảo đợi nói_chung tệ
bánh hamberger rất ngon,positive,bánh hamberger rất ngon,bánh hamberger rất ngon,bánh hamberger ngon
hàng đợi dài. rất đông đúc. thực phẩm là một chút dưới mức mong đợi.,positive,hàng đợi dài . rất đông_đúc . thực_phẩm là một_chút dưới mức mong_đợi .,hàng đợi dài . rất đông_đúc . thực_phẩm là một_chút dưới mức mong_đợi .,hàng đợi đông_đúc thực_phẩm một_chút mong_đợi
"dịch vụ ý tôi là nhân viên thu ngân không thể hiểu tiếng anh và nói, nó không nên xảy ra trong một nhượng quyền thương mại quốc tế",negative,"dịch_vụ ý tôi là nhân_viên thu_ngân không_thể hiểu tiếng anh và nói , nó không nên xảy ra trong một nhượng quyền thương_mại quốc_tế","dịch_vụ ý tôi là nhân_viên thu_ngân không_thể hiểu tiếng anh và nói , nó không nên xảy ra trong một nhượng quyền thương_mại quốc_tế",dịch_vụ nhân_viên thu_ngân không_thể tiếng xảy nhượng quyền thương_mại quốc_tế
điều hòa không khí đầy đủ. rất thích hợp khi bạn đổ mồ hôi như một người gypsy và mùi cho chủ nhà.,positive,điều_hoà_không_khí đầy_đủ . rất thích_hợp khi bạn đổ mồ_hôi như một người gypsy và mùi cho chủ nhà .,điều_hoà_không_khí đầy_đủ . rất thích_hợp khi bạn đổ mồ_hôi như một người gypsy và mùi cho chủ nhà .,điều_hoà_không_khí đầy_đủ thích_hợp đổ mồ_hôi gypsy mùi chủ
"quá tệ , nhân viên thì kém",negative,"quá tệ , nhân_viên thì kém","quá tệ , nhân_viên thì kém",tệ nhân_viên kém
giống như bất kỳ mcdonald nào nhưng thậm chí không nghĩ đến việc có được một chỗ ngồi trong những ngày cuối tuần. nó là gói,positive,giống như bất_kỳ mcdonald nào nhưng thậm_chí không nghĩ đến việc có được một chỗ ngồi trong những ngày cuối tuần . nó là gói,giống như bất_kỳ mcdonald nào nhưng thậm_chí không nghĩ đến việc có được một chỗ ngồi trong những ngày cuối tuần . nó là gói,bất_kỳ mcdonald thậm_chí chỗ gói
điều đó là tốt và dịch vụ rất tuyệt,positive,điều đó là tốt và dịch_vụ rất tuyệt,điều đó là tốt và dịch_vụ rất tuyệt,dịch_vụ tuyệt
"cheap và nhanh, salad rau diếp sẽ không được trộn trước với meanidates, được đưa ra vị trí tốt.",positive,"cheap và nhanh , salad rau_diếp sẽ không được trộn trước với meanidates , được đưa ra vị_trí tốt .","cheap và nhanh , salad rau_diếp sẽ không được trộn trước với meanidates , được đưa ra vị_trí tốt .",cheap salad rau_diếp trộn meanidates vị_trí
"mcdonald mcdonald đẹp và sạch với thức ăn ngon. thực sự yêu thích cách nước sốt miễn phí trên vòi, không giống như hồng kông. vì vậy, đó là một phần thưởng",positive,"mcdonald mcdonald đẹp và sạch với thức_ăn ngon . thực_sự yêu thích cách nước sốt miễn_phí trên vòi , không giống như hồng_kông . vì_vậy , đó là một phần_thưởng","mcdonald mcdonald đẹp và sạch với thức_ăn ngon . thực_sự yêu thích cách nước sốt miễn_phí trên vòi , không giống như hồng_kông . vì_vậy , đó là một phần_thưởng",mcdonald mcdonald đẹp sạch thức_ăn ngon yêu sốt miễn_phí vòi hồng_kông vì_vậy phần_thưởng
"không gian gọi là ư là đông, mới có thứ3 thôi ạ, chỗ để xe 10k nay mình gọi suất chessberger combo nước 69k cũng được nhưng bánh mỳ hơi hôi nhưng được caia phục vụ tốt, có cái tích điểm đổi quà nhưng do mình không biết cách dùng nên bỏ qua. ăn gọi cho biết thôi giá nó cũng ngang tầm lotteria í mn. điều hòa mát nha mọi người",positive,"không_gian gọi là ư là đông , mới có thứ3 thôi ạ , chỗ để xe 10k nay mình gọi suất chessberger combo nước 69k cũng được nhưng bánh mỳ hơi hôi nhưng được caia phục_vụ tốt , có cái tích điểm đổi quà nhưng do mình không biết cách dùng nên bỏ_qua . ăn gọi cho biết thôi giá nó cũng ngang tầm lotteria í mn . điều_hoà mát nha mọi người","không_gian gọi là ư là đông , mới có thứ3 thôi ạ , chỗ để xe 10k nay mình gọi suất chessberger combo nước 69k cũng được nhưng bánh mỳ hơi hôi nhưng được caia phục_vụ tốt , có cái tích điểm đổi quà nhưng do mình không biết cách dùng nên bỏ_qua . ăn gọi cho biết thôi giá nó cũng ngang tầm lotteria í mn . điều_hoà mát nha mọi người",không_gian gọi đông thứ3 chỗ xe 10k gọi suất chessberger combo 69k bánh mỳ hơi hôi caia phục_vụ tích đổi quà bỏ_qua gọi giá ngang tầm lotteria í mn điều_hoà mát nha
menu bigmc ở mức 4 để thay đổi,positive,menu bigmc ở mức 4 để thay_đổi,menu bigmc ở mức 4 để thay_đổi,menu bigmc 4 thay_đổi
"một nhà vệ sinh ít hơn một chút, và trong toàn bộ việt nam có những phần nhỏ. nhân viên đã tốt và nhanh chóng",positive,"một nhà_vệ_sinh ít hơn một_chút , và trong toàn_bộ việt_nam có những phần nhỏ . nhân_viên đã tốt và nhanh_chóng","một nhà_vệ_sinh ít hơn một_chút , và trong toàn_bộ việt_nam có những phần nhỏ . nhân_viên đã tốt và nhanh_chóng",nhà_vệ_sinh một_chút toàn_bộ việt_nam nhân_viên nhanh_chóng
"view đẹp, đồ ăn bình thường",positive,"view đẹp , đồ_ăn bình_thường","view đẹp , đồ_ăn bình_thường",view đẹp đồ_ăn bình_thường
gà ok burger bình thường,positive,gà ok burger bình_thường,gà ok burger bình_thường,gà ok burger bình_thường
"đồ ăn ở mcdonalds khá ngon , nhiểu combo giá hợp lý , nhân viên phục vụ chu đáo , có order online tại quán rất tiện",positive,"đồ_ăn ở mcdonalds khá ngon , nhiểu combo giá hợp_lý , nhân_viên phục_vụ chu_đáo , có order online tại quán rất tiện","đồ_ăn ở mcdonalds khá ngon , nhiểu combo giá hợp_lý , nhân_viên phục_vụ chu_đáo , có order online tại quán rất tiện",đồ_ăn mcdonalds ngon nhiểu combo giá hợp_lý nhân_viên phục_vụ chu_đáo order online quán tiện
mcdonald là không thể thiếu anh ta có một chiếc bánh burger cá cho những người tìm kiếm thức ăn halal,positive,mcdonald là không_thể thiếu anh ta có một chiếc bánh burger cá cho những người tìm_kiếm thức_ăn halal,mcdonald là không_thể thiếu anh ta có một chiếc bánh burger cá cho những người tìm_kiếm thức_ăn halal,mcdonald không_thể ta bánh burger cá tìm_kiếm thức_ăn halal
"không có gì để chê, mê tương ớt mc donalds, giữ xe 10k.",positive,"không có gì để chê , mê tương_ớt mc donalds , giữ xe 10k .","không có gì để chê , mê tương_ớt mc donalds , giữ xe 10k .",chê mê tương_ớt mc donalds xe 10k
tôi đã tò mò về chibab gum rất ngon thật dễ dàng để có một bữa ăn ngon vì cũng có một chỗ ngồi.,positive,tôi đã tò_mò về chibab gum rất ngon thật dễ_dàng để có một bữa ăn ngon vì cũng có một chỗ ngồi .,tôi đã tò_mò về chibab gum rất ngon thật dễ_dàng để có một bữa ăn ngon vì cũng có một chỗ ngồi .,tò_mò chibab gum ngon dễ_dàng ngon chỗ
ngon. nhưng pizza nhỏ. bánh mì kẹp thịt thông thường nhỏ hơn một món ăn của trẻ em trong cả nước.,positive,ngon . nhưng pizza nhỏ . bánh_mì kẹp thịt thông_thường nhỏ hơn một món ăn của trẻ_em trong cả nước .,ngon . nhưng pizza nhỏ . bánh_mì kẹp thịt thông_thường nhỏ hơn một món ăn của trẻ_em trong cả nước .,ngon pizza bánh_mì kẹp thịt thông_thường món trẻ_em
mcdonald duy nhất ở thị trấn cổ hà nội.,positive,mcdonald duy_nhất ở thị_trấn cổ hà_nội .,mcdonald duy_nhất ở thị_trấn cổ hà_nội .,mcdonald duy_nhất thị_trấn cổ hà_nội
cảm ơn bạn cho bữa ăn.,positive,cảm_ơn bạn cho bữa ăn .,cảm_ơn bạn cho bữa ăn .,cảm_ơn
họ vẫn không biết làm thế nào để làm khoai tây chiên của mcdonald tốt,negative,họ vẫn không biết làm thế_nào để làm khoai_tây chiên của mcdonald tốt,họ vẫn không biết làm thế_nào để làm khoai_tây chiên của mcdonald tốt,thế_nào khoai_tây chiên mcdonald
thức ăn tuyệt vời,positive,thức_ăn tuyệt_vời,thức_ăn tuyệt_vời,thức_ăn tuyệt_vời
cheeseburger deluxe cheeseburger thông thường trông như thế nào,negative,cheeseburger deluxe cheeseburger thông_thường trông như_thế_nào,cheeseburger deluxe cheeseburger thông_thường trông như_thế_nào,cheeseburger deluxe cheeseburger thông_thường trông như_thế_nào
không gian ok hamburger không ngon,neutral,không_gian ok hamburger không ngon,không_gian ok hamburger không ngon,không_gian ok hamburger ngon
thường xuyên,neutral,thường_xuyên,thường_xuyên,thường_xuyên
nơi ở trong tình trạng đáng thương của mùi buồn nôn bên dưới,negative,nơi ở trong tình_trạng đáng thương của mùi buồn_nôn bên dưới,nơi ở trong tình_trạng đáng thương của mùi buồn_nôn bên dưới,tình_trạng thương mùi buồn_nôn
"cửa hàng sạch sẽ, đẹp đẽ. ngồi tầng 2 có thể ngắm ra được hồ gươm, và dòng xe đổ về hồ gươm. đồ ăn nhanh ngon, đậm đà hương vị. giá cũng ok so với mặt bằng",positive,"cửa_hàng sạch_sẽ , đẹp_đẽ . ngồi tầng 2 có_thể ngắm ra được hồ gươm , và dòng xe đổ về hồ gươm . đồ_ăn nhanh ngon , đậm_đà hương_vị . giá cũng ok so với mặt_bằng","cửa_hàng sạch_sẽ , đẹp_đẽ . ngồi tầng 2 có_thể ngắm ra được hồ gươm , và dòng xe đổ về hồ gươm . đồ_ăn nhanh ngon , đậm_đà hương_vị . giá cũng ok so với mặt_bằng",cửa_hàng sạch_sẽ đẹp_đẽ tầng 2 có_thể ngắm hồ gươm dòng xe đổ hồ gươm đồ_ăn ngon đậm_đà hương_vị giá ok mặt_bằng
"nhân viên ngoan, không gian sạch sẽ, yên tĩnh, gần trung tâm khu đi bộ rất thuận tiện cho việc đi dạo phố cuối tuần.",positive,"nhân_viên ngoan , không_gian sạch_sẽ , yên_tĩnh , gần trung_tâm khu đi bộ rất thuận_tiện cho việc đi dạo phố cuối tuần .","nhân_viên ngoan , không_gian sạch_sẽ , yên_tĩnh , gần trung_tâm khu đi bộ rất thuận_tiện cho việc đi dạo phố cuối tuần .",nhân_viên ngoan không_gian sạch_sẽ yên_tĩnh trung_tâm khu thuận_tiện dạo phố
tôi thấy đồ ăn rất ngon,positive,tôi thấy đồ_ăn rất ngon,tôi thấy đồ_ăn rất ngon,đồ_ăn ngon
"mcdonalds tiêu chuẩn, hợp lý nếu bạn bỏ lỡ một chiếc bánh hamburger giá rẻ. khi tôi đi thì trống rỗng vì du lịch pandemi vẫn còn bắt đầu.",neutral,"mcdonalds tiêu_chuẩn , hợp_lý nếu bạn bỏ lỡ một chiếc bánh hamburger giá rẻ . khi tôi đi thì trống_rỗng vì du_lịch pandemi vẫn còn bắt_đầu .","mcdonalds tiêu_chuẩn , hợp_lý nếu bạn bỏ lỡ một chiếc bánh hamburger giá rẻ . khi tôi đi thì trống_rỗng vì du_lịch pandemi vẫn còn bắt_đầu .",mcdonalds tiêu_chuẩn hợp_lý lỡ bánh hamburger giá rẻ trống_rỗng du_lịch pandemi bắt_đầu
"🇰 đánh giá hàn quốc 🇰 mcdonald gần hồ hoan kiem. đến vào sáng sớm, tôi đến thăm hà nội và đến thăm séc trong thời gian. đó là vào sáng sớm, vì vậy tôi đã đặt mua mac morning và có thể dành thời gian. thật tốt khi chỉ cần tháo nó ra, nhưng bạn không cần phải ghé thăm điểm này và tìm mcdonald",neutral,"🇰 đánh_giá hàn_quốc 🇰 mcdonald gần hồ hoan kiem . đến vào sáng sớm , tôi đến thăm hà_nội và đến thăm séc trong thời_gian . đó là vào sáng sớm , vì_vậy tôi đã đặt mua mac morning và có_thể dành thời_gian . thật tốt khi chỉ cần tháo nó ra , nhưng bạn không cần phải ghé thăm điểm này và tìm mcdonald",":ký hiệu chỉ thị khu vực chữ k: đánh_giá hàn_quốc :ký hiệu chỉ thị khu vực chữ k: mcdonald gần hồ hoan kiem . đến vào sáng sớm , tôi đến thăm hà_nội và đến thăm séc trong thời_gian . đó là vào sáng sớm , vì_vậy tôi đã đặt mua mac morning và có_thể dành thời_gian . thật tốt khi chỉ cần tháo nó ra , nhưng bạn không cần phải ghé thăm điểm này và tìm mcdonald",:ký hiệu thị khu vực chữ k: đánh_giá hàn_quốc :ký hiệu thị khu vực chữ k: mcdonald hồ hoan kiem thăm hà_nội thăm séc thời_gian vì_vậy mua mac morning có_thể thời_gian tháo ghé thăm mcdonald
"tôi đã gọi món gà và một chiếc mac lớn thông qua việc lấy thức ăn và đó là bữa ăn tồi tệ nhất mà tôi đã từng ăn ở hà nội cho đến nay. tránh đặt hàng từ chi nhánh này nếu bạn có thể, đặc biệt là thông qua lấy.",negative,"tôi đã gọi món gà và một chiếc mac lớn thông_qua việc lấy thức_ăn và đó là bữa ăn tồi_tệ nhất mà tôi đã từng ăn_ở hà_nội cho đến nay . tránh đặt_hàng từ chi_nhánh này nếu bạn có_thể , đặc_biệt là thông_qua lấy .","tôi đã gọi món gà và một chiếc mac lớn thông_qua việc lấy thức_ăn và đó là bữa ăn tồi_tệ nhất mà tôi đã từng ăn_ở hà_nội cho đến nay . tránh đặt_hàng từ chi_nhánh này nếu bạn có_thể , đặc_biệt là thông_qua lấy .",gọi món gà mac thông_qua thức_ăn tồi_tệ ăn_ở hà_nội đặt_hàng chi_nhánh có_thể đặc_biệt thông_qua
dịch vụ ok. thực phẩm tầm thường,positive,dịch_vụ ok . thực_phẩm tầm_thường,dịch_vụ ok . thực_phẩm tầm_thường,dịch_vụ ok thực_phẩm tầm_thường
một điểm dừng nhanh chóng khi bạn gặp rắc rối với nhà vệ sinh và wifi miễn phí.,positive,một điểm dừng nhanh_chóng khi bạn gặp rắc_rối với nhà_vệ_sinh và wifi miễn_phí .,một điểm dừng nhanh_chóng khi bạn gặp rắc_rối với nhà_vệ_sinh và wifi miễn_phí .,dừng nhanh_chóng rắc_rối nhà_vệ_sinh wifi miễn_phí
"tôi gọi món kem sô cô la, giải quyết nó tại sổ đăng ký và vào chỗ ngồi của tôi. ... cặp vợ chồng đến sau và đặt hàng vật phẩm 💑 nhặt các mặt hàng và đi ra ngoài cửa hàng. ... cặp đôi tiếp theo ... thư ký cửa hàng đã mang các mặt hàng từ gia đình tôi trước mặt tôi đến tầng hai. ... tôi cũng mang các sản phẩm của gia đình mình lên tầng hai. huh, còn kem sô cô la của tôi thì sao ... thư ký kiểm tra biên lai của tôi và quay lại núi biên lai trước khi đăng ký ... tôi đã quên sau tất cả tôi chưa bao giờ nghĩ rằng điều này sẽ kéo dài trong hai ngày ... bây giờ tôi sẽ đợi tsuki trở lại 😆 thư ký cửa hàng dường như không bị xúc phạm. ... hahaha",negative,"tôi gọi món kem sô cô la , giải_quyết nó tại sổ đăng_ký và vào chỗ ngồi của tôi . ... cặp vợ_chồng đến sau và đặt_hàng vật_phẩm 💑 nhặt các mặt_hàng và đi ra ngoài cửa_hàng . ... cặp đôi tiếp_theo ... thư_ký cửa_hàng đã mang các mặt_hàng từ gia_đình tôi trước mặt tôi đến tầng hai . ... tôi cũng mang các sản_phẩm của gia_đình mình lên tầng hai . huh , còn kem sô cô la của tôi thì sao ... thư_ký kiểm_tra biên_lai của tôi và quay lại núi biên_lai trước khi đăng_ký ... tôi đã quên sau tất_cả tôi chưa bao_giờ nghĩ rằng điều này sẽ kéo_dài trong hai ngày ... bây_giờ tôi sẽ đợi tsuki trở_lại 😆 thư_ký cửa_hàng dường_như không bị xúc_phạm . ... hahaha","tôi gọi món kem sô cô la , giải_quyết nó tại sổ đăng_ký và vào chỗ ngồi của tôi . ... cặp vợ_chồng đến sau và đặt_hàng vật_phẩm :cặp đôi có trái tim: nhặt các mặt_hàng và đi ra ngoài cửa_hàng . ... cặp đôi tiếp_theo ... thư_ký cửa_hàng đã mang các mặt_hàng từ gia_đình tôi trước mặt tôi đến tầng hai . ... tôi cũng mang các sản_phẩm của gia_đình mình lên tầng hai . huh , còn kem sô cô la của tôi thì sao ... thư_ký kiểm_tra biên_lai của tôi và quay lại núi biên_lai trước khi đăng_ký ... tôi đã quên sau tất_cả tôi chưa bao_giờ nghĩ rằng điều này sẽ kéo_dài trong hai ngày ... bây_giờ tôi sẽ đợi tsuki trở_lại :mặt cười toe toét: thư_ký cửa_hàng dường_như không bị xúc_phạm . ... hahaha",gọi món kem sô la giải_quyết sổ đăng_ký chỗ ... cặp vợ_chồng đặt_hàng vật_phẩm :cặp đôi trái tim: nhặt mặt_hàng cửa_hàng ... cặp đôi tiếp_theo ... thư_ký cửa_hàng mặt_hàng gia_đình mặt tầng hai ... sản_phẩm gia_đình tầng hai huh kem sô la ... thư_ký kiểm_tra biên_lai núi biên_lai đăng_ký ... quên tất_cả bao_giờ kéo_dài hai ... bây_giờ đợi tsuki trở_lại :mặt cười toe toét: thư_ký cửa_hàng dường_như xúc_phạm ... hahaha
thức ăn giá cả phải chăng cho mọi người,positive,thức_ăn giá_cả phải_chăng cho mọi người,thức_ăn giá_cả phải_chăng cho mọi người,thức_ăn giá_cả phải_chăng
dịch vụ tốt mcdonalds cổ điển,neutral,dịch_vụ tốt mcdonalds cổ_điển,dịch_vụ tốt mcdonalds cổ_điển,dịch_vụ mcdonalds cổ_điển
cũng có thể chỉ phục vụ nó trong một kích thước nhỏ mặc dù chúng tôi trả tiền cho lớn và yêu cầu lớn. bạn đang phân phối khoai tây xảy ra mọi lúc. đặt hàng lớn và chúng luôn lấp đầy nó ít hơn một nửa.,negative,cũng có_thể chỉ phục_vụ nó trong một kích_thước nhỏ mặc_dù chúng_tôi trả tiền cho lớn và yêu_cầu lớn . bạn đang phân_phối khoai_tây xảy ra mọi lúc . đặt_hàng lớn và chúng luôn lấp đầy nó ít hơn một_nửa .,cũng có_thể chỉ phục_vụ nó trong một kích_thước nhỏ mặc_dù chúng_tôi trả tiền cho lớn và yêu_cầu lớn . bạn đang phân_phối khoai_tây xảy ra mọi lúc . đặt_hàng lớn và chúng luôn lấp đầy nó ít hơn một_nửa .,có_thể phục_vụ kích_thước mặc_dù chúng_tôi tiền yêu_cầu phân_phối khoai_tây xảy đặt_hàng lấp một_nửa
một nơi tốt để ăn sau khi mua sắm của bạn tại quảng trường bên kia đường.,positive,một nơi tốt để ăn sau khi mua_sắm của bạn tại quảng_trường bên kia đường .,một nơi tốt để ăn sau khi mua_sắm của bạn tại quảng_trường bên kia đường .,mua_sắm quảng_trường kia đường
"đồ ăn ngon, nhiều loại nước, sốt, bánh, tráng miệng, giá cả 45. không gian đẹp, rộng",positive,"đồ_ăn ngon , nhiều loại nước , sốt , bánh , tráng_miệng , giá_cả 45 . không_gian đẹp , rộng","đồ_ăn ngon , nhiều loại nước , sốt , bánh , tráng_miệng , giá_cả 45 . không_gian đẹp , rộng",đồ_ăn ngon sốt bánh tráng_miệng giá_cả 45 không_gian đẹp rộng
tuyệt vời,positive,tuyệt_vời,tuyệt_vời,tuyệt_vời
"thực đơn hơi khác với hàn quốc và loại ít hơn. tuy nhiên, giá thấp và hương vị không khác với hàn quốc.",positive,"thực_đơn hơi khác với hàn_quốc và loại ít hơn . tuy_nhiên , giá thấp và hương_vị không khác với hàn_quốc .","thực_đơn hơi khác với hàn_quốc và loại ít hơn . tuy_nhiên , giá thấp và hương_vị không khác với hàn_quốc .",thực_đơn hơi hàn_quốc tuy_nhiên giá hương_vị hàn_quốc
không có chỗ gửi xe,positive,không có chỗ gửi xe,không có chỗ gửi xe,chỗ gửi xe
kinh nghiệm tuyệt vời và bầu không khí.,positive,kinh_nghiệm tuyệt_vời và bầu_không_khí .,kinh_nghiệm tuyệt_vời và bầu_không_khí .,kinh_nghiệm tuyệt_vời bầu_không_khí
nhân viên làm ăn lề mà lề mề.,negative,nhân_viên làm_ăn lề_mà_lề_mề .,nhân_viên làm_ăn lề_mà_lề_mề .,nhân_viên làm_ăn lề_mà_lề_mề
làm quá lâu,negative,làm quá lâu,làm quá lâu,
"sau campuchia và lào một niềm vui thực sự để trở lại với một thức ăn nhanh. giá rất chính xác, thức ăn khá tốt.",positive,"sau campuchia và lào một niềm vui thực_sự để trở_lại với một thức_ăn nhanh . giá rất chính_xác , thức_ăn khá tốt .","sau campuchia và lào một niềm vui thực_sự để trở_lại với một thức_ăn nhanh . giá rất chính_xác , thức_ăn khá tốt .",campuchia lào niềm vui trở_lại thức_ăn giá chính_xác thức_ăn
mcdonald xông ở khắp mọi nơi tốt,positive,mcdonald xông ở khắp mọi nơi tốt,mcdonald xông ở khắp mọi nơi tốt,mcdonald xông khắp
"mình đi cuối tuần nên quán rất đông. đặt món bằng máy nhưng vẫn phải ra quầy thanh toán nhé, sau đó nhân viên sẽ đem đồ lên cho bạn. đồ ăn nhanh nên không có gì để nói, ăn no là được. nhân viên nhiệt tình, mình nhờ mấy việc họ cũng chạy đi làm cho. quán vị trí đẹp nhưng view nhìn hầu như không có mấy. cả quán chỉ có 1 nhà vệ sinh 2 phòng nên ăn xong muốn rửa tay hay đi vệ sinh xếp hàng khá mất thời gian.",positive,"mình đi cuối tuần nên quán rất đông . đặt món bằng máy nhưng vẫn phải ra quầy thanh_toán nhé , sau đó nhân_viên sẽ đem đồ lên cho bạn . đồ_ăn nhanh nên không có gì để nói , ăn no là được . nhân_viên nhiệt_tình , mình nhờ mấy việc họ cũng chạy đi làm cho . quán vị_trí đẹp nhưng view nhìn hầu_như không có mấy . cả quán chỉ có 1 nhà_vệ_sinh 2 phòng nên ăn xong muốn rửa tay hay đi vệ_sinh xếp_hàng khá mất thời_gian .","mình đi cuối tuần nên quán rất đông . đặt món bằng máy nhưng vẫn phải ra quầy thanh_toán nhé , sau đó nhân_viên sẽ đem đồ lên cho bạn . đồ_ăn nhanh nên không có gì để nói , ăn no là được . nhân_viên nhiệt_tình , mình nhờ mấy việc họ cũng chạy đi làm cho . quán vị_trí đẹp nhưng view nhìn hầu_như không có mấy . cả quán chỉ có 1 nhà_vệ_sinh 2 phòng nên ăn xong muốn rửa tay hay đi vệ_sinh xếp_hàng khá mất thời_gian .",quán đông món máy quầy thanh_toán nhân_viên đem đồ đồ_ăn no nhân_viên nhiệt_tình mấy chạy quán vị_trí đẹp view hầu_như mấy quán 1 nhà_vệ_sinh 2 phòng xong rửa vệ_sinh xếp_hàng thời_gian
"đó là chất lượng thấp nhất trong số big mac của mcdonald mà tôi đã ăn ở tầng hai. tôi đã đến hai lần trong ba tháng và nó không tốt hai lần. tôi đã ăn ở nhiều chi nhánh, bao gồm hoa kỳ, hàn quốc và canada, nhưng đó là vào đêm khuya vì đêm khuya, vì vậy tôi không thể giữ nó ở góc.",negative,"đó là chất_lượng thấp nhất trong số big mac của mcdonald mà tôi đã ăn_ở tầng hai . tôi đã đến hai lần trong ba tháng và nó không tốt hai lần . tôi đã ăn_ở nhiều chi_nhánh , bao_gồm hoa_kỳ , hàn_quốc và canada , nhưng đó là vào đêm khuya vì đêm khuya , vì_vậy tôi không_thể giữ nó ở góc .","đó là chất_lượng thấp nhất trong số big mac của mcdonald mà tôi đã ăn_ở tầng hai . tôi đã đến hai lần trong ba tháng và nó không tốt hai lần . tôi đã ăn_ở nhiều chi_nhánh , bao_gồm hoa_kỳ , hàn_quốc và canada , nhưng đó là vào đêm khuya vì đêm khuya , vì_vậy tôi không_thể giữ nó ở góc .",chất_lượng big mac mcdonald ăn_ở tầng hai hai hai ăn_ở chi_nhánh bao_gồm hoa_kỳ hàn_quốc canada khuya khuya vì_vậy không_thể góc
không gian hơi nhỏ nhưng sạch sẽ. trời mùa hè vào ăn mát lạnh thấyngon hẳn 😂,positive,không_gian hơi nhỏ nhưng sạch_sẽ . trời mùa hè vào ăn mát lạnh thấyngon hẳn 😂,không_gian hơi nhỏ nhưng sạch_sẽ . trời mùa hè vào ăn mát lạnh thấyngon hẳn :khuôn mặt với những giọt nước mắt của niềm vui:,không_gian hơi sạch_sẽ trời mùa hè mát lạnh thấyngon hẳn :khuôn mặt giọt mắt niềm vui:
ném ra rác ngay tại một vị khách. anh ấy bốc mùi rất nhiều thúc đẩy sự thèm ăn,negative,ném ra rác ngay tại một vị khách . anh ấy bốc mùi rất nhiều thúc_đẩy sự thèm ăn,ném ra rác ngay tại một vị khách . anh ấy bốc mùi rất nhiều thúc_đẩy sự thèm ăn,ném rác vị bốc mùi thúc_đẩy thèm
"như thường lệ, một nơi tốt cho những người yêu mc.",positive,"như thường_lệ , một nơi tốt cho những người yêu mc .","như thường_lệ , một nơi tốt cho những người yêu mc .",thường_lệ yêu mc
hai tầng rất bận rộn mcdonalds. họ mang đơn đặt hàng của bạn vào bàn của bạn và thức ăn rất tươi và ngon và bánh mì kẹp thịt thực sự trông giống như những bức ảnh. và nơi này là không tì vết nhân viên luôn dọn dẹp.,positive,hai tầng rất bận_rộn mcdonalds . họ mang đơn đặt_hàng của bạn vào bàn của bạn và thức_ăn rất tươi và ngon và bánh_mì kẹp thịt thực_sự trông giống như những bức ảnh . và nơi này là không tì_vết nhân_viên luôn dọn_dẹp .,hai tầng rất bận_rộn mcdonalds . họ mang đơn đặt_hàng của bạn vào bàn của bạn và thức_ăn rất tươi và ngon và bánh_mì kẹp thịt thực_sự trông giống như những bức ảnh . và nơi này là không tì_vết nhân_viên luôn dọn_dẹp .,hai tầng bận_rộn mcdonalds đơn đặt_hàng bàn thức_ăn tươi ngon bánh_mì kẹp thịt trông ảnh tì_vết nhân_viên dọn_dẹp
mcdonald ...,positive,mcdonald ...,mcdonald ...,mcdonald ...
mcdonald vô điều kiện khi đi du lịch với trẻ em. hà nội mcdonald cũng tốt tôi thích bọn trẻ vì tôi ăn sáng và ăn mac buổi sáng tại hoan ki mình lake. cỏ sạch và mac morning ice cream coffee rất ngon,positive,mcdonald vô_điều_kiện khi đi du_lịch với trẻ_em . hà_nội mcdonald cũng tốt tôi thích bọn trẻ vì tôi ăn sáng và ăn mac buổi sáng tại hoan ki mình lake . cỏ sạch và mac morning ice cream coffee rất ngon,mcdonald vô_điều_kiện khi đi du_lịch với trẻ_em . hà_nội mcdonald cũng tốt tôi thích bọn trẻ vì tôi ăn sáng và ăn mac buổi sáng tại hoan ki mình lake . cỏ sạch và mac morning ice cream coffee rất ngon,mcdonald vô_điều_kiện du_lịch trẻ_em hà_nội mcdonald bọn trẻ mac hoan ki lake cỏ sạch mac morning ice cream coffee ngon
bạn nhân viên giúp mình lấy đồ khi mình đang chờ nên 5 sao nha. có note quán rất đông nếu ăn tại chỗ buổi tối cuối tuần nha,positive,bạn nhân_viên giúp mình lấy đồ khi mình đang chờ nên 5 sao nha . có note quán rất đông nếu ăn tại_chỗ buổi tối cuối tuần nha,bạn nhân_viên giúp mình lấy đồ khi mình đang chờ nên 5 sao nha . có note quán rất đông nếu ăn tại_chỗ buổi tối cuối tuần nha,nhân_viên giúp đồ chờ 5 nha note quán đông tại_chỗ tối nha
"xuống tay, tôi sẽ chọn mcdonald mcdonald tại việt nam bất cứ ngày nào về những gì chúng tôi có ở singapore. con gà cay rất giòn và rất ngon, tôi đã có kế hoạch sắp xếp lại nó nhưng sau đó tôi đã chọn món gà không cay mà không phải là mark. rất hài lòng với ưu đãi của burgers và chicken mcdonald. sẽ trở lại hy vọng",positive,"xuống_tay , tôi sẽ chọn mcdonald mcdonald tại việt_nam bất_cứ ngày nào về những gì chúng_tôi có ở singapore . con gà cay rất giòn và rất ngon , tôi đã có kế_hoạch sắp_xếp lại nó nhưng sau đó tôi đã chọn món gà không cay mà không phải là mark . rất hài_lòng với ưu_đãi của burgers và chicken mcdonald . sẽ trở_lại hy_vọng","xuống_tay , tôi sẽ chọn mcdonald mcdonald tại việt_nam bất_cứ ngày nào về những gì chúng_tôi có ở singapore . con gà cay rất giòn và rất ngon , tôi đã có kế_hoạch sắp_xếp lại nó nhưng sau đó tôi đã chọn món gà không cay mà không phải là mark . rất hài_lòng với ưu_đãi của burgers và chicken mcdonald . sẽ trở_lại hy_vọng",xuống_tay mcdonald mcdonald việt_nam bất_cứ chúng_tôi singapore gà cay giòn ngon kế_hoạch sắp_xếp món gà cay mark hài_lòng ưu_đãi burgers chicken mcdonald trở_lại hy_vọng
"có quá nhiều người vào buổi tối. kiosk mất nhiều thời gian để xem nó có quen thuộc không. có rất nhiều khách hàng đến nỗi nhân viên không thể dọn dẹp bàn. ngoài ra còn thiếu nước sốt, nhưng không nạp lại. hamburger chỉ là một mac lớn, nhưng patty dường như đã bật lò vi sóng và kích thước bánh mì kẹp thịt hơi nhỏ. nhưng nó rẻ hơn một chút so với hàn quốc.",neutral,"có quá nhiều người vào buổi tối . kiosk mất nhiều thời_gian để xem nó có quen_thuộc không . có rất nhiều khách_hàng đến_nỗi nhân_viên không_thể dọn_dẹp bàn . ngoài_ra còn thiếu nước sốt , nhưng không nạp lại . hamburger chỉ là một mac lớn , nhưng patty dường_như đã bật lò_vi_sóng và kích_thước bánh_mì kẹp thịt hơi nhỏ . nhưng nó rẻ hơn một_chút so với hàn_quốc .","có quá nhiều người vào buổi tối . kiosk mất nhiều thời_gian để xem nó có quen_thuộc không . có rất nhiều khách_hàng đến_nỗi nhân_viên không_thể dọn_dẹp bàn . ngoài_ra còn thiếu nước sốt , nhưng không nạp lại . hamburger chỉ là một mac lớn , nhưng patty dường_như đã bật lò_vi_sóng và kích_thước bánh_mì kẹp thịt hơi nhỏ . nhưng nó rẻ hơn một_chút so với hàn_quốc .",tối kiosk thời_gian quen_thuộc khách_hàng đến_nỗi nhân_viên không_thể dọn_dẹp bàn ngoài_ra sốt nạp hamburger mac patty dường_như bật lò_vi_sóng kích_thước bánh_mì kẹp thịt hơi rẻ một_chút hàn_quốc
bảo vệ thu thêm tiền gửi xe. mà kp khách nào cũng thu. có thể là biển tỉnh lẻ sẽ thu thêm,neutral,bảo_vệ thu thêm tiền gửi xe . mà kp khách nào cũng thu . có_thể là biển tỉnh_lẻ sẽ thu thêm,bảo_vệ thu thêm tiền gửi xe . mà kp khách nào cũng thu . có_thể là biển tỉnh_lẻ sẽ thu thêm,bảo_vệ thu tiền gửi xe kp thu có_thể biển tỉnh_lẻ thu
"mé nó vào bấm mãi đồ ăn mà không được, nhân viên thì đơ đơ",neutral,"mé nó vào bấm mãi đồ_ăn mà không được , nhân_viên thì đơ đơ","mé nó vào bấm mãi đồ_ăn mà không được , nhân_viên thì đơ đơ",mé bấm mãi đồ_ăn nhân_viên đơ đơ
chỉ là một mcdonald khác. thức ăn tươi và ngon. không hoàn toàn giống với hương vị ở nam phi. rất khác nhau. không chắc đó là gia vị mayo hay gà nhưng tốt khác,positive,chỉ là một mcdonald khác . thức_ăn tươi và ngon . không hoàn_toàn giống với hương_vị ở nam_phi . rất khác nhau . không chắc đó là gia_vị mayo hay gà nhưng tốt khác,chỉ là một mcdonald khác . thức_ăn tươi và ngon . không hoàn_toàn giống với hương_vị ở nam_phi . rất khác nhau . không chắc đó là gia_vị mayo hay gà nhưng tốt khác,mcdonald thức_ăn tươi ngon hoàn_toàn hương_vị nam_phi gia_vị mayo gà
kind nhưng chỉ có lối vào của tầng một là mát mẻ,positive,kind nhưng chỉ có lối vào của tầng một là mát_mẻ,kind nhưng chỉ có lối vào của tầng một là mát_mẻ,kind tầng mát_mẻ
"tôi đến việt nam và ăn cà phê ngon nhất ở đây đó không phải là một quán cà phê latte, nó không phải là một quán cà phê, mà là nó là gì giá rất cao. đây là lần đầu tiên để ánh sáng mcdonalds tôi hy vọng bạn đi ra khỏi đây và có những bữa ăn và cà phê chất lượng khác",negative,"tôi đến việt_nam và ăn cà_phê ngon nhất ở đây_đó không phải là một quán cà_phê latte , nó không phải là một quán cà_phê , mà là nó là gì giá rất cao . đây là lần đầu_tiên để ánh_sáng mcdonalds tôi hy_vọng bạn đi ra khỏi đây và có những bữa ăn và cà_phê chất_lượng khác","tôi đến việt_nam và ăn cà_phê ngon nhất ở đây_đó không phải là một quán cà_phê latte , nó không phải là một quán cà_phê , mà là nó là gì giá rất cao . đây là lần đầu_tiên để ánh_sáng mcdonalds tôi hy_vọng bạn đi ra khỏi đây và có những bữa ăn và cà_phê chất_lượng khác",việt_nam cà_phê ngon đây_đó quán cà_phê latte quán cà_phê giá đầu_tiên ánh_sáng mcdonalds hy_vọng cà_phê chất_lượng
"chậm và khó hiểu đôi khi gà ở đây là siêu tốt, nhưng nó không đáng tin cậy hoặc nhất quán. tôi từ bỏ việc ăn ở đây.",negative,"chậm và khó hiểu đôi_khi gà ở đây là siêu tốt , nhưng nó không đáng tin_cậy hoặc nhất_quán . tôi từ_bỏ việc ăn_ở đây .","chậm và khó hiểu đôi_khi gà ở đây là siêu tốt , nhưng nó không đáng tin_cậy hoặc nhất_quán . tôi từ_bỏ việc ăn_ở đây .",chậm đôi_khi gà siêu tin_cậy nhất_quán từ_bỏ ăn_ở
chỉ là ổn,positive,chỉ là ổn,chỉ là ổn,ổn
"không nhiều mcdonald và kfc chạy ở việt nam tôi đoán đó là vì người việt nam đã quen với việc ăn thức ăn nhẹ nhưng giá rẻ hơn nhiều so với đài loan kem sundae rất ngon khoai tây chiên không khác nhiều so với đài loan mặc dù gà rán ở đây không ngon như đài loan nhưng ức gà là một phần lớn sẽ là hoàn hảo nếu phần chiên có thể được cải thiện nếu bạn đã đầy, có một cửa hàng popsicle rất phổ biến ở việt nam gần đó. bạn có thể đi và dùng bữa bước ra ngoài lúc hai giờ ở cửa mcdonald bạn có thể thấy dấu hiệu popsicle trong vòng chưa đầy hai phút",positive,"không nhiều mcdonald và kfc chạy ở việt_nam tôi đoán đó là vì người việt_nam đã quen với việc ăn thức_ăn nhẹ nhưng giá rẻ hơn nhiều so với đài_loan kem sundae rất ngon khoai_tây chiên không khác nhiều so với đài_loan mặc_dù gà rán ở đây không ngon như đài_loan nhưng ức gà là một phần_lớn sẽ là hoàn_hảo nếu phần chiên có_thể được cải_thiện nếu bạn đã đầy , có một cửa_hàng popsicle rất phổ_biến ở việt_nam gần đó . bạn có_thể đi và dùng_bữa bước ra ngoài lúc hai giờ ở cửa mcdonald bạn có_thể thấy dấu_hiệu popsicle trong vòng chưa đầy hai phút","không nhiều mcdonald và kfc chạy ở việt_nam tôi đoán đó là vì người việt_nam đã quen với việc ăn thức_ăn nhẹ nhưng giá rẻ hơn nhiều so với đài_loan kem sundae rất ngon khoai_tây chiên không khác nhiều so với đài_loan mặc_dù gà rán ở đây không ngon như đài_loan nhưng ức gà là một phần_lớn sẽ là hoàn_hảo nếu phần chiên có_thể được cải_thiện nếu bạn đã đầy , có một cửa_hàng popsicle rất phổ_biến ở việt_nam gần đó . bạn có_thể đi và dùng_bữa bước ra ngoài lúc hai giờ ở cửa mcdonald bạn có_thể thấy dấu_hiệu popsicle trong vòng chưa đầy hai phút",mcdonald kfc chạy việt_nam đoán việt_nam quen thức_ăn nhẹ giá rẻ đài_loan kem sundae ngon khoai_tây chiên đài_loan mặc_dù gà rán ngon đài_loan ức gà phần_lớn hoàn_hảo chiên có_thể cải_thiện cửa_hàng popsicle phổ_biến việt_nam có_thể dùng_bữa hai cửa mcdonald có_thể dấu_hiệu popsicle vòng hai phút
"đồ ăn ngon, các bạn nhân viên ở đây phục vụ và hướng dẫn rất nhiệt tình.",positive,"đồ_ăn ngon , các bạn nhân_viên ở đây phục_vụ và hướng_dẫn rất nhiệt_tình .","đồ_ăn ngon , các bạn nhân_viên ở đây phục_vụ và hướng_dẫn rất nhiệt_tình .",đồ_ăn ngon nhân_viên phục_vụ hướng_dẫn nhiệt_tình
"đây, cho đến nay, là mcdonald duy nhất mà tôi đã từng phục vụ các lựa chọn lành mạnh tôi đã lắc salad lắc và ngô bạn có thể đặt hàng bằng máy và trả tiền cho thực phẩm của bạn bằng thẻ. nó khá thuận tiện.",positive,"đây , cho đến nay , là mcdonald duy_nhất mà tôi đã từng phục_vụ các lựa_chọn lành_mạnh tôi đã lắc salad lắc và ngô bạn có_thể đặt_hàng bằng máy và trả tiền cho thực_phẩm của bạn bằng thẻ . nó khá thuận_tiện .","đây , cho đến nay , là mcdonald duy_nhất mà tôi đã từng phục_vụ các lựa_chọn lành_mạnh tôi đã lắc salad lắc và ngô bạn có_thể đặt_hàng bằng máy và trả tiền cho thực_phẩm của bạn bằng thẻ . nó khá thuận_tiện .",mcdonald duy_nhất phục_vụ lựa_chọn lành_mạnh lắc salad lắc ngô có_thể đặt_hàng máy tiền thực_phẩm thẻ thuận_tiện
giống như bất kỳ macca nào ở úc. chỉ không có bánh táo,positive,giống như bất_kỳ macca nào ở úc . chỉ không có bánh táo,giống như bất_kỳ macca nào ở úc . chỉ không có bánh táo,bất_kỳ macca úc bánh táo
"gây sốc nhất tôi đã đặt một chiếc burger gà, có một mẫu cắn, không còn nữa. giá không biện minh cho burger, tôi trả lại món ăn và yêu cầu trả lại tiền của tôi. sau một cuộc cãi vã, tôi đã nhận được tiền của mình và lấy đi. chỉ đơn giản là trong một sự ô nhục",negative,"gây sốc nhất tôi đã đặt một chiếc burger gà , có một mẫu cắn , không còn nữa . giá không biện_minh cho burger , tôi trả lại món ăn và yêu_cầu trả lại tiền của tôi . sau một cuộc cãi_vã , tôi đã nhận được tiền của mình và lấy đi . chỉ đơn_giản là trong một sự ô_nhục","gây sốc nhất tôi đã đặt một chiếc burger gà , có một mẫu cắn , không còn nữa . giá không biện_minh cho burger , tôi trả lại món ăn và yêu_cầu trả lại tiền của tôi . sau một cuộc cãi_vã , tôi đã nhận được tiền của mình và lấy đi . chỉ đơn_giản là trong một sự ô_nhục",sốc burger gà mẫu cắn giá biện_minh burger món yêu_cầu tiền cãi_vã tiền đơn_giản ô_nhục
matchaooreo mcflurry là nụ hôn của đầu bếp,positive,matchaooreo mcflurry là nụ hôn của đầu_bếp,matchaooreo mcflurry là nụ hôn của đầu_bếp,matchaooreo mcflurry nụ hôn đầu_bếp
"thức ăn ở đây ấm hơn thực phẩm, dịch vụ thức ăn ngon và khoai tây chiên, filletofish và gà nugget thực sự tốt",positive,"thức_ăn ở đây ấm hơn thực_phẩm , dịch_vụ thức_ăn ngon và khoai_tây chiên , filletofish và gà nugget thực_sự tốt","thức_ăn ở đây ấm hơn thực_phẩm , dịch_vụ thức_ăn ngon và khoai_tây chiên , filletofish và gà nugget thực_sự tốt",thức_ăn ấm thực_phẩm dịch_vụ thức_ăn ngon khoai_tây chiên filletofish gà nugget
chờ lấy đơn quá lâu,negative,chờ lấy đơn quá lâu,chờ lấy đơn quá lâu,chờ đơn
"mcdonald mcdonald, giao dịch tốt, cung cấp cho bạn một phiếu giảm giá cho lần tới khi bạn ghé thăm rất khuyến khích mcspicy và latte việt nam",positive,"mcdonald mcdonald , giao_dịch tốt , cung_cấp cho bạn một phiếu giảm_giá cho lần tới khi bạn ghé thăm rất khuyến_khích mcspicy và latte việt_nam","mcdonald mcdonald , giao_dịch tốt , cung_cấp cho bạn một phiếu giảm_giá cho lần tới khi bạn ghé thăm rất khuyến_khích mcspicy và latte việt_nam",mcdonald mcdonald giao_dịch cung_cấp phiếu giảm_giá ghé thăm khuyến_khích mcspicy latte việt_nam
làm đồ chậm còn thái độ với khách,negative,làm đồ chậm còn thái_độ với khách,làm đồ chậm còn thái_độ với khách,đồ chậm thái_độ
"một trong số ít mcdonald ở hà nội, nằm ở trung tâm với một thiết bị đầu cuối phục vụ và đưa nó vào phục vụ. giá rất tốt, cũng với ứng dụng của mcdonald việt nam, bạn vẫn có thể sử dụng các giao dịch đặc biệt ở đây. chủ yếu được sử dụng bởi khách du lịch với đủ chỗ ngồi, cũng ở tầng một. nằm gần khu phố cổ và các điểm tham quan khác, bạn có thể chuẩn bị ở đây để ghé thăm các điểm tham quan. chà, không quá lạnh, không khí với nhà vệ sinh sạch sẽ.",positive,"một trong số_ít mcdonald ở hà_nội , nằm ở trung_tâm với một thiết_bị_đầu_cuối phục_vụ và đưa nó vào phục_vụ . giá rất tốt , cũng với ứng_dụng của mcdonald việt_nam , bạn vẫn có_thể sử_dụng các giao_dịch đặc_biệt ở đây . chủ_yếu được sử_dụng bởi khách du_lịch với đủ chỗ ngồi , cũng ở tầng một . nằm gần khu_phố cổ và các điểm tham_quan khác , bạn có_thể chuẩn_bị ở đây để ghé thăm các điểm tham_quan . chà , không quá lạnh , không_khí với nhà_vệ_sinh sạch_sẽ .","một trong số_ít mcdonald ở hà_nội , nằm ở trung_tâm với một thiết_bị_đầu_cuối phục_vụ và đưa nó vào phục_vụ . giá rất tốt , cũng với ứng_dụng của mcdonald việt_nam , bạn vẫn có_thể sử_dụng các giao_dịch đặc_biệt ở đây . chủ_yếu được sử_dụng bởi khách du_lịch với đủ chỗ ngồi , cũng ở tầng một . nằm gần khu_phố cổ và các điểm tham_quan khác , bạn có_thể chuẩn_bị ở đây để ghé thăm các điểm tham_quan . chà , không quá lạnh , không_khí với nhà_vệ_sinh sạch_sẽ .",số_ít mcdonald hà_nội nằm trung_tâm thiết_bị_đầu_cuối phục_vụ phục_vụ giá ứng_dụng mcdonald việt_nam có_thể sử_dụng giao_dịch đặc_biệt chủ_yếu sử_dụng du_lịch chỗ tầng nằm khu_phố cổ tham_quan có_thể chuẩn_bị ghé thăm tham_quan chà lạnh không_khí nhà_vệ_sinh sạch_sẽ
"mọi người đều biết mcdonald. tuy nhiên, nếu bạn muốn cảm nhận sự khác biệt trong hương vị bí ẩn của địa phương, tôi khuyên bạn nên điều đó. có rất nhiều người và người việt nam không quen thuộc với các ki ốt.",positive,"mọi người đều biết mcdonald . tuy_nhiên , nếu bạn muốn cảm_nhận sự khác_biệt trong hương_vị bí_ẩn của địa_phương , tôi khuyên bạn nên điều đó . có rất nhiều người và người việt_nam không quen_thuộc với các ki_ốt .","mọi người đều biết mcdonald . tuy_nhiên , nếu bạn muốn cảm_nhận sự khác_biệt trong hương_vị bí_ẩn của địa_phương , tôi khuyên bạn nên điều đó . có rất nhiều người và người việt_nam không quen_thuộc với các ki_ốt .",mcdonald tuy_nhiên cảm_nhận khác_biệt hương_vị bí_ẩn địa_phương khuyên việt_nam quen_thuộc ki_ốt
"gạo với thịt gà và salad không có sẵn trong mỗi mc donalds. vì vậy, hãy thử nó ra. con gà giòn và gạo tươi",positive,"gạo với thịt gà và salad không có sẵn trong mỗi mc donalds . vì_vậy , hãy thử nó ra . con gà giòn và gạo tươi","gạo với thịt gà và salad không có sẵn trong mỗi mc donalds . vì_vậy , hãy thử nó ra . con gà giòn và gạo tươi",gạo thịt gà salad sẵn mc donalds vì_vậy thử gà giòn gạo tươi
tôi đã ăn những tĩnh mạch lớn và nó rất ngon,positive,tôi đã ăn những tĩnh_mạch lớn và nó rất ngon,tôi đã ăn những tĩnh_mạch lớn và nó rất ngon,tĩnh_mạch ngon
hệ thống đặt hàng bằng máy rất nhanh và tiện lợi.,positive,hệ_thống đặt_hàng bằng máy rất nhanh và tiện_lợi .,hệ_thống đặt_hàng bằng máy rất nhanh và tiện_lợi .,hệ_thống đặt_hàng máy tiện_lợi
ngon,positive,ngon,ngon,ngon
chúng tôi không thể giúp nó sau vài tuần thực phẩm địa phương,positive,chúng_tôi không_thể giúp nó sau vài tuần thực_phẩm địa_phương,chúng_tôi không_thể giúp nó sau vài tuần thực_phẩm địa_phương,chúng_tôi không_thể giúp thực_phẩm địa_phương
dịch vụ nhanh chóng. họ có phi hành đoàn ở khắp nơi để hỗ trợ bạn.,positive,dịch_vụ nhanh_chóng . họ có phi_hành_đoàn ở khắp_nơi để hỗ_trợ bạn .,dịch_vụ nhanh_chóng . họ có phi_hành_đoàn ở khắp_nơi để hỗ_trợ bạn .,dịch_vụ nhanh_chóng phi_hành_đoàn khắp_nơi hỗ_trợ
thử nghiệm việt nam,neutral,thử_nghiệm việt_nam,thử_nghiệm việt_nam,thử_nghiệm việt_nam
"ngon, sạch sẽ",positive,"ngon , sạch_sẽ","ngon , sạch_sẽ",ngon sạch_sẽ
"tôi đã đến đây hai lần. lệnh không mất nhiều thời gian để đặt hàng và có nhân viên giúp đỡ khi tôi không thể đặt hàng qua thiết bị màn hình cảm ứng vì tôi chưa bao giờ đặt một cái theo cách đó trước đây. đơn đặt hàng đã được phục vụ cho bàn của tôi trong vòng 78 phút. có cả mức độ cao và bình thường của ghế có sẵn. tôi đã thử cùng một chiếc burger trong cả hai lần, và nó rất tốt, có nhiều tùy chỉnh có sẵn và có một tùy chọn để thêm hoặc loại trừ một thành phần bạn muốn và không muốn tương ứng. tìm thấy nó tốt hơn một trong những đối thủ cạnh tranh. tỷ lệ trông hơi cao, nhưng chắc chắn có nhiều loại, và khu vực này cũng khá lớn. được đặt ngay bên cạnh không lake, mang lại cho nhà hàng một lợi thế cạnh tranh.",positive,"tôi đã đến đây hai lần . lệnh không mất nhiều thời_gian để đặt_hàng và có nhân_viên giúp_đỡ khi tôi không_thể đặt_hàng qua thiết_bị màn_hình cảm_ứng vì tôi chưa bao_giờ đặt một cái theo cách đó trước_đây . đơn đặt_hàng đã được phục_vụ cho bàn của tôi trong vòng 78 phút . có cả mức_độ cao và bình_thường của ghế có sẵn . tôi đã thử cùng một chiếc burger trong cả hai lần , và nó rất tốt , có nhiều tuỳ chỉnh có sẵn và có một tuỳ chọn để thêm hoặc loại_trừ một thành_phần bạn muốn và không muốn tương_ứng . tìm thấy nó tốt hơn một trong những đối_thủ cạnh_tranh . tỷ_lệ trông hơi cao , nhưng chắc_chắn có nhiều loại , và khu_vực này cũng khá lớn . được đặt ngay bên cạnh không lake , mang lại cho nhà_hàng một lợi_thế cạnh_tranh .","tôi đã đến đây hai lần . lệnh không mất nhiều thời_gian để đặt_hàng và có nhân_viên giúp_đỡ khi tôi không_thể đặt_hàng qua thiết_bị màn_hình cảm_ứng vì tôi chưa bao_giờ đặt một cái theo cách đó trước_đây . đơn đặt_hàng đã được phục_vụ cho bàn của tôi trong vòng 78 phút . có cả mức_độ cao và bình_thường của ghế có sẵn . tôi đã thử cùng một chiếc burger trong cả hai lần , và nó rất tốt , có nhiều tuỳ chỉnh có sẵn và có một tuỳ chọn để thêm hoặc loại_trừ một thành_phần bạn muốn và không muốn tương_ứng . tìm thấy nó tốt hơn một trong những đối_thủ cạnh_tranh . tỷ_lệ trông hơi cao , nhưng chắc_chắn có nhiều loại , và khu_vực này cũng khá lớn . được đặt ngay bên cạnh không lake , mang lại cho nhà_hàng một lợi_thế cạnh_tranh .",hai lệnh thời_gian đặt_hàng nhân_viên giúp_đỡ không_thể đặt_hàng thiết_bị màn_hình cảm_ứng bao_giờ trước_đây đơn đặt_hàng phục_vụ bàn vòng 78 phút mức_độ bình_thường ghế sẵn thử burger hai tuỳ chỉnh sẵn tuỳ loại_trừ thành_phần tương_ứng đối_thủ cạnh_tranh tỷ_lệ trông hơi chắc_chắn khu_vực cạnh lake nhà_hàng lợi_thế cạnh_tranh
"tôi đã phải nếm thử cà phê thật tuyệt vời vì việt nam biết nó cà phê hubby đã thử bữa sáng lớn và nói rằng nó rất tốt nhưng anh ấy rất hạnh phúc khi có một sundae dâu tây kể từ khi họ lấy những thứ đó ở canada không biết tại sao khi ở một quốc gia khác, bạn phải thử ít nhất một chuỗi cho vui 😊",positive,"tôi đã phải nếm thử cà_phê thật tuyệt_vời vì việt_nam biết nó cà_phê hubby đã thử bữa sáng lớn và nói rằng nó rất tốt nhưng anh ấy rất hạnh_phúc khi có một sundae dâu_tây kể từ khi họ lấy những thứ đó ở canada không biết tại_sao khi ở một quốc_gia khác , bạn phải thử ít_nhất một chuỗi cho vui 😊","tôi đã phải nếm thử cà_phê thật tuyệt_vời vì việt_nam biết nó cà_phê hubby đã thử bữa sáng lớn và nói rằng nó rất tốt nhưng anh ấy rất hạnh_phúc khi có một sundae dâu_tây kể từ khi họ lấy những thứ đó ở canada không biết tại_sao khi ở một quốc_gia khác , bạn phải thử ít_nhất một chuỗi cho vui :khuôn mặt cười với đôi mắt cười:",nếm thử cà_phê tuyệt_vời việt_nam cà_phê hubby thử hạnh_phúc sundae dâu_tây canada tại_sao quốc_gia thử ít_nhất chuỗi vui :khuôn mặt cười đôi mắt cười:
không gian chật quá,positive,không_gian chật quá,không_gian chật quá,không_gian chật
"true mcdonald, theo mọi cách. hương vị giống như trở về nhà nhưng nhân viên thân thiện hơn và hạnh phúc hơn nhiều. oreo mcflurry với thêm oreo là hoàn hảo vào một ngày nóng và ẩm đi bộ quanh old hà nội",positive,"true mcdonald , theo mọi cách . hương_vị giống như trở về nhà nhưng nhân_viên thân_thiện hơn và hạnh_phúc hơn nhiều . oreo mcflurry với thêm oreo là hoàn_hảo vào một ngày nóng và ẩm đi bộ quanh old hà_nội","true mcdonald , theo mọi cách . hương_vị giống như trở về nhà nhưng nhân_viên thân_thiện hơn và hạnh_phúc hơn nhiều . oreo mcflurry với thêm oreo là hoàn_hảo vào một ngày nóng và ẩm đi bộ quanh old hà_nội",true mcdonald hương_vị trở nhân_viên thân_thiện hạnh_phúc oreo mcflurry oreo hoàn_hảo nóng ẩm quanh old hà_nội
mình thích ăn big mac,positive,mình thích ăn big mac,mình thích ăn big mac,big mac
"một trong những trải nghiệm tồi tệ nhất của mcdonald mcdonald mà tôi từng có. trước hết, đơn đặt hàng của chúng tôi đã bị lãng quên và chúng tôi phải hỏi sau khoảng 15 phút khi nó biến mất trên màn hình. sau khi nhân viên không thân thiện đã cho chúng tôi đơn đặt hàng của chúng tôi và chúng tôi đã đi đến bàn của chúng tôi, chúng tôi nhận thấy rằng burger của chúng tôi đã hoàn toàn tách ra và một nửa thậm chí còn ở trong túi. chất lượng thực phẩm là bên cạnh cái nhìn như mcdonald, và không khác lắm với châu âutây mcdonald. bên cạnh đó tôi sẽ không khuyên bạn nên đến nhà hàng này.",negative,"một trong những trải_nghiệm tồi_tệ nhất của mcdonald mcdonald mà tôi từng có . trước_hết , đơn đặt_hàng của chúng_tôi đã bị lãng_quên và chúng_tôi phải hỏi sau khoảng 15 phút khi nó biến mất trên màn_hình . sau khi nhân_viên không thân_thiện đã cho chúng_tôi đơn đặt_hàng của chúng_tôi và chúng_tôi đã đi đến bàn của chúng_tôi , chúng_tôi nhận thấy rằng burger của chúng_tôi đã hoàn_toàn tách ra và một_nửa thậm_chí còn ở trong túi . chất_lượng thực_phẩm là bên cạnh cái nhìn như mcdonald , và không khác lắm với châu âutây mcdonald . bên cạnh đó tôi sẽ không khuyên bạn nên đến nhà_hàng này .","một trong những trải_nghiệm tồi_tệ nhất của mcdonald mcdonald mà tôi từng có . trước_hết , đơn đặt_hàng của chúng_tôi đã bị lãng_quên và chúng_tôi phải hỏi sau khoảng 15 phút khi nó biến mất trên màn_hình . sau khi nhân_viên không thân_thiện đã cho chúng_tôi đơn đặt_hàng của chúng_tôi và chúng_tôi đã đi đến bàn của chúng_tôi , chúng_tôi nhận thấy rằng burger của chúng_tôi đã hoàn_toàn tách ra và một_nửa thậm_chí còn ở trong túi . chất_lượng thực_phẩm là bên cạnh cái nhìn như mcdonald , và không khác lắm với châu âutây mcdonald . bên cạnh đó tôi sẽ không khuyên bạn nên đến nhà_hàng này .",trải_nghiệm tồi_tệ mcdonald mcdonald trước_hết đơn đặt_hàng chúng_tôi lãng_quên chúng_tôi 15 phút biến màn_hình nhân_viên thân_thiện chúng_tôi đơn đặt_hàng chúng_tôi chúng_tôi bàn chúng_tôi chúng_tôi burger chúng_tôi hoàn_toàn tách một_nửa thậm_chí túi chất_lượng thực_phẩm cạnh mcdonald lắm châu âutây mcdonald cạnh khuyên nhà_hàng
"nơi sạch sẽ, nhanh chóng và rẻ tiền",positive,"nơi sạch_sẽ , nhanh_chóng và rẻ_tiền","nơi sạch_sẽ , nhanh_chóng và rẻ_tiền",sạch_sẽ nhanh_chóng rẻ_tiền
tại sao bạn lại đến hà nội để đến mcdonalds,negative,tại_sao bạn lại đến hà_nội để đến mcdonalds,tại_sao bạn lại đến hà_nội để đến mcdonalds,tại_sao hà_nội mcdonalds
"thức ăn là ok khi chúng tôi ở đó, nó có đầy đủ các gia đình và toàn bộ nơi có mùi như cống rất may, thời gian poop0o của tôi sau đó là aok, vì vậy 3💫",neutral,"thức_ăn là ok khi chúng_tôi ở đó , nó có đầy_đủ các gia_đình và toàn_bộ nơi có mùi như cống rất may , thời_gian poop0o của tôi sau đó là aok , vì_vậy 3 💫","thức_ăn là ok khi chúng_tôi ở đó , nó có đầy_đủ các gia_đình và toàn_bộ nơi có mùi như cống rất may , thời_gian poop0o của tôi sau đó là aok , vì_vậy 3 💫",thức_ăn ok chúng_tôi đầy_đủ gia_đình toàn_bộ mùi cống may thời_gian poop0o aok vì_vậy 3 💫
1 trải nghiệm thú vị,positive,1 trải_nghiệm thú_vị,1 trải_nghiệm thú_vị,1 trải_nghiệm thú_vị
không có gì đặc biệt,neutral,không có gì đặc_biệt,không có gì đặc_biệt,đặc_biệt
các máy làm rối tung bất kỳ tùy chỉnh bạn thực hiện. điều này đã xảy ra nhiều lần vì vậy tôi đã rời khỏi đây vì quá nhiều thời gian và công sức.,negative,các máy làm rối_tung bất_kỳ tuỳ chỉnh bạn thực_hiện . điều này đã xảy ra nhiều lần vì_vậy tôi đã rời khỏi đây vì quá nhiều thời_gian và công_sức .,các máy làm rối_tung bất_kỳ tuỳ chỉnh bạn thực_hiện . điều này đã xảy ra nhiều lần vì_vậy tôi đã rời khỏi đây vì quá nhiều thời_gian và công_sức .,máy rối_tung bất_kỳ tuỳ chỉnh thực_hiện xảy vì_vậy rời thời_gian công_sức
nhà vệ sinh bẩn ...,positive,nhà_vệ_sinh bẩn ...,nhà_vệ_sinh bẩn ...,nhà_vệ_sinh bẩn ...
tôi thực sự thích bánh mì kẹp thịt ở đây và sữa lắc và nhà vệ sinh rất sạch sẽ.,positive,tôi thực_sự thích bánh_mì kẹp thịt ở đây và sữa lắc và nhà_vệ_sinh rất sạch_sẽ .,tôi thực_sự thích bánh_mì kẹp thịt ở đây và sữa lắc và nhà_vệ_sinh rất sạch_sẽ .,bánh_mì kẹp thịt sữa lắc nhà_vệ_sinh sạch_sẽ
đó là một mcd. bạn biết những gì mong đợi và họ cung cấp,positive,đó là một mcd . bạn biết những gì mong_đợi và họ cung_cấp,đó là một mcd . bạn biết những gì mong_đợi và họ cung_cấp,mcd mong_đợi cung_cấp
gọi gà không cay ship gà cay,negative,gọi gà không cay ship gà cay,gọi gà không cay ship gà cay,gọi gà cay ship gà cay
khá cuốn hút trẻ em,neutral,khá cuốn_hút trẻ_em,khá cuốn_hút trẻ_em,cuốn_hút trẻ_em
không còn mac lớn nữa,positive,không còn mac lớn nữa,không còn mac lớn nữa,mac
mc bình thường.,positive,mc bình_thường .,mc bình_thường .,mc bình_thường
"oke, gửi xe 10k, đồ ăn cũng vừa",positive,"oke , gửi xe 10k , đồ_ăn cũng vừa","oke , gửi xe 10k , đồ_ăn cũng vừa",oke gửi xe 10k đồ_ăn
"hương vị có vẻ giống nhau ở khắp mọi nơi, và nếu bạn đặt hàng từ ki ốt, nó sẽ được chuyển đến chỗ ngồi của bạn. đó là một chút nhàn nhã trước 12 giờ, nhưng có rất nhiều người.",positive,"hương_vị có_vẻ giống nhau ở khắp mọi nơi , và nếu bạn đặt_hàng từ ki_ốt , nó sẽ được chuyển đến chỗ ngồi của bạn . đó là một_chút nhàn_nhã trước 12 giờ , nhưng có rất nhiều người .","hương_vị có_vẻ giống nhau ở khắp mọi nơi , và nếu bạn đặt_hàng từ ki_ốt , nó sẽ được chuyển đến chỗ ngồi của bạn . đó là một_chút nhàn_nhã trước 12 giờ , nhưng có rất nhiều người .",hương_vị có_vẻ khắp đặt_hàng ki_ốt chỗ một_chút nhàn_nhã 12
lừa đảo chúng tôi muốn sử dụng các phiếu giảm giá rất hợp lệ của chúng tôi và họ đã làm cho nó hoạt động cho chúng tôi. chúng tôi đã tính toán trong nhiều giờ và nỗ lực rất nhiều vào nó. rất không chuyên nghiệp,negative,lừa_đảo chúng_tôi muốn sử_dụng các phiếu giảm_giá rất hợp_lệ của chúng_tôi và họ đã làm cho nó hoạt_động cho chúng_tôi . chúng_tôi đã tính_toán trong nhiều giờ và nỗ_lực rất nhiều vào nó . rất không chuyên_nghiệp,lừa_đảo chúng_tôi muốn sử_dụng các phiếu giảm_giá rất hợp_lệ của chúng_tôi và họ đã làm cho nó hoạt_động cho chúng_tôi . chúng_tôi đã tính_toán trong nhiều giờ và nỗ_lực rất nhiều vào nó . rất không chuyên_nghiệp,lừa_đảo chúng_tôi sử_dụng phiếu giảm_giá hợp_lệ chúng_tôi hoạt_động chúng_tôi chúng_tôi tính_toán nỗ_lực chuyên_nghiệp
"nó chỉ là một mcdonald. mcspicy rất ngon, hãy cẩn thận",neutral,"nó chỉ là một mcdonald . mcspicy rất ngon , hãy cẩn_thận","nó chỉ là một mcdonald . mcspicy rất ngon , hãy cẩn_thận",mcdonald mcspicy ngon cẩn_thận
như mong đợi.,positive,như mong_đợi .,như mong_đợi .,mong_đợi
"rõ ràng không có hoa văn, thực phẩm là bình thường nhưng nơi này bẩn và rất hôi thối, tôi chưa bao giờ đến một mc donalds hôi thối, ngay cả ở new york trong những khu phố tồi tệ nhất với những người vô gia cư, tôi đã đến một số mc donalds ở sài gòn và rất sạch sẽ liên quan đến nhân viên, được rồi, chỉ cần cải thiện việc làm sạch và mùi hôi thối",negative,"rõ_ràng không có hoa_văn , thực_phẩm là bình_thường nhưng nơi này bẩn và rất hôi_thối , tôi chưa bao_giờ đến một mc donalds hôi_thối , ngay cả ở new york trong những khu_phố tồi_tệ nhất với những người vô_gia_cư , tôi đã đến một_số mc donalds ở sài_gòn và rất sạch_sẽ liên_quan đến nhân_viên , được rồi , chỉ cần cải_thiện việc_làm sạch và mùi hôi_thối","rõ_ràng không có hoa_văn , thực_phẩm là bình_thường nhưng nơi này bẩn và rất hôi_thối , tôi chưa bao_giờ đến một mc donalds hôi_thối , ngay cả ở new york trong những khu_phố tồi_tệ nhất với những người vô_gia_cư , tôi đã đến một_số mc donalds ở sài_gòn và rất sạch_sẽ liên_quan đến nhân_viên , được rồi , chỉ cần cải_thiện việc_làm sạch và mùi hôi_thối",hoa_văn thực_phẩm bình_thường bẩn hôi_thối bao_giờ mc donalds hôi_thối new york khu_phố tồi_tệ vô_gia_cư một_số mc donalds sài_gòn sạch_sẽ liên_quan nhân_viên cải_thiện việc_làm sạch mùi hôi_thối
"bữa ăn rất tốt, mức giá là giá cả phải chăng ngoài những con gà tôi tìm thấy. họ hào phóng về số lượng rất dễ chịu. nhân viên dễ chịu. dễ dàng đi xe buýt và gần hồ. bữa ăn trong câu hỏi big mac, hương vị matcha, sô cô la sundae và gà",positive,"bữa ăn rất tốt , mức giá là giá_cả phải_chăng ngoài những con gà tôi tìm thấy . họ hào_phóng về số_lượng rất dễ_chịu . nhân_viên dễ_chịu . dễ_dàng đi xe_buýt và gần hồ . bữa ăn trong câu hỏi big mac , hương_vị matcha , sô cô la sundae và gà","bữa ăn rất tốt , mức giá là giá_cả phải_chăng ngoài những con gà tôi tìm thấy . họ hào_phóng về số_lượng rất dễ_chịu . nhân_viên dễ_chịu . dễ_dàng đi xe_buýt và gần hồ . bữa ăn trong câu hỏi big mac , hương_vị matcha , sô cô la sundae và gà",giá giá_cả phải_chăng gà hào_phóng số_lượng dễ_chịu nhân_viên dễ_chịu dễ_dàng xe_buýt hồ câu big mac hương_vị matcha sô la sundae gà
"mcdonald, là mcdonald mcdonald",neutral,"mcdonald , là mcdonald mcdonald","mcdonald , là mcdonald mcdonald",mcdonald mcdonald mcdonald
"tôi đã đi vào khi tôi mệt mỏi với các quầy hàng thực phẩm và thức ăn địa phương. để đặt một bộ gạo, bạn có thể đặt hàng bằng bảng cảm ứng. nước trái cây có thêm không có một, nhưng tôi đã chọn kích thước mình nó gần giống với mình ở nhật bản. chúng được gọi theo số, và các nhân viên cửa hàng được sử dụng để khách du lịch và nhanh chóng đến. không có mối quan tâm về lỗi đặt hàng. ngoài ra còn có một thực đơn độc quyền của việt nam, vì vậy nó chắc chắn đáng để ghé thăm ít nhất một lần trong chuyến đi của bạn ngoài ra, một cái gì đó trong gạo có vị như gạo hoa nhài và rót một ít nước sốt ớt vào nó. gạo trắng rất ngon và hương vị rất ngon. gfs bữa ăn gạo lớn 49.0 274 yên nước trái cây mình 5.0 28 yên",positive,"tôi đã đi vào khi tôi mệt_mỏi với các quầy hàng thực_phẩm và thức_ăn địa_phương . để đặt một bộ gạo , bạn có_thể đặt_hàng bằng bảng cảm_ứng . nước trái_cây có thêm không có một , nhưng tôi đã chọn kích_thước mình nó gần giống với mình ở nhật_bản . chúng được gọi theo số , và các nhân_viên cửa_hàng được sử_dụng để khách du_lịch và nhanh_chóng đến . không có mối quan_tâm về lỗi đặt_hàng . ngoài_ra còn có một thực_đơn độc_quyền của việt_nam , vì_vậy nó chắc_chắn đáng để ghé thăm ít_nhất một lần trong chuyến đi của bạn ngoài_ra , một cái gì đó trong gạo có vị như gạo hoa nhài và rót một_ít nước sốt ớt vào nó . gạo trắng rất ngon và hương_vị rất ngon . gfs bữa ăn gạo lớn 49.0 274 yên nước trái_cây mình 5.0 28 yên","tôi đã đi vào khi tôi mệt_mỏi với các quầy hàng thực_phẩm và thức_ăn địa_phương . để đặt một bộ gạo , bạn có_thể đặt_hàng bằng bảng cảm_ứng . nước trái_cây có thêm không có một , nhưng tôi đã chọn kích_thước mình nó gần giống với mình ở nhật_bản . chúng được gọi theo số , và các nhân_viên cửa_hàng được sử_dụng để khách du_lịch và nhanh_chóng đến . không có mối quan_tâm về lỗi đặt_hàng . ngoài_ra còn có một thực_đơn độc_quyền của việt_nam , vì_vậy nó chắc_chắn đáng để ghé thăm ít_nhất một lần trong chuyến đi của bạn ngoài_ra , một cái gì đó trong gạo có vị như gạo hoa nhài và rót một_ít nước sốt ớt vào nó . gạo trắng rất ngon và hương_vị rất ngon . gfs bữa ăn gạo lớn 49.0 274 yên nước trái_cây mình 5.0 28 yên",mệt_mỏi quầy hàng thực_phẩm thức_ăn địa_phương gạo có_thể đặt_hàng bảng cảm_ứng trái_cây kích_thước nhật_bản gọi nhân_viên cửa_hàng sử_dụng du_lịch nhanh_chóng quan_tâm lỗi đặt_hàng ngoài_ra thực_đơn độc_quyền việt_nam vì_vậy chắc_chắn ghé thăm ít_nhất chuyến ngoài_ra gạo vị gạo hoa nhài rót một_ít sốt ớt gạo trắng ngon hương_vị ngon gfs gạo 49.0 274 yên trái_cây 5.0 28 yên
nằm trong một khu vực đàng hoàng. được lấp đầy với người nước ngoài trên lầu với tiếng ồn lớn. sàn nhà rất ẩm ướt và mọi người bị trượt. sự sạch sẽ không tốt. vui lòng làm việc trên nó. thức ăn ngon.,neutral,nằm trong một khu_vực đàng_hoàng . được lấp đầy với người nước_ngoài trên lầu với tiếng ồn lớn . sàn nhà rất ẩm_ướt và mọi người bị trượt . sự sạch_sẽ không tốt . vui_lòng làm_việc trên nó . thức_ăn ngon .,nằm trong một khu_vực đàng_hoàng . được lấp đầy với người nước_ngoài trên lầu với tiếng ồn lớn . sàn nhà rất ẩm_ướt và mọi người bị trượt . sự sạch_sẽ không tốt . vui_lòng làm_việc trên nó . thức_ăn ngon .,nằm khu_vực đàng_hoàng lấp nước_ngoài lầu tiếng ồn sàn ẩm_ướt trượt sạch_sẽ vui_lòng làm_việc thức_ăn ngon
thực phẩm và dịch vụ tuyệt vời ... nhưng tầng hai có mùi mốc,neutral,thực_phẩm và dịch_vụ tuyệt_vời ... nhưng tầng hai có mùi mốc,thực_phẩm và dịch_vụ tuyệt_vời ... nhưng tầng hai có mùi mốc,thực_phẩm dịch_vụ tuyệt_vời ... tầng hai mùi mốc
đẹp,positive,đẹp,đẹp,đẹp
"bữa sáng lớn có sẵn, mà tôi đã từng ăn ở nga. nhưng không có giấy trong nhà vệ sinh. nỗi buồn",positive,"bữa sáng lớn có sẵn , mà tôi đã từng ăn_ở nga . nhưng không có giấy trong nhà_vệ_sinh . nỗi buồn","bữa sáng lớn có sẵn , mà tôi đã từng ăn_ở nga . nhưng không có giấy trong nhà_vệ_sinh . nỗi buồn",sẵn ăn_ở nga giấy nhà_vệ_sinh nỗi buồn
dịch vụ không thể tệ hơn được. 3 lần order lần nào cũng đưa thiếu đồ.,negative,dịch_vụ không_thể tệ hơn được . 3 lần order lần nào cũng đưa thiếu đồ .,dịch_vụ không_thể tệ hơn được . 3 lần order lần nào cũng đưa thiếu đồ .,dịch_vụ không_thể tệ 3 order đồ
"khi đặt hàng ở đây, hãy chuẩn bị cho thực tế là bạn sẽ không chờ đợi nhân viên giúp đỡ, bởi vì người việt nam sử dụng một nhân viên duy nhất làm người phục vụ, buộc anh ta phải hoàn toàn đặt hàng tại điểm tự đặt hàng và chỉ cho anh ta thấy một ngón tay để nhấn. đây là đáy. tại sao nhân viên ở đây không coi trọng quá nhiều và không làm công việc của họ một câu hỏi khác. thực tế là nếu bạn cần giúp đỡ, nhân viên sẽ bận rộn với một số điều vô nghĩa",negative,"khi đặt_hàng ở đây , hãy chuẩn_bị cho thực_tế là bạn sẽ không chờ_đợi nhân_viên giúp_đỡ , bởi_vì người việt_nam sử_dụng một nhân_viên duy_nhất làm người phục_vụ , buộc anh ta phải hoàn_toàn đặt_hàng tại điểm tự đặt_hàng và chỉ cho anh ta thấy một ngón tay để nhấn . đây là đáy . tại_sao nhân_viên ở đây không coi_trọng quá nhiều và không làm công_việc của họ một câu hỏi khác . thực_tế là nếu bạn cần giúp_đỡ , nhân_viên sẽ bận_rộn với một_số điều vô_nghĩa","khi đặt_hàng ở đây , hãy chuẩn_bị cho thực_tế là bạn sẽ không chờ_đợi nhân_viên giúp_đỡ , bởi_vì người việt_nam sử_dụng một nhân_viên duy_nhất làm người phục_vụ , buộc anh ta phải hoàn_toàn đặt_hàng tại điểm tự đặt_hàng và chỉ cho anh ta thấy một ngón tay để nhấn . đây là đáy . tại_sao nhân_viên ở đây không coi_trọng quá nhiều và không làm công_việc của họ một câu hỏi khác . thực_tế là nếu bạn cần giúp_đỡ , nhân_viên sẽ bận_rộn với một_số điều vô_nghĩa",đặt_hàng chuẩn_bị thực_tế chờ_đợi nhân_viên giúp_đỡ bởi_vì việt_nam sử_dụng nhân_viên duy_nhất phục_vụ buộc ta hoàn_toàn đặt_hàng đặt_hàng ta ngón nhấn đáy tại_sao nhân_viên coi_trọng công_việc câu thực_tế giúp_đỡ nhân_viên bận_rộn một_số vô_nghĩa
bán hết,negative,bán hết,bán hết,
nơi tốt và sạch sẽ,positive,nơi tốt và sạch_sẽ,nơi tốt và sạch_sẽ,sạch_sẽ
,positive,,,
"thuận tiện và tốt. nó đắt hơn giá của một thực phẩm thông thường ở việt nam, nhưng bánh hamburger bạn ăn ở việt nam cũng là một đặc sản ...",positive,"thuận_tiện và tốt . nó đắt hơn giá của một thực_phẩm thông_thường ở việt_nam , nhưng bánh hamburger bạn ăn_ở việt_nam cũng là một đặc_sản ...","thuận_tiện và tốt . nó đắt hơn giá của một thực_phẩm thông_thường ở việt_nam , nhưng bánh hamburger bạn ăn_ở việt_nam cũng là một đặc_sản ...",thuận_tiện đắt giá thực_phẩm thông_thường việt_nam bánh hamburger ăn_ở việt_nam đặc_sản ...
"mcdonald ở hà nội, việt nam. nó có vị gần như giống như mcdonald ở nhật bản, nhưng có một kiểu gạo phổ biến đối với mcdonald ở đông nam á. gà là giòn và đủ ngon ngọt. gạo là một chút của một chút một chút của một chút một chút của một chút một chút của một chút một chút của một chút khoai tây chiên, cốm gà và bánh mì kẹp thịt có thể nóng trong hương vị thông thường của chúng. có chỗ ngồi trên tầng hai, vì vậy nếu bạn may mắn, bạn có thể tìm thấy chúng. hơn nữa, vì việc đặt hàng được thực hiện thông qua một bảng điều khiển điện tử, sẽ khá khó khăn nếu bạn không thể quen với nó.",neutral,"mcdonald ở hà_nội , việt_nam . nó có vị gần như giống như mcdonald ở nhật_bản , nhưng có một kiểu gạo phổ_biến đối_với mcdonald ở đông nam á . gà là giòn và đủ ngon_ngọt . gạo là một_chút của một_chút một_chút của một_chút một_chút của một_chút một_chút của một_chút một_chút của một_chút khoai_tây chiên , cốm gà và bánh_mì kẹp thịt có_thể nóng trong hương_vị thông_thường của chúng . có chỗ ngồi trên tầng hai , vì_vậy nếu bạn may_mắn , bạn có_thể tìm thấy chúng . hơn_nữa , vì việc đặt_hàng được thực_hiện thông_qua một bảng điều_khiển điện_tử , sẽ khá khó_khăn nếu bạn không_thể quen với nó .","mcdonald ở hà_nội , việt_nam . nó có vị gần như giống như mcdonald ở nhật_bản , nhưng có một kiểu gạo phổ_biến đối_với mcdonald ở đông nam á . gà là giòn và đủ ngon_ngọt . gạo là một_chút của một_chút một_chút của một_chút một_chút của một_chút một_chút của một_chút một_chút của một_chút khoai_tây chiên , cốm gà và bánh_mì kẹp thịt có_thể nóng trong hương_vị thông_thường của chúng . có chỗ ngồi trên tầng hai , vì_vậy nếu bạn may_mắn , bạn có_thể tìm thấy chúng . hơn_nữa , vì việc đặt_hàng được thực_hiện thông_qua một bảng điều_khiển điện_tử , sẽ khá khó_khăn nếu bạn không_thể quen với nó .",mcdonald hà_nội việt_nam vị mcdonald nhật_bản gạo phổ_biến đối_với mcdonald đông nam gà giòn ngon_ngọt gạo một_chút một_chút một_chút một_chút một_chút một_chút một_chút một_chút một_chút một_chút khoai_tây chiên cốm gà bánh_mì kẹp thịt có_thể nóng hương_vị thông_thường chỗ tầng hai vì_vậy may_mắn có_thể hơn_nữa đặt_hàng thực_hiện thông_qua bảng điều_khiển điện_tử khó_khăn không_thể quen
"trong hà nội nóng, đồ uống cũng thường được tiêu thụ, và do đó nhiều đồ uống được phục vụ. thành phố này rất biết ơn vì hầu như không có nhà vệ sinh công cộng.",positive,"trong hà_nội nóng , đồ uống cũng thường được tiêu_thụ , và do_đó nhiều đồ uống được phục_vụ . thành_phố này rất biết_ơn vì hầu_như không có nhà_vệ_sinh công_cộng .","trong hà_nội nóng , đồ uống cũng thường được tiêu_thụ , và do_đó nhiều đồ uống được phục_vụ . thành_phố này rất biết_ơn vì hầu_như không có nhà_vệ_sinh công_cộng .",hà_nội nóng đồ uống tiêu_thụ do_đó đồ uống phục_vụ thành_phố biết_ơn hầu_như nhà_vệ_sinh công_cộng
rất thoải mái. chúng ta có thể đặt hàng trực tuyến để không xếp hàng. nhưng đôi khi phục vụ trong một thời gian dài.,positive,rất thoải_mái . chúng_ta có_thể đặt_hàng trực_tuyến để không xếp_hàng . nhưng đôi_khi phục_vụ trong một thời_gian dài .,rất thoải_mái . chúng_ta có_thể đặt_hàng trực_tuyến để không xếp_hàng . nhưng đôi_khi phục_vụ trong một thời_gian dài .,thoải_mái chúng_ta có_thể đặt_hàng trực_tuyến xếp_hàng đôi_khi phục_vụ thời_gian
nằm ngay ngã tư hàng bài tràng tiền. siêu tiện nằm trọn trong khuôn viên đi bộ hồ hoàn kiếm dễ dàng ăn nha,positive,nằm ngay ngã tư hàng bài tràng tiền . siêu tiện nằm trọn trong khuôn_viên đi bộ hồ hoàn_kiếm dễ_dàng ăn nha,nằm ngay ngã tư hàng bài tràng tiền . siêu tiện nằm trọn trong khuôn_viên đi bộ hồ hoàn_kiếm dễ_dàng ăn nha,nằm ngã tư hàng tràng tiền siêu tiện nằm trọn khuôn_viên hồ hoàn_kiếm dễ_dàng nha
rất tốt,positive,rất tốt,rất tốt,
"thức ăn ngon để có được một chút hương vị của đông nam á. hamburger phong phú mang lại mayonnaise. dịch vụ tốt và rất sạch sẽ. ngoài ra, giá thấp so với giá trị phương tây. lựa chọn tốt nếu bạn tìm kiếm thực phẩm khác nhau ở việt nam",positive,"thức_ăn ngon để có được một_chút hương_vị của đông nam á . hamburger phong_phú mang lại mayonnaise . dịch_vụ tốt và rất sạch_sẽ . ngoài_ra , giá thấp so với giá_trị phương tây . lựa_chọn tốt nếu bạn tìm_kiếm thực_phẩm khác nhau ở việt_nam","thức_ăn ngon để có được một_chút hương_vị của đông nam á . hamburger phong_phú mang lại mayonnaise . dịch_vụ tốt và rất sạch_sẽ . ngoài_ra , giá thấp so với giá_trị phương tây . lựa_chọn tốt nếu bạn tìm_kiếm thực_phẩm khác nhau ở việt_nam",thức_ăn ngon một_chút hương_vị đông nam hamburger phong_phú mayonnaise dịch_vụ sạch_sẽ ngoài_ra giá giá_trị phương tây lựa_chọn tìm_kiếm thực_phẩm việt_nam
không khí trong quán mùi lắm .,neutral,không_khí trong quán mùi lắm .,không_khí trong quán mùi lắm .,không_khí quán mùi lắm
"kinh nghiệm đáng kinh ngạc đã đến trong các bức ảnh của 1 p.m. trong thời gian của cô ấy, đồng đội của tôi đã tiếp tục bị chen lấn bởi những người thiếu kiên nhẫn. không lâu tôi hầu như không nói vé cho đơn đặt hàng của chúng tôi đã phát hành người phụ nữ với một nhân viên vội vã phát hành thiết bị đầu cuối mà chúng tôi đang mất quá nhiều thời gian trong một giai điệu khó chịu chúng tôi đã phục hồi đơn đặt hàng của chúng tôi khá nhanh mặc dù đám đông và sau đó đi ra ngoài ăn bên ngoài. điều không ngạc nhiên của tôi khi tôi phát hiện ra rằng chiếc bánh burger của tôi không tương ứng với bất cứ điều gì tôi đã đặt hàng. mặc dù giá cả là chính xác cho các đồng nghiệp châu âu của tôi, những người đọc cho tôi, bạn sẽ cần phải trả khoảng 5 cho một thực đơn rộng.",neutral,"kinh_nghiệm đáng kinh_ngạc đã đến trong các bức ảnh của 1 p.m. trong thời_gian của cô ấy , đồng_đội của tôi đã tiếp_tục bị chen_lấn bởi những người thiếu kiên_nhẫn . không lâu tôi hầu_như không nói vé cho đơn đặt_hàng của chúng_tôi đã phát_hành người phụ_nữ với một nhân_viên vội_vã phát_hành thiết_bị_đầu_cuối mà chúng_tôi đang mất quá nhiều thời_gian trong một giai_điệu khó_chịu chúng_tôi đã phục_hồi đơn đặt_hàng của chúng_tôi khá nhanh mặc_dù đám đông và sau đó đi ra ngoài ăn bên ngoài . điều không ngạc_nhiên của tôi khi tôi phát_hiện ra rằng chiếc bánh burger của tôi không tương_ứng với bất_cứ điều gì tôi đã đặt_hàng . mặc_dù giá_cả là chính_xác cho các đồng_nghiệp châu_âu của tôi , những người đọc cho tôi , bạn sẽ cần phải trả khoảng 5 cho một thực_đơn rộng .","kinh_nghiệm đáng kinh_ngạc đã đến trong các bức ảnh của 1 p.m. trong thời_gian của cô ấy , đồng_đội của tôi đã tiếp_tục bị chen_lấn bởi những người thiếu kiên_nhẫn . không lâu tôi hầu_như không nói vé cho đơn đặt_hàng của chúng_tôi đã phát_hành người phụ_nữ với một nhân_viên vội_vã phát_hành thiết_bị_đầu_cuối mà chúng_tôi đang mất quá nhiều thời_gian trong một giai_điệu khó_chịu chúng_tôi đã phục_hồi đơn đặt_hàng của chúng_tôi khá nhanh mặc_dù đám đông và sau đó đi ra ngoài ăn bên ngoài . điều không ngạc_nhiên của tôi khi tôi phát_hiện ra rằng chiếc bánh burger của tôi không tương_ứng với bất_cứ điều gì tôi đã đặt_hàng . mặc_dù giá_cả là chính_xác cho các đồng_nghiệp châu_âu của tôi , những người đọc cho tôi , bạn sẽ cần phải trả khoảng 5 cho một thực_đơn rộng .",kinh_nghiệm kinh_ngạc ảnh 1 p.m. thời_gian đồng_đội tiếp_tục chen_lấn kiên_nhẫn hầu_như vé đơn đặt_hàng chúng_tôi phát_hành phụ_nữ nhân_viên vội_vã phát_hành thiết_bị_đầu_cuối chúng_tôi thời_gian giai_điệu khó_chịu chúng_tôi phục_hồi đơn đặt_hàng chúng_tôi mặc_dù đám đông ngạc_nhiên phát_hiện bánh burger tương_ứng bất_cứ đặt_hàng mặc_dù giá_cả chính_xác đồng_nghiệp châu_âu đọc 5 thực_đơn rộng
"nơi tốt nhất muốn bỏ qua thực phẩm việt nam. tôi đến từ ấn độ, đây là một lựa chọn rất tốt cho người ấn độ vì tất cả các nhà hàng ấn độ đều rất đắt đỏ.",positive,"nơi tốt nhất muốn bỏ_qua thực_phẩm việt_nam . tôi đến từ ấn_độ , đây là một lựa_chọn rất tốt cho người ấn_độ vì tất_cả các nhà_hàng ấn_độ đều rất đắt_đỏ .","nơi tốt nhất muốn bỏ_qua thực_phẩm việt_nam . tôi đến từ ấn_độ , đây là một lựa_chọn rất tốt cho người ấn_độ vì tất_cả các nhà_hàng ấn_độ đều rất đắt_đỏ .",bỏ_qua thực_phẩm việt_nam ấn_độ lựa_chọn ấn_độ tất_cả nhà_hàng ấn_độ đắt_đỏ
vị trí rất bận rộn và đông đúc. lớn tiếng bên trong thêm chỗ ngồi trên lầu. tất cả những điều tốt đẹp của tôi là tuyệt vời bên cạnh phô mai. đó là cũ và sũng nước. tôi tự hỏi nếu họ cho tôi sai,positive,vị_trí rất bận_rộn và đông_đúc . lớn_tiếng bên trong thêm chỗ ngồi trên lầu . tất_cả những điều tốt_đẹp của tôi là tuyệt_vời bên cạnh phô_mai . đó là cũ và sũng nước . tôi tự hỏi nếu họ cho tôi sai,vị_trí rất bận_rộn và đông_đúc . lớn_tiếng bên trong thêm chỗ ngồi trên lầu . tất_cả những điều tốt_đẹp của tôi là tuyệt_vời bên cạnh phô_mai . đó là cũ và sũng nước . tôi tự hỏi nếu họ cho tôi sai,vị_trí bận_rộn đông_đúc lớn_tiếng chỗ lầu tất_cả tốt_đẹp tuyệt_vời cạnh phô_mai cũ sũng sai
"thức ăn phù hợp với những gì bạn mong đợi từ mcdonald. dịch vụ này cực kỳ chậm mặc dù. tôi đã đi hai lần và một lần nó bận rộn và lần còn lại có 5 nhân viên trong bếp và tôi có đơn đặt hàng duy nhất trong quá trình và vẫn mất nhiều thời gian. ngoài ra, họ có rất nhiều đặc biệt được đăng trên ứng dụng của họ. bạn có thể quét mã từ ứng dụng bằng các ki ốt nếu bạn cũng muốn đặt hàng tại chỗ.",neutral,"thức_ăn phù_hợp với những gì bạn mong_đợi từ mcdonald . dịch_vụ này cực_kỳ chậm mặc_dù . tôi đã đi hai lần và một lần nó bận_rộn và lần còn lại có 5 nhân_viên trong bếp và tôi có đơn đặt_hàng duy_nhất trong quá_trình và vẫn mất nhiều thời_gian . ngoài_ra , họ có rất nhiều đặc_biệt được đăng trên ứng_dụng của họ . bạn có_thể quét mã từ ứng_dụng bằng các ki_ốt nếu bạn cũng muốn đặt_hàng tại_chỗ .","thức_ăn phù_hợp với những gì bạn mong_đợi từ mcdonald . dịch_vụ này cực_kỳ chậm mặc_dù . tôi đã đi hai lần và một lần nó bận_rộn và lần còn lại có 5 nhân_viên trong bếp và tôi có đơn đặt_hàng duy_nhất trong quá_trình và vẫn mất nhiều thời_gian . ngoài_ra , họ có rất nhiều đặc_biệt được đăng trên ứng_dụng của họ . bạn có_thể quét mã từ ứng_dụng bằng các ki_ốt nếu bạn cũng muốn đặt_hàng tại_chỗ .",thức_ăn phù_hợp mong_đợi mcdonald dịch_vụ cực_kỳ chậm mặc_dù hai bận_rộn 5 nhân_viên bếp đơn đặt_hàng duy_nhất quá_trình thời_gian ngoài_ra đặc_biệt đăng ứng_dụng có_thể quét mã ứng_dụng ki_ốt đặt_hàng tại_chỗ
"phải thử macca của việt nam, khá giống với nhà nhưng gà rán rất ngon.",positive,"phải thử macca của việt_nam , khá giống với nhà nhưng gà rán rất ngon .","phải thử macca của việt_nam , khá giống với nhà nhưng gà rán rất ngon .",thử macca việt_nam gà rán ngon
"macdonalds ở hồ hoan kiem, hà nội🎵 một hương vị ổn định🎶 bánh nướng xốp cũng rất ngon🎵",positive,"macdonalds ở hồ hoan kiem , hà nội🎵 một hương_vị ổn định🎶 bánh_nướng xốp cũng rất ngon🎵","macdonalds ở hồ hoan kiem , hà nội:nốt nhạc: một hương_vị ổn định:Nốt nhạc: bánh_nướng xốp cũng rất ngon:nốt nhạc:",macdonalds hồ hoan kiem hà nội:nốt nhạc: hương_vị ổn định:Nốt nhạc: bánh_nướng xốp ngon:nốt nhạc:
nói chung là ok. lúc nào cũng đông. nhân viên phục vụ nhanh và nhiệt tình. đồ ăn thì đúng là đồ ăn nhanh nên để nói về ngon hay không thì cũng không có gì để đánh giá. trẻ con thích ăn. quán ở vị trí trung tâm. quán nhiều trẻ con và người nước ngoài. trông cũng sạch sẽ. áp dụng màn hình công nghệ để oder đồ tuy hơi lâu vì nhiều người chưa thạo dùng. nhưng nhìn chung là cũng thông minh. ngoài ra nay còn có app để oder. chưa thử nhưng có vẻ tiện. các bạn thử xem nhé,positive,nói_chung là ok . lúc_nào cũng đông . nhân_viên phục_vụ nhanh và nhiệt_tình . đồ_ăn thì đúng là đồ_ăn nhanh nên để nói về ngon hay không thì cũng không có gì để đánh_giá . trẻ_con thích ăn . quán ở vị_trí trung_tâm . quán nhiều trẻ_con và người nước_ngoài . trông cũng sạch_sẽ . áp_dụng màn_hình công_nghệ để oder đồ tuy hơi lâu vì nhiều người chưa thạo dùng . nhưng nhìn_chung là cũng thông_minh . ngoài_ra nay còn có app để oder . chưa thử nhưng có_vẻ tiện . các bạn thử xem nhé,nói_chung là ok . lúc_nào cũng đông . nhân_viên phục_vụ nhanh và nhiệt_tình . đồ_ăn thì đúng là đồ_ăn nhanh nên để nói về ngon hay không thì cũng không có gì để đánh_giá . trẻ_con thích ăn . quán ở vị_trí trung_tâm . quán nhiều trẻ_con và người nước_ngoài . trông cũng sạch_sẽ . áp_dụng màn_hình công_nghệ để oder đồ tuy hơi lâu vì nhiều người chưa thạo dùng . nhưng nhìn_chung là cũng thông_minh . ngoài_ra nay còn có app để oder . chưa thử nhưng có_vẻ tiện . các bạn thử xem nhé,nói_chung ok lúc_nào đông nhân_viên phục_vụ nhiệt_tình đồ_ăn đồ_ăn ngon đánh_giá trẻ_con quán vị_trí trung_tâm quán trẻ_con nước_ngoài trông sạch_sẽ áp_dụng màn_hình công_nghệ oder đồ hơi thạo nhìn_chung thông_minh ngoài_ra app oder thử có_vẻ tiện thử
"nice location, strong wifi and probably the best ice cream ive had in hanoi",positive,"nice location , strong wifi and probably the best ice cream ive had in hanoi","nice location , strong wifi and probably the best ice cream ive had in hanoi",nice location strong wifi and probably the best ice cream ive had in hanoi
nơi rất đẹp,positive,nơi rất đẹp,nơi rất đẹp,đẹp
từ chối hoàn trả và hủy đơn đặt hàng không chính xác được đặt bởi con trai 12 tuổi của tôi trên máy tự phục vụ.,negative,từ_chối hoàn_trả và huỷ đơn đặt_hàng không chính_xác được đặt bởi con trai 12 tuổi của tôi trên máy tự_phục_vụ .,từ_chối hoàn_trả và huỷ đơn đặt_hàng không chính_xác được đặt bởi con trai 12 tuổi của tôi trên máy tự_phục_vụ .,từ_chối hoàn_trả huỷ đơn đặt_hàng chính_xác trai 12 máy tự_phục_vụ
phóng to kem tan chảy. sữa sheik là một người lộn xộn ...,negative,phóng to kem tan chảy . sữa sheik là một người lộn_xộn ...,phóng to kem tan chảy . sữa sheik là một người lộn_xộn ...,phóng to kem tan chảy sữa sheik lộn_xộn ...
"thật dễ dàng để đặt hàng vì nó có tiếng anh được viết trên bảng cảm ứng. giống như ở nhật bản, nhân viên cửa hàng cũng tốt bụng. có những thực đơn không có sẵn ở nhật bản, vì vậy bạn có thể thưởng thức chúng. đó cũng là một nơi tuyệt vời để thuê một nhà vệ sinh.",positive,"thật dễ_dàng để đặt_hàng vì nó có tiếng anh được viết trên bảng cảm_ứng . giống như ở nhật_bản , nhân_viên cửa_hàng cũng tốt_bụng . có những thực_đơn không có sẵn ở nhật_bản , vì_vậy bạn có_thể thưởng_thức chúng . đó cũng là một nơi tuyệt_vời để thuê một nhà_vệ_sinh .","thật dễ_dàng để đặt_hàng vì nó có tiếng anh được viết trên bảng cảm_ứng . giống như ở nhật_bản , nhân_viên cửa_hàng cũng tốt_bụng . có những thực_đơn không có sẵn ở nhật_bản , vì_vậy bạn có_thể thưởng_thức chúng . đó cũng là một nơi tuyệt_vời để thuê một nhà_vệ_sinh .",dễ_dàng đặt_hàng tiếng viết bảng cảm_ứng nhật_bản nhân_viên cửa_hàng tốt_bụng thực_đơn sẵn nhật_bản vì_vậy có_thể thưởng_thức tuyệt_vời thuê nhà_vệ_sinh
"tất nhiên là cực kỳ tốn kém, nhưng đôi khi là chuẩn mực",neutral,"tất_nhiên là cực_kỳ tốn_kém , nhưng đôi_khi là chuẩn_mực","tất_nhiên là cực_kỳ tốn_kém , nhưng đôi_khi là chuẩn_mực",tất_nhiên cực_kỳ tốn_kém đôi_khi chuẩn_mực
thức ăn rất ngon và ngon,positive,thức_ăn rất ngon và ngon,thức_ăn rất ngon và ngon,thức_ăn ngon ngon
"không giống như hàn quốc, nếu bạn đặt hàng, nó sẽ được thực hiện. big mac rất nhỏ so với hàn quốc.",positive,"không giống như hàn_quốc , nếu bạn đặt_hàng , nó sẽ được thực_hiện . big mac rất nhỏ so với hàn_quốc .","không giống như hàn_quốc , nếu bạn đặt_hàng , nó sẽ được thực_hiện . big mac rất nhỏ so với hàn_quốc .",hàn_quốc đặt_hàng thực_hiện big mac hàn_quốc
họ có bữa ăn tùy chỉnh cho năm mới của trung quốc. chúng tôi đã đến đây để ăn sáng nhưng tất nhiên thực đơn là khác nhau. tôi đã hy vọng sẽ xem thực đơn đầy đủ. tôi sẽ không ăn thức ăn nhanh ở hà nội. chúng có rất nhiều giống thực phẩm và nó sẽ không đắt như một mcdonalds.,positive,họ có bữa ăn tuỳ chỉnh cho năm mới của trung_quốc . chúng_tôi đã đến đây để ăn sáng nhưng tất_nhiên thực_đơn là khác nhau . tôi đã hy_vọng sẽ xem thực_đơn đầy_đủ . tôi sẽ không ăn thức_ăn nhanh ở hà_nội . chúng có rất nhiều giống thực_phẩm và nó sẽ không đắt như một mcdonalds .,họ có bữa ăn tuỳ chỉnh cho năm mới của trung_quốc . chúng_tôi đã đến đây để ăn sáng nhưng tất_nhiên thực_đơn là khác nhau . tôi đã hy_vọng sẽ xem thực_đơn đầy_đủ . tôi sẽ không ăn thức_ăn nhanh ở hà_nội . chúng có rất nhiều giống thực_phẩm và nó sẽ không đắt như một mcdonalds .,tuỳ chỉnh trung_quốc chúng_tôi tất_nhiên thực_đơn hy_vọng thực_đơn đầy_đủ thức_ăn hà_nội thực_phẩm đắt mcdonalds
"giá rẻ, nhân viên tận tâm",positive,"giá rẻ , nhân_viên tận_tâm","giá rẻ , nhân_viên tận_tâm",giá rẻ nhân_viên tận_tâm
"những gì trong các từ không thể được thể hiện không ai nói bất kỳ ngôn ngữ nào, tôi chỉ cho bạn những gì tôi không yêu cầu trong bánh sandwich của mình ... rõ ràng nó đã được đưa vào. stinky, bẩn ...",negative,"những gì trong các từ không_thể được thể_hiện không ai nói bất_kỳ ngôn_ngữ nào , tôi chỉ cho bạn những gì tôi không yêu_cầu trong bánh sandwich của mình ... rõ_ràng nó đã được đưa vào . stinky , bẩn ...","những gì trong các từ không_thể được thể_hiện không ai nói bất_kỳ ngôn_ngữ nào , tôi chỉ cho bạn những gì tôi không yêu_cầu trong bánh sandwich của mình ... rõ_ràng nó đã được đưa vào . stinky , bẩn ...",không_thể thể_hiện bất_kỳ ngôn_ngữ yêu_cầu bánh sandwich ... stinky bẩn ...
thích,positive,thích,thích,
"khu vực ăn uống trên lầu hôi thối vì ac không được bảo dưỡng và cửa sổ được đóng đinh. sàn nhà trơn từ dầu của thực phẩm rơi. vẫn còn thức ăn và các mô trên sàn nhà, việc làm sạch dường như dừng lại khi mặt bàn trống ..",negative,"khu_vực ăn_uống trên lầu hôi_thối vì ac không được bảo_dưỡng và cửa_sổ được đóng đinh . sàn nhà trơn từ dầu của thực_phẩm rơi . vẫn còn thức_ăn và các mô trên sàn nhà , việc_làm sạch dường_như dừng lại khi mặt bàn trống ..","khu_vực ăn_uống trên lầu hôi_thối vì ac không được bảo_dưỡng và cửa_sổ được đóng đinh . sàn nhà trơn từ dầu của thực_phẩm rơi . vẫn còn thức_ăn và các mô trên sàn nhà , việc_làm sạch dường_như dừng lại khi mặt bàn trống ..",khu_vực ăn_uống lầu hôi_thối ac bảo_dưỡng cửa_sổ đóng đinh sàn trơn dầu thực_phẩm rơi thức_ăn mô sàn việc_làm sạch dường_như dừng mặt bàn trống ..
"nó cực kỳ bận rộn khi tôi đến thăm trong tet, nhưng xem xét điều này, dịch vụ và thực phẩm là tốt.",positive,"nó cực_kỳ bận_rộn khi tôi đến thăm trong tet , nhưng xem_xét điều này , dịch_vụ và thực_phẩm là tốt .","nó cực_kỳ bận_rộn khi tôi đến thăm trong tet , nhưng xem_xét điều này , dịch_vụ và thực_phẩm là tốt .",cực_kỳ bận_rộn thăm tet xem_xét dịch_vụ thực_phẩm
"mỗi ngày tôi đến hà nội, tôi mua một gói khoai tây chiên khoai tây chiên tốt hơn so với những con chiên ở đài loan rẻ hơn đài loan nhưng hôm nay tôi đã ăn phần cứng màu trắng không xác định",negative,"mỗi ngày tôi đến hà_nội , tôi mua một gói khoai_tây chiên khoai_tây chiên tốt hơn so với những con_chiên ở đài_loan rẻ hơn đài_loan nhưng hôm_nay tôi đã ăn phần_cứng màu trắng không xác_định","mỗi ngày tôi đến hà_nội , tôi mua một gói khoai_tây chiên khoai_tây chiên tốt hơn so với những con_chiên ở đài_loan rẻ hơn đài_loan nhưng hôm_nay tôi đã ăn phần_cứng màu trắng không xác_định",hà_nội mua gói khoai_tây chiên khoai_tây chiên con_chiên đài_loan rẻ đài_loan hôm_nay phần_cứng màu trắng xác_định
kinh nghiệm tốt,positive,kinh_nghiệm tốt,kinh_nghiệm tốt,kinh_nghiệm
quán ok 👍,positive,quán ok 👍,quán ok :thích:,quán ok :thích:
"rất tốt, bạn cần phải thử nó",positive,"rất tốt , bạn cần phải thử nó","rất tốt , bạn cần phải thử nó",thử
không có vòi xịt,negative,không có vòi xịt,không có vòi xịt,vòi xịt
"rốt cuộc, mcdonalds mcdonald big max đặt 100.0 đồng. tích hợp thế giới. hoan kiem. 2023",positive,"rốt_cuộc , mcdonalds mcdonald big max đặt 100.0 đồng . tích_hợp thế_giới . hoan kiem . 2023","rốt_cuộc , mcdonalds mcdonald big max đặt 100.0 đồng . tích_hợp thế_giới . hoan kiem . 2023",rốt_cuộc mcdonalds mcdonald big max 100.0 đồng tích_hợp thế_giới hoan kiem 2023
"nhân viên sạch sẽ, thân thiện",positive,"nhân_viên sạch_sẽ , thân_thiện","nhân_viên sạch_sẽ , thân_thiện",nhân_viên sạch_sẽ thân_thiện
mayo và nước sốt tỏi rất ngon,positive,mayo và nước sốt tỏi rất ngon,mayo và nước sốt tỏi rất ngon,mayo sốt tỏi ngon
vẫn đang sử dụng ống hút nhựa vào năm 2023 0,negative,vẫn đang sử_dụng ống hút nhựa vào năm 2023 0,vẫn đang sử_dụng ống hút nhựa vào năm 2023 0,sử_dụng ống hút nhựa 2023 0
rất đẹp 🍔,positive,rất đẹp 🍔,rất đẹp :bánh hamburger:,đẹp :bánh hamburger:
giao hàng xuống,negative,giao hàng xuống,giao hàng xuống,giao hàng
"ổn. đồ ăn mang tính công nghiệp nên không đòi hỏi nhiều. lúc mình ăn là vào tầm trưa, miếng gà bạn mình vừa lấy từ tay nhân viên khs đã nguội nên là 1 sao.",positive,"ổn . đồ_ăn mang tính công_nghiệp nên không đòi_hỏi nhiều . lúc mình ăn là vào tầm trưa , miếng gà bạn mình vừa lấy từ tay nhân_viên khs đã nguội nên là 1 sao .","ổn . đồ_ăn mang tính công_nghiệp nên không đòi_hỏi nhiều . lúc mình ăn là vào tầm trưa , miếng gà bạn mình vừa lấy từ tay nhân_viên khs đã nguội nên là 1 sao .",ổn đồ_ăn công_nghiệp đòi_hỏi tầm trưa miếng gà nhân_viên khs nguội 1
oreo mcfurries tốt,positive,oreo mcfurries tốt,oreo mcfurries tốt,oreo mcfurries
"mcd cổ điển ở rìa hồ ở trung tâm hà nội rất nhiều chỗ ngồi trên lầu, sạch sẽ và thoáng mát menu cũng có món cơm nếu bạn muốn",neutral,"mcd cổ_điển ở rìa hồ ở trung_tâm hà_nội rất nhiều chỗ ngồi trên lầu , sạch_sẽ và thoáng mát menu cũng có món cơm nếu bạn muốn","mcd cổ_điển ở rìa hồ ở trung_tâm hà_nội rất nhiều chỗ ngồi trên lầu , sạch_sẽ và thoáng mát menu cũng có món cơm nếu bạn muốn",mcd cổ_điển rìa hồ trung_tâm hà_nội chỗ lầu sạch_sẽ thoáng mát menu món cơm
"mình khá thích mc donard vì gà cay và có đến 4 loại đồ chấm, đồ uống có coca không đường recommend luôn",positive,"mình khá thích mc donard vì gà cay và có đến 4 loại đồ chấm , đồ uống có coca không đường recommend luôn","mình khá thích mc donard vì gà cay và có đến 4 loại đồ chấm , đồ uống có coca không đường recommend luôn",mc donard gà cay 4 đồ chấm đồ uống coca đường recommend
"đồ ăn ngon, thực đơn phong phú, quy trình chuẩn bị chuyên nghiệp, vị trí đẹp nhưng địa điểm đông nên thành ra hơi nhỏ",positive,"đồ_ăn ngon , thực_đơn phong_phú , quy_trình chuẩn_bị chuyên_nghiệp , vị_trí đẹp nhưng địa_điểm đông nên thành_ra hơi nhỏ","đồ_ăn ngon , thực_đơn phong_phú , quy_trình chuẩn_bị chuyên_nghiệp , vị_trí đẹp nhưng địa_điểm đông nên thành_ra hơi nhỏ",đồ_ăn ngon thực_đơn phong_phú quy_trình chuẩn_bị chuyên_nghiệp vị_trí đẹp địa_điểm đông thành_ra hơi
"tôi thích nó khi mùa đông, có những người hâm nóng, nhân viên dọn dẹp những nơi sạch sẽ, công việc tốt",positive,"tôi thích nó khi mùa đông , có những người hâm_nóng , nhân_viên dọn_dẹp những nơi sạch_sẽ , công_việc tốt","tôi thích nó khi mùa đông , có những người hâm_nóng , nhân_viên dọn_dẹp những nơi sạch_sẽ , công_việc tốt",mùa đông hâm_nóng nhân_viên dọn_dẹp sạch_sẽ công_việc
"nó chỉ là một mcdonald thông thường, nhưng có một thực đơn như chibab. nên đi dạo với đền ngokseon trong khi ăn khi bạn mệt mỏi vì thức ăn.",positive,"nó chỉ là một mcdonald thông_thường , nhưng có một thực_đơn như chibab . nên đi dạo với đền ngokseon trong khi ăn khi bạn mệt_mỏi vì thức_ăn .","nó chỉ là một mcdonald thông_thường , nhưng có một thực_đơn như chibab . nên đi dạo với đền ngokseon trong khi ăn khi bạn mệt_mỏi vì thức_ăn .",mcdonald thông_thường thực_đơn chibab dạo đền ngokseon mệt_mỏi thức_ăn
nhà hàng gà bạn cần gì,positive,nhà_hàng gà bạn cần gì,nhà_hàng gà bạn cần gì,nhà_hàng gà
thái độ nhân viên siêu tệ. tin được không cửa hàng đồ ăn không có dao to để cắt đôi hộ khách cái burger,negative,thái_độ nhân_viên siêu tệ . tin được không cửa_hàng đồ_ăn không có dao to để cắt đôi hộ khách cái burger,thái_độ nhân_viên siêu tệ . tin được không cửa_hàng đồ_ăn không có dao to để cắt đôi hộ khách cái burger,thái_độ nhân_viên siêu tệ cửa_hàng đồ_ăn dao to cắt đôi hộ burger
không còn cho phép đỗ xe bên ngoài cơ sở. tất cả các bãi đậu xe khác chỉ trả tiền và nhiều hơn một khối đi bộ từ vị trí. sẽ không đến đây gần như nữa. nhưng đó có lẽ là một điều tốt.,negative,không còn cho_phép đỗ xe bên ngoài cơ_sở . tất_cả các bãi đậu xe khác chỉ trả tiền và nhiều hơn một khối đi bộ từ vị_trí . sẽ không đến đây gần như nữa . nhưng đó có_lẽ là một điều tốt .,không còn cho_phép đỗ xe bên ngoài cơ_sở . tất_cả các bãi đậu xe khác chỉ trả tiền và nhiều hơn một khối đi bộ từ vị_trí . sẽ không đến đây gần như nữa . nhưng đó có_lẽ là một điều tốt .,cho_phép đỗ xe cơ_sở tất_cả bãi đậu xe tiền khối vị_trí có_lẽ
"một bầu không khí thực sự của mc donalds asian. không có nhiều lựa chọn khác nhau từ pháp, tôi mong đợi nhiều cú sốc hơn mcdonalds. mặt khác, mcflurry oreo tại matcha khá ngạc nhiên.",positive,"một bầu_không_khí thực_sự của mc donalds asian . không có nhiều lựa_chọn khác nhau từ_pháp , tôi mong_đợi nhiều cú sốc hơn mcdonalds . mặt_khác , mcflurry oreo tại matcha khá ngạc_nhiên .","một bầu_không_khí thực_sự của mc donalds asian . không có nhiều lựa_chọn khác nhau từ_pháp , tôi mong_đợi nhiều cú sốc hơn mcdonalds . mặt_khác , mcflurry oreo tại matcha khá ngạc_nhiên .",bầu_không_khí mc donalds asian lựa_chọn từ_pháp mong_đợi cú sốc mcdonalds mặt_khác mcflurry oreo matcha ngạc_nhiên
mình cảm thấy không được tôn trọng vì thái độ của các bạn nhân viên bán hàng,negative,mình cảm_thấy không được tôn_trọng vì thái_độ của các bạn nhân_viên bán hàng,mình cảm_thấy không được tôn_trọng vì thái_độ của các bạn nhân_viên bán hàng,tôn_trọng thái_độ nhân_viên hàng
thậm chí không mở 24 giờ nhận được ronald mcdonaal,negative,thậm_chí không mở 24 giờ nhận được ronald mcdonaal,thậm_chí không mở 24 giờ nhận được ronald mcdonaal,thậm_chí 24 ronald mcdonaal
"tầng thứ hai luôn ẩm và không khí xấu và mùi kỳ lạ. do vị trí, nó luôn luôn đông đúc. khách hàng không tự vứt rác, vì vậy họ không hiệu quả, họ cần nhân viên để dọn rác từ khách hàng trước mặt họ để ngồi xuống. việc đặt hàng và đón được tự động hóa nên nó trơn tru. các nhân viên làm việc chăm chỉ.",neutral,"tầng thứ hai luôn ẩm và không_khí xấu và mùi kỳ_lạ . do vị_trí , nó luôn_luôn đông_đúc . khách_hàng không tự vứt rác , vì_vậy họ không hiệu_quả , họ cần nhân_viên để dọn rác từ khách_hàng trước mặt họ để ngồi xuống . việc đặt_hàng và đón được tự_động_hoá nên nó trơn_tru . các nhân_viên làm_việc chăm_chỉ .","tầng thứ hai luôn ẩm và không_khí xấu và mùi kỳ_lạ . do vị_trí , nó luôn_luôn đông_đúc . khách_hàng không tự vứt rác , vì_vậy họ không hiệu_quả , họ cần nhân_viên để dọn rác từ khách_hàng trước mặt họ để ngồi xuống . việc đặt_hàng và đón được tự_động_hoá nên nó trơn_tru . các nhân_viên làm_việc chăm_chỉ .",tầng hai ẩm không_khí xấu mùi kỳ_lạ vị_trí luôn_luôn đông_đúc khách_hàng vứt rác vì_vậy hiệu_quả nhân_viên dọn rác khách_hàng mặt đặt_hàng đón tự_động_hoá trơn_tru nhân_viên làm_việc chăm_chỉ
đơn đặt hàng trên máy đặt hàng không được gửi đi. chúng được đặt ở phía sau của hàng đợi hoặc biến mất. nó là cần thiết để di chuyển nhiều lần cho thực phẩm.,negative,đơn đặt_hàng trên máy đặt_hàng không được gửi đi . chúng được đặt ở phía sau của hàng đợi hoặc biến mất . nó là cần_thiết để di_chuyển nhiều lần cho thực_phẩm .,đơn đặt_hàng trên máy đặt_hàng không được gửi đi . chúng được đặt ở phía sau của hàng đợi hoặc biến mất . nó là cần_thiết để di_chuyển nhiều lần cho thực_phẩm .,đơn đặt_hàng máy đặt_hàng gửi hàng đợi biến cần_thiết di_chuyển thực_phẩm
"trẻ con rất thích, cuối tuần rất đông",positive,"trẻ_con rất thích , cuối tuần rất đông","trẻ_con rất thích , cuối tuần rất đông",trẻ_con đông
đó là bữa ăn ngon như mong đợi. chúng tôi đang tìm kiếm thứ gì đó không phải là thực phẩm việt nam thông thường và điều này cũng nằm trong cuộc giải cứu của chúng tôi,positive,đó là bữa ăn ngon như mong_đợi . chúng_tôi đang tìm_kiếm thứ gì đó không phải là thực_phẩm việt_nam thông_thường và điều này cũng nằm trong cuộc giải_cứu của chúng_tôi,đó là bữa ăn ngon như mong_đợi . chúng_tôi đang tìm_kiếm thứ gì đó không phải là thực_phẩm việt_nam thông_thường và điều này cũng nằm trong cuộc giải_cứu của chúng_tôi,ngon mong_đợi chúng_tôi tìm_kiếm thực_phẩm việt_nam thông_thường nằm giải_cứu chúng_tôi
mc donald bờ hồ vị trí đẹp. muốn ăn md mình thường ghé vào đây thik nhất món kem và bánh big mc,neutral,mc donald bờ hồ vị_trí đẹp . muốn ăn md mình thường ghé vào đây thik nhất món kem và bánh big mc,mc donald bờ hồ vị_trí đẹp . muốn ăn md mình thường ghé vào đây thik nhất món kem và bánh big mc,mc donald bờ hồ vị_trí đẹp md ghé thik món kem bánh big mc
tránh xa mcdonalds tệ nhất mà tôi đã từng có. đã cho tôi ngộ độc thực phẩm kinh tởm,negative,tránh xa mcdonalds tệ nhất mà tôi đã từng có . đã cho tôi ngộ_độc thực_phẩm kinh_tởm,tránh xa mcdonalds tệ nhất mà tôi đã từng có . đã cho tôi ngộ_độc thực_phẩm kinh_tởm,mcdonalds tệ ngộ_độc thực_phẩm kinh_tởm
macharatte john hương vị,positive,macharatte john hương_vị,macharatte john hương_vị,macharatte john hương_vị
"thực phẩm giống nhau ở tất cả các vấn đề của macd là đỗ xe, có thể đỗ xe, sau đó không thể đỗ, trên và trên đó thay đổi hàng ngày",negative,"thực_phẩm giống nhau ở tất_cả các vấn_đề của macd là đỗ xe , có_thể đỗ xe , sau đó không_thể đỗ , trên và trên đó thay_đổi hàng ngày","thực_phẩm giống nhau ở tất_cả các vấn_đề của macd là đỗ xe , có_thể đỗ xe , sau đó không_thể đỗ , trên và trên đó thay_đổi hàng ngày",thực_phẩm tất_cả vấn_đề macd đỗ xe có_thể đỗ xe không_thể đỗ thay_đổi hàng
mcdonald tuyệt vời trên đường chính các nhân viên rất thân thiện và cô gái trẻ tại sổ đăng ký nói tiếng anh rất tốt. rất hài lòng với dịch vụ và chất lượng thực phẩm. cảm ơn các nhân viên vì một trải nghiệm tuyệt vời,positive,mcdonald tuyệt_vời trên đường chính các nhân_viên rất thân_thiện và cô gái trẻ tại sổ đăng_ký nói tiếng anh rất tốt . rất hài_lòng với dịch_vụ và chất_lượng thực_phẩm . cảm_ơn các nhân_viên vì một trải_nghiệm tuyệt_vời,mcdonald tuyệt_vời trên đường chính các nhân_viên rất thân_thiện và cô gái trẻ tại sổ đăng_ký nói tiếng anh rất tốt . rất hài_lòng với dịch_vụ và chất_lượng thực_phẩm . cảm_ơn các nhân_viên vì một trải_nghiệm tuyệt_vời,mcdonald tuyệt_vời đường nhân_viên thân_thiện gái trẻ sổ đăng_ký tiếng hài_lòng dịch_vụ chất_lượng thực_phẩm cảm_ơn nhân_viên trải_nghiệm tuyệt_vời
"giống như tất cả thế giới macdonald trên thế giới này, hà nội không khác ... thích ăn ở đây ...",positive,"giống như tất_cả thế_giới macdonald trên thế_giới này , hà_nội không khác ... thích ăn_ở đây ...","giống như tất_cả thế_giới macdonald trên thế_giới này , hà_nội không khác ... thích ăn_ở đây ...",tất_cả thế_giới macdonald thế_giới hà_nội ... ăn_ở ...
"phương pháp rộng rãi, với số lượng chỗ ngồi đủ. nhà hàng có phần tiếp quản chuyên dụng. nhà hàng có một nhà vệ sinh được bảo trì tốt. hãy thử bánh mì kẹp thịt cá của họ. các bữa ăn bao gồm khoai tây chiên hoặc salad như một lựa chọn. mặc dù đặt hàngthanh toán cần được thực hiện tại quầy, thực phẩm sẽ được phục vụ cho bàn giờ. các gia vị như mayo, nước sốt ngọt chua có sẵn riêng biệt. dịch vụ nhanh chóng.",positive,"phương_pháp rộng_rãi , với số_lượng chỗ ngồi đủ . nhà_hàng có phần tiếp_quản chuyên_dụng . nhà_hàng có một nhà_vệ_sinh được bảo_trì tốt . hãy thử bánh_mì kẹp thịt cá của họ . các bữa ăn bao_gồm khoai_tây chiên hoặc salad như một lựa_chọn . mặc_dù đặt hàngthanh toán cần được thực_hiện tại quầy , thực_phẩm sẽ được phục_vụ cho bàn giờ . các gia_vị như mayo , nước sốt ngọt chua có sẵn riêng_biệt . dịch_vụ nhanh_chóng .","phương_pháp rộng_rãi , với số_lượng chỗ ngồi đủ . nhà_hàng có phần tiếp_quản chuyên_dụng . nhà_hàng có một nhà_vệ_sinh được bảo_trì tốt . hãy thử bánh_mì kẹp thịt cá của họ . các bữa ăn bao_gồm khoai_tây chiên hoặc salad như một lựa_chọn . mặc_dù đặt hàngthanh toán cần được thực_hiện tại quầy , thực_phẩm sẽ được phục_vụ cho bàn giờ . các gia_vị như mayo , nước sốt ngọt chua có sẵn riêng_biệt . dịch_vụ nhanh_chóng .",phương_pháp rộng_rãi số_lượng chỗ nhà_hàng tiếp_quản chuyên_dụng nhà_hàng nhà_vệ_sinh bảo_trì thử bánh_mì kẹp thịt cá bao_gồm khoai_tây chiên salad lựa_chọn mặc_dù hàngthanh toán thực_hiện quầy thực_phẩm phục_vụ bàn gia_vị mayo sốt chua sẵn riêng_biệt dịch_vụ nhanh_chóng
dịch vụ hơi chậm đối với chuỗi thức ăn nhanh nhưng nấu ăn là tốt. tôi nghĩ đó là lý do tại sao phải mất một thời gian dài hơn để chuẩn bị thức ăn. nó không được nấu sẵn hay bất cứ thứ gì.,positive,dịch_vụ hơi chậm đối_với chuỗi thức_ăn nhanh nhưng nấu_ăn là tốt . tôi nghĩ đó là lý_do tại_sao phải mất một thời_gian dài hơn để chuẩn_bị thức_ăn . nó không được nấu sẵn hay bất_cứ thứ gì .,dịch_vụ hơi chậm đối_với chuỗi thức_ăn nhanh nhưng nấu_ăn là tốt . tôi nghĩ đó là lý_do tại_sao phải mất một thời_gian dài hơn để chuẩn_bị thức_ăn . nó không được nấu sẵn hay bất_cứ thứ gì .,dịch_vụ hơi chậm đối_với chuỗi thức_ăn nấu_ăn lý_do tại_sao thời_gian chuẩn_bị thức_ăn nấu sẵn bất_cứ
"nhân viên rất thân thiện, đã có thể dễ dàng đặt hàng và trả tiền cho một trong những máy móc, và thực phẩm là tốt. đây là một mcdonald mcdonald tốt nhất mà tôi đã từng có nhưng chỉ là những gì tôi đang tìm kiếm. cần một chút thực phẩm phương tây để thay đổi mọi thứ. rất phải chăng đã trả 44.0 cho một mcchicken, khoai tây chiên nhỏ, và than cốc.",positive,"nhân_viên rất thân_thiện , đã có_thể dễ_dàng đặt_hàng và trả tiền cho một trong những máy_móc , và thực_phẩm là tốt . đây là một mcdonald mcdonald tốt nhất mà tôi đã từng có nhưng chỉ là những gì tôi đang tìm_kiếm . cần một_chút thực_phẩm phương tây để thay_đổi mọi thứ . rất phải_chăng đã trả 44.0 cho một mcchicken , khoai_tây chiên nhỏ , và than_cốc .","nhân_viên rất thân_thiện , đã có_thể dễ_dàng đặt_hàng và trả tiền cho một trong những máy_móc , và thực_phẩm là tốt . đây là một mcdonald mcdonald tốt nhất mà tôi đã từng có nhưng chỉ là những gì tôi đang tìm_kiếm . cần một_chút thực_phẩm phương tây để thay_đổi mọi thứ . rất phải_chăng đã trả 44.0 cho một mcchicken , khoai_tây chiên nhỏ , và than_cốc .",nhân_viên thân_thiện có_thể dễ_dàng đặt_hàng tiền máy_móc thực_phẩm mcdonald mcdonald tìm_kiếm một_chút thực_phẩm phương tây thay_đổi phải_chăng 44.0 mcchicken khoai_tây chiên than_cốc
"bầu không khí tốt và nhân viên thân thiện, thực phẩm phù hợp với các tiêu chuẩn",positive,"bầu_không_khí tốt và nhân_viên thân_thiện , thực_phẩm phù_hợp với các tiêu_chuẩn","bầu_không_khí tốt và nhân_viên thân_thiện , thực_phẩm phù_hợp với các tiêu_chuẩn",bầu_không_khí nhân_viên thân_thiện thực_phẩm phù_hợp tiêu_chuẩn
"tệ, quá đông, phục vụ chưa tốt. đồ ăn bình thường, không bằng các hãng đồ ăn nhanh khác. đặc biệt kinh khủng với tiếng ồn, sự mất trật tự ở đây.",negative,"tệ , quá đông , phục_vụ chưa tốt . đồ_ăn bình_thường , không bằng các hãng đồ_ăn nhanh khác . đặc_biệt kinh_khủng với tiếng ồn , sự mất trật_tự ở đây .","tệ , quá đông , phục_vụ chưa tốt . đồ_ăn bình_thường , không bằng các hãng đồ_ăn nhanh khác . đặc_biệt kinh_khủng với tiếng ồn , sự mất trật_tự ở đây .",tệ đông phục_vụ đồ_ăn bình_thường hãng đồ_ăn đặc_biệt kinh_khủng tiếng ồn trật_tự
ngon hơn nhiều so với ở nga,positive,ngon hơn nhiều so với ở nga,ngon hơn nhiều so với ở nga,ngon nga
"những người đặt 45 ngôi sao không ở mcdonalds bình thường. không có một củ khoai tây ngon, một loại phô mai là như vậy, có bụi bẩn trên bàn và sàn, trên cửa sổ bạn có thể thấy khuôn màu đen, mặc dù thoạt nhìn nhà hàng trông có thể chịu đựng được. nó vẫn có mùi trong nhà vệ sinh. poppy tồi tệ nhất mà tôi là, diesel và không mô tả.",negative,"những người đặt 45 ngôi_sao không ở mcdonalds bình_thường . không có một củ khoai_tây ngon , một loại phô_mai là như_vậy , có bụi bẩn trên bàn và sàn , trên cửa_sổ bạn có_thể thấy khuôn màu đen , mặc_dù thoạt nhìn nhà_hàng trông có_thể chịu_đựng được . nó vẫn có mùi trong nhà_vệ_sinh . poppy tồi_tệ nhất mà tôi là , diesel và không mô_tả .","những người đặt 45 ngôi_sao không ở mcdonalds bình_thường . không có một củ khoai_tây ngon , một loại phô_mai là như_vậy , có bụi bẩn trên bàn và sàn , trên cửa_sổ bạn có_thể thấy khuôn màu đen , mặc_dù thoạt nhìn nhà_hàng trông có_thể chịu_đựng được . nó vẫn có mùi trong nhà_vệ_sinh . poppy tồi_tệ nhất mà tôi là , diesel và không mô_tả .",45 ngôi_sao mcdonalds bình_thường củ khoai_tây ngon phô_mai như_vậy bụi bẩn bàn sàn cửa_sổ có_thể khuôn màu đen mặc_dù nhà_hàng trông có_thể chịu_đựng mùi nhà_vệ_sinh poppy tồi_tệ diesel mô_tả
"nhân viên không nhiệt tình,tỏ thái độ với khách hàng,đồ ăn thì chờ mãi không được.nhân viên cần chỉnh sửa lại thái độ phục vụ",negative,"nhân_viên không nhiệt_tình , tỏ thái_độ với khách_hàng , đồ_ăn thì chờ mãi không được.nhân viên cần chỉnh_sửa lại thái_độ phục_vụ","nhân_viên không nhiệt_tình , tỏ thái_độ với khách_hàng , đồ_ăn thì chờ mãi không được.nhân viên cần chỉnh_sửa lại thái_độ phục_vụ",nhân_viên nhiệt_tình tỏ thái_độ khách_hàng đồ_ăn chờ mãi được.nhân viên chỉnh_sửa thái_độ phục_vụ
"nếu bạn trải nghiệm nó, bạn biết",negative,"nếu bạn trải_nghiệm nó , bạn biết","nếu bạn trải_nghiệm nó , bạn biết",trải_nghiệm
"vị trí kim cương ngay bên cạnh hồ hoan kiem trung tâm của thành phố. bên cạnh big mac điển hình của bạn, bạn có thể tìm thấy thực đơn định vị như thịt gà nướng, và nếu may mắn, vật phẩm theo mùa như pho burger.",positive,"vị_trí kim_cương ngay bên cạnh hồ hoan kiem trung_tâm của thành_phố . bên cạnh big mac điển_hình của bạn , bạn có_thể tìm thấy thực_đơn định_vị như thịt gà nướng , và nếu may_mắn , vật_phẩm theo mùa như pho burger .","vị_trí kim_cương ngay bên cạnh hồ hoan kiem trung_tâm của thành_phố . bên cạnh big mac điển_hình của bạn , bạn có_thể tìm thấy thực_đơn định_vị như thịt gà nướng , và nếu may_mắn , vật_phẩm theo mùa như pho burger .",vị_trí kim_cương cạnh hồ hoan kiem trung_tâm thành_phố cạnh big mac điển_hình có_thể thực_đơn định_vị thịt gà nướng may_mắn vật_phẩm mùa burger
uống mỗi cốc cà phê mà bắt đợi lâu quá .,neutral,uống mỗi cốc cà_phê mà bắt đợi lâu quá .,uống mỗi cốc cà_phê mà bắt đợi lâu quá .,uống cốc cà_phê bắt đợi
đó là một luật để đi đến mcdonald và nếm thử tĩnh mạch lớn.,positive,đó là một luật để đi đến mcdonald và nếm thử tĩnh_mạch lớn .,đó là một luật để đi đến mcdonald và nếm thử tĩnh_mạch lớn .,luật mcdonald nếm thử tĩnh_mạch
thỉnh thoảng nhân viên hay giao nhầm order,neutral,thỉnh_thoảng nhân_viên hay giao nhầm order,thỉnh_thoảng nhân_viên hay giao nhầm order,thỉnh_thoảng nhân_viên giao nhầm order
"tôi đã từng đến, khi bạn đi đến cửa, họ mở nó ra cho bạn và bao giờ một nhân viên đang làm việc và thấy bạn đến nói xin chào với bạn, khi tôi đặt hàng trên màn hình. có phải tất cả mọi thứ, họ đã kiểm tra với chúng tôi nửa đường thorugh thực phẩm của chúng tôi có hài lòng với nó không sau đó, họ đã cho chúng tôi một chứng từ cho chuyến thăm tiếp theo của chúng tôi, và khi chúng tôi đã hoàn thành, họ đã lấy khay đi cho chúng tôi maccies tốt nhất từ trước đến nay",positive,"tôi đã từng đến , khi bạn đi đến cửa , họ mở nó ra cho bạn và bao_giờ một nhân_viên đang làm_việc và thấy bạn đến nói xin chào với bạn , khi tôi đặt_hàng trên màn_hình . có phải tất_cả mọi thứ , họ đã kiểm_tra với chúng_tôi nửa đường thorugh thực_phẩm của chúng_tôi có hài_lòng với nó không sau đó , họ đã cho chúng_tôi một chứng_từ cho chuyến thăm tiếp_theo của chúng_tôi , và khi chúng_tôi đã hoàn_thành , họ đã lấy khay đi cho chúng_tôi maccies tốt nhất từ trước đến nay","tôi đã từng đến , khi bạn đi đến cửa , họ mở nó ra cho bạn và bao_giờ một nhân_viên đang làm_việc và thấy bạn đến nói xin chào với bạn , khi tôi đặt_hàng trên màn_hình . có phải tất_cả mọi thứ , họ đã kiểm_tra với chúng_tôi nửa đường thorugh thực_phẩm của chúng_tôi có hài_lòng với nó không sau đó , họ đã cho chúng_tôi một chứng_từ cho chuyến thăm tiếp_theo của chúng_tôi , và khi chúng_tôi đã hoàn_thành , họ đã lấy khay đi cho chúng_tôi maccies tốt nhất từ trước đến nay",cửa bao_giờ nhân_viên làm_việc chào đặt_hàng màn_hình tất_cả kiểm_tra chúng_tôi nửa đường thorugh thực_phẩm chúng_tôi hài_lòng chúng_tôi chứng_từ chuyến thăm tiếp_theo chúng_tôi chúng_tôi hoàn_thành khay chúng_tôi maccies
rất đẹp .. ấm cúng,positive,rất đẹp .. ấm_cúng,rất đẹp .. ấm_cúng,đẹp .. ấm_cúng
"nhân viên rất hữu ích. có kem sau đó đi quanh hồ. đã đi hai lần, sẽ ăn trong lần đầu tiên nhưng các sinh viên ồn ào khiến chúng tôi rời đi.",positive,"nhân_viên rất hữu_ích . có kem sau đó đi quanh hồ . đã đi hai lần , sẽ ăn trong lần đầu_tiên nhưng các sinh_viên ồn_ào khiến chúng_tôi rời đi .","nhân_viên rất hữu_ích . có kem sau đó đi quanh hồ . đã đi hai lần , sẽ ăn trong lần đầu_tiên nhưng các sinh_viên ồn_ào khiến chúng_tôi rời đi .",nhân_viên hữu_ích kem quanh hồ hai đầu_tiên sinh_viên ồn_ào chúng_tôi rời
các nhân viên hướng dẫn bạn trước ki ốt rất tử tế ha se young,positive,các nhân_viên hướng_dẫn bạn trước ki_ốt rất tử_tế ha se young,các nhân_viên hướng_dẫn bạn trước ki_ốt rất tử_tế ha se young,nhân_viên hướng_dẫn ki_ốt tử_tế ha se young
mc donalds bình thường. chất lượng ổn định. không quá bận rộn tại một thời điểm.,positive,mc donalds bình_thường . chất_lượng ổn_định . không quá bận_rộn tại một thời_điểm .,mc donalds bình_thường . chất_lượng ổn_định . không quá bận_rộn tại một thời_điểm .,mc donalds bình_thường chất_lượng ổn_định bận_rộn thời_điểm
view triệu đô. đồ ăn tươi ngon. khách nước ngoài ủng hộ nhiều.,positive,view triệu đô . đồ_ăn tươi ngon . khách nước_ngoài ủng_hộ nhiều .,view triệu đô . đồ_ăn tươi ngon . khách nước_ngoài ủng_hộ nhiều .,view triệu đô đồ_ăn tươi ngon nước_ngoài ủng_hộ
1. đặt hàng trong ki ốt bằng tiền mặt 2. kiếm tiền bằng cách hiển thị biên lai từ ki ốt tại quầy. 3. để lại biển số xe nhận được tại quầy và chờ nó. 4. nó ngon hơn mcplay hàn quốc dựa trên các ngày trong tuần,positive,1 . đặt_hàng trong ki_ốt bằng tiền_mặt 2 . kiếm tiền bằng cách hiển_thị biên_lai từ ki_ốt tại quầy . 3 . để lại biển số xe nhận được tại quầy và chờ nó . 4 . nó ngon hơn mcplay hàn_quốc dựa trên các ngày trong tuần,1 . đặt_hàng trong ki_ốt bằng tiền_mặt 2 . kiếm tiền bằng cách hiển_thị biên_lai từ ki_ốt tại quầy . 3 . để lại biển số xe nhận được tại quầy và chờ nó . 4 . nó ngon hơn mcplay hàn_quốc dựa trên các ngày trong tuần,1 đặt_hàng ki_ốt tiền_mặt 2 kiếm tiền hiển_thị biên_lai ki_ốt quầy 3 biển xe quầy chờ 4 ngon mcplay hàn_quốc dựa
"nhiều người, một số người thậm chí không tiêu thụ. tôi đã lấy một oreo macflurry, chúng tôi đang tìm kiếm oreo trong đó và bổ sung sô cô la. không có gì để làm với những người được tìm thấy ở châu âu",positive,"nhiều người , một_số người thậm_chí không tiêu_thụ . tôi đã lấy một oreo macflurry , chúng_tôi đang tìm_kiếm oreo trong đó và bổ_sung sô cô la . không có gì để làm với những người được tìm thấy ở châu_âu","nhiều người , một_số người thậm_chí không tiêu_thụ . tôi đã lấy một oreo macflurry , chúng_tôi đang tìm_kiếm oreo trong đó và bổ_sung sô cô la . không có gì để làm với những người được tìm thấy ở châu_âu",một_số thậm_chí tiêu_thụ oreo macflurry chúng_tôi tìm_kiếm oreo bổ_sung sô la châu_âu
chỉ là một mcdonald thông thường. dịch vụ này chậm nhưng thực phẩm vẫn ổn và nhân viên thường hữu ích. tôi sẽ tránh nó trong giờ ăn trưa vì nó rất đông người thanh thiếu niên.,positive,chỉ là một mcdonald thông_thường . dịch_vụ này chậm nhưng thực_phẩm vẫn ổn và nhân_viên thường hữu_ích . tôi sẽ tránh nó trong giờ ăn trưa vì nó rất đông người thanh_thiếu_niên .,chỉ là một mcdonald thông_thường . dịch_vụ này chậm nhưng thực_phẩm vẫn ổn và nhân_viên thường hữu_ích . tôi sẽ tránh nó trong giờ ăn trưa vì nó rất đông người thanh_thiếu_niên .,mcdonald thông_thường dịch_vụ chậm thực_phẩm ổn nhân_viên hữu_ích trưa đông thanh_thiếu_niên
mcdonalds ở châu á luôn tốt hơn vương quốc anh không thể có lỗi. nhiều sự lựa chọn hơn ở nhà và chăm sóc nhiều hơn để nấu ăn,positive,mcdonalds ở châu_á luôn tốt hơn vương_quốc_anh không_thể có lỗi . nhiều sự lựa_chọn hơn ở nhà và chăm_sóc nhiều hơn để nấu_ăn,mcdonalds ở châu_á luôn tốt hơn vương_quốc_anh không_thể có lỗi . nhiều sự lựa_chọn hơn ở nhà và chăm_sóc nhiều hơn để nấu_ăn,mcdonalds châu_á vương_quốc_anh không_thể lỗi lựa_chọn chăm_sóc nấu_ăn
tôi đã đặt nó bằng một chiếc găng tay nhưng nó đã bị bỏ qua trong một thời gian dài.,negative,tôi đã đặt nó bằng một chiếc găng_tay nhưng nó đã bị bỏ_qua trong một thời_gian dài .,tôi đã đặt nó bằng một chiếc găng_tay nhưng nó đã bị bỏ_qua trong một thời_gian dài .,găng_tay bỏ_qua thời_gian
họ có thực đơn việt nam đặc biệt và nó có vị ngon,positive,họ có thực_đơn việt_nam đặc_biệt và nó có vị ngon,họ có thực_đơn việt_nam đặc_biệt và nó có vị ngon,thực_đơn việt_nam đặc_biệt vị ngon
"dạo này thấy gà với đồ ăn kèm là xà lách lắc của mcdonalds ngon vl. kem cũng ngon nữa, đặt trên app thì khuyến mãi cũng nhiều.",positive,"dạo này thấy gà với đồ_ăn kèm là xà_lách lắc của mcdonalds ngon vl . kem cũng ngon nữa , đặt trên app thì khuyến_mãi cũng nhiều .","dạo này thấy gà với đồ_ăn kèm là xà_lách lắc của mcdonalds ngon vl . kem cũng ngon nữa , đặt trên app thì khuyến_mãi cũng nhiều .",dạo gà đồ_ăn kèm xà_lách lắc mcdonalds ngon vl kem ngon app khuyến_mãi
"sử dụng google dịch cho muối, ngoài mức giá tốt đẹp ở việt nam 👍",positive,"sử_dụng google dịch cho muối , ngoài mức giá tốt_đẹp ở việt_nam 👍","sử_dụng google dịch cho muối , ngoài mức giá tốt_đẹp ở việt_nam :thích:",sử_dụng google dịch muối giá tốt_đẹp việt_nam :thích:
"big mac có vị như mọi lúc, bất cứ nơi nào. phần còn lại là khác nhau",positive,"big mac có vị như mọi lúc , bất_cứ nơi nào . phần còn lại là khác nhau","big mac có vị như mọi lúc , bất_cứ nơi nào . phần còn lại là khác nhau",big mac vị bất_cứ
"đồ chơi rất thô lỗ, đồ chơi nữ và chàng trai là thiếu tôn trọng. sau đó, một lần nữa, có những người trên thế giới này muốn trở thành một cô gái và cậu bé không phải là ok bạn cho trẻ em thấy rằng chúng phải chọn một giới tính có thể thế giới này chấp nhận hơn, thay đổi đồ chơi của bạn thành trẻ em để trẻ em không phải cảm thấy áp lực khi chọn một giới tính",positive,"đồ_chơi rất thô_lỗ , đồ_chơi nữ và chàng trai là thiếu tôn_trọng . sau đó , một lần nữa , có những người trên thế_giới này muốn trở_thành một cô gái và cậu bé không phải là ok bạn cho trẻ_em thấy rằng chúng phải chọn một giới_tính có_thể thế_giới này chấp_nhận hơn , thay_đổi đồ_chơi của bạn thành trẻ_em để trẻ_em không phải cảm_thấy áp_lực khi chọn một giới_tính","đồ_chơi rất thô_lỗ , đồ_chơi nữ và chàng trai là thiếu tôn_trọng . sau đó , một lần nữa , có những người trên thế_giới này muốn trở_thành một cô gái và cậu bé không phải là ok bạn cho trẻ_em thấy rằng chúng phải chọn một giới_tính có_thể thế_giới này chấp_nhận hơn , thay_đổi đồ_chơi của bạn thành trẻ_em để trẻ_em không phải cảm_thấy áp_lực khi chọn một giới_tính",đồ_chơi thô_lỗ đồ_chơi nữ chàng trai tôn_trọng thế_giới trở_thành gái bé ok trẻ_em giới_tính có_thể thế_giới chấp_nhận thay_đổi đồ_chơi thành trẻ_em trẻ_em áp_lực giới_tính
"một khách du lịch từ philippines ở đây niềng răng cho trải nghiệm vì hầu hết các dịch vụ kết hợp của họ không có gạo. ngoài ra, không có nước thịt. chỉ có 4 loại nước sốt bao gồm tỏi ớt, mayonaisse, sốt cà chua và tương ớt.",positive,"một khách du_lịch từ philippines ở đây niềng răng cho trải_nghiệm vì hầu_hết các dịch_vụ kết_hợp của họ không có gạo . ngoài_ra , không có nước thịt . chỉ có 4 loại nước sốt bao_gồm tỏi ớt , mayonaisse , sốt cà_chua và tương_ớt .","một khách du_lịch từ philippines ở đây niềng răng cho trải_nghiệm vì hầu_hết các dịch_vụ kết_hợp của họ không có gạo . ngoài_ra , không có nước thịt . chỉ có 4 loại nước sốt bao_gồm tỏi ớt , mayonaisse , sốt cà_chua và tương_ớt .",du_lịch philippines niềng trải_nghiệm hầu_hết dịch_vụ kết_hợp gạo ngoài_ra thịt 4 sốt bao_gồm tỏi ớt mayonaisse sốt cà_chua tương_ớt
tôi yêu mcdonald,positive,tôi yêu mcdonald,tôi yêu mcdonald,yêu mcdonald
quá đông nhưng nếu chấp nhận chờ đợi 10p thì vẫn ok vì macdonald đây có sử dụng phương pháp tự order cho khách.khách order trên các bảng menu sau đoa ra thanh toán tại quầy cầm ticket và đợi.đồ thì vẫn chuẩn macdonald,positive,quá đông nhưng nếu chấp_nhận chờ_đợi 10p thì vẫn ok vì macdonald đây có sử_dụng phương_pháp tự order cho khách.khách order trên các bảng menu sau đoa ra thanh_toán tại quầy cầm ticket và đợi.đồ thì vẫn chuẩn macdonald,quá đông nhưng nếu chấp_nhận chờ_đợi 10p thì vẫn ok vì macdonald đây có sử_dụng phương_pháp tự order cho khách.khách order trên các bảng menu sau đoa ra thanh_toán tại quầy cầm ticket và đợi.đồ thì vẫn chuẩn macdonald,đông chấp_nhận chờ_đợi 10p ok macdonald sử_dụng phương_pháp order khách.khách order bảng menu đoa thanh_toán quầy cầm ticket đợi.đồ chuẩn macdonald
"fauburger giống việt nam tôi đã đặt hàng một cái gì đó như thế. hương vị việt nam lol cửa hàng trống rỗng, nhưng nó ồn ào khi những đứa trẻ địa phương đang làm ầm ĩ và đang cưỡi trên bàn và chạy xung quanh trên trượt băng.",neutral,"fauburger giống việt_nam tôi đã đặt_hàng một cái gì đó như_thế . hương_vị việt_nam lol cửa_hàng trống_rỗng , nhưng nó ồn_ào khi những đứa trẻ địa_phương đang làm ầm_ĩ và đang cưỡi trên bàn và chạy xung_quanh trên trượt_băng .","fauburger giống việt_nam tôi đã đặt_hàng một cái gì đó như_thế . hương_vị việt_nam lol cửa_hàng trống_rỗng , nhưng nó ồn_ào khi những đứa trẻ địa_phương đang làm ầm_ĩ và đang cưỡi trên bàn và chạy xung_quanh trên trượt_băng .",fauburger việt_nam đặt_hàng như_thế hương_vị việt_nam lol cửa_hàng trống_rỗng ồn_ào trẻ địa_phương ầm_ĩ cưỡi bàn chạy xung_quanh trượt_băng
sạch sẽ và những gì bạn mong đợi từ một mcdonald,positive,sạch_sẽ và những gì bạn mong_đợi từ một mcdonald,sạch_sẽ và những gì bạn mong_đợi từ một mcdonald,sạch_sẽ mong_đợi mcdonald
"đó là người hàn quốc, nhưng đừng ăn xổ số ở hoan kiem",positive,"đó là người hàn_quốc , nhưng đừng ăn xổ_số ở hoan kiem","đó là người hàn_quốc , nhưng đừng ăn xổ_số ở hoan kiem",hàn_quốc đừng xổ_số hoan kiem
mcdonalds hồ gươm fantastic 👌🏼,positive,mcdonalds hồ gươm fantastic 👌🏼,mcdonalds hồ gươm fantastic :OK tay có tông màu da sáng trung bình:,mcdonalds hồ gươm fantastic :OK tông màu da trung bình:
"thức ăn và phục vụ là ok, nhưng tôi có thể đặt hàng trực tuyến với bất kỳ ứng dụng nào. phòng vệ sinh bị bẩn. một thời gian không gian giống như một bãi rác",neutral,"thức_ăn và phục_vụ là ok , nhưng tôi có_thể đặt_hàng trực_tuyến với bất_kỳ ứng_dụng nào . phòng_vệ sinh bị bẩn . một thời_gian không_gian giống như một bãi rác","thức_ăn và phục_vụ là ok , nhưng tôi có_thể đặt_hàng trực_tuyến với bất_kỳ ứng_dụng nào . phòng_vệ sinh bị bẩn . một thời_gian không_gian giống như một bãi rác",thức_ăn phục_vụ ok có_thể đặt_hàng trực_tuyến bất_kỳ ứng_dụng phòng_vệ sinh bẩn thời_gian không_gian bãi rác
hãy đến đây để thực phẩm haven an toàn.,positive,hãy đến đây để thực_phẩm haven an_toàn .,hãy đến đây để thực_phẩm haven an_toàn .,thực_phẩm haven an_toàn
"ngon, tiêu chuẩn hóa, như tương ớt và hẻm ớt tỏi rất ngon ở thái lan, không có như thế này.",positive,"ngon , tiêu_chuẩn_hoá , như tương_ớt và hẻm ớt tỏi rất ngon ở thái_lan , không có như thế_này .","ngon , tiêu_chuẩn_hoá , như tương_ớt và hẻm ớt tỏi rất ngon ở thái_lan , không có như thế_này .",ngon tiêu_chuẩn_hoá tương_ớt hẻm ớt tỏi ngon thái_lan thế_này
nơi tuyệt vời pho burger là người mới đối với tôi là một người mỹ,positive,nơi tuyệt_vời pho burger là người mới đối_với tôi là một người mỹ,nơi tuyệt_vời pho burger là người mới đối_với tôi là một người mỹ,tuyệt_vời burger đối_với mỹ
không có bánh mì kẹp thịt ăn chay và nhà hàng bị bẩn. thùng rác đã kết thúc.,negative,không có bánh_mì kẹp thịt ăn_chay và nhà_hàng bị bẩn . thùng rác đã kết_thúc .,không có bánh_mì kẹp thịt ăn_chay và nhà_hàng bị bẩn . thùng rác đã kết_thúc .,bánh_mì kẹp thịt ăn_chay nhà_hàng bẩn thùng rác kết_thúc
"không ai, nó không thể so sánh với mcdonald ở châu âu",negative,"không ai , nó không_thể so_sánh với mcdonald ở châu_âu","không ai , nó không_thể so_sánh với mcdonald ở châu_âu",không_thể so_sánh mcdonald châu_âu
"tất cả đều tốt, nhưng có rất nhiều người và một nhà vệ sinh",positive,"tất_cả đều tốt , nhưng có rất nhiều người và một nhà_vệ_sinh","tất_cả đều tốt , nhưng có rất nhiều người và một nhà_vệ_sinh",tất_cả nhà_vệ_sinh
tuyệt,positive,tuyệt,tuyệt,tuyệt
"nơi tốt và sạch, chúng tôi vừa gọi kem, vì vậy tôi không thể nói với bạn nếu thức ăn tốt hay xấu",positive,"nơi tốt và sạch , chúng_tôi vừa gọi kem , vì_vậy tôi không_thể nói với bạn nếu thức_ăn tốt hay xấu","nơi tốt và sạch , chúng_tôi vừa gọi kem , vì_vậy tôi không_thể nói với bạn nếu thức_ăn tốt hay xấu",sạch chúng_tôi gọi kem vì_vậy không_thể thức_ăn xấu
tài xế công nghệ đến lấy hàng không cho tài xế vào quán bắt đứng ngoài đợi. dù trời đang nắng hay mưa quản lý quán lên xem xét lại mình và nhân viên quán,negative,tài_xế công_nghệ đến lấy hàng không cho tài_xế vào quán bắt đứng ngoài đợi . dù trời đang nắng hay mưa quản_lý quán lên xem_xét lại mình và nhân_viên quán,tài_xế công_nghệ đến lấy hàng không cho tài_xế vào quán bắt đứng ngoài đợi . dù trời đang nắng hay mưa quản_lý quán lên xem_xét lại mình và nhân_viên quán,tài_xế công_nghệ hàng tài_xế quán bắt đứng đợi trời nắng mưa quản_lý quán xem_xét nhân_viên quán
"burger không thể so sánh với burger king. con gà quá mặn, không thể so sánh với kfc hoặc lotteri ...",negative,"burger không_thể so_sánh với burger king . con gà quá mặn , không_thể so_sánh với kfc hoặc lotteri ...","burger không_thể so_sánh với burger king . con gà quá mặn , không_thể so_sánh với kfc hoặc lotteri ...",burger không_thể so_sánh burger king gà mặn không_thể so_sánh kfc lotteri ...
"tài xế đến lấy hàng trời mưa hay nắng cũng không cho vào lấy,bắt lấy hàng đề nghị xem lại thái độ của quán với đối tác giao nhận",negative,"tài_xế đến lấy hàng trời mưa hay nắng cũng không cho vào lấy , bắt lấy hàng đề_nghị xem_lại thái_độ của quán với đối_tác giao_nhận","tài_xế đến lấy hàng trời mưa hay nắng cũng không cho vào lấy , bắt lấy hàng đề_nghị xem_lại thái_độ của quán với đối_tác giao_nhận",tài_xế hàng trời mưa nắng bắt hàng đề_nghị xem_lại thái_độ quán đối_tác giao_nhận
"nhân viên nhiệt tình, đồ ăn ngon, thực sự không có gì để chê cho đến khi ra về và bị bảo vệ chửi té tát vào mặt. mình cả đợi món cả ăn hết tầm 1 tiếng và đến lúc ra về bị bảo vệ chửi, ông cho là mình để xe ở đây ăn xong và đi nơi khác rồi mới quay lại cho dù mình đã giải thích. thực sự rất thích nơi này nhưng chắc đây sẽ là lần cuối mình đến đây.",negative,"nhân_viên nhiệt_tình , đồ_ăn ngon , thực_sự không có gì để chê cho đến khi ra về và bị bảo_vệ chửi té_tát vào mặt . mình cả đợi món cả ăn hết tầm 1 tiếng và đến lúc ra về bị bảo_vệ chửi , ông cho là mình để xe ở đây ăn xong và đi nơi khác rồi mới quay lại cho_dù mình đã giải_thích . thực_sự rất thích nơi này nhưng chắc đây sẽ là lần cuối mình đến đây .","nhân_viên nhiệt_tình , đồ_ăn ngon , thực_sự không có gì để chê cho đến khi ra về và bị bảo_vệ chửi té_tát vào mặt . mình cả đợi món cả ăn hết tầm 1 tiếng và đến lúc ra về bị bảo_vệ chửi , ông cho là mình để xe ở đây ăn xong và đi nơi khác rồi mới quay lại cho_dù mình đã giải_thích . thực_sự rất thích nơi này nhưng chắc đây sẽ là lần cuối mình đến đây .",nhân_viên nhiệt_tình đồ_ăn ngon chê bảo_vệ chửi té_tát mặt đợi món tầm 1 tiếng bảo_vệ chửi xe xong cho_dù giải_thích
tất cả mọi thứ là theo phong cách của mcdac. có một conder.,positive,tất_cả mọi thứ là theo phong_cách của mcdac . có một conder .,tất_cả mọi thứ là theo phong_cách của mcdac . có một conder .,tất_cả phong_cách mcdac conder
mango và sữa chua dứa chủ nhật rất ngon,positive,mango và sữa_chua dứa chủ_nhật rất ngon,mango và sữa_chua dứa chủ_nhật rất ngon,mango sữa_chua dứa chủ_nhật ngon
"quán khá là đông đúc, phục vụ nhanh, đồ ăn ngon",positive,"quán khá là đông_đúc , phục_vụ nhanh , đồ_ăn ngon","quán khá là đông_đúc , phục_vụ nhanh , đồ_ăn ngon",quán đông_đúc phục_vụ đồ_ăn ngon
"vợ tôi đã được nhượng bộ khi cô ấy yêu cầu không uống ức gà nếu có thể. phản ứng của người quản lý là không có ích, thô lỗ, không phù hợp, thiếu tôn trọng và không thể chấp nhận được. mức dịch vụ tại nơi này tồi tệ hơn các chi nhánh tương tự trong hcmc. sẽ không bao giờ đến đây nữa",negative,"vợ tôi đã được nhượng_bộ khi cô ấy yêu_cầu không uống ức gà nếu có_thể . phản_ứng của người_quản_lý là không có_ích , thô_lỗ , không phù_hợp , thiếu tôn_trọng và không_thể chấp_nhận được . mức dịch_vụ tại nơi này tồi_tệ hơn các chi_nhánh tương_tự trong hcmc . sẽ không bao_giờ đến đây nữa","vợ tôi đã được nhượng_bộ khi cô ấy yêu_cầu không uống ức gà nếu có_thể . phản_ứng của người_quản_lý là không có_ích , thô_lỗ , không phù_hợp , thiếu tôn_trọng và không_thể chấp_nhận được . mức dịch_vụ tại nơi này tồi_tệ hơn các chi_nhánh tương_tự trong hcmc . sẽ không bao_giờ đến đây nữa",vợ nhượng_bộ yêu_cầu uống ức gà có_thể phản_ứng người_quản_lý có_ích thô_lỗ phù_hợp tôn_trọng không_thể chấp_nhận dịch_vụ tồi_tệ chi_nhánh tương_tự hcmc bao_giờ
chỉ cần mcdonald hahaha,neutral,chỉ cần mcdonald hahaha,chỉ cần mcdonald hahaha,mcdonald hahaha
bánh mì kẹp thịt mcdonalds tồi tệ nhất mà tôi từng có.,negative,bánh_mì kẹp thịt mcdonalds tồi_tệ nhất mà tôi từng có .,bánh_mì kẹp thịt mcdonalds tồi_tệ nhất mà tôi từng có .,bánh_mì kẹp thịt mcdonalds tồi_tệ
rất bận rộn và chỉ có 3 màn hình bạn đặt hàng từ. thức ăn mất nhiều thời gian để có được. bun chính nó ướt và khủng khiếp. không phải là một kinh nghiệm tuyệt vời.,neutral,rất bận_rộn và chỉ có 3 màn_hình bạn đặt_hàng từ . thức_ăn mất nhiều thời_gian để có được . bun chính nó ướt và khủng_khiếp . không phải là một kinh_nghiệm tuyệt_vời .,rất bận_rộn và chỉ có 3 màn_hình bạn đặt_hàng từ . thức_ăn mất nhiều thời_gian để có được . bun chính nó ướt và khủng_khiếp . không phải là một kinh_nghiệm tuyệt_vời .,bận_rộn 3 màn_hình đặt_hàng thức_ăn thời_gian bun ướt khủng_khiếp kinh_nghiệm tuyệt_vời
đâu cũng vậy cùng một type.,positive,đâu cũng vậy cùng một type .,đâu cũng vậy cùng một type .,type
bị đau dạ dày nghiêm trọng,negative,bị đau dạ_dày nghiêm_trọng,bị đau dạ_dày nghiêm_trọng,đau dạ_dày nghiêm_trọng
bắt tài xế đứng trờ ngoài đường. tài xế cũng là khách hàng,negative,bắt tài_xế đứng trờ ngoài đường . tài_xế cũng là khách_hàng,bắt tài_xế đứng trờ ngoài đường . tài_xế cũng là khách_hàng,bắt tài_xế đứng trờ đường tài_xế khách_hàng
bà già gần nhà hàng đòi hỏi tiền đỗ xe trên đường,positive,bà_già gần nhà_hàng đòi_hỏi tiền đỗ xe trên đường,bà_già gần nhà_hàng đòi_hỏi tiền đỗ xe trên đường,bà_già nhà_hàng đòi_hỏi tiền đỗ xe đường
"có lẽ bởi vì tôi là một người nước ngoài, tôi không biết nó như thế nào, và cuối cùng tôi đã tiêu rất nhiều tiền. thật là xấu hổ. hương vị chỉ là mac đơn giản.",negative,"có_lẽ bởi_vì tôi là một người nước_ngoài , tôi không biết nó như_thế_nào , và cuối_cùng tôi đã tiêu rất nhiều tiền . thật là xấu_hổ . hương_vị chỉ là mac đơn_giản .","có_lẽ bởi_vì tôi là một người nước_ngoài , tôi không biết nó như_thế_nào , và cuối_cùng tôi đã tiêu rất nhiều tiền . thật là xấu_hổ . hương_vị chỉ là mac đơn_giản .",có_lẽ bởi_vì nước_ngoài như_thế_nào tiêu tiền xấu_hổ hương_vị mac đơn_giản
phục vụ tốt,positive,phục_vụ tốt,phục_vụ tốt,phục_vụ
tôi đã đi ăn trong cửa hàng và lấy ra do infi vào cuối tuần.,neutral,tôi đã đi ăn trong cửa_hàng và lấy ra do infi vào cuối tuần .,tôi đã đi ăn trong cửa_hàng và lấy ra do infi vào cuối tuần .,cửa_hàng infi
thái độ nhân viên tốt. sạch sẽ.,positive,thái_độ nhân_viên tốt . sạch_sẽ .,thái_độ nhân_viên tốt . sạch_sẽ .,thái_độ nhân_viên sạch_sẽ
có thể lấp đầy bạn với giá cả hợp lý,positive,có_thể lấp đầy bạn với giá_cả hợp_lý,có_thể lấp đầy bạn với giá_cả hợp_lý,có_thể lấp giá_cả hợp_lý
được rồi,positive,được rồi,được rồi,
ngôn mà lắm lúc đông khách đợi lâu,positive,ngôn mà lắm lúc đông khách đợi lâu,ngôn mà lắm lúc đông khách đợi lâu,ngôn lắm đông đợi
"vị trí này quá đỉnh, vị đồ ăn thì đồng nhất với hệ thống",positive,"vị_trí này quá đỉnh , vị đồ_ăn thì đồng_nhất với hệ_thống","vị_trí này quá đỉnh , vị đồ_ăn thì đồng_nhất với hệ_thống",vị_trí đỉnh vị đồ_ăn đồng_nhất hệ_thống
dịch vụ chất lượng xấu,negative,dịch_vụ chất_lượng xấu,dịch_vụ chất_lượng xấu,dịch_vụ chất_lượng xấu
tốt nhưng chậm,positive,tốt nhưng chậm,tốt nhưng chậm,chậm
rất chậm. bánh mì kẹp thịt và khoai tây chiên có vị như chúng được làm ngày hôm qua.,negative,rất chậm . bánh_mì kẹp thịt và khoai_tây chiên có vị như chúng được làm ngày hôm_qua .,rất chậm . bánh_mì kẹp thịt và khoai_tây chiên có vị như chúng được làm ngày hôm_qua .,chậm bánh_mì kẹp thịt khoai_tây chiên vị hôm_qua
tôi không biết cách đặt hàng như một bảng điều khiển cảm ứng. họ sẽ không chấp nhận nó ở quầy nên tôi không thể đi nữa.,neutral,tôi không biết cách đặt_hàng như một bảng điều_khiển cảm_ứng . họ sẽ không chấp_nhận nó ở quầy nên tôi không_thể đi_nữa .,tôi không biết cách đặt_hàng như một bảng điều_khiển cảm_ứng . họ sẽ không chấp_nhận nó ở quầy nên tôi không_thể đi_nữa .,đặt_hàng bảng điều_khiển cảm_ứng chấp_nhận quầy không_thể đi_nữa
"ăn lần thứ n và lần đầu review gà thơm ngon, bánh cũng ngon hơn các nơi khác. đi qua bờ hồ mà không ghé qua làm 1 suất thì hơi bị thiếu thiếu j đó",positive,"ăn lần thứ n và lần đầu review gà thơm ngon , bánh cũng ngon hơn các nơi khác . đi qua bờ hồ mà không ghé qua làm 1 suất thì hơi bị thiếu thiếu j đó","ăn lần thứ n và lần đầu review gà thơm ngon , bánh cũng ngon hơn các nơi khác . đi qua bờ hồ mà không ghé qua làm 1 suất thì hơi bị thiếu thiếu j đó",n review gà thơm ngon bánh ngon bờ hồ ghé 1 suất hơi j
"quán sạch sẽ, đồ ăn chất lượng lắm nha, 10đ cho thái độ phục vụ khách hàng, 1 trải nghiệm tốt khi vào quán, sẽ tiếp tục ủng hộ cửa hàng",positive,"quán sạch_sẽ , đồ_ăn chất_lượng lắm nha , 10đ cho thái_độ phục_vụ khách_hàng , 1 trải_nghiệm tốt khi vào quán , sẽ tiếp_tục ủng_hộ cửa_hàng","quán sạch_sẽ , đồ_ăn chất_lượng lắm nha , 10đ cho thái_độ phục_vụ khách_hàng , 1 trải_nghiệm tốt khi vào quán , sẽ tiếp_tục ủng_hộ cửa_hàng",quán sạch_sẽ đồ_ăn chất_lượng lắm nha 10đ thái_độ phục_vụ khách_hàng 1 trải_nghiệm quán tiếp_tục ủng_hộ cửa_hàng
rất đáng tiền,positive,rất đáng tiền,rất đáng tiền,tiền
hồ gươm,positive,hồ gươm,hồ gươm,hồ gươm
chúng tôi có việt nam macdonald 👍,positive,chúng_tôi có việt_nam macdonald 👍,chúng_tôi có việt_nam macdonald :thích:,chúng_tôi việt_nam macdonald :thích:
"chất lượng đồ ăn thì không có gì phải nói tuy nhiên cách thức làm việc ở nhà hàng này lại không hiệu quả chút nào quán không có loa thông báo vì quán rất đông khách, lượng người chờ lấy đồ là rất lớn, có những khách tây hoặc người chờ lấy đồ tại bàn thì không thể nghe hoặc hiểu được nếu như nhân viên chỉ gào mồm lên đọc đơn số... ra nhận hàng nơi này thực sự cần một hệ thống loa và mic để nhân viên đọc số thứ tự trên loa tránh cho việc đồ làm xong nhưng người nhận không biết cứ chờ và và lượng khách tới liên tục sẽ gây hiện tượng chờ đồ lâu, ách tắc không cần thiết",neutral,"chất_lượng đồ_ăn thì không có gì phải nói tuy_nhiên cách_thức làm_việc ở nhà_hàng này lại không hiệu_quả chút nào quán không có loa thông_báo vì quán rất đông khách , lượng người chờ lấy đồ_là rất lớn , có những khách tây hoặc người chờ lấy đồ tại bàn thì không_thể nghe hoặc hiểu được nếu_như nhân_viên chỉ gào mồm lên đọc đơn số ... ra nhận hàng nơi này thực_sự cần một hệ_thống loa và mic để nhân_viên đọc số thứ_tự trên loa tránh cho việc đồ làm xong nhưng người nhận không biết cứ chờ và và lượng khách tới liên_tục sẽ gây hiện_tượng chờ đồ lâu , ách_tắc không cần_thiết","chất_lượng đồ_ăn thì không có gì phải nói tuy_nhiên cách_thức làm_việc ở nhà_hàng này lại không hiệu_quả chút nào quán không có loa thông_báo vì quán rất đông khách , lượng người chờ lấy đồ_là rất lớn , có những khách tây hoặc người chờ lấy đồ tại bàn thì không_thể nghe hoặc hiểu được nếu_như nhân_viên chỉ gào mồm lên đọc đơn số ... ra nhận hàng nơi này thực_sự cần một hệ_thống loa và mic để nhân_viên đọc số thứ_tự trên loa tránh cho việc đồ làm xong nhưng người nhận không biết cứ chờ và và lượng khách tới liên_tục sẽ gây hiện_tượng chờ đồ lâu , ách_tắc không cần_thiết",chất_lượng đồ_ăn tuy_nhiên cách_thức làm_việc nhà_hàng hiệu_quả chút quán loa thông_báo quán đông chờ đồ_là tây chờ đồ bàn không_thể nếu_như nhân_viên gào mồm đọc đơn ... hàng hệ_thống loa mic nhân_viên đọc thứ_tự loa đồ xong chờ liên_tục hiện_tượng chờ đồ ách_tắc cần_thiết
dịch vụ khách hàng không tốt do quá đông khách. nhưng đồ ăn thì không đặc sắc.,positive,dịch_vụ khách_hàng không tốt do quá đông khách . nhưng đồ_ăn thì không đặc_sắc .,dịch_vụ khách_hàng không tốt do quá đông khách . nhưng đồ_ăn thì không đặc_sắc .,dịch_vụ khách_hàng đông đồ_ăn đặc_sắc
quá đông đúc. phòng tắm luôn là một mớ hỗn độn.,negative,quá đông_đúc . phòng tắm luôn là một mớ hỗn_độn .,quá đông_đúc . phòng tắm luôn là một mớ hỗn_độn .,đông_đúc phòng tắm mớ hỗn_độn
"đông đúc, nhưng vị trí đẹp vậy mà làm view không đã lắm.",positive,"đông_đúc , nhưng vị_trí đẹp vậy_mà làm view không đã lắm .","đông_đúc , nhưng vị_trí đẹp vậy_mà làm view không đã lắm .",đông_đúc vị_trí đẹp vậy_mà view lắm
"rất tệ .... mở lúc 7 giờ sáng không có gì sẵn sàng ... thay đổi người quản lý. vào lúc 7.01, tôi đã đặt hàng trước 7.15am, tôi yêu cầu đơn đặt hàng của mình. họ yêu cầu tôi đợi thêm 10 phút nữa omg khi bạn mở cửa lúc 7 giờ sáng, bạn cần sẵn sàng lúc 7 giờ sáng. không mở cửa lúc 7 giờ sáng và không có gì đã sẵn sàng ... rất tức giận 😠 😡",negative,"rất tệ .... mở lúc 7 giờ sáng không có gì sẵn_sàng ... thay_đổi người_quản_lý . vào lúc 7.01 , tôi đã đặt_hàng trước 7.15 am , tôi yêu_cầu đơn đặt_hàng của mình . họ yêu_cầu tôi đợi thêm 10 phút nữa omg khi bạn mở_cửa lúc 7 giờ sáng , bạn cần sẵn_sàng lúc 7 giờ sáng . không mở_cửa lúc 7 giờ sáng và không có gì đã sẵn_sàng ... rất tức_giận 😠 😡","rất tệ .... mở lúc 7 giờ sáng không có gì sẵn_sàng ... thay_đổi người_quản_lý . vào lúc 7.01 , tôi đã đặt_hàng trước 7.15 am , tôi yêu_cầu đơn đặt_hàng của mình . họ yêu_cầu tôi đợi thêm 10 phút nữa omg khi bạn mở_cửa lúc 7 giờ sáng , bạn cần sẵn_sàng lúc 7 giờ sáng . không mở_cửa lúc 7 giờ sáng và không có gì đã sẵn_sàng ... rất tức_giận :khuôn mặt giận dữ: :mặt phụng phịu:",tệ .... 7 sẵn_sàng ... thay_đổi người_quản_lý 7.01 đặt_hàng 7.15 am yêu_cầu đơn đặt_hàng yêu_cầu đợi 10 phút omg mở_cửa 7 sẵn_sàng 7 mở_cửa 7 sẵn_sàng ... tức_giận :khuôn mặt giận dữ: :mặt phụng phịu:
tuyệt vời,positive,tuyệt_vời,tuyệt_vời,tuyệt_vời
"mcdonald tiêu chuẩn, không có gì xấu để nói. họ giữ nơi này sạch sẽ. một số người đang nói tiếng anh",positive,"mcdonald tiêu_chuẩn , không có gì xấu để nói . họ giữ nơi này sạch_sẽ . một_số người đang nói tiếng_anh","mcdonald tiêu_chuẩn , không có gì xấu để nói . họ giữ nơi này sạch_sẽ . một_số người đang nói tiếng_anh",mcdonald tiêu_chuẩn xấu sạch_sẽ một_số tiếng_anh
"view đẹp, nhìn ra tràng tiền, hồ gươm. máy order tự động, nhanh gọn lẹ.",positive,"view đẹp , nhìn ra tràng tiền , hồ gươm . máy order tự_động , nhanh gọn lẹ .","view đẹp , nhìn ra tràng tiền , hồ gươm . máy order tự_động , nhanh gọn lẹ .",view đẹp tràng tiền hồ gươm máy order tự_động gọn lẹ
để khách chờ đợi lâu,negative,để khách chờ_đợi lâu,để khách chờ_đợi lâu,chờ_đợi
"ấn tượng về cái máy order đồ ăn, lần đầu mình ăn ở đây, 1 suất ăn bé hơn so với kfc và lotteria giá cao hơn chút, đồ ăn ok nhé",positive,"ấn_tượng về cái máy order đồ_ăn , lần đầu mình ăn_ở đây , 1 suất ăn bé hơn so với kfc và lotteria giá cao hơn chút , đồ_ăn ok nhé","ấn_tượng về cái máy order đồ_ăn , lần đầu mình ăn_ở đây , 1 suất ăn bé hơn so với kfc và lotteria giá cao hơn chút , đồ_ăn ok nhé",ấn_tượng máy order đồ_ăn ăn_ở 1 suất bé kfc lotteria giá chút đồ_ăn ok
"tránh thứ tư, bạn sẽ hiểu tại sao 😁",neutral,"tránh thứ tư , bạn sẽ hiểu tại_sao 😁","tránh thứ tư , bạn sẽ hiểu tại_sao :khuôn mặt rạng rỡ với đôi mắt cười:",tư tại_sao :khuôn mặt rạng rỡ đôi mắt cười:
"đô ăn nhanh. ăn cung ngon. phuc vu cham, chưa tôt. nhưng khu rưa tay rât tê. lân nao tôi đên cung thây nươc ươt nhep ca san. voi cam ưng chăc lăp lâu qua rôi nên mai mơi cam ưng đươc. bôn rưa hơi cao, voi rưa hơi sâu so vơi tâm vơi cua cac ban nho dươi 10 tuôi.",neutral,"đô ăn nhanh . ăn cung ngon . phuc vu cham , chưa tôt . nhưng khu rưa tay rât tê . lân nao tôi đên cung thây nươc ươt nhep ca san . voi cam ưng chăc lăp lâu qua rôi nên mai mơi cam ưng đươc . bôn rưa hơi cao , voi rưa hơi sâu so vơi tâm vơi cua cac ban nho dươi 10 tuôi .","đô ăn nhanh . ăn cung ngon . phuc vu cham , chưa tôt . nhưng khu rưa tay rât tê . lân nao tôi đên cung thây nươc ươt nhep ca san . voi cam ưng chăc lăp lâu qua rôi nên mai mơi cam ưng đươc . bôn rưa hơi cao , voi rưa hơi sâu so vơi tâm vơi cua cac ban nho dươi 10 tuôi .",đô cung ngon phuc vu cham tôt khu rưa rât tê lân nao đên cung thây nươc ươt nhep ca san voi cam ưng chăc lăp rôi mai mơi cam ưng đươc bôn rưa hơi voi rưa hơi sâu vơi tâm vơi cua cac ban nho dươi 10 tuôi
"đông vào cuối tuần, nhân viên tư vấn vị cay cho cả trẻ em, đồ ăn cay và mặn, order lâu, máy hay lỗi",negative,"đông vào cuối tuần , nhân_viên tư_vấn vị cay cho cả trẻ_em , đồ_ăn cay và mặn , order lâu , máy hay lỗi","đông vào cuối tuần , nhân_viên tư_vấn vị cay cho cả trẻ_em , đồ_ăn cay và mặn , order lâu , máy hay lỗi",đông nhân_viên tư_vấn vị cay trẻ_em đồ_ăn cay mặn order máy lỗi
"gà ngon, sốt mù tạt mật ong siêu đỉnh luôn nhá. không gian khá rộng nhưng lần nào đi cũng rất đông",positive,"gà ngon , sốt mù_tạt mật_ong siêu đỉnh luôn nhá . không_gian khá rộng nhưng lần nào đi cũng rất đông","gà ngon , sốt mù_tạt mật_ong siêu đỉnh luôn nhá . không_gian khá rộng nhưng lần nào đi cũng rất đông",gà ngon sốt mù_tạt mật_ong siêu đỉnh nhá không_gian rộng đông
"quán đông, ngồi cũng không sạch sẽ vì nó quá đông. xếp hàng rất mất thời gian. nên cân nhắc nếu ăn ở đây vào cuối tuần, vì vào ăn, như đi đánh trận.",neutral,"quán đông , ngồi cũng không sạch_sẽ vì nó quá đông . xếp_hàng rất mất thời_gian . nên cân_nhắc nếu ăn_ở đây vào cuối tuần , vì vào ăn , như đi đánh trận .","quán đông , ngồi cũng không sạch_sẽ vì nó quá đông . xếp_hàng rất mất thời_gian . nên cân_nhắc nếu ăn_ở đây vào cuối tuần , vì vào ăn , như đi đánh trận .",quán đông sạch_sẽ đông xếp_hàng thời_gian cân_nhắc ăn_ở đánh trận
đông đúc và không quan tâm đến khách hàng. mất 1 giờ để nhận được một đơn đặt hàng 2 gà rán và 6 miếng gà cốm. thật sự 1 giờ chỉ cho đơn đặt hàng đó tôi hiểu nếu đó là một đơn đặt hàng lớn nhưng chỉ có 2 điều bạn phải mất một giờ tôi đã không nhận ra rằng fastfood có nghĩa là bạn phải đợi một giờ để nhận đơn đặt hàng. đó là những gì nhanh có nghĩa là bây giờ. rất thất vọng,negative,đông_đúc và không quan_tâm đến khách_hàng . mất 1 giờ để nhận được một đơn đặt_hàng 2 gà rán và 6 miếng gà cốm . thật_sự 1 giờ chỉ cho đơn đặt_hàng đó tôi hiểu nếu đó là một đơn đặt_hàng lớn nhưng chỉ có 2 điều bạn phải mất một giờ tôi đã không nhận ra rằng fastfood có nghĩa là bạn phải đợi một giờ để nhận đơn đặt_hàng . đó là những gì nhanh có nghĩa là bây_giờ . rất thất_vọng,đông_đúc và không quan_tâm đến khách_hàng . mất 1 giờ để nhận được một đơn đặt_hàng 2 gà rán và 6 miếng gà cốm . thật_sự 1 giờ chỉ cho đơn đặt_hàng đó tôi hiểu nếu đó là một đơn đặt_hàng lớn nhưng chỉ có 2 điều bạn phải mất một giờ tôi đã không nhận ra rằng fastfood có nghĩa là bạn phải đợi một giờ để nhận đơn đặt_hàng . đó là những gì nhanh có nghĩa là bây_giờ . rất thất_vọng,đông_đúc quan_tâm khách_hàng 1 đơn đặt_hàng 2 gà rán 6 miếng gà cốm 1 đơn đặt_hàng đơn đặt_hàng 2 fastfood nghĩa đợi đơn đặt_hàng nghĩa bây_giờ thất_vọng
nhân viên mắt dậy thật,negative,nhân_viên mắt dậy thật,nhân_viên mắt dậy thật,nhân_viên mắt dậy
"đã đặt ở quán rất nhiều lần nhưng lần này cực kì bực mình. đơn giao thiếu đồ, gọi quán để xem lại thì không ai nghe máy, báo cáo đơn hàng trên app cũng không thấy phản hồi",negative,"đã đặt ở quán rất nhiều lần nhưng lần này cực_kì bực_mình . đơn giao thiếu đồ , gọi quán để xem_lại thì không ai nghe máy , báo_cáo đơn hàng trên app cũng không thấy phản_hồi","đã đặt ở quán rất nhiều lần nhưng lần này cực_kì bực_mình . đơn giao thiếu đồ , gọi quán để xem_lại thì không ai nghe máy , báo_cáo đơn hàng trên app cũng không thấy phản_hồi",quán cực_kì bực_mình đơn giao đồ gọi quán xem_lại máy báo_cáo đơn hàng app phản_hồi
tôi yêu nó,positive,tôi yêu nó,tôi yêu nó,yêu
ai đã thắng bây giờ hả,positive,ai đã thắng bây_giờ hả,ai đã thắng bây_giờ hả,thắng bây_giờ hả
"cảm thấy như tôi phải thử mcdonald, từ một quốc gia mới nên tôi đã đặt hàng một vài món đồ, nó chắc chắn là khủng khiếp so với tây mcdonald. tôi không biết những gì bên trong những người việt nam này là cốm nhưng nó chắc chắn không phải là thịt gà",neutral,"cảm_thấy như tôi phải thử mcdonald , từ một quốc_gia mới nên tôi đã đặt_hàng một_vài món đồ , nó chắc_chắn là khủng_khiếp so với tây mcdonald . tôi không biết những gì bên trong những người việt_nam này là cốm nhưng nó chắc_chắn không phải là thịt gà","cảm_thấy như tôi phải thử mcdonald , từ một quốc_gia mới nên tôi đã đặt_hàng một_vài món đồ , nó chắc_chắn là khủng_khiếp so với tây mcdonald . tôi không biết những gì bên trong những người việt_nam này là cốm nhưng nó chắc_chắn không phải là thịt gà",thử mcdonald quốc_gia đặt_hàng một_vài món đồ chắc_chắn khủng_khiếp tây mcdonald việt_nam cốm chắc_chắn thịt gà
"tôi thích mcdeil, nhưng chênh lệch giá không lớn, nhưng nó cũng vậy. hơn thực phẩm hàn quốc. tôi đã rất ấn tượng khi ăn mcdeur",positive,"tôi thích mcdeil , nhưng chênh_lệch giá không lớn , nhưng nó cũng vậy . hơn thực_phẩm hàn_quốc . tôi đã rất ấn_tượng khi ăn mcdeur","tôi thích mcdeil , nhưng chênh_lệch giá không lớn , nhưng nó cũng vậy . hơn thực_phẩm hàn_quốc . tôi đã rất ấn_tượng khi ăn mcdeur",mcdeil chênh_lệch giá thực_phẩm hàn_quốc ấn_tượng mcdeur
buổi sáng ở hà nội luôn ở mcdonald đó là một phương pháp đặt hàng kiosk. nó trông rất nguy hiểm,positive,buổi sáng ở hà_nội luôn ở mcdonald đó là một phương_pháp đặt_hàng kiosk . nó trông rất nguy_hiểm,buổi sáng ở hà_nội luôn ở mcdonald đó là một phương_pháp đặt_hàng kiosk . nó trông rất nguy_hiểm,hà_nội mcdonald phương_pháp đặt_hàng kiosk trông nguy_hiểm
"nhân viên rất hiệu quả, hữu ích, khu vực ngồi ngon và lớn để ăn ở tầng một 🌟🌟🌟🌟🌟 vị trí tuyệt vời gần khu phức hợp mua sắm",positive,"nhân_viên rất hiệu_quả , hữu_ích , khu_vực ngồi ngon và lớn để ăn_ở tầng một 🌟🌟🌟🌟🌟 vị_trí tuyệt_vời gần khu phức_hợp mua_sắm","nhân_viên rất hiệu_quả , hữu_ích , khu_vực ngồi ngon và lớn để ăn_ở tầng một :ngôi sao phát sáng::ngôi sao phát sáng::ngôi sao phát sáng::ngôi sao phát sáng::ngôi sao phát sáng: vị_trí tuyệt_vời gần khu phức_hợp mua_sắm",nhân_viên hiệu_quả hữu_ích khu_vực ngon ăn_ở tầng :ngôi phát sáng::ngôi phát sáng::ngôi phát sáng::ngôi phát sáng::ngôi phát sáng: vị_trí tuyệt_vời khu phức_hợp mua_sắm
bán các loại trà đặc sản vùng miền,positive,bán các loại trà đặc_sản vùng miền,bán các loại trà đặc_sản vùng miền,trà đặc_sản miền
"mcd điển hình. thời gian chúng tôi đã ở đó, họ đã bỏ qua dịch vụ bàn do thiếu hụt cá nhân. chỉ có hai nhà vệ sinh. cần thiết để đưa ra.",neutral,"mcd điển_hình . thời_gian chúng_tôi đã ở đó , họ đã bỏ_qua dịch_vụ bàn do thiếu_hụt cá_nhân . chỉ có hai nhà_vệ_sinh . cần_thiết để đưa ra .","mcd điển_hình . thời_gian chúng_tôi đã ở đó , họ đã bỏ_qua dịch_vụ bàn do thiếu_hụt cá_nhân . chỉ có hai nhà_vệ_sinh . cần_thiết để đưa ra .",mcd điển_hình thời_gian chúng_tôi bỏ_qua dịch_vụ bàn thiếu_hụt cá_nhân hai nhà_vệ_sinh cần_thiết
khá đông,positive,khá đông,khá đông,đông
"đã thấy họ 3 lần đưa ra cùng một đơn đặt hàng, cho những người dân địa phương đã ra lệnh theo chúng tôi. 30 phút thời gian chờ đợi là một trò đùa cho thức ăn nhanh. mỗi khi bạn hỏi chuyện gì đang xảy ra. chờ 5 phút. câu nói đùa",negative,"đã thấy họ 3 lần đưa ra cùng một đơn đặt_hàng , cho những người_dân địa_phương đã ra_lệnh theo chúng_tôi . 30 phút thời_gian chờ_đợi là một trò_đùa cho thức_ăn nhanh . mỗi khi bạn hỏi chuyện gì đang xảy ra . chờ 5 phút . câu nói đùa","đã thấy họ 3 lần đưa ra cùng một đơn đặt_hàng , cho những người_dân địa_phương đã ra_lệnh theo chúng_tôi . 30 phút thời_gian chờ_đợi là một trò_đùa cho thức_ăn nhanh . mỗi khi bạn hỏi chuyện gì đang xảy ra . chờ 5 phút . câu nói đùa",3 đơn đặt_hàng người_dân địa_phương ra_lệnh chúng_tôi 30 phút thời_gian chờ_đợi trò_đùa thức_ăn xảy chờ 5 phút câu đùa
buổi sáng không đông khách nhưng phục vụ siêu lâu. thái độ nhân viên kém. đưa thiếu đồ trong đơn đã đặt. tệ hại,negative,buổi sáng không đông khách nhưng phục_vụ siêu lâu . thái_độ nhân_viên kém . đưa thiếu đồ trong đơn đã đặt . tệ_hại,buổi sáng không đông khách nhưng phục_vụ siêu lâu . thái_độ nhân_viên kém . đưa thiếu đồ trong đơn đã đặt . tệ_hại,đông phục_vụ siêu thái_độ nhân_viên kém đồ đơn tệ_hại
không thể được giao. buzzy và đặt hàng đã hủy 5 lần,negative,không_thể được giao . buzzy và đặt_hàng đã huỷ 5 lần,không_thể được giao . buzzy và đặt_hàng đã huỷ 5 lần,không_thể giao buzzy đặt_hàng huỷ 5
dịch vụ khủng khiếp,negative,dịch_vụ khủng_khiếp,dịch_vụ khủng_khiếp,dịch_vụ khủng_khiếp
hồi xưa ăn thì ok nhưng dạo này cánh gà cứng với rất khô.,neutral,hồi xưa ăn thì ok nhưng dạo này cánh_gà cứng với rất khô .,hồi xưa ăn thì ok nhưng dạo này cánh_gà cứng với rất khô .,hồi xưa ok dạo cánh_gà cứng khô
tôi phải chờ hơn 1h để được phục vụ phần mà tôi đã thanh toán,neutral,tôi phải chờ hơn 1h để được phục_vụ phần mà tôi đã thanh_toán,tôi phải chờ hơn 1h để được phục_vụ phần mà tôi đã thanh_toán,chờ 1h phục_vụ thanh_toán
"đông, ăn đc. phục vụ nhanh",positive,"đông , ăn đc . phục_vụ nhanh","đông , ăn đc . phục_vụ nhanh",đông đc phục_vụ
vào lấy đồ lâu bỏ mẹ,positive,vào lấy đồ lâu bỏ_mẹ,vào lấy đồ lâu bỏ_mẹ,đồ bỏ_mẹ
"cửa hàng đông khách. order và thanh toán dễ dàng. chờ đồ hơi lâu. chất lượng đồ ăn, đồ uống tốt.",positive,"cửa_hàng đông khách . order và thanh_toán dễ_dàng . chờ đồ hơi lâu . chất_lượng đồ_ăn , đồ uống tốt .","cửa_hàng đông khách . order và thanh_toán dễ_dàng . chờ đồ hơi lâu . chất_lượng đồ_ăn , đồ uống tốt .",cửa_hàng đông order thanh_toán dễ_dàng chờ đồ hơi chất_lượng đồ_ăn đồ uống
"một địa điểm nổi bật trong các chuỗi thương hiệu đồ ăn nhanh phong cách phục vụ, cơ sở vật chất, vị trí chỗ ngồi, đồ chấm kèm theo, ... tất cả đều đúng chuẩn chất lượng thế giới. gà rán ngoài giòn trong mềm, đậm đà. khoai tây chiên đậm vị khoai, ăn nóng rất ngon ngậy. có hẳn 4 loại nước sốt chấm tương cà, tương ớt, tương ớt tỏi, sốt mayonnaise vô cùng ngậy. nay muốn vào để lấy đồ chơi trẻ em, con tom jerry, ấy mà hết, có đồ chơi khác cũng vui không kém.",positive,"một địa_điểm nổi_bật trong các chuỗi thương_hiệu đồ_ăn nhanh phong_cách phục_vụ , cơ_sở vật_chất , vị_trí chỗ ngồi , đồ chấm kèm theo , ... tất_cả đều đúng chuẩn chất_lượng thế_giới . gà rán ngoài giòn trong mềm , đậm_đà . khoai_tây chiên đậm vị khoai , ăn nóng rất ngon ngậy . có hẳn 4 loại nước sốt chấm tương cà , tương_ớt , tương_ớt tỏi , sốt mayonnaise vô_cùng ngậy . nay muốn vào để lấy đồ_chơi trẻ_em , con tom jerry , ấy mà hết , có đồ_chơi khác cũng vui không kém .","một địa_điểm nổi_bật trong các chuỗi thương_hiệu đồ_ăn nhanh phong_cách phục_vụ , cơ_sở vật_chất , vị_trí chỗ ngồi , đồ chấm kèm theo , ... tất_cả đều đúng chuẩn chất_lượng thế_giới . gà rán ngoài giòn trong mềm , đậm_đà . khoai_tây chiên đậm vị khoai , ăn nóng rất ngon ngậy . có hẳn 4 loại nước sốt chấm tương cà , tương_ớt , tương_ớt tỏi , sốt mayonnaise vô_cùng ngậy . nay muốn vào để lấy đồ_chơi trẻ_em , con tom jerry , ấy mà hết , có đồ_chơi khác cũng vui không kém .",địa_điểm nổi_bật chuỗi thương_hiệu đồ_ăn phong_cách phục_vụ cơ_sở vật_chất vị_trí chỗ đồ chấm kèm ... tất_cả chuẩn chất_lượng thế_giới gà rán giòn mềm đậm_đà khoai_tây chiên đậm vị khoai nóng ngon ngậy hẳn 4 sốt chấm tương cà tương_ớt tương_ớt tỏi sốt mayonnaise vô_cùng ngậy đồ_chơi trẻ_em tom jerry đồ_chơi vui kém
macdonald,positive,macdonald,macdonald,macdonald
"nhiều lựa chọn, vị trí rất đẹp",positive,"nhiều lựa_chọn , vị_trí rất đẹp","nhiều lựa_chọn , vị_trí rất đẹp",lựa_chọn vị_trí đẹp
"chuỗi kinh doanh toàn cầu trả đơn nhầm tên. có biển đề thanh toán chống dịch nhưng không nhận tiền chuyển khoản, không nhận thanh toán momo, không nhận thanh toán thẻ. nhân viên có vui vẻ nhưng thiếu chuyên nghiệp",negative,"chuỗi kinh_doanh toàn_cầu trả đơn nhầm tên . có biển đề thanh_toán chống dịch nhưng không nhận tiền chuyển_khoản , không nhận thanh_toán momo , không nhận thanh_toán thẻ . nhân_viên có vui_vẻ nhưng thiếu chuyên_nghiệp","chuỗi kinh_doanh toàn_cầu trả đơn nhầm tên . có biển đề thanh_toán chống dịch nhưng không nhận tiền chuyển_khoản , không nhận thanh_toán momo , không nhận thanh_toán thẻ . nhân_viên có vui_vẻ nhưng thiếu chuyên_nghiệp",chuỗi kinh_doanh toàn_cầu đơn nhầm biển đề thanh_toán chống dịch tiền chuyển_khoản thanh_toán momo thanh_toán thẻ nhân_viên vui_vẻ chuyên_nghiệp
đồ ăn ngon...phong cách phục vụ nhiệt tình và tốt....1 địa điểm ok để ăn uống và check in.,positive,đồ_ăn ngon...phong cách phục_vụ nhiệt_tình và tốt .... 1 địa_điểm ok để ăn_uống và check in .,đồ_ăn ngon...phong cách phục_vụ nhiệt_tình và tốt .... 1 địa_điểm ok để ăn_uống và check in .,đồ_ăn ngon...phong phục_vụ nhiệt_tình .... 1 địa_điểm ok ăn_uống check in
điều này thật điên rồ,positive,điều này thật điên_rồ,điều này thật điên_rồ,điên_rồ
"rất thuận tiện, đồ ăn ngon.",positive,"rất thuận_tiện , đồ_ăn ngon .","rất thuận_tiện , đồ_ăn ngon .",thuận_tiện đồ_ăn ngon
"chất lượng phục vụ quá kém, hôm nay tôi đặt bữa sáng mà nhân viên lại đưa kem trước, đứng đợi tới kem tan chảy ra tay vẫn chưa đưa nốt những đồ còn lại, cũng kệ đấy không đưa giấy ăn cho khách. mc muffin cũng quên đưa muối và tiêu cho khách, vấn đề này nói bao nhiêu lần rồi mà lần nào cũng quên. lần trước tôi đã mắng cho rồi tôi nghĩ họ sẽ không quên nữa, ai ngờ đem đồ về mới biết là đưa thiếu. nói chung quá thiếu chuyên nghiệp.",negative,"chất_lượng phục_vụ quá kém , hôm_nay tôi đặt bữa sáng mà nhân_viên lại đưa kem trước , đứng đợi tới kem tan chảy ra_tay vẫn chưa đưa nốt những đồ còn lại , cũng kệ đấy không đưa giấy_ăn cho khách . mc muffin cũng quên đưa muối và tiêu cho khách , vấn_đề này nói bao_nhiêu lần rồi mà lần nào cũng quên . lần trước tôi đã mắng cho_rồi tôi nghĩ họ sẽ không quên nữa , ai_ngờ đem đồ về mới biết là đưa thiếu . nói_chung quá thiếu chuyên_nghiệp .","chất_lượng phục_vụ quá kém , hôm_nay tôi đặt bữa sáng mà nhân_viên lại đưa kem trước , đứng đợi tới kem tan chảy ra_tay vẫn chưa đưa nốt những đồ còn lại , cũng kệ đấy không đưa giấy_ăn cho khách . mc muffin cũng quên đưa muối và tiêu cho khách , vấn_đề này nói bao_nhiêu lần rồi mà lần nào cũng quên . lần trước tôi đã mắng cho_rồi tôi nghĩ họ sẽ không quên nữa , ai_ngờ đem đồ về mới biết là đưa thiếu . nói_chung quá thiếu chuyên_nghiệp .",chất_lượng phục_vụ kém hôm_nay nhân_viên kem đứng đợi kem tan chảy ra_tay nốt đồ kệ đấy giấy_ăn mc muffin quên muối tiêu vấn_đề bao_nhiêu quên mắng cho_rồi quên ai_ngờ đem đồ nói_chung chuyên_nghiệp
ăn đợt mới nới lỏng giãn cách nên cũng bình thường,positive,ăn đợt mới nới lỏng giãn cách nên cũng bình_thường,ăn đợt mới nới lỏng giãn cách nên cũng bình_thường,đợt nới lỏng giãn bình_thường
view ổn đồ ăn ngon.,positive,view ổn đồ_ăn ngon .,view ổn đồ_ăn ngon .,view ổn đồ_ăn ngon
"tôi không quan tâm những gì bạn nói, tôi yêu một chiếc máy bay bây giờ và một lần nữa",positive,"tôi không quan_tâm những gì bạn nói , tôi yêu một chiếc máy_bay bây_giờ và một lần nữa","tôi không quan_tâm những gì bạn nói , tôi yêu một chiếc máy_bay bây_giờ và một lần nữa",quan_tâm yêu máy_bay bây_giờ
"dịch vụ quá chậm, tôi tên nguyễn hương giang, hôm nay khoảng 14h ngày 22 2022 có đến mac donald hồ gươm 2 p hàng bài hoàn kiếm hà nội, gọi combo 179k 1 chai nước lọc dasani, 1 sữa th true milk, 1 ngô tách hạt tổng 278k, trả tiền mặt sau khi oder trên bảng thì được số xếp hàng là 82, trả tiền xong, được số 182, nhưng tôi chờ mãi không có số 182 trên bảng trả đồ ăn, tôi hỏi nhân viên thì họ cau có nhăn nhó, bảo... chờ, chờ đi tôi thấy rất nhiều số, người đến sau tôi, đã ăn xong, đi về, thế thì mac donald cho phép chen cả người sau lên người trước, đồ ăn combo 179k thì cắt xẻo, ăn bớt, thiếu cả khoai tây chiên, thiếu cả 2 cốc coca co la của tôi. mac donald có camera rất nhiều, sao tôi có thể nói dối, nói sai được",negative,"dịch_vụ quá chậm , tôi tên nguyễn_hương giang , hôm_nay khoảng 14h ngày 22 2022 có đến mac donald hồ gươm 2 p hàng bài hoàn_kiếm hà_nội , gọi combo 179k 1 chai nước_lọc dasani , 1 sữa th true milk , 1 ngô tách hạt tổng 278k , trả tiền_mặt sau khi oder trên bảng thì được số xếp_hàng là 82 , trả tiền xong , được số 182 , nhưng tôi chờ mãi không có số 182 trên bảng trả đồ_ăn , tôi hỏi nhân_viên thì họ cau_có nhăn_nhó , bảo ... chờ , chờ đi tôi thấy rất nhiều số , người đến sau tôi , đã ăn xong , đi về , thế_thì mac donald cho_phép chen cả người sau lên người trước , đồ_ăn combo 179k thì cắt xẻo , ăn_bớt , thiếu cả khoai_tây chiên , thiếu cả 2 cốc coca co la của tôi . mac donald có camera rất nhiều , sao tôi có_thể nói_dối , nói sai được","dịch_vụ quá chậm , tôi tên nguyễn_hương giang , hôm_nay khoảng 14h ngày 22 2022 có đến mac donald hồ gươm 2 p hàng bài hoàn_kiếm hà_nội , gọi combo 179k 1 chai nước_lọc dasani , 1 sữa th true milk , 1 ngô tách hạt tổng 278k , trả tiền_mặt sau khi oder trên bảng thì được số xếp_hàng là 82 , trả tiền xong , được số 182 , nhưng tôi chờ mãi không có số 182 trên bảng trả đồ_ăn , tôi hỏi nhân_viên thì họ cau_có nhăn_nhó , bảo ... chờ , chờ đi tôi thấy rất nhiều số , người đến sau tôi , đã ăn xong , đi về , thế_thì mac donald cho_phép chen cả người sau lên người trước , đồ_ăn combo 179k thì cắt xẻo , ăn_bớt , thiếu cả khoai_tây chiên , thiếu cả 2 cốc coca co la của tôi . mac donald có camera rất nhiều , sao tôi có_thể nói_dối , nói sai được",dịch_vụ chậm nguyễn_hương giang hôm_nay 14h 22 2022 mac donald hồ gươm 2 p hàng hoàn_kiếm hà_nội gọi combo 179k 1 chai nước_lọc dasani 1 sữa th true milk 1 ngô tách hạt tổng 278k tiền_mặt oder bảng xếp_hàng 82 tiền xong 182 chờ mãi 182 bảng đồ_ăn nhân_viên cau_có nhăn_nhó bảo ... chờ chờ xong thế_thì mac donald cho_phép chen đồ_ăn combo 179k cắt xẻo ăn_bớt khoai_tây chiên 2 cốc coca co la mac donald camera có_thể nói_dối sai
"sạch sẽ, có tổ chức, nhân viên làm việc chăm chỉ, chất lượng tốt.",positive,"sạch_sẽ , có tổ_chức , nhân_viên làm_việc chăm_chỉ , chất_lượng tốt .","sạch_sẽ , có tổ_chức , nhân_viên làm_việc chăm_chỉ , chất_lượng tốt .",sạch_sẽ tổ_chức nhân_viên làm_việc chăm_chỉ chất_lượng
thế giới chỉ đang sử dụng mcdonalds,positive,thế_giới chỉ đang sử_dụng mcdonalds,thế_giới chỉ đang sử_dụng mcdonalds,thế_giới sử_dụng mcdonalds
đồ ăn nhanh nhma ăn cho biết tại lâu lắm mới về hn.,positive,đồ_ăn nhanh nhma ăn cho biết tại lâu lắm mới về hn .,đồ_ăn nhanh nhma ăn cho biết tại lâu lắm mới về hn .,đồ_ăn nhma lắm hn
phòng vệ sinh không hoạt động.,negative,phòng_vệ sinh không hoạt_động .,phòng_vệ sinh không hoạt_động .,phòng_vệ sinh hoạt_động
món ăn nhanh cho mọi người ngon rẻ,positive,món ăn nhanh cho mọi người ngon rẻ,món ăn nhanh cho mọi người ngon rẻ,món ngon rẻ
"phục vụ tốt, thức ăn đúng tiêu chuẩn.",positive,"phục_vụ tốt , thức_ăn đúng tiêu_chuẩn .","phục_vụ tốt , thức_ăn đúng tiêu_chuẩn .",phục_vụ thức_ăn tiêu_chuẩn
rất bận thẻ chỉ chỉ có dịch vụ tự phục vụ và trang trí ngày,neutral,rất bận thẻ chỉ chỉ có dịch_vụ tự_phục_vụ và trang_trí ngày,rất bận thẻ chỉ chỉ có dịch_vụ tự_phục_vụ và trang_trí ngày,bận thẻ dịch_vụ tự_phục_vụ trang_trí
cần gọi ăn nhanh để đi gấp nhưng đợi mất tg quá. nên cải thiện thêm,negative,cần gọi ăn nhanh để đi gấp nhưng đợi mất tg quá . nên cải_thiện thêm,cần gọi ăn nhanh để đi gấp nhưng đợi mất tg quá . nên cải_thiện thêm,gọi gấp đợi tg cải_thiện
"sach,đẹp dễ tìm",positive,"sach , đẹp dễ tìm","sach , đẹp dễ tìm",sach đẹp
rất vui khi được làm quen với bạn bè của tôi và mọi người,positive,rất vui khi được làm_quen với bạn_bè của tôi và mọi người,rất vui khi được làm_quen với bạn_bè của tôi và mọi người,vui làm_quen bạn_bè
kem ngonn,positive,kem ngonn,kem ngonn,kem ngonn
"có vị trí đắc địa giữa phố đi bộ, ngày thường thì có chỗ để xe, có máy odre tự động, đồ ăn ra nhanh, không phải trờ đợi quá lâu.",positive,"có vị_trí đắc_địa giữa phố đi bộ , ngày thường thì có chỗ để xe , có máy odre tự_động , đồ_ăn ra nhanh , không phải trờ đợi quá lâu .","có vị_trí đắc_địa giữa phố đi bộ , ngày thường thì có chỗ để xe , có máy odre tự_động , đồ_ăn ra nhanh , không phải trờ đợi quá lâu .",vị_trí đắc_địa phố chỗ xe máy odre tự_động đồ_ăn trờ đợi
không gian và phục vụ tốt,positive,không_gian và phục_vụ tốt,không_gian và phục_vụ tốt,không_gian phục_vụ
đẹp. phuc vu nhanh,positive,đẹp . phuc vu nhanh,đẹp . phuc vu nhanh,đẹp phuc vu
"nhanh, tiện lợi",positive,"nhanh , tiện_lợi","nhanh , tiện_lợi",tiện_lợi
quán tủ của các sếp nhỉ nhà tuôi,positive,quán tủ của các sếp nhỉ nhà tuôi,quán tủ của các sếp nhỉ nhà tuôi,quán tủ sếp tuôi
"vì vậy, giá tốt và tốt",positive,"vì_vậy , giá tốt và tốt","vì_vậy , giá tốt và tốt",vì_vậy giá
"đồ ăn ngon, view đẹp, rất đáng để làm một bữa no với bạn bè",positive,"đồ_ăn ngon , view đẹp , rất đáng để làm một bữa no với bạn_bè","đồ_ăn ngon , view đẹp , rất đáng để làm một bữa no với bạn_bè",đồ_ăn ngon view đẹp no bạn_bè
"quá nhiều người, xếp hàng ling",positive,"quá nhiều người , xếp_hàng ling","quá nhiều người , xếp_hàng ling",xếp_hàng ling
rất dễ thương,positive,rất dễ_thương,rất dễ_thương,dễ_thương
tốt nhanh,positive,tốt nhanh,tốt nhanh,
"không ngon bằng kfc. vì nằm ngay vị trí đối diện sát hồ gươm nên quán khá đông đúc, ngột ngạt.",neutral,"không ngon bằng kfc . vì nằm ngay vị_trí đối_diện sát hồ gươm nên quán khá đông_đúc , ngột_ngạt .","không ngon bằng kfc . vì nằm ngay vị_trí đối_diện sát hồ gươm nên quán khá đông_đúc , ngột_ngạt .",ngon kfc nằm vị_trí đối_diện sát hồ gươm quán đông_đúc ngột_ngạt
chất lượng,positive,chất_lượng,chất_lượng,chất_lượng
quán phục vụ chuyên nghiệp. đồ ăn ngon,positive,quán phục_vụ chuyên_nghiệp . đồ_ăn ngon,quán phục_vụ chuyên_nghiệp . đồ_ăn ngon,quán phục_vụ chuyên_nghiệp đồ_ăn ngon
đây là lý do tôi đến hà nội,positive,đây là lý_do tôi đến hà_nội,đây là lý_do tôi đến hà_nội,lý_do hà_nội
view hồ gươm,positive,view hồ gươm,view hồ gươm,view hồ gươm
điểm đẹp nhất hà nội,positive,điểm đẹp nhất hà_nội,điểm đẹp nhất hà_nội,đẹp hà_nội
"trong quá khứ, chỉ có hamburger và khoai tây chiên giống như ở đài loan. nó hoàn toàn khác với đài loan.",positive,"trong quá_khứ , chỉ có hamburger và khoai_tây chiên giống như ở đài_loan . nó hoàn_toàn khác với đài_loan .","trong quá_khứ , chỉ có hamburger và khoai_tây chiên giống như ở đài_loan . nó hoàn_toàn khác với đài_loan .",quá_khứ hamburger khoai_tây chiên đài_loan hoàn_toàn đài_loan
bữa ăn tối thực phẩm tốt,positive,bữa ăn tối thực_phẩm tốt,bữa ăn tối thực_phẩm tốt,tối thực_phẩm
chất lượng đồ ăn xuống quá,negative,chất_lượng đồ_ăn xuống quá,chất_lượng đồ_ăn xuống quá,chất_lượng đồ_ăn
nhân viên thân thiện chuyên nghiệp đồ ăn cũng ngon,positive,nhân_viên thân_thiện chuyên_nghiệp đồ_ăn cũng ngon,nhân_viên thân_thiện chuyên_nghiệp đồ_ăn cũng ngon,nhân_viên thân_thiện chuyên_nghiệp đồ_ăn ngon
vi tri tot,positive,vi tri tot,vi tri tot,vi tri tot
mcdonald giống như mcdonald.,positive,mcdonald giống như mcdonald .,mcdonald giống như mcdonald .,mcdonald mcdonald
quá tuyệt vời.,positive,quá tuyệt_vời .,quá tuyệt_vời .,tuyệt_vời
"chà, chỉ là một chiếc burger",positive,"chà , chỉ là một chiếc burger","chà , chỉ là một chiếc burger",chà burger
"ngon, nhanh, chuyên nghiệp",positive,"ngon , nhanh , chuyên_nghiệp","ngon , nhanh , chuyên_nghiệp",ngon chuyên_nghiệp
1 trải nghiệm khá tệ tại đây,negative,1 trải_nghiệm khá tệ tại đây,1 trải_nghiệm khá tệ tại đây,1 trải_nghiệm tệ
cắt giảm,positive,cắt_giảm,cắt_giảm,cắt_giảm
đến,positive,đến,đến,
"ngày thường phục vụ rất nhanh, cuối tuần khá đông nên đợi lâu chút. đồ ngon, nóng",positive,"ngày thường_phục_vụ rất nhanh , cuối tuần khá đông nên đợi lâu chút . đồ ngon , nóng","ngày thường_phục_vụ rất nhanh , cuối tuần khá đông nên đợi lâu chút . đồ ngon , nóng",thường_phục_vụ đông đợi chút đồ ngon nóng
khi bạn cần 1 bữa ăn đầy đủ giao về nhà qua grab. thì bạn lại nhận được 1 nửa món hàng và mất 30k tiền điện thoại để báo nhà hàng là giao thiếu món phải chăng nhân viên ở đây không được đào tạo hoặc quản lý bận xem youtube làm ăn mất uy tín vậy sao tồn tại được terrible service ever untrained and unprofessional staffs,negative,khi bạn cần 1 bữa ăn đầy_đủ giao về nhà qua grab . thì bạn lại nhận được 1 nửa món hàng và mất 30k tiền điện_thoại để báo nhà_hàng là giao thiếu món phải_chăng nhân_viên ở đây không được đào_tạo hoặc quản_lý bận xem youtube làm_ăn mất uy_tín vậy sao tồn_tại được terrible service ever untrained and unprofessional staffs,khi bạn cần 1 bữa ăn đầy_đủ giao về nhà qua grab . thì bạn lại nhận được 1 nửa món hàng và mất 30k tiền điện_thoại để báo nhà_hàng là giao thiếu món phải_chăng nhân_viên ở đây không được đào_tạo hoặc quản_lý bận xem youtube làm_ăn mất uy_tín vậy sao tồn_tại được terrible service ever untrained and unprofessional staffs,1 đầy_đủ giao grab 1 nửa món hàng 30k tiền điện_thoại báo nhà_hàng giao món phải_chăng nhân_viên đào_tạo quản_lý bận youtube làm_ăn uy_tín tồn_tại terrible service ever untrained and unprofessional staffs
mới đi test món mới thấy không đặc sắc quán về chất lượng đồ ăn thì ok nhưng thái độ phục vụ thì chắc do thiếu nhân lực nên hơi loạn dù có 2 máy order nhưng vẫn xếp hàng rất dài ngoài ra thì view đẹp nhưng không gian ăn bị 1 cô ăn xin làm rối nhiều vì xin đồ ăn mc nên có an ninh tốt hơn,neutral,mới đi test món mới thấy không đặc_sắc quán về chất_lượng đồ_ăn thì ok nhưng thái_độ phục_vụ thì chắc do thiếu nhân_lực nên hơi loạn dù có 2 máy order nhưng vẫn xếp_hàng rất dài ngoài_ra thì view đẹp nhưng không_gian ăn bị 1 cô ăn_xin làm rối nhiều vì xin đồ_ăn mc nên có an_ninh tốt hơn,mới đi test món mới thấy không đặc_sắc quán về chất_lượng đồ_ăn thì ok nhưng thái_độ phục_vụ thì chắc do thiếu nhân_lực nên hơi loạn dù có 2 máy order nhưng vẫn xếp_hàng rất dài ngoài_ra thì view đẹp nhưng không_gian ăn bị 1 cô ăn_xin làm rối nhiều vì xin đồ_ăn mc nên có an_ninh tốt hơn,test món đặc_sắc quán chất_lượng đồ_ăn ok thái_độ phục_vụ nhân_lực hơi loạn 2 máy order xếp_hàng ngoài_ra view đẹp không_gian 1 ăn_xin rối đồ_ăn mc an_ninh
đồ ăn không thực sự ấn tượng. gọi 2 suất cơm thịt heo thêm 1 combo. hơi bất ngờ rằng quán bán cơm nhưng không có nổi 1 cái thìa. cơm hơi nát. mình có gọi thêm rau với dưa chuột kèm theo với cơm mà chỉ có 1 chút. không biết nếu không gọi thêm thì như thế nào bánh burger kèm combo gà là cái mỏng nhất mà mình thấy. bánh nhiều sốt nhưng hầu như không có chút rau nào. gà ướp ngấm gia vị khá tốt. nếu không có món gà chắc mình chỉ đánh 2 sao,neutral,đồ_ăn không thực_sự ấn_tượng . gọi 2 suất cơm thịt heo thêm 1 combo . hơi bất_ngờ rằng quán bán cơm nhưng không có nổi 1 cái thìa . cơm hơi nát . mình có gọi thêm rau với dưa_chuột kèm theo với cơm mà chỉ có 1 chút . không biết nếu không gọi thêm thì như_thế_nào bánh burger kèm combo gà là cái mỏng nhất mà mình thấy . bánh nhiều sốt nhưng hầu_như không có chút rau nào . gà ướp ngấm gia_vị khá tốt . nếu không có món gà chắc mình chỉ đánh 2 sao,đồ_ăn không thực_sự ấn_tượng . gọi 2 suất cơm thịt heo thêm 1 combo . hơi bất_ngờ rằng quán bán cơm nhưng không có nổi 1 cái thìa . cơm hơi nát . mình có gọi thêm rau với dưa_chuột kèm theo với cơm mà chỉ có 1 chút . không biết nếu không gọi thêm thì như_thế_nào bánh burger kèm combo gà là cái mỏng nhất mà mình thấy . bánh nhiều sốt nhưng hầu_như không có chút rau nào . gà ướp ngấm gia_vị khá tốt . nếu không có món gà chắc mình chỉ đánh 2 sao,đồ_ăn ấn_tượng gọi 2 suất cơm thịt heo 1 combo hơi bất_ngờ quán cơm nổi 1 thìa cơm hơi nát gọi rau dưa_chuột kèm cơm 1 chút gọi như_thế_nào bánh burger kèm combo gà mỏng bánh sốt hầu_như chút rau gà ướp ngấm gia_vị món gà đánh 2
gần trung tâm thành phố,positive,gần trung_tâm thành_phố,gần trung_tâm thành_phố,trung_tâm thành_phố
cửa hàng ngay trung tâm phố tràng tiền hàng bài. đồ ăn ngon và view đẹp,positive,cửa_hàng ngay trung_tâm phố tràng tiền hàng bài . đồ_ăn ngon và view đẹp,cửa_hàng ngay trung_tâm phố tràng tiền hàng bài . đồ_ăn ngon và view đẹp,cửa_hàng trung_tâm phố tràng tiền hàng đồ_ăn ngon view đẹp
"dịch vụ chậm, quên bánh burger của tôi theo thứ tự mang đi, nhà hàng bẩn thỉu.",negative,"dịch_vụ chậm , quên bánh burger của tôi theo thứ_tự mang đi , nhà_hàng bẩn_thỉu .","dịch_vụ chậm , quên bánh burger của tôi theo thứ_tự mang đi , nhà_hàng bẩn_thỉu .",dịch_vụ chậm quên bánh burger thứ_tự nhà_hàng bẩn_thỉu
"cảm ơn các bạn,khi mình gặp khó khăn các bạn đã hỗ trợ mình hết sức",positive,"cảm_ơn các bạn , khi mình gặp khó_khăn các bạn đã hỗ_trợ mình hết_sức","cảm_ơn các bạn , khi mình gặp khó_khăn các bạn đã hỗ_trợ mình hết_sức",cảm_ơn khó_khăn hỗ_trợ hết_sức
"đồ ăn ngon, thường xuyên đông nên chờ khá lâu. reviewed by htecom.vn",positive,"đồ_ăn ngon , thường_xuyên đông nên chờ khá lâu . reviewed by htecom.vn","đồ_ăn ngon , thường_xuyên đông nên chờ khá lâu . reviewed by htecom.vn",đồ_ăn ngon thường_xuyên đông chờ reviewed by htecom.vn
quán tự phục vụ.,positive,quán tự_phục_vụ .,quán tự_phục_vụ .,quán tự_phục_vụ
"mcdonald bạn mình hay trêu là đi ăn nhà hàng mỹ ở bờ hồ không 😂😂😂😂😂 lần nào gọi đồ cũng chung một kiểu không khác nhau mấy. và lần nào mình cũng phân vân ăn gà cay hay không cay vì sợ đau... vào ngày hôm sau. 😂😂 đồ ăn ok, phục vụ cũng nhanh, tuân thủ bảo vệ khách khỏi covid. 😂😂",positive,"mcdonald bạn mình hay trêu là đi ăn nhà_hàng mỹ ở bờ hồ không 😂😂😂😂😂 lần nào gọi đồ cũng chung một kiểu không khác nhau mấy . và lần nào mình cũng phân_vân ăn gà cay hay không cay vì sợ đau ... vào ngày hôm sau . 😂😂 đồ_ăn ok , phục_vụ cũng nhanh , tuân_thủ bảo_vệ khách khỏi covid . 😂😂","mcdonald bạn mình hay trêu là đi ăn nhà_hàng mỹ ở bờ hồ không :khuôn mặt với những giọt nước mắt của niềm vui::khuôn mặt với những giọt nước mắt của niềm vui::khuôn mặt với những giọt nước mắt của niềm vui::khuôn mặt với những giọt nước mắt của niềm vui::khuôn mặt với những giọt nước mắt của niềm vui: lần nào gọi đồ cũng chung một kiểu không khác nhau mấy . và lần nào mình cũng phân_vân ăn gà cay hay không cay vì sợ đau ... vào ngày hôm sau . :khuôn mặt với những giọt nước mắt của niềm vui::khuôn mặt với những giọt nước mắt của niềm vui: đồ_ăn ok , phục_vụ cũng nhanh , tuân_thủ bảo_vệ khách khỏi covid . :khuôn mặt với những giọt nước mắt của niềm vui::khuôn mặt với những giọt nước mắt của niềm vui:",mcdonald trêu nhà_hàng mỹ bờ hồ :khuôn mặt giọt mắt niềm vui::khuôn mặt giọt mắt niềm vui::khuôn mặt giọt mắt niềm vui::khuôn mặt giọt mắt niềm vui::khuôn mặt giọt mắt niềm vui: gọi đồ mấy phân_vân gà cay cay sợ đau ... hôm :khuôn mặt giọt mắt niềm vui::khuôn mặt giọt mắt niềm vui: đồ_ăn ok phục_vụ tuân_thủ bảo_vệ covid :khuôn mặt giọt mắt niềm vui::khuôn mặt giọt mắt niềm vui:
"quán có hệ thống đặt đồ ăn qua màn hình rất tiện, không mất nhiều thời gian xếp hàng như trước kia, đồ ăn ngon, phù hợp bữa trưa cần ăn nhanh.",positive,"quán có hệ_thống đặt đồ_ăn qua màn_hình rất tiện , không mất nhiều thời_gian xếp_hàng như trước_kia , đồ_ăn ngon , phù_hợp bữa trưa cần ăn nhanh .","quán có hệ_thống đặt đồ_ăn qua màn_hình rất tiện , không mất nhiều thời_gian xếp_hàng như trước_kia , đồ_ăn ngon , phù_hợp bữa trưa cần ăn nhanh .",quán hệ_thống đồ_ăn màn_hình tiện thời_gian xếp_hàng trước_kia đồ_ăn ngon phù_hợp trưa
"hôm nay đi đúng 142 lại còn mùng 3 tết nên ối dồi ôi đông thì thôi ạ. đang xếp hàng thì có bạn nv gọi lại cho order tại quầy thì khá rối vì chưa nhìn kỹ được menu. nhớ là có gọi combo 2 người a giá 129k hay sao. và một phần có mã km thì là 89k. tổng 213k thì ăn cũng tạm đc. mình đã thử hết tất cả loại gà rồi thì cá nhân vẫn thấy thích của lotteria nhất. còn ở đây gà mình thấy giống của popeyes ý mọi ng. chỉ có loại gà thường và gà cay không sốt sủng gì cả. nhưng hamburger ở đây thì khá là ok nhé. ăn ngon hơn những chỗ khác. à còn một nhắc nhở là khi đến đây muốn order tại máy thì nhớ tạo nick ở app mcdonalds trc nhé, và hãy chuẩn bị một cái thẻ thật đầy tiền không gian 610 vì nhỏ và bí nhân viên 710 giá cả 610 quay lại or not quay lại sẽ chỉ ăn ham thôi",positive,"hôm_nay đi đúng 142 lại còn mùng 3 tết nên ối dồi ôi đông thì thôi ạ . đang xếp_hàng thì có bạn nv gọi lại cho order tại quầy thì khá rối vì chưa nhìn kỹ được menu . nhớ là có gọi combo 2 người a giá 129k hay sao . và một phần có mã km thì là 89k . tổng 213k thì ăn cũng tạm đc . mình đã thử hết tất_cả loại gà rồi thì cá_nhân vẫn thấy thích của lotteria nhất . còn ở đây gà mình thấy giống của popeyes ý mọi ng . chỉ có loại gà thường và gà cay không sốt sủng gì cả . nhưng hamburger ở đây thì khá là ok nhé . ăn ngon hơn những chỗ khác . à còn một nhắc_nhở là khi đến đây muốn order tại máy thì nhớ tạo nick ở app mcdonalds trc nhé , và hãy chuẩn_bị một cái thẻ thật đầy tiền không_gian 610 vì nhỏ và bí nhân_viên 710 giá_cả 610 quay lại or not quay lại sẽ chỉ ăn ham thôi","hôm_nay đi đúng 142 lại còn mùng 3 tết nên ối dồi ôi đông thì thôi ạ . đang xếp_hàng thì có bạn nv gọi lại cho order tại quầy thì khá rối vì chưa nhìn kỹ được menu . nhớ là có gọi combo 2 người a giá 129k hay sao . và một phần có mã km thì là 89k . tổng 213k thì ăn cũng tạm đc . mình đã thử hết tất_cả loại gà rồi thì cá_nhân vẫn thấy thích của lotteria nhất . còn ở đây gà mình thấy giống của popeyes ý mọi ng . chỉ có loại gà thường và gà cay không sốt sủng gì cả . nhưng hamburger ở đây thì khá là ok nhé . ăn ngon hơn những chỗ khác . à còn một nhắc_nhở là khi đến đây muốn order tại máy thì nhớ tạo nick ở app mcdonalds trc nhé , và hãy chuẩn_bị một cái thẻ thật đầy tiền không_gian 610 vì nhỏ và bí nhân_viên 710 giá_cả 610 quay lại or not quay lại sẽ chỉ ăn ham thôi",hôm_nay 142 mùng 3 tết ối dồi ôi đông xếp_hàng nv gọi order quầy rối kỹ menu gọi combo 2 a giá 129k mã km 89k tổng 213k tạm đc thử tất_cả gà cá_nhân lotteria gà popeyes ng gà gà cay sốt sủng hamburger ok ngon chỗ nhắc_nhở order máy nick app mcdonalds trc chuẩn_bị thẻ tiền không_gian 610 bí nhân_viên 710 giá_cả 610 or not ham
tiny và không có bãi đậu xe,positive,tiny và không có bãi đậu xe,tiny và không có bãi đậu xe,tiny bãi đậu xe
mọi thứ đều tuyệt vời. rất sạch sẽ và rất ngon. có nhiều món ăn không tồn tại ở đức và có những món ăn miễn phí.,positive,mọi thứ đều tuyệt_vời . rất sạch_sẽ và rất ngon . có nhiều món ăn_không tồn_tại ở đức và có những món ăn miễn_phí .,mọi thứ đều tuyệt_vời . rất sạch_sẽ và rất ngon . có nhiều món ăn_không tồn_tại ở đức và có những món ăn miễn_phí .,tuyệt_vời sạch_sẽ ngon món ăn_không tồn_tại đức món miễn_phí
yêu nó,positive,yêu nó,yêu nó,yêu
đầy ví của tôi bằng penny. đẹp,negative,đầy ví của tôi bằng penny . đẹp,đầy ví của tôi bằng penny . đẹp,ví penny đẹp
vừa có đồ ăn vừa có đồ chơi cho bé,positive,vừa có đồ_ăn vừa có đồ_chơi cho bé,vừa có đồ_ăn vừa có đồ_chơi cho bé,đồ_ăn đồ_chơi bé
các con mình yêu thích địa điểm này,positive,các con mình yêu thích địa_điểm này,các con mình yêu thích địa_điểm này,yêu địa_điểm
thức ăn ngon nhưng hơi đông đúc trong các mùa lễ hội. không có chỗ ngồi vào kỳ nghỉ năm mới.,positive,thức_ăn ngon nhưng hơi đông_đúc trong các mùa lễ_hội . không có chỗ ngồi vào kỳ nghỉ năm mới .,thức_ăn ngon nhưng hơi đông_đúc trong các mùa lễ_hội . không có chỗ ngồi vào kỳ nghỉ năm mới .,thức_ăn ngon hơi đông_đúc mùa lễ_hội chỗ kỳ nghỉ
quá đông nên chờ đợi hơi phiền.,positive,quá đông nên chờ_đợi hơi phiền .,quá đông nên chờ_đợi hơi phiền .,đông chờ_đợi hơi phiền
đồ ăn ngon,positive,đồ_ăn ngon,đồ_ăn ngon,đồ_ăn ngon
thức ăn tuyệt vời,positive,thức_ăn tuyệt_vời,thức_ăn tuyệt_vời,thức_ăn tuyệt_vời
đông quá,negative,đông quá,đông quá,đông
nhiệt tình,positive,nhiệt_tình,nhiệt_tình,nhiệt_tình
họ bỏ qua hộp bình luận hướng dẫn đặc biệt về lấy. điều này là nguy hiểm vì tôi có thể bị dị ứng với nước tương mà tôi yêu cầu không cho gạo. thật là một điều đơn giản để bỏ đi.,negative,họ bỏ_qua hộp bình_luận hướng_dẫn đặc_biệt về lấy . điều này là nguy_hiểm vì tôi có_thể bị dị_ứng với nước_tương mà tôi yêu_cầu không cho gạo . thật là một điều đơn_giản để bỏ đi .,họ bỏ_qua hộp bình_luận hướng_dẫn đặc_biệt về lấy . điều này là nguy_hiểm vì tôi có_thể bị dị_ứng với nước_tương mà tôi yêu_cầu không cho gạo . thật là một điều đơn_giản để bỏ đi .,bỏ_qua hộp bình_luận hướng_dẫn đặc_biệt nguy_hiểm có_thể dị_ứng nước_tương yêu_cầu gạo đơn_giản
"nhân viên nam tóc dài đeo kính phục vụ buổi sáng ngày 13122020 có thái độ phục vụ tệ, nói giật giọng với khách.",negative,"nhân_viên nam tóc dài đeo kính_phục_vụ buổi sáng ngày 13122020 có thái_độ phục_vụ tệ , nói giật_giọng với khách .","nhân_viên nam tóc dài đeo kính_phục_vụ buổi sáng ngày 13122020 có thái_độ phục_vụ tệ , nói giật_giọng với khách .",nhân_viên nam tóc đeo kính_phục_vụ 13122020 thái_độ phục_vụ tệ giật_giọng
tuyệt vời 💯,positive,tuyệt_vời 💯,tuyệt_vời :trăm điểm:,tuyệt_vời :trăm điểm:
được,positive,được,được,
nhận được đơn giao hàng ở xa gọi điện đến chốt đơn đỡ mất thời gian chờ đợi lấy đơn thì nhân viên từ chối nhận đơn qua điện thoại. phục vụ quá kém,negative,nhận được đơn giao hàng ở xa gọi điện đến chốt đơn đỡ mất thời_gian chờ_đợi lấy đơn thì nhân_viên từ_chối nhận đơn qua điện_thoại . phục_vụ quá kém,nhận được đơn giao hàng ở xa gọi điện đến chốt đơn đỡ mất thời_gian chờ_đợi lấy đơn thì nhân_viên từ_chối nhận đơn qua điện_thoại . phục_vụ quá kém,đơn giao hàng gọi điện chốt đơn đỡ thời_gian chờ_đợi đơn nhân_viên từ_chối đơn điện_thoại phục_vụ kém
"vốn yêu món big mac, nên là có cơ hội để béo thì phải chén cho nó đã. gọi 1 chiếc combo và cảm thấy hài lòng với lựa chọn của mình ghê gớm big mac ngon nè, gà ngon nè, khoai hơi ỉu nè, quán hơi bé và đông nè, chờ hơi lâu nè. có cơ sở 2 ở hoàng đạo thúy rồi các mac fan ạ, đỡ đông hơn và dường như to hơn đó.",positive,"vốn yêu món big mac , nên là có cơ_hội để béo thì phải chén cho nó đã . gọi 1 chiếc combo và cảm_thấy hài_lòng với lựa_chọn của mình ghê_gớm big mac ngon nè , gà ngon nè , khoai hơi ỉu nè , quán hơi bé và đông nè , chờ hơi lâu nè . có cơ_sở 2 ở hoàng_đạo thuý rồi các mac fan ạ , đỡ đông hơn và dường_như to hơn đó .","vốn yêu món big mac , nên là có cơ_hội để béo thì phải chén cho nó đã . gọi 1 chiếc combo và cảm_thấy hài_lòng với lựa_chọn của mình ghê_gớm big mac ngon nè , gà ngon nè , khoai hơi ỉu nè , quán hơi bé và đông nè , chờ hơi lâu nè . có cơ_sở 2 ở hoàng_đạo thuý rồi các mac fan ạ , đỡ đông hơn và dường_như to hơn đó .",vốn yêu món big mac cơ_hội béo chén gọi 1 combo hài_lòng lựa_chọn ghê_gớm big mac ngon nè gà ngon nè khoai hơi ỉu nè quán hơi bé đông nè chờ hơi nè cơ_sở 2 hoàng_đạo thuý mac fan đỡ đông dường_như to
"tận tình, chu đáo, nhẹ nhàng",positive,"tận_tình , chu_đáo , nhẹ_nhàng","tận_tình , chu_đáo , nhẹ_nhàng",tận_tình chu_đáo nhẹ_nhàng
"nếu thực phẩm việt nam không phù hợp với miệng và thực phẩm hàn quốc của bạn không ngon, thì thời gian buổi sáng mac là giống nhau để bạn tham khảo.",positive,"nếu thực_phẩm việt_nam không phù_hợp với miệng và thực_phẩm hàn_quốc của bạn không ngon , thì thời_gian buổi sáng mac là giống nhau để bạn tham_khảo .","nếu thực_phẩm việt_nam không phù_hợp với miệng và thực_phẩm hàn_quốc của bạn không ngon , thì thời_gian buổi sáng mac là giống nhau để bạn tham_khảo .",thực_phẩm việt_nam phù_hợp miệng thực_phẩm hàn_quốc ngon thời_gian mac tham_khảo
vô vị,positive,vô_vị,vô_vị,vô_vị
"đồ ăn bình thường, size quá bé so với các nhãn hiệu khác, hambuger rất tệ, không hệ ngon. gà rán thì tạm được nhưng hơi khô. điểm cộng là có thể mua và tự thanh toán qua các màn hình cảm ứng lớn. giá cao so với chất lượng đồ ăn. không bằng kfc và lotteria , được mỗi vị trí đắc địa.",neutral,"đồ_ăn bình_thường , size quá bé so với các nhãn_hiệu khác , hambuger rất tệ , không hệ ngon . gà rán thì tạm được nhưng hơi khô . điểm cộng là có_thể mua và tự thanh_toán qua các màn_hình cảm_ứng lớn . giá cao so với chất_lượng đồ_ăn . không bằng kfc và lotteria , được mỗi vị_trí đắc_địa .","đồ_ăn bình_thường , size quá bé so với các nhãn_hiệu khác , hambuger rất tệ , không hệ ngon . gà rán thì tạm được nhưng hơi khô . điểm cộng là có_thể mua và tự thanh_toán qua các màn_hình cảm_ứng lớn . giá cao so với chất_lượng đồ_ăn . không bằng kfc và lotteria , được mỗi vị_trí đắc_địa .",đồ_ăn bình_thường size bé nhãn_hiệu hambuger tệ hệ ngon gà rán tạm hơi khô cộng có_thể mua thanh_toán màn_hình cảm_ứng giá chất_lượng đồ_ăn kfc lotteria vị_trí đắc_địa
"vị trí rất đẹp, thuận tiện. nó nằm ở góc đường hang bai trang thi. tôi nghĩ rằng một trong những con đường đắt nhất. để được hones, tôi không thích thức ăn nhanh, không chỉ mc donal hay kfs.",neutral,"vị_trí rất đẹp , thuận_tiện . nó nằm ở góc đường hang bai trang thi . tôi nghĩ rằng một trong những con đường đắt nhất . để được hones , tôi không thích thức_ăn nhanh , không_chỉ mc donal hay kfs .","vị_trí rất đẹp , thuận_tiện . nó nằm ở góc đường hang bai trang thi . tôi nghĩ rằng một trong những con đường đắt nhất . để được hones , tôi không thích thức_ăn nhanh , không_chỉ mc donal hay kfs .",vị_trí đẹp thuận_tiện nằm góc đường hang bai trang thi đường đắt hones thức_ăn không_chỉ mc donal kfs
"quán đông, đồ uống ngon hơn đồ ăn. views tốt. nhân viên phục vụ bình thường.",positive,"quán đông , đồ uống ngon hơn đồ_ăn . views tốt . nhân_viên phục_vụ bình_thường .","quán đông , đồ uống ngon hơn đồ_ăn . views tốt . nhân_viên phục_vụ bình_thường .",quán đông đồ uống ngon đồ_ăn views nhân_viên phục_vụ bình_thường
đông đúc,positive,đông_đúc,đông_đúc,đông_đúc
"luôn có chỗ ngồi, nó thực sự thuận tiện",positive,"luôn có chỗ ngồi , nó thực_sự thuận_tiện","luôn có chỗ ngồi , nó thực_sự thuận_tiện",chỗ thuận_tiện
đồ ăn rất ngon,positive,đồ_ăn rất ngon,đồ_ăn rất ngon,đồ_ăn ngon
rất chậm và trên lầu rất bẩn,neutral,rất chậm và trên lầu rất bẩn,rất chậm và trên lầu rất bẩn,chậm lầu bẩn
nhân viên tốt và thân thiện,positive,nhân_viên tốt và thân_thiện,nhân_viên tốt và thân_thiện,nhân_viên thân_thiện
luôn luôn đông đúc,positive,luôn_luôn đông_đúc,luôn_luôn đông_đúc,luôn_luôn đông_đúc
được rồi,negative,được rồi,được rồi,
chi nhánh banoya mà chúng tôi đã nhiều lần trở lại với trẻ em. dịch vụ tuyệt vời. làm sạch dịch vụ đòi hỏi phải cải thiện,positive,chi_nhánh banoya mà chúng_tôi đã nhiều lần trở_lại với trẻ_em . dịch_vụ tuyệt_vời . làm sạch dịch_vụ đòi_hỏi phải cải_thiện,chi_nhánh banoya mà chúng_tôi đã nhiều lần trở_lại với trẻ_em . dịch_vụ tuyệt_vời . làm sạch dịch_vụ đòi_hỏi phải cải_thiện,chi_nhánh banoya chúng_tôi trở_lại trẻ_em dịch_vụ tuyệt_vời sạch dịch_vụ đòi_hỏi cải_thiện
khoai tây giòn hơn ở thái hà nhưng chỗ ngồi ít.,positive,khoai_tây giòn hơn ở thái hà nhưng chỗ ngồi ít .,khoai_tây giòn hơn ở thái hà nhưng chỗ ngồi ít .,khoai_tây giòn thái hà chỗ
đông nên không được sạch sẽ cho lắm,positive,đông nên không được sạch_sẽ cho lắm,đông nên không được sạch_sẽ cho lắm,đông sạch_sẽ lắm
"fast food hiện đại, giá cả phù hợp ở khu phố cổ cho những người đi bộ cuối tuần.",positive,"fast food hiện_đại , giá_cả phù_hợp ở khu_phố cổ cho những người đi bộ cuối tuần .","fast food hiện_đại , giá_cả phù_hợp ở khu_phố cổ cho những người đi bộ cuối tuần .",fast food hiện_đại giá_cả phù_hợp khu_phố cổ
sự nhất quán là tuyệt vời làm tôi nhớ đến nhà và có hương vị giống như bắc mỹ mcdonalds,positive,sự nhất_quán là tuyệt_vời làm tôi nhớ đến nhà và có hương_vị giống như bắc mỹ mcdonalds,sự nhất_quán là tuyệt_vời làm tôi nhớ đến nhà và có hương_vị giống như bắc mỹ mcdonalds,nhất_quán tuyệt_vời hương_vị bắc mỹ mcdonalds
tiện lợi và ngon nghẻ,positive,tiện_lợi và ngon nghẻ,tiện_lợi và ngon nghẻ,tiện_lợi ngon nghẻ
"mọi thứ đều đi trước thời đại và chuyên nghiệp ở mức độ cao nhất. đồ ăn sạch sẽ, gà rất giòn da thấm thịt và có nhiều sốt ngon. nên thử mù tạt mật ong và sốt tỏi ớt. nếu như không phải đi bộ vào quán thì sẽ ghé thăm nhiều hơn. cập nhật dạo này mcdonalds có chương trình 99k 2 burger bất kỳ hoặc mua 1 tặng 1 thứ 5 hàng tuần rất ok. hy vọng sẽ tiếp tục có các chương trình mới để thu hút khách hàng.",positive,"mọi thứ đều đi trước thời_đại và chuyên_nghiệp ở mức_độ cao nhất . đồ_ăn sạch_sẽ , gà rất giòn da thấm thịt và có nhiều sốt ngon . nên thử mù_tạt mật_ong và sốt tỏi ớt . nếu_như không phải đi bộ vào quán thì sẽ ghé thăm nhiều hơn . cập_nhật dạo này mcdonalds có chương_trình 99k 2 burger bất_kỳ hoặc mua 1 tặng 1 thứ 5 hàng tuần rất ok . hy_vọng sẽ tiếp_tục có các chương_trình mới để thu_hút khách_hàng .","mọi thứ đều đi trước thời_đại và chuyên_nghiệp ở mức_độ cao nhất . đồ_ăn sạch_sẽ , gà rất giòn da thấm thịt và có nhiều sốt ngon . nên thử mù_tạt mật_ong và sốt tỏi ớt . nếu_như không phải đi bộ vào quán thì sẽ ghé thăm nhiều hơn . cập_nhật dạo này mcdonalds có chương_trình 99k 2 burger bất_kỳ hoặc mua 1 tặng 1 thứ 5 hàng tuần rất ok . hy_vọng sẽ tiếp_tục có các chương_trình mới để thu_hút khách_hàng .",thời_đại chuyên_nghiệp mức_độ đồ_ăn sạch_sẽ gà giòn da thấm thịt sốt ngon thử mù_tạt mật_ong sốt tỏi ớt nếu_như quán ghé thăm cập_nhật dạo mcdonalds chương_trình 99k 2 burger bất_kỳ mua 1 tặng 1 5 hàng ok hy_vọng tiếp_tục chương_trình thu_hút khách_hàng
mua đồ,negative,mua đồ,mua đồ,mua đồ
phục vụ tệ,negative,phục_vụ tệ,phục_vụ tệ,phục_vụ tệ
"sự thiếu giải thích đầu tiên của mcdonald thức ăn xuất hiện, nhưng nếu bạn đang đứng và chờ đợi, ㅜㅜ đây là lần đầu tiên như thế này",negative,"sự thiếu giải_thích đầu_tiên của mcdonald thức_ăn xuất_hiện , nhưng nếu bạn đang đứng và chờ_đợi , ㅜㅜ đây là lần đầu_tiên như thế_này","sự thiếu giải_thích đầu_tiên của mcdonald thức_ăn xuất_hiện , nhưng nếu bạn đang đứng và chờ_đợi , ㅜㅜ đây là lần đầu_tiên như thế_này",giải_thích đầu_tiên mcdonald thức_ăn xuất_hiện đứng chờ_đợi ㅜㅜ đầu_tiên thế_này
thái độ phục vụ của nhân viên rất chi là khó chiuh,negative,thái_độ phục_vụ của nhân_viên rất_chi_là khó chiuh,thái_độ phục_vụ của nhân_viên rất_chi_là khó chiuh,thái_độ phục_vụ nhân_viên rất_chi_là chiuh
và tôi thích nó.,positive,và tôi thích nó .,và tôi thích nó .,
"đây là tiêu chuẩn tốt của mcdonald với rất nhiều chỗ ngồi trên lầu. tôi cảm thấy có xu hướng để lại một đánh giá vì ban quản lý rất thích nghi và tử tế với tôi sau khi có một sai lầm với lệnh lấy của tôi. họ đã cố gắng liên hệ với cá nhân tôi và chắc chắn rằng tôi đã nhận được những gì tôi thực sự đã đặt hàng sau này. khi tôi vào người quản lý là siêu thân thiện, điều đó thật tuyệt vì nó có thể là một tình huống khó xử",positive,"đây là tiêu_chuẩn tốt của mcdonald với rất nhiều chỗ ngồi trên lầu . tôi cảm_thấy có xu_hướng để lại một đánh_giá vì ban quản_lý rất thích_nghi và tử_tế với tôi sau khi có một sai_lầm với lệnh lấy của tôi . họ đã cố_gắng liên_hệ với cá_nhân tôi và chắc_chắn rằng tôi đã nhận được những gì tôi thực_sự đã đặt_hàng sau_này . khi tôi vào người_quản_lý là siêu thân_thiện , điều đó thật tuyệt vì nó có_thể là một tình_huống khó xử","đây là tiêu_chuẩn tốt của mcdonald với rất nhiều chỗ ngồi trên lầu . tôi cảm_thấy có xu_hướng để lại một đánh_giá vì ban quản_lý rất thích_nghi và tử_tế với tôi sau khi có một sai_lầm với lệnh lấy của tôi . họ đã cố_gắng liên_hệ với cá_nhân tôi và chắc_chắn rằng tôi đã nhận được những gì tôi thực_sự đã đặt_hàng sau_này . khi tôi vào người_quản_lý là siêu thân_thiện , điều đó thật tuyệt vì nó có_thể là một tình_huống khó xử",tiêu_chuẩn mcdonald chỗ lầu xu_hướng đánh_giá ban quản_lý thích_nghi tử_tế sai_lầm lệnh cố_gắng liên_hệ cá_nhân chắc_chắn đặt_hàng sau_này người_quản_lý siêu thân_thiện tuyệt có_thể tình_huống xử
pho burger không ngon lắm,neutral,pho burger không ngon lắm,pho burger không ngon lắm,burger ngon lắm
một trong những thương hiệu đồ ăn nhanh ngon nhất trong những cửa hàng bán cùng loại,positive,một trong những thương_hiệu đồ_ăn nhanh ngon nhất trong những cửa_hàng bán cùng loại,một trong những thương_hiệu đồ_ăn nhanh ngon nhất trong những cửa_hàng bán cùng loại,thương_hiệu đồ_ăn ngon cửa_hàng
"phục vụ tốt, đồ ăn ngon, có thể tự order và thanh toán",positive,"phục_vụ tốt , đồ_ăn ngon , có_thể tự order và thanh_toán","phục_vụ tốt , đồ_ăn ngon , có_thể tự order và thanh_toán",phục_vụ đồ_ăn ngon có_thể order thanh_toán
"đồ ngon, phục vụ lâu, đa dạng các loại sốt. mình đánh giá đồ ngon nhất trong các chi nhánh mcdonalds",positive,"đồ ngon , phục_vụ lâu , đa_dạng các loại sốt . mình đánh_giá đồ ngon nhất trong các chi_nhánh mcdonalds","đồ ngon , phục_vụ lâu , đa_dạng các loại sốt . mình đánh_giá đồ ngon nhất trong các chi_nhánh mcdonalds",đồ ngon phục_vụ đa_dạng sốt đánh_giá đồ ngon chi_nhánh mcdonalds
em thích chị phục vụ quá,positive,em thích chị phục_vụ quá,em thích chị phục_vụ quá,phục_vụ
"nó có kích thước quá nhỏ gà so với những con khác,",positive,"nó có kích_thước quá nhỏ gà so với những con khác ,","nó có kích_thước quá nhỏ gà so với những con khác ,",kích_thước gà
nó đã tốt hơn trước đây. bây giờ trông thật chết mà không có khách du lịch. thức ăn tồi tệ hơn nhiều so với trước đây,neutral,nó đã tốt hơn trước_đây . bây_giờ trông thật chết mà không có khách du_lịch . thức_ăn tồi_tệ hơn nhiều so với trước_đây,nó đã tốt hơn trước_đây . bây_giờ trông thật chết mà không có khách du_lịch . thức_ăn tồi_tệ hơn nhiều so với trước_đây,trước_đây bây_giờ trông chết du_lịch thức_ăn tồi_tệ trước_đây
coi thường tài xế công nghệ,negative,coi_thường tài_xế công_nghệ,coi_thường tài_xế công_nghệ,coi_thường tài_xế công_nghệ
nhân viên nhiệt tình,neutral,nhân_viên nhiệt_tình,nhân_viên nhiệt_tình,nhân_viên nhiệt_tình
phải thử cafe,positive,phải thử cafe,phải thử cafe,thử cafe
dịch vụ nhanh,positive,dịch_vụ nhanh,dịch_vụ nhanh,dịch_vụ
đắt vãi,negative,đắt vãi,đắt vãi,đắt vãi
quá nau,negative,quá nau,quá nau,nau
nơi đáng yêu để dành thời gian .... cánh gà là một trong những món ăn yêu thích.,positive,nơi đáng yêu để_dành thời_gian .... cánh_gà là một trong những món ăn yêu thích .,nơi đáng yêu để_dành thời_gian .... cánh_gà là một trong những món ăn yêu thích .,yêu để_dành thời_gian .... cánh_gà món yêu
dv tốt,positive,dv tốt,dv tốt,dv
nhân viên phục vụ quá là ok.đồ ăn ngon.giá phải chăng,positive,nhân_viên phục_vụ quá là ok.đồ ăn ngon.giá phải_chăng,nhân_viên phục_vụ quá là ok.đồ ăn ngon.giá phải_chăng,nhân_viên phục_vụ ok.đồ ngon.giá phải_chăng
đợi order hơi lâu nhưng đồ ăn chấp nhận được,positive,đợi order hơi lâu nhưng đồ_ăn chấp_nhận được,đợi order hơi lâu nhưng đồ_ăn chấp_nhận được,đợi order hơi đồ_ăn chấp_nhận
cũng ngon. nhưng tự phục vụ hơi nhiều.,positive,cũng ngon . nhưng tự_phục_vụ hơi nhiều .,cũng ngon . nhưng tự_phục_vụ hơi nhiều .,ngon tự_phục_vụ hơi
"lần đầu tiên đặt qua grab ở cửa hàng này, thất vọng tràn trề. giao thiếu hẳn 2 hambuger và 2 nước ngọt. liên hệ lại quán bảo đợi 1 chút mà đợi đúng 1 tiếng rưỡi, đợi hết cả giờ ăn trưa. lúc gọi khiếu nại thì không gọi được luôn. đúng lúc đó có 1 anh grab khác mang đồ thiếu tới gọi cho mình thì giao nhầm địa chỉ. nhà 4a thì nhân viên bên cửa hàng đặt grab là nhà 44, mình nhận đồ ăn còn combo nghe cả anh grab càu nhàu đến cửa hàng phải đợi 20p rồi lại còn đặt sai địa chỉ. mà trên phố đi đường 1 chiều chứ, quay lại đâu phải dễ. mình thì nhận đồ ăn cũng không còn thời gian ăn, chỉ muốn ném vào mặt nhân viên bên đó cho nó bớt ngáo. ức chế không tả nổi.",negative,"lần đầu_tiên đặt qua grab ở cửa_hàng này , thất_vọng tràn_trề . giao thiếu hẳn 2 hambuger và 2 nước_ngọt . liên_hệ lại quán bảo đợi 1 chút mà đợi đúng 1 tiếng rưỡi , đợi hết cả giờ ăn trưa . lúc gọi khiếu_nại thì không gọi được luôn . đúng lúc đó có 1 anh grab khác mang đồ thiếu tới gọi cho mình thì giao nhầm địa_chỉ . nhà 4a thì nhân_viên bên cửa_hàng đặt grab là nhà 44 , mình nhận đồ_ăn còn combo nghe cả anh grab càu_nhàu đến cửa_hàng phải đợi 20p rồi lại còn đặt sai địa_chỉ . mà trên phố đi đường 1 chiều chứ , quay lại đâu phải dễ . mình thì nhận đồ_ăn cũng không còn thời_gian ăn , chỉ muốn ném vào mặt nhân_viên bên đó cho nó bớt ngáo . ức_chế không tả nổi .","lần đầu_tiên đặt qua grab ở cửa_hàng này , thất_vọng tràn_trề . giao thiếu hẳn 2 hambuger và 2 nước_ngọt . liên_hệ lại quán bảo đợi 1 chút mà đợi đúng 1 tiếng rưỡi , đợi hết cả giờ ăn trưa . lúc gọi khiếu_nại thì không gọi được luôn . đúng lúc đó có 1 anh grab khác mang đồ thiếu tới gọi cho mình thì giao nhầm địa_chỉ . nhà 4a thì nhân_viên bên cửa_hàng đặt grab là nhà 44 , mình nhận đồ_ăn còn combo nghe cả anh grab càu_nhàu đến cửa_hàng phải đợi 20p rồi lại còn đặt sai địa_chỉ . mà trên phố đi đường 1 chiều chứ , quay lại đâu phải dễ . mình thì nhận đồ_ăn cũng không còn thời_gian ăn , chỉ muốn ném vào mặt nhân_viên bên đó cho nó bớt ngáo . ức_chế không tả nổi .",đầu_tiên grab cửa_hàng thất_vọng tràn_trề giao hẳn 2 hambuger 2 nước_ngọt liên_hệ quán bảo đợi 1 chút đợi 1 tiếng rưỡi đợi trưa gọi khiếu_nại gọi 1 grab đồ gọi giao nhầm địa_chỉ 4a nhân_viên cửa_hàng grab 44 đồ_ăn combo grab càu_nhàu cửa_hàng đợi 20p sai địa_chỉ phố đường 1 chiều đồ_ăn thời_gian ném mặt nhân_viên bớt ngáo ức_chế tả nổi
ngonvaf chuyên nghiệp,positive,ngonvaf chuyên_nghiệp,ngonvaf chuyên_nghiệp,ngonvaf chuyên_nghiệp
"nơi hoàn hảo cho bữa sáng, dù sao tôi cũng thích mac",positive,"nơi hoàn_hảo cho bữa sáng , dù_sao tôi cũng thích mac","nơi hoàn_hảo cho bữa sáng , dù_sao tôi cũng thích mac",hoàn_hảo dù_sao mac
nhân viên tồi,negative,nhân_viên tồi,nhân_viên tồi,nhân_viên tồi
"dịch vụ tốt, nhân viên thân thiện. bạn biết họ phải đưa ra rất nhiều người đòi hỏi. họ cũng không phủ thức ăn của bạn trong nước sốt.",positive,"dịch_vụ tốt , nhân_viên thân_thiện . bạn biết họ phải đưa ra rất nhiều người đòi_hỏi . họ cũng không phủ thức_ăn của bạn trong nước sốt .","dịch_vụ tốt , nhân_viên thân_thiện . bạn biết họ phải đưa ra rất nhiều người đòi_hỏi . họ cũng không phủ thức_ăn của bạn trong nước sốt .",dịch_vụ nhân_viên thân_thiện đòi_hỏi phủ thức_ăn sốt
ổn,positive,ổn,ổn,ổn
điều hòa hơi nóng,negative,điều_hoà hơi nóng,điều_hoà hơi nóng,điều_hoà hơi nóng
phục vụ chưa nhanh nhạy,positive,phục_vụ chưa nhanh_nhạy,phục_vụ chưa nhanh_nhạy,phục_vụ nhanh_nhạy
"địa điểm đẹp, đồ ăn ngon, thái độ tốt, phong cách chuyên nghiệp, điểm trừ là khôg gian hơi bí nên mùi hỗn hợp.",positive,"địa_điểm đẹp , đồ_ăn ngon , thái_độ tốt , phong_cách chuyên_nghiệp , điểm trừ là khôg gian hơi bí nên mùi hỗn_hợp .","địa_điểm đẹp , đồ_ăn ngon , thái_độ tốt , phong_cách chuyên_nghiệp , điểm trừ là khôg gian hơi bí nên mùi hỗn_hợp .",địa_điểm đẹp đồ_ăn ngon thái_độ phong_cách chuyên_nghiệp trừ khôg gian hơi bí mùi hỗn_hợp
chờ một thời gian dài,neutral,chờ một thời_gian dài,chờ một thời_gian dài,chờ thời_gian
quá đông...,positive,quá đông ...,quá đông ...,đông ...
chu đáo,positive,chu_đáo,chu_đáo,chu_đáo
"có món cho buổi sáng, bánh hơi dai với cứng",neutral,"có món cho buổi sáng , bánh hơi dai với cứng","có món cho buổi sáng , bánh hơi dai với cứng",món bánh hơi dai cứng
"vị trí đẹp, đồ ăn ok",positive,"vị_trí đẹp , đồ_ăn ok","vị_trí đẹp , đồ_ăn ok",vị_trí đẹp đồ_ăn ok
"bánh bị khô quá, vừa cầm vào đã vỡ bánh. các bạn nvien lịch sự nhiệt tình",neutral,"bánh bị khô quá , vừa cầm vào đã vỡ bánh . các bạn nvien lịch_sự nhiệt_tình","bánh bị khô quá , vừa cầm vào đã vỡ bánh . các bạn nvien lịch_sự nhiệt_tình",bánh khô cầm vỡ bánh nvien lịch_sự nhiệt_tình
bình thường,positive,bình_thường,bình_thường,bình_thường
chỗ này là tiệm đầu tiên được mở ở hà nội bạn nào nghiện ăn đồ ăn nhanh thì tới đây nhá,positive,chỗ này là tiệm đầu_tiên được mở ở hà_nội bạn nào nghiện ăn đồ_ăn nhanh thì tới đây nhá,chỗ này là tiệm đầu_tiên được mở ở hà_nội bạn nào nghiện ăn đồ_ăn nhanh thì tới đây nhá,chỗ tiệm đầu_tiên hà_nội nghiện đồ_ăn nhá
sự chú ý tuyệt vời,positive,sự chú_ý tuyệt_vời,sự chú_ý tuyệt_vời,chú_ý tuyệt_vời
ăn ngon,positive,ăn ngon,ăn ngon,ngon
việc lựa chọn đồ ăn hơi khó đồ ăn thì tạm tạm nhưng sạch sẽ,neutral,việc lựa_chọn đồ_ăn hơi khó đồ_ăn thì tạm tạm nhưng sạch_sẽ,việc lựa_chọn đồ_ăn hơi khó đồ_ăn thì tạm tạm nhưng sạch_sẽ,lựa_chọn đồ_ăn hơi đồ_ăn tạm tạm sạch_sẽ
"chi nhánh gần nhà nhất nên mình thường hay ra đây ăn gà rán hoặc vài món khác. rất thoải mái vì lượng khách cũng lai rai , lễ thì dĩ nhiên sẽ rất đông đến độ xếp hàng dài ngoằng để order . . lúc thì mình mua combo 29k , rồi combo 39k , khi thì mình ghé mua phần ăn happy meal có kèm đồ chơi cho bé , đồ chơi cũng xịn và bắt trend lắm.. . gà rán mình rất ưng , vị ngon vừa miệng , bột da giòn tan , thịt gà ngon kèm nhiều loại sốt chấm. buổi sáng sớm đến trước 11h có bánh muffin kẹp trứng phô mai hoặc thịt khá ổn để ăn sáng. kem cây ngọt nhẹ. đặc biệt , đến mc donalds nên thử qua món trà xanh đá xay best của best nhé ngon toẹt vời , không hề thất vọng. món điểm trừ là trà đào nhé đừng mua phí tiền vì độ dỡ của nó thôi rồi .. . nhân viên khá dễ tính và thân thiện , nhân viên bảo vệ cả 2đều dễ thương , vui vẻ , rất dễ gần , thích nói chuyện với khách.",positive,"chi_nhánh gần nhà nhất nên mình thường hay ra đây ăn gà rán hoặc vài món khác . rất thoải_mái vì lượng khách cũng lai_rai , lễ thì dĩ_nhiên sẽ rất đông đến độ xếp_hàng dài_ngoằng để order . . lúc thì mình mua combo 29k , rồi combo 39k , khi thì mình ghé mua phần ăn happy meal có kèm đồ_chơi cho bé , đồ_chơi cũng xịn và bắt trend lắm .. . gà rán mình rất ưng , vị ngon vừa_miệng , bột da giòn_tan , thịt gà ngon kèm nhiều loại sốt chấm . buổi sáng sớm đến trước 11h có bánh muffin kẹp trứng phô_mai hoặc thịt khá ổn để ăn sáng . kem_cây ngọt nhẹ . đặc_biệt , đến mc donalds nên thử qua món trà xanh đá xay best của best nhé ngon toẹt vời , không hề thất_vọng . món điểm trừ là trà đào nhé đừng mua phí tiền vì độ dỡ của nó thôi rồi .. . nhân_viên khá dễ_tính và thân_thiện , nhân_viên bảo_vệ cả 2đều dễ_thương , vui_vẻ , rất dễ gần , thích nói_chuyện với khách .","chi_nhánh gần nhà nhất nên mình thường hay ra đây ăn gà rán hoặc vài món khác . rất thoải_mái vì lượng khách cũng lai_rai , lễ thì dĩ_nhiên sẽ rất đông đến độ xếp_hàng dài_ngoằng để order . . lúc thì mình mua combo 29k , rồi combo 39k , khi thì mình ghé mua phần ăn happy meal có kèm đồ_chơi cho bé , đồ_chơi cũng xịn và bắt trend lắm .. . gà rán mình rất ưng , vị ngon vừa_miệng , bột da giòn_tan , thịt gà ngon kèm nhiều loại sốt chấm . buổi sáng sớm đến trước 11h có bánh muffin kẹp trứng phô_mai hoặc thịt khá ổn để ăn sáng . kem_cây ngọt nhẹ . đặc_biệt , đến mc donalds nên thử qua món trà xanh đá xay best của best nhé ngon toẹt vời , không hề thất_vọng . món điểm trừ là trà đào nhé đừng mua phí tiền vì độ dỡ của nó thôi rồi .. . nhân_viên khá dễ_tính và thân_thiện , nhân_viên bảo_vệ cả 2đều dễ_thương , vui_vẻ , rất dễ gần , thích nói_chuyện với khách .",chi_nhánh gà rán món thoải_mái lai_rai lễ dĩ_nhiên đông độ xếp_hàng dài_ngoằng order mua combo 29k combo 39k ghé mua happy meal kèm đồ_chơi bé đồ_chơi xịn bắt trend lắm .. gà rán ưng vị ngon vừa_miệng bột da giòn_tan thịt gà ngon kèm sốt chấm 11h bánh muffin kẹp trứng phô_mai thịt ổn kem_cây nhẹ đặc_biệt mc donalds thử món trà xanh đá xay best best ngon vời hề thất_vọng món trừ trà đào đừng mua phí tiền độ dỡ .. nhân_viên dễ_tính thân_thiện nhân_viên bảo_vệ 2đều dễ_thương vui_vẻ nói_chuyện
ngon ngon,positive,ngon ngon,ngon ngon,ngon ngon
tàm tạm,positive,tàm_tạm,tàm_tạm,tàm_tạm
"fan gà chân chính thì chắc không ai xa lạ với mcdonalds rồi. gà rán 36kmiếng vỏ ngoài giòn rụm trong mềm ấm nóng chấm cùng tương ớt tỏi và sốt mù tạt thì phê thôi rồi. mà có tận 5 loại sốt nên tha hồ lựa chọn nha.. mcnuggets 35k4pcs mềm mềm ăn như bánh, thịt không bở.. burger bò phô mai 35k cắn ngập mồm, khoai tây chiên nóng giòn, cọng nhỏ.... mình có gọi thêm kem sốt dâu 25k và kem sốt socola 25k. cảm giác ăn miếng đầu tiên là kem mịn, rất là hịn nhưng mà hơi ngọt nên ngấy, đợi chảy bớt ăn đỡ ngấy hơn.. phần ăn happy meal 65k gồm 1 hộp sữa milo, 1 miếng gà, 1 khoai nhỏ và 1 đồ chơi cho bé. đầy đủ bổ dưỡng, mà người lớn mình ăn còn no luôn đó . hiện mcdonalds đã có 3 cơ sở tại hà nội hàng bài, vicom trần duy hưng, thái hà nên thoải mái lựa chọn. nói chung cả 3 cơ sở đều rộng rãi, mát mẻ, nhân viên đều phục vụ chuyên nghiệp không phải bàn, các bạn í rất là nice luôn.. 100k200kngười. mcdonalds hàng bài",positive,"fan gà chân_chính thì chắc không ai xa_lạ với mcdonalds rồi . gà rán 36kmiếng vỏ ngoài giòn_rụm trong mềm ấm nóng chấm cùng tương_ớt tỏi và sốt mù_tạt thì phê thôi rồi . mà có tận 5 loại sốt nên tha_hồ lựa_chọn nha .. mcnuggets 35k4pcs mềm mềm ăn như bánh , thịt không bở .. burger bò phô_mai 35k cắn ngập mồm , khoai_tây chiên nóng giòn , cọng nhỏ .... mình có gọi thêm kem sốt dâu 25k và kem sốt socola 25k . cảm_giác ăn miếng đầu_tiên là kem mịn , rất là hịn nhưng_mà hơi ngọt nên ngấy , đợi chảy bớt ăn đỡ ngấy hơn .. phần ăn happy meal 65k gồm 1 hộp sữa milo , 1 miếng gà , 1 khoai nhỏ và 1 đồ_chơi cho bé . đầy_đủ bổ_dưỡng , mà người_lớn mình ăn còn no luôn đó . hiện mcdonalds đã có 3 cơ_sở tại hà_nội hàng bài , vicom trần duy hưng , thái hà nên thoải_mái lựa_chọn . nói_chung cả 3 cơ_sở đều rộng_rãi , mát_mẻ , nhân_viên đều phục_vụ chuyên_nghiệp không phải bàn , các bạn í rất là nice luôn .. 100k200kngười . mcdonalds hàng bài","fan gà chân_chính thì chắc không ai xa_lạ với mcdonalds rồi . gà rán 36kmiếng vỏ ngoài giòn_rụm trong mềm ấm nóng chấm cùng tương_ớt tỏi và sốt mù_tạt thì phê thôi rồi . mà có tận 5 loại sốt nên tha_hồ lựa_chọn nha .. mcnuggets 35k4pcs mềm mềm ăn như bánh , thịt không bở .. burger bò phô_mai 35k cắn ngập mồm , khoai_tây chiên nóng giòn , cọng nhỏ .... mình có gọi thêm kem sốt dâu 25k và kem sốt socola 25k . cảm_giác ăn miếng đầu_tiên là kem mịn , rất là hịn nhưng_mà hơi ngọt nên ngấy , đợi chảy bớt ăn đỡ ngấy hơn .. phần ăn happy meal 65k gồm 1 hộp sữa milo , 1 miếng gà , 1 khoai nhỏ và 1 đồ_chơi cho bé . đầy_đủ bổ_dưỡng , mà người_lớn mình ăn còn no luôn đó . hiện mcdonalds đã có 3 cơ_sở tại hà_nội hàng bài , vicom trần duy hưng , thái hà nên thoải_mái lựa_chọn . nói_chung cả 3 cơ_sở đều rộng_rãi , mát_mẻ , nhân_viên đều phục_vụ chuyên_nghiệp không phải bàn , các bạn í rất là nice luôn .. 100k200kngười . mcdonalds hàng bài",fan gà chân_chính xa_lạ mcdonalds gà rán 36kmiếng vỏ giòn_rụm mềm ấm nóng chấm tương_ớt tỏi sốt mù_tạt phê tận 5 sốt tha_hồ lựa_chọn nha .. mcnuggets 35k4pcs mềm mềm bánh thịt bở .. burger bò phô_mai 35k cắn ngập mồm khoai_tây chiên nóng giòn cọng .... gọi kem sốt dâu 25k kem sốt socola 25k miếng đầu_tiên kem mịn hịn nhưng_mà hơi ngấy đợi chảy bớt đỡ ngấy .. happy meal 65k 1 hộp sữa milo 1 miếng gà 1 khoai 1 đồ_chơi bé đầy_đủ bổ_dưỡng người_lớn no hiện mcdonalds 3 cơ_sở hà_nội hàng vicom trần hưng thái hà thoải_mái lựa_chọn nói_chung 3 cơ_sở rộng_rãi mát_mẻ nhân_viên phục_vụ chuyên_nghiệp bàn í nice .. 100k200kngười mcdonalds hàng
dạo quanh hồ rồi nhảy vô mua cái burger...chuẩn không cần chỉnh,positive,dạo quanh hồ rồi nhảy vô mua cái burger ... chuẩn không cần chỉnh,dạo quanh hồ rồi nhảy vô mua cái burger ... chuẩn không cần chỉnh,dạo quanh hồ nhảy vô mua burger ... chuẩn chỉnh
"họ phục vụ bạn tốt bằng tiếng anh và nó không tệ. sau khi ăn nhiều ngày thực phẩm việt nam, bạn muốn thay đổi.",positive,"họ phục_vụ bạn tốt bằng tiếng anh và nó không tệ . sau khi ăn nhiều ngày thực_phẩm việt_nam , bạn muốn thay_đổi .","họ phục_vụ bạn tốt bằng tiếng anh và nó không tệ . sau khi ăn nhiều ngày thực_phẩm việt_nam , bạn muốn thay_đổi .",phục_vụ tiếng tệ thực_phẩm việt_nam thay_đổi
khá đắt nhưng rất ngon,positive,khá đắt nhưng rất ngon,khá đắt nhưng rất ngon,đắt ngon
đồ ăn ngon vẫn thích mcdonalds,positive,đồ_ăn ngon vẫn thích mcdonalds,đồ_ăn ngon vẫn thích mcdonalds,đồ_ăn ngon mcdonalds
nơi bận rộn tuyệt vời. vị trí tuyệt vời. tôi đặc biệt yêu thích khu vực nơi nó nằm. đôi khi tôi đã có một bữa tối đêm khuya cho con trai tôi và sử dụng ứng dụng grab của tôi để lấy một chiếc taxi xe máy để đưa tôi trở lại khách sạn. tôi chỉ yêu hà nội đã đi khắp nơi một mình bằng cách sử dụng grab.,positive,nơi bận_rộn tuyệt_vời . vị_trí tuyệt_vời . tôi đặc_biệt yêu thích khu_vực nơi nó nằm . đôi_khi tôi đã có một bữa tối đêm khuya cho con trai tôi và sử_dụng ứng_dụng grab của tôi để lấy một chiếc taxi xe_máy để đưa tôi trở_lại khách_sạn . tôi chỉ yêu hà_nội đã đi khắp_nơi một_mình bằng cách sử_dụng grab .,nơi bận_rộn tuyệt_vời . vị_trí tuyệt_vời . tôi đặc_biệt yêu thích khu_vực nơi nó nằm . đôi_khi tôi đã có một bữa tối đêm khuya cho con trai tôi và sử_dụng ứng_dụng grab của tôi để lấy một chiếc taxi xe_máy để đưa tôi trở_lại khách_sạn . tôi chỉ yêu hà_nội đã đi khắp_nơi một_mình bằng cách sử_dụng grab .,bận_rộn tuyệt_vời vị_trí tuyệt_vời đặc_biệt yêu khu_vực nằm đôi_khi tối khuya trai sử_dụng ứng_dụng grab taxi xe_máy trở_lại khách_sạn yêu hà_nội khắp_nơi một_mình sử_dụng grab
"đã ăn ở cả kfc, lote và mc. ở mc cũng không thấy có gì đặc sắc hơn. ở đây việc chọn miếng gà khá khó, được cái vị trí đẹp",positive,"đã ăn_ở cả kfc , lote và mc . ở mc cũng không thấy có gì đặc_sắc hơn . ở đây việc chọn miếng gà khá khó , được cái vị_trí đẹp","đã ăn_ở cả kfc , lote và mc . ở mc cũng không thấy có gì đặc_sắc hơn . ở đây việc chọn miếng gà khá khó , được cái vị_trí đẹp",ăn_ở kfc lote mc mc đặc_sắc miếng gà vị_trí đẹp
không có kiến thức tiếng anh,negative,không có kiến_thức tiếng_anh,không có kiến_thức tiếng_anh,kiến_thức tiếng_anh
"không gian hạn chế, bãi đỗ xe cũng hạn chế",negative,"không_gian hạn_chế , bãi đỗ xe cũng hạn_chế","không_gian hạn_chế , bãi đỗ xe cũng hạn_chế",không_gian hạn_chế bãi đỗ xe hạn_chế
"không phải là một fan hâm mộ của mcdonalds nói chung nhưng đã bỏ lỡ một hương vị về nhà và mcdonald mcdonald này giống hệt như ở mỹ, mọi thứ đều có vị chính xác như trở về nhà",positive,"không phải là một fan hâm_mộ của mcdonalds nói_chung nhưng đã bỏ lỡ một hương_vị về nhà và mcdonald mcdonald này giống_hệt như ở mỹ , mọi thứ đều có vị chính_xác như trở về nhà","không phải là một fan hâm_mộ của mcdonalds nói_chung nhưng đã bỏ lỡ một hương_vị về nhà và mcdonald mcdonald này giống_hệt như ở mỹ , mọi thứ đều có vị chính_xác như trở về nhà",fan hâm_mộ mcdonalds nói_chung lỡ hương_vị mcdonald mcdonald giống_hệt mỹ vị chính_xác trở
yêu mac big của tôi giống như ở nhà,positive,yêu mac big của tôi giống như ở nhà,yêu mac big của tôi giống như ở nhà,yêu mac big
một fastfood bình thường d,neutral,một fastfood bình_thường d,một fastfood bình_thường d,fastfood bình_thường d
khi mcdo nghỉ ngơi,positive,khi mcdo nghỉ_ngơi,khi mcdo nghỉ_ngơi,mcdo nghỉ_ngơi
là tốt,positive,là tốt,là tốt,
khỏi nói proo,positive,khỏi nói proo,khỏi nói proo,proo
gà ngon nhất trong các nhà hàng cùng loại,positive,gà ngon nhất trong các nhà_hàng cùng loại,gà ngon nhất trong các nhà_hàng cùng loại,gà ngon nhà_hàng
có mac lớn tuyệt vời với giá khá tốt,positive,có mac lớn tuyệt_vời với giá khá tốt,có mac lớn tuyệt_vời với giá khá tốt,mac tuyệt_vời giá
cửa hàng thương hiệu nổi tiếng,positive,cửa_hàng thương_hiệu nổi_tiếng,cửa_hàng thương_hiệu nổi_tiếng,cửa_hàng thương_hiệu nổi_tiếng
anh bạn có một mcdonald ở quảng trường hà nội,positive,anh bạn có một mcdonald ở quảng_trường hà_nội,anh bạn có một mcdonald ở quảng_trường hà_nội,mcdonald quảng_trường hà_nội
có băng matcha. đó là giá trị một phần tư giờ nghỉ.,neutral,có băng matcha . đó là giá_trị một phần tư giờ nghỉ .,có băng matcha . đó là giá_trị một phần tư giờ nghỉ .,băng matcha giá_trị tư nghỉ
nơi có thiết bị đầu cuối tự phục vụ. các nhân viên biết cách nói tiếng anh và bạn có thể yêu cầu thực đơn được viết bằng tiếng anh.,positive,nơi có thiết_bị_đầu_cuối tự_phục_vụ . các nhân_viên biết cách nói tiếng anh và bạn có_thể yêu_cầu thực_đơn được viết bằng tiếng anh .,nơi có thiết_bị_đầu_cuối tự_phục_vụ . các nhân_viên biết cách nói tiếng anh và bạn có_thể yêu_cầu thực_đơn được viết bằng tiếng anh .,thiết_bị_đầu_cuối tự_phục_vụ nhân_viên tiếng có_thể yêu_cầu thực_đơn viết tiếng
nv xinhh,positive,nv xinhh,nv xinhh,nv xinhh
yêu nó,positive,yêu nó,yêu nó,yêu
quá giá và béo ngậy.,neutral,quá giá và béo ngậy .,quá giá và béo ngậy .,giá béo ngậy
chỉ là mcdonald xung quanh seoho,neutral,chỉ là mcdonald xung_quanh seoho,chỉ là mcdonald xung_quanh seoho,mcdonald xung_quanh seoho
"những tối mở phố đi bộ, ở đây lúc nào cũng chật kín.",positive,"những tối mở phố đi bộ , ở đây lúc_nào cũng chật kín .","những tối mở phố đi bộ , ở đây lúc_nào cũng chật kín .",tối phố lúc_nào chật kín
"vị trí đẹp, đồ ăn bình thường",neutral,"vị_trí đẹp , đồ_ăn bình_thường","vị_trí đẹp , đồ_ăn bình_thường",vị_trí đẹp đồ_ăn bình_thường
rất tốt cho việc ăn uống nhanh trẻ em thì hay muốn đến xuất ăn trẻ em rất rẻ,positive,rất tốt cho việc ăn_uống nhanh trẻ_em thì hay muốn đến xuất ăn trẻ_em rất rẻ,rất tốt cho việc ăn_uống nhanh trẻ_em thì hay muốn đến xuất ăn trẻ_em rất rẻ,ăn_uống trẻ_em xuất trẻ_em rẻ
đồ ăn ngon. giá hợp lý. nhân viên thân thiện.,positive,đồ_ăn ngon . giá hợp_lý . nhân_viên thân_thiện .,đồ_ăn ngon . giá hợp_lý . nhân_viên thân_thiện .,đồ_ăn ngon giá hợp_lý nhân_viên thân_thiện
thức ăn rất tuyệt ..,positive,thức_ăn rất tuyệt ..,thức_ăn rất tuyệt ..,thức_ăn tuyệt ..
nó không có gì khác với mcdonald ở nhật bản. có cà phê việt nam không,neutral,nó không có gì khác với mcdonald ở nhật_bản . có cà_phê việt_nam không,nó không có gì khác với mcdonald ở nhật_bản . có cà_phê việt_nam không,mcdonald nhật_bản cà_phê việt_nam
"mcdonalds việt nam cam kết áp dụng tiêu chuẩn của mcdonalds toàn cầu, đó là quality chất lượng, service dịch vụ, cleanliness vệ sinh values giá trị. high quality food thực phẩm chất lượng superior service phục vụ chuyên nghiệp clean and welcoming environment môi trường sạch sẽ và thân thiện great value for money giá cả hợp lý đã trải nghiệm tại quán và điểm trừ duy nhất là xếp hàng lâu quá 😁",positive,"mcdonalds việt_nam cam_kết áp_dụng tiêu_chuẩn của mcdonalds toàn_cầu , đó là quality chất_lượng , service dịch_vụ , cleanliness vệ_sinh values giá_trị . high quality food thực_phẩm chất_lượng superior service phục_vụ chuyên_nghiệp clean and welcoming environment môi_trường sạch_sẽ và thân_thiện great value for money giá_cả hợp_lý đã trải_nghiệm tại quán và điểm trừ duy_nhất là xếp_hàng lâu quá 😁","mcdonalds việt_nam cam_kết áp_dụng tiêu_chuẩn của mcdonalds toàn_cầu , đó là quality chất_lượng , service dịch_vụ , cleanliness vệ_sinh values giá_trị . high quality food thực_phẩm chất_lượng superior service phục_vụ chuyên_nghiệp clean and welcoming environment môi_trường sạch_sẽ và thân_thiện great value for money giá_cả hợp_lý đã trải_nghiệm tại quán và điểm trừ duy_nhất là xếp_hàng lâu quá :khuôn mặt rạng rỡ với đôi mắt cười:",mcdonalds việt_nam cam_kết áp_dụng tiêu_chuẩn mcdonalds toàn_cầu quality chất_lượng service dịch_vụ cleanliness vệ_sinh values giá_trị high quality food thực_phẩm chất_lượng superior service phục_vụ chuyên_nghiệp clean and welcoming environment môi_trường sạch_sẽ thân_thiện great value for money giá_cả hợp_lý trải_nghiệm quán trừ duy_nhất xếp_hàng :khuôn mặt rạng rỡ đôi mắt cười:
"vì vậy, chậm cho một mcdonalds.",negative,"vì_vậy , chậm cho một mcdonalds .","vì_vậy , chậm cho một mcdonalds .",vì_vậy chậm mcdonalds
"có lẽ là mcdonald chậm nhất mà tôi từng đến. mất 15 phút cho một chiếc bánh táo tôi không nói rằng nó sẽ mất nhiều thời gian như vậy. những người khác đang chờ đợi tối đa 20 phút cho thực phẩm tiêu chuẩn khác. nếu không, đó chỉ là một mcdonald thực sự.",neutral,"có_lẽ là mcdonald chậm nhất mà tôi từng đến . mất 15 phút cho một chiếc bánh táo tôi không nói rằng nó sẽ mất nhiều thời_gian như_vậy . những người khác đang chờ_đợi tối_đa 20 phút cho thực_phẩm tiêu_chuẩn khác . nếu không , đó chỉ là một mcdonald thực_sự .","có_lẽ là mcdonald chậm nhất mà tôi từng đến . mất 15 phút cho một chiếc bánh táo tôi không nói rằng nó sẽ mất nhiều thời_gian như_vậy . những người khác đang chờ_đợi tối_đa 20 phút cho thực_phẩm tiêu_chuẩn khác . nếu không , đó chỉ là một mcdonald thực_sự .",có_lẽ mcdonald chậm 15 phút bánh táo thời_gian như_vậy chờ_đợi tối_đa 20 phút thực_phẩm tiêu_chuẩn mcdonald
"quá đông khách, không đủ chỗ ngồi, chỗ rửa tay rất bẩn",neutral,"quá đông khách , không đủ chỗ ngồi , chỗ rửa tay rất bẩn","quá đông khách , không đủ chỗ ngồi , chỗ rửa tay rất bẩn",đông chỗ chỗ rửa bẩn
công cụ thông thường,positive,công_cụ thông_thường,công_cụ thông_thường,công_cụ thông_thường
địa điểm đông đúc nhiều người nước ngoài,positive,địa_điểm đông_đúc nhiều người nước_ngoài,địa_điểm đông_đúc nhiều người nước_ngoài,địa_điểm đông_đúc nước_ngoài
đơn đặt hàng có thể được thực hiện bằng cách sử dụng bảng điều khiển đã cài đặt. khá thuận tiện,positive,đơn đặt_hàng có_thể được thực_hiện bằng cách sử_dụng bảng điều_khiển đã cài_đặt . khá thuận_tiện,đơn đặt_hàng có_thể được thực_hiện bằng cách sử_dụng bảng điều_khiển đã cài_đặt . khá thuận_tiện,đơn đặt_hàng có_thể thực_hiện sử_dụng bảng điều_khiển cài_đặt thuận_tiện
gà ngon,positive,gà ngon,gà ngon,gà ngon
"mcdonald thông thường. không có gì đặc biệt. tại nhà ga cảm giác, lệnh được giúp đỡ bởi một nhân viên trong hội trường, người đã nói bằng tiếng nga. giá cả tốt, ở nga dường như rẻ hơn. 2 khoai tây, 2 cheesburgers nhỏ, 2 mã dường như có vẻ 230 nghìn đồng. nó có vị khá ngon. vòi là miễn phí.",positive,"mcdonald thông_thường . không có gì đặc_biệt . tại nhà_ga cảm_giác , lệnh được giúp_đỡ bởi một nhân_viên trong hội_trường , người đã nói bằng tiếng nga . giá_cả tốt , ở nga dường_như rẻ hơn . 2 khoai_tây , 2 cheesburgers nhỏ , 2 mã dường_như có_vẻ 230 nghìn đồng . nó có vị khá ngon . vòi là miễn_phí .","mcdonald thông_thường . không có gì đặc_biệt . tại nhà_ga cảm_giác , lệnh được giúp_đỡ bởi một nhân_viên trong hội_trường , người đã nói bằng tiếng nga . giá_cả tốt , ở nga dường_như rẻ hơn . 2 khoai_tây , 2 cheesburgers nhỏ , 2 mã dường_như có_vẻ 230 nghìn đồng . nó có vị khá ngon . vòi là miễn_phí .",mcdonald thông_thường đặc_biệt nhà_ga lệnh giúp_đỡ nhân_viên hội_trường tiếng nga giá_cả nga dường_như rẻ 2 khoai_tây 2 cheesburgers 2 mã dường_như có_vẻ 230 nghìn đồng vị ngon vòi miễn_phí
"buổi sáng chưa có bigmac nên gọi tạm set nhẹ. không rõ có vẫn cùng một nguồn nhập khẩu không mà mình cảm giác như ăn vị cà chua nội địa. điểm cộng vị trí thuận tiện khá mới, sạch sẽ có booth order tự động phục vụ nhanh điểm trừ maccafe chất lượng dở xuyên suốt bánh táo vị không giống đồ ăn cho người vị trí cạnh bốt công an không thân thiện với người vn",positive,"buổi sáng chưa có bigmac nên gọi tạm set nhẹ . không rõ có vẫn cùng một nguồn nhập_khẩu không mà mình cảm_giác như ăn vị cà_chua nội_địa . điểm cộng vị_trí thuận_tiện khá mới , sạch_sẽ có booth order tự_động phục_vụ nhanh điểm trừ maccafe chất_lượng dở xuyên suốt bánh táo vị không giống đồ_ăn cho người vị_trí cạnh bốt công_an không thân_thiện với người vn","buổi sáng chưa có bigmac nên gọi tạm set nhẹ . không rõ có vẫn cùng một nguồn nhập_khẩu không mà mình cảm_giác như ăn vị cà_chua nội_địa . điểm cộng vị_trí thuận_tiện khá mới , sạch_sẽ có booth order tự_động phục_vụ nhanh điểm trừ maccafe chất_lượng dở xuyên suốt bánh táo vị không giống đồ_ăn cho người vị_trí cạnh bốt công_an không thân_thiện với người vn",bigmac gọi tạm set nhẹ nhập_khẩu vị cà_chua nội_địa cộng vị_trí thuận_tiện sạch_sẽ booth order tự_động phục_vụ trừ maccafe chất_lượng dở xuyên suốt bánh táo vị đồ_ăn vị_trí cạnh bốt công_an thân_thiện vn
"mcdonald là mcdonalds. nhân viên rất dễ chịu. rõ ràng, rõ ràng, trong một xổ số lân cận, tôi nhớ nửa giờ, chiếc burger đang chờ đợi và không có trung đoàn. tôi cởi bỏ điểm số cho cuộn trong big mack cutlet vẫn ổn, nhưng cuộn bị mắc kẹt trong hộp, trong khi tôi đến nhà và không phải là rất. thịt có gạo có rất ít thịt, nhưng, tuy nhiên, điều này tốt hơn và về giá gần như tương tự, nhưng thậm chí tệ hơn, những món ăn như vậy trong minimarkets.",positive,"mcdonald là mcdonalds . nhân_viên rất dễ_chịu . rõ_ràng , rõ_ràng , trong một xổ_số lân_cận , tôi nhớ nửa giờ , chiếc burger đang chờ_đợi và không có trung_đoàn . tôi cởi bỏ điểm_số cho cuộn trong big mack cutlet vẫn ổn , nhưng cuộn bị mắc_kẹt trong hộp , trong khi tôi đến nhà và không phải là rất . thịt có gạo có rất ít thịt , nhưng , tuy_nhiên , điều này tốt hơn và về giá gần như tương_tự , nhưng thậm_chí tệ hơn , những món ăn như_vậy trong minimarkets .","mcdonald là mcdonalds . nhân_viên rất dễ_chịu . rõ_ràng , rõ_ràng , trong một xổ_số lân_cận , tôi nhớ nửa giờ , chiếc burger đang chờ_đợi và không có trung_đoàn . tôi cởi bỏ điểm_số cho cuộn trong big mack cutlet vẫn ổn , nhưng cuộn bị mắc_kẹt trong hộp , trong khi tôi đến nhà và không phải là rất . thịt có gạo có rất ít thịt , nhưng , tuy_nhiên , điều này tốt hơn và về giá gần như tương_tự , nhưng thậm_chí tệ hơn , những món ăn như_vậy trong minimarkets .",mcdonald mcdonalds nhân_viên dễ_chịu xổ_số lân_cận nửa burger chờ_đợi trung_đoàn cởi điểm_số cuộn big mack cutlet ổn cuộn mắc_kẹt hộp thịt gạo thịt tuy_nhiên giá tương_tự thậm_chí tệ món như_vậy minimarkets
"tôi không phải là một fan hâm mộ của thức ăn nhanh, đặc biệt là không phải là một thương hiệu mà tôi có ở đất nước của tôi. tuy nhiên, vì thời tiết xấu, chúng tôi chỉ có điều đó để về nhà nhanh chóng. các thị hiếu khác nhau của phápanhhàn quốc nhưng rất đáng ngạc nhiên đối với mcdonald. dịch vụ chỉ chậm một chút nhưng có rất nhiều người. tôi nghĩ rằng một số khách du lịch tự lấy các vị vua với những lời chỉ trích về những người định cư điển hình, vì họ đã tức giận mà không có lý do sau khi xác nhận một đơn đặt hàng hai phút trước đó. tôi hài lòng với nơi này. gà rán rất ngon đã ghé thăm vào tháng 9",neutral,"tôi không phải là một fan hâm_mộ của thức_ăn nhanh , đặc_biệt là không phải là một thương_hiệu mà tôi có ở đất_nước của tôi . tuy_nhiên , vì thời_tiết xấu , chúng_tôi chỉ có_điều đó để về nhà nhanh_chóng . các thị_hiếu khác nhau của phápanhhàn quốc nhưng rất đáng ngạc_nhiên đối_với mcdonald . dịch_vụ chỉ chậm một_chút nhưng có rất nhiều người . tôi nghĩ rằng một_số khách du_lịch tự lấy các vị vua với những lời chỉ_trích về những người định_cư điển_hình , vì họ đã tức_giận mà không có lý_do sau khi xác_nhận một đơn đặt_hàng hai phút trước đó . tôi hài_lòng với nơi này . gà rán rất ngon đã ghé thăm vào tháng 9","tôi không phải là một fan hâm_mộ của thức_ăn nhanh , đặc_biệt là không phải là một thương_hiệu mà tôi có ở đất_nước của tôi . tuy_nhiên , vì thời_tiết xấu , chúng_tôi chỉ có_điều đó để về nhà nhanh_chóng . các thị_hiếu khác nhau của phápanhhàn quốc nhưng rất đáng ngạc_nhiên đối_với mcdonald . dịch_vụ chỉ chậm một_chút nhưng có rất nhiều người . tôi nghĩ rằng một_số khách du_lịch tự lấy các vị vua với những lời chỉ_trích về những người định_cư điển_hình , vì họ đã tức_giận mà không có lý_do sau khi xác_nhận một đơn đặt_hàng hai phút trước đó . tôi hài_lòng với nơi này . gà rán rất ngon đã ghé thăm vào tháng 9",fan hâm_mộ thức_ăn đặc_biệt thương_hiệu đất_nước tuy_nhiên thời_tiết xấu chúng_tôi có_điều nhanh_chóng thị_hiếu phápanhhàn quốc ngạc_nhiên đối_với mcdonald dịch_vụ chậm một_chút một_số du_lịch vị vua chỉ_trích định_cư điển_hình tức_giận lý_do xác_nhận đơn đặt_hàng hai phút hài_lòng gà rán ngon ghé thăm 9
"đồ ăn và uống ok. phục vụ chu đáo. không gian thoải mái, trong phòng kín. không phù hợp cho trẻ nhỏ chạy nhảy. có bàn to cho nhóm và bàn nhỏ cho cặp đôi. ok, thanks",positive,"đồ_ăn và uống ok . phục_vụ chu_đáo . không_gian thoải_mái , trong phòng kín . không phù_hợp cho trẻ nhỏ chạy_nhảy . có bàn to cho nhóm và bàn nhỏ cho cặp đôi . ok , thanks","đồ_ăn và uống ok . phục_vụ chu_đáo . không_gian thoải_mái , trong phòng kín . không phù_hợp cho trẻ nhỏ chạy_nhảy . có bàn to cho nhóm và bàn nhỏ cho cặp đôi . ok , thanks",đồ_ăn uống ok phục_vụ chu_đáo không_gian thoải_mái phòng kín phù_hợp trẻ chạy_nhảy bàn to bàn cặp đôi ok thanks
"mình order 2 miếng gà và yêu cầu không lấy cục cánh , lúc mang đồ ra bạn nv bảo gà lấy ngẫu nhiên không được chọn, và ngẫu nhiên lại đúng 2 cục cánh. quá vô lý và mất lịch sự placed an order and asked for not picking pieces with wings, a staff gave me my food and it was exactly wings , he said that they choose random and customer cant get what they want so disappointed",negative,"mình order 2 miếng gà và yêu_cầu không lấy cục cánh , lúc mang đồ ra bạn nv bảo gà lấy ngẫu_nhiên không được chọn , và ngẫu_nhiên lại đúng 2 cục cánh . quá vô_lý và mất lịch_sự placed an order and asked for not picking pieces with wings , a staff gave me my food and it was exactly wings , he said that they choose random and customer cant get what they want so disappointed","mình order 2 miếng gà và yêu_cầu không lấy cục cánh , lúc mang đồ ra bạn nv bảo gà lấy ngẫu_nhiên không được chọn , và ngẫu_nhiên lại đúng 2 cục cánh . quá vô_lý và mất lịch_sự placed an order and asked for not picking pieces with wings , a staff gave me my food and it was exactly wings , he said that they choose random and customer cant get what they want so disappointed",order 2 miếng gà yêu_cầu cục cánh đồ nv bảo gà ngẫu_nhiên ngẫu_nhiên 2 cục cánh vô_lý lịch_sự placed an order and asked for not picking pieces with wings a staff gave me my food and it was exactly wings he said that they choose random and customer cant get what they want disappointed
đó là một mcdonald thường xuyên.,neutral,đó là một mcdonald thường_xuyên .,đó là một mcdonald thường_xuyên .,mcdonald thường_xuyên
giống như tất cả các mcdonalds,neutral,giống như tất_cả các mcdonalds,giống như tất_cả các mcdonalds,tất_cả mcdonalds
luôn luôn đám đông,positive,luôn_luôn đám đông,luôn_luôn đám đông,luôn_luôn đám đông
đặt hàng khoai tây chiên. nó đã sẵn sàng trước khi con số xuất hiện trên màn hình nhưng anh chàng đã hét lên số thứ tự bằng tiếng việt nên tôi không biết. ồ tốt ...,positive,đặt_hàng khoai_tây chiên . nó đã sẵn_sàng trước khi con_số xuất_hiện trên màn_hình nhưng anh_chàng đã hét lên số thứ_tự bằng tiếng việt nên tôi không biết . ồ tốt ...,đặt_hàng khoai_tây chiên . nó đã sẵn_sàng trước khi con_số xuất_hiện trên màn_hình nhưng anh_chàng đã hét lên số thứ_tự bằng tiếng việt nên tôi không biết . ồ tốt ...,đặt_hàng khoai_tây chiên sẵn_sàng con_số xuất_hiện màn_hình anh_chàng hét thứ_tự tiếng việt ...
phong cách việt nam mcdonalds một gói khoảng 300k dong việt nam,positive,phong_cách việt_nam mcdonalds một gói khoảng 300k dong việt_nam,phong_cách việt_nam mcdonalds một gói khoảng 300k dong việt_nam,phong_cách việt_nam mcdonalds gói 300k dong việt_nam
dịch vụ tuyệt vời và nhanh chóng. ước gì họ có một chiếc burger mac thịt lợn,positive,dịch_vụ tuyệt_vời và nhanh_chóng . ước gì họ có một chiếc burger mac thịt lợn,dịch_vụ tuyệt_vời và nhanh_chóng . ước gì họ có một chiếc burger mac thịt lợn,dịch_vụ tuyệt_vời nhanh_chóng ước burger mac thịt lợn
"burger ngon, vị trí đẹp.",positive,"burger ngon , vị_trí đẹp .","burger ngon , vị_trí đẹp .",burger ngon vị_trí đẹp
đông. đăt. sang chanh phong trao,neutral,đông . đăt . sang chanh phong trao,đông . đăt . sang chanh phong trao,đông đăt chanh phong trao
tôi đã có một burger kết hợp với nước sốt teriyaki cho lễ hội tet. nó là tuyệt vời.,positive,tôi đã có một burger kết_hợp với nước sốt teriyaki cho lễ_hội tet . nó là tuyệt_vời .,tôi đã có một burger kết_hợp với nước sốt teriyaki cho lễ_hội tet . nó là tuyệt_vời .,burger kết_hợp sốt teriyaki lễ_hội tet tuyệt_vời
thái độ phục vụ của nhân viên quá tệ,negative,thái_độ phục_vụ của nhân_viên quá tệ,thái_độ phục_vụ của nhân_viên quá tệ,thái_độ phục_vụ nhân_viên tệ
ồ,negative,ồ,ồ,
đông quá nên cảm nhận khi ăn không được ngon,neutral,đông quá nên cảm_nhận khi ăn không được ngon,đông quá nên cảm_nhận khi ăn không được ngon,đông cảm_nhận ngon
"tuyệt vời, đồ ăn ngon",positive,"tuyệt_vời , đồ_ăn ngon","tuyệt_vời , đồ_ăn ngon",tuyệt_vời đồ_ăn ngon
bận. nhưng làm cho nó hoàn thành,positive,bận . nhưng làm cho nó hoàn_thành,bận . nhưng làm cho nó hoàn_thành,bận hoàn_thành
"đồ ăn rất ngon, fast serving",positive,"đồ_ăn rất ngon , fast serving","đồ_ăn rất ngon , fast serving",đồ_ăn ngon fast serving
"ăn ngon và vị trí đẹp, sát cạnh hồ gươm.",positive,"ăn ngon và vị_trí đẹp , sát cạnh hồ gươm .","ăn ngon và vị_trí đẹp , sát cạnh hồ gươm .",ngon vị_trí đẹp sát cạnh hồ gươm
không khí hơi nghèo ...,neutral,không_khí hơi nghèo ...,không_khí hơi nghèo ...,không_khí hơi nghèo ...
"đôi khi các nhân viên sẽ không cho phép bạn đi lên nếu đến muộn. nếu không, đó là dịch vụ và thực phẩm khá tốt",positive,"đôi_khi các nhân_viên sẽ không cho_phép bạn đi lên nếu đến muộn . nếu không , đó là dịch_vụ và thực_phẩm khá tốt","đôi_khi các nhân_viên sẽ không cho_phép bạn đi lên nếu đến muộn . nếu không , đó là dịch_vụ và thực_phẩm khá tốt",đôi_khi nhân_viên cho_phép muộn dịch_vụ thực_phẩm
đồ ăn được. phù hợp với trẻ em.,positive,đồ_ăn được . phù_hợp với trẻ_em .,đồ_ăn được . phù_hợp với trẻ_em .,đồ_ăn phù_hợp trẻ_em
"đồ ăn ngon,mỗi tội hơi đông",positive,"đồ_ăn ngon , mỗi_tội hơi đông","đồ_ăn ngon , mỗi_tội hơi đông",đồ_ăn ngon mỗi_tội hơi đông
dịch vụ burger được chuẩn bị tốt và chuẩn bị không thể chấp nhận được ở nhà,negative,dịch_vụ burger được chuẩn_bị tốt và chuẩn_bị không_thể chấp_nhận được ở nhà,dịch_vụ burger được chuẩn_bị tốt và chuẩn_bị không_thể chấp_nhận được ở nhà,dịch_vụ burger chuẩn_bị chuẩn_bị không_thể chấp_nhận
vị trí là tốt nhất. wifi miễn phí.,positive,vị_trí là tốt nhất . wifi miễn_phí .,vị_trí là tốt nhất . wifi miễn_phí .,vị_trí wifi miễn_phí
địa điểm đẹp,positive,địa_điểm đẹp,địa_điểm đẹp,địa_điểm đẹp
mcdonald ở việt nam ít ngon hơn đài loan và giá không rẻ hơn.,negative,mcdonald ở việt_nam ít ngon hơn đài_loan và giá không rẻ hơn .,mcdonald ở việt_nam ít ngon hơn đài_loan và giá không rẻ hơn .,mcdonald việt_nam ngon đài_loan giá rẻ
họ có 5 loại nước sốt,positive,họ có 5 loại nước sốt,họ có 5 loại nước sốt,5 sốt
dịch vụ tuyệt vời và những người tuyệt vời,positive,dịch_vụ tuyệt_vời và những người tuyệt_vời,dịch_vụ tuyệt_vời và những người tuyệt_vời,dịch_vụ tuyệt_vời tuyệt_vời
kinh dị,negative,kinh_dị,kinh_dị,kinh_dị
trứng muffin set 690 dong,positive,trứng muffin set 690 dong,trứng muffin set 690 dong,trứng muffin set 690 dong
"定的外卖 mistook bánh mì kẹp thịt, và didn đã đưa ra nuggets, f king order. họ đã lừa dối theo lệnh và đặt một cái gì đó mà họ không đặt hàng, mặc dù theo kiểm tra, nó là đúng. thêm vào đó, họ đã không đặt najets. tôi không khuyên bạn nên đặt hàng một cái gì đó từ họ",negative,"定的外卖 mistook bánh_mì kẹp thịt , và didn đã đưa ra nuggets , f king order . họ đã lừa_dối theo lệnh và đặt một cái gì đó mà họ không đặt_hàng , mặc_dù theo kiểm_tra , nó là đúng . thêm vào đó , họ đã không đặt najets . tôi không khuyên bạn nên đặt_hàng một cái gì đó từ họ","定的外卖 mistook bánh_mì kẹp thịt , và didn đã đưa ra nuggets , f king order . họ đã lừa_dối theo lệnh và đặt một cái gì đó mà họ không đặt_hàng , mặc_dù theo kiểm_tra , nó là đúng . thêm vào đó , họ đã không đặt najets . tôi không khuyên bạn nên đặt_hàng một cái gì đó từ họ",定的外卖 mistook bánh_mì kẹp thịt didn nuggets f king order lừa_dối lệnh đặt_hàng mặc_dù kiểm_tra najets khuyên đặt_hàng
"chất lượng đồ ăn và nhân viên thì ổn, nhưng cả quán có mỗi 1 nhà vệ sinh bé quá",neutral,"chất_lượng đồ_ăn và nhân_viên thì ổn , nhưng cả quán có mỗi 1 nhà_vệ_sinh bé quá","chất_lượng đồ_ăn và nhân_viên thì ổn , nhưng cả quán có mỗi 1 nhà_vệ_sinh bé quá",chất_lượng đồ_ăn nhân_viên ổn quán 1 nhà_vệ_sinh bé
nhanh,positive,nhanh,nhanh,
ngắm vui thôi,negative,ngắm vui thôi,ngắm vui thôi,ngắm vui
"thực đơn địa phương có sẵn. mayo và nước sốt có thể được khai thác trên nhà tài trợ, điều này cũng rất thực tế. chất lượng thực phẩm không may vì vậy lala. vì vậy, khoai tây chiên có vị như ấm lên từ ngày hôm trước.",neutral,"thực_đơn địa_phương có sẵn . mayo và nước sốt có_thể được khai_thác trên nhà_tài_trợ , điều này cũng rất thực_tế . chất_lượng thực_phẩm không may vì_vậy lala . vì_vậy , khoai_tây chiên có vị như ấm lên từ ngày hôm trước .","thực_đơn địa_phương có sẵn . mayo và nước sốt có_thể được khai_thác trên nhà_tài_trợ , điều này cũng rất thực_tế . chất_lượng thực_phẩm không may vì_vậy lala . vì_vậy , khoai_tây chiên có vị như ấm lên từ ngày hôm trước .",thực_đơn địa_phương sẵn mayo sốt có_thể khai_thác nhà_tài_trợ thực_tế chất_lượng thực_phẩm may vì_vậy lala vì_vậy khoai_tây chiên vị ấm hôm
văngs,positive,văngs,văngs,văngs
"nằm ở con đường bận rộn nhất trong khu phố cũ của hà nội, đối diện hồ hồ hoan. giá gần giống với quốc gia khác. dịch vụ khá tốt với nhân viên nói tiếng anh.",positive,"nằm ở con đường bận_rộn nhất trong khu_phố cũ của hà_nội , đối_diện hồ hồ hoan . giá gần giống với quốc_gia khác . dịch_vụ khá tốt với nhân_viên nói tiếng anh .","nằm ở con đường bận_rộn nhất trong khu_phố cũ của hà_nội , đối_diện hồ hồ hoan . giá gần giống với quốc_gia khác . dịch_vụ khá tốt với nhân_viên nói tiếng anh .",nằm đường bận_rộn khu_phố cũ hà_nội đối_diện hồ hồ hoan giá quốc_gia dịch_vụ nhân_viên tiếng
"đó là vào buổi sáng, vì vậy tôi chỉ bán mac sáng.",positive,"đó là vào buổi sáng , vì_vậy tôi chỉ bán mac sáng .","đó là vào buổi sáng , vì_vậy tôi chỉ bán mac sáng .",vì_vậy mac
việt nam rất tốt mcdonalds,positive,việt_nam rất tốt mcdonalds,việt_nam rất tốt mcdonalds,việt_nam mcdonalds
"có rất nhiều người và giá cả cao nếu bạn không thể tìm thấy thứ gì đó để ăn, bạn có thể đến",positive,"có rất nhiều người và giá_cả cao nếu bạn không_thể tìm thấy thứ gì đó để ăn , bạn có_thể đến","có rất nhiều người và giá_cả cao nếu bạn không_thể tìm thấy thứ gì đó để ăn , bạn có_thể đến",giá_cả không_thể có_thể
đáng yêu,positive,đáng yêu,đáng yêu,yêu
view đẹp...đồ khá ngon,positive,view đẹp ... đồ khá ngon,view đẹp ... đồ khá ngon,view đẹp ... đồ ngon
"wc bẩn kinh khủng, bad service",neutral,"wc bẩn kinh_khủng , bad service","wc bẩn kinh_khủng , bad service",wc bẩn kinh_khủng bad service
mcdonalds bên hồ,positive,mcdonalds bên hồ,mcdonalds bên hồ,mcdonalds hồ
chất lượng theo chuẩn quốc tế. khá đông khách. vị trí đẹp nhìn ra hồ gươm.,positive,chất_lượng theo chuẩn quốc_tế . khá đông khách . vị_trí đẹp nhìn ra hồ gươm .,chất_lượng theo chuẩn quốc_tế . khá đông khách . vị_trí đẹp nhìn ra hồ gươm .,chất_lượng chuẩn quốc_tế đông vị_trí đẹp hồ gươm
không gian thoải mái.,positive,không_gian thoải_mái .,không_gian thoải_mái .,không_gian thoải_mái
ghé qua thôi,positive,ghé qua thôi,ghé qua thôi,ghé
đây là một cửa hàng thực phẩm lễ hội chung,positive,đây là một cửa_hàng thực_phẩm lễ_hội chung,đây là một cửa_hàng thực_phẩm lễ_hội chung,cửa_hàng thực_phẩm lễ_hội
"những nhân viên nhận được đơn đặt hàng là tốt bụng và việc cung cấp thực phẩm rất nhanh thông thường các đơn đặt hàng và bữa ăn thường được gây ra bởi đám đông và tắc nghẽn to lớn. không có nguồn, thay đổi thực phẩm, không, v.v.",positive,"những nhân_viên nhận được đơn đặt_hàng là tốt_bụng và việc cung_cấp thực_phẩm rất nhanh thông_thường các đơn đặt_hàng và bữa ăn thường được gây ra bởi đám đông và tắc_nghẽn to_lớn . không có nguồn , thay_đổi thực_phẩm , không , v.v.","những nhân_viên nhận được đơn đặt_hàng là tốt_bụng và việc cung_cấp thực_phẩm rất nhanh thông_thường các đơn đặt_hàng và bữa ăn thường được gây ra bởi đám đông và tắc_nghẽn to_lớn . không có nguồn , thay_đổi thực_phẩm , không , v.v.",nhân_viên đơn đặt_hàng tốt_bụng cung_cấp thực_phẩm thông_thường đơn đặt_hàng đám đông tắc_nghẽn to_lớn thay_đổi thực_phẩm v.v.
"đồ ăn ngon, có thể tự order qua màn hình cảm ứng để lấy đồ nhanh hơn, nhưng lượng khách vẫn quá đông, order xong đợi 30 mới lấy được đồ.",positive,"đồ_ăn ngon , có_thể tự order qua màn_hình cảm_ứng để lấy đồ nhanh hơn , nhưng lượng khách vẫn quá đông , order xong đợi 30 mới lấy được đồ .","đồ_ăn ngon , có_thể tự order qua màn_hình cảm_ứng để lấy đồ nhanh hơn , nhưng lượng khách vẫn quá đông , order xong đợi 30 mới lấy được đồ .",đồ_ăn ngon có_thể order màn_hình cảm_ứng đồ đông order xong đợi 30 đồ
"mcdonalds bận rộn nhất trong cả nước hương vị như bình thường, giống như những người khác mcdonald",positive,"mcdonalds bận_rộn nhất trong cả nước hương_vị như bình_thường , giống như những người khác mcdonald","mcdonalds bận_rộn nhất trong cả nước hương_vị như bình_thường , giống như những người khác mcdonald",mcdonalds bận_rộn hương_vị bình_thường mcdonald
làm không chuyên nghiệp,negative,làm không chuyên_nghiệp,làm không chuyên_nghiệp,chuyên_nghiệp
"quán này ăn được . tuy không xuất sắc nhưng cũng nên thử , chỉ có điều hơi đắt",positive,"quán này ăn được . tuy không xuất_sắc nhưng cũng_nên thử , chỉ có_điều hơi đắt","quán này ăn được . tuy không xuất_sắc nhưng cũng_nên thử , chỉ có_điều hơi đắt",quán xuất_sắc cũng_nên thử có_điều hơi đắt
thức ăn sạch sẽ nhưng dịch vụ chậm,neutral,thức_ăn sạch_sẽ nhưng dịch_vụ chậm,thức_ăn sạch_sẽ nhưng dịch_vụ chậm,thức_ăn sạch_sẽ dịch_vụ chậm
sách sẽ các bác à,positive,sách sẽ các bác à,sách sẽ các bác à,sách
"dịch vụ hiệu quả, thức ăn ngon",positive,"dịch_vụ hiệu_quả , thức_ăn ngon","dịch_vụ hiệu_quả , thức_ăn ngon",dịch_vụ hiệu_quả thức_ăn ngon
"quán đẹp, sạch sẽ. đồ ăn ngon tuy hơi đắt. quán rất đông vào giờ cao điểm và cách dịp lễ tết. nhân viên phục vụ khá tốt.",positive,"quán đẹp , sạch_sẽ . đồ_ăn ngon tuy hơi đắt . quán rất đông vào giờ cao_điểm và cách dịp lễ_tết . nhân_viên phục_vụ khá tốt .","quán đẹp , sạch_sẽ . đồ_ăn ngon tuy hơi đắt . quán rất đông vào giờ cao_điểm và cách dịp lễ_tết . nhân_viên phục_vụ khá tốt .",quán đẹp sạch_sẽ đồ_ăn ngon hơi đắt quán đông cao_điểm dịp lễ_tết nhân_viên phục_vụ
"không có nhiều khách hàng, nhưng nó đã xuất hiện rất muộn",negative,"không có nhiều khách_hàng , nhưng nó đã xuất_hiện rất muộn","không có nhiều khách_hàng , nhưng nó đã xuất_hiện rất muộn",khách_hàng xuất_hiện muộn
hồ hoàng kiếm,negative,hồ hoàng kiếm,hồ hoàng kiếm,hồ hoàng kiếm
nhân viên tốt và dịch vụ tuyệt vời.,positive,nhân_viên tốt và dịch_vụ tuyệt_vời .,nhân_viên tốt và dịch_vụ tuyệt_vời .,nhân_viên dịch_vụ tuyệt_vời
"đây là mcdonald, nơi bạn có thể gặp bất cứ nơi nào ..",neutral,"đây là mcdonald , nơi bạn có_thể gặp bất_cứ nơi nào ..","đây là mcdonald , nơi bạn có_thể gặp bất_cứ nơi nào ..",mcdonald có_thể bất_cứ ..
"ngon , giá cả hợp lí",positive,"ngon , giá_cả hợp_lí","ngon , giá_cả hợp_lí",ngon giá_cả hợp_lí
"họ đang chùng xuống. dịch vụ này không phải là dịch vụ mcdonald của đẳng cấp thế giới mà tất cả chúng ta đều biết và yêu thích. thực phẩm là tiêu chuẩn mặc dù. mà có vị giống nhau. ngoài ra, hãy cẩn thận để không gây sốc cho bản thân trên phích cắm này.",neutral,"họ đang chùng xuống . dịch_vụ này không phải là dịch_vụ mcdonald của đẳng_cấp thế_giới mà tất_cả chúng_ta đều biết và yêu thích . thực_phẩm là tiêu_chuẩn mặc_dù . mà có vị giống nhau . ngoài_ra , hãy cẩn_thận để không gây sốc cho bản_thân trên phích cắm này .","họ đang chùng xuống . dịch_vụ này không phải là dịch_vụ mcdonald của đẳng_cấp thế_giới mà tất_cả chúng_ta đều biết và yêu thích . thực_phẩm là tiêu_chuẩn mặc_dù . mà có vị giống nhau . ngoài_ra , hãy cẩn_thận để không gây sốc cho bản_thân trên phích cắm này .",chùng dịch_vụ dịch_vụ mcdonald đẳng_cấp thế_giới tất_cả chúng_ta yêu thực_phẩm tiêu_chuẩn mặc_dù vị ngoài_ra cẩn_thận sốc bản_thân phích cắm
tôi thích nhiều loại nước sốt của họ. nhưng tôi không thể tìm thấy menu gạo ở đây,neutral,tôi thích nhiều loại nước sốt của họ . nhưng tôi không_thể tìm thấy menu gạo ở đây,tôi thích nhiều loại nước sốt của họ . nhưng tôi không_thể tìm thấy menu gạo ở đây,sốt không_thể menu gạo
yêu bánh burger phô mai sang trọng của họ,positive,yêu bánh burger phô_mai sang_trọng của họ,yêu bánh burger phô_mai sang_trọng của họ,yêu bánh burger phô_mai sang_trọng
mcd bận rộn với lựa chọn tốt tuy nhiên bộ đếm dịch vụ sal có vấn đề lấy thẻ tín dụng hoặc không thân thiện với người dùng. người nhận đơn đặt hàng của chúng tôi hầu như không thể hiểu được tiếng anh và rất khó để giải thích. mccafe servo tuy nhiên là tuyệt vời.,neutral,mcd bận_rộn với lựa_chọn tốt tuy_nhiên bộ đếm dịch_vụ sal có vấn_đề lấy thẻ_tín_dụng hoặc không thân_thiện với người dùng . người nhận đơn đặt_hàng của chúng_tôi hầu_như không_thể hiểu được tiếng anh và rất khó để giải_thích . mccafe servo tuy_nhiên là tuyệt_vời .,mcd bận_rộn với lựa_chọn tốt tuy_nhiên bộ đếm dịch_vụ sal có vấn_đề lấy thẻ_tín_dụng hoặc không thân_thiện với người dùng . người nhận đơn đặt_hàng của chúng_tôi hầu_như không_thể hiểu được tiếng anh và rất khó để giải_thích . mccafe servo tuy_nhiên là tuyệt_vời .,mcd bận_rộn lựa_chọn tuy_nhiên đếm dịch_vụ sal vấn_đề thẻ_tín_dụng thân_thiện đơn đặt_hàng chúng_tôi hầu_như không_thể tiếng giải_thích mccafe servo tuy_nhiên tuyệt_vời
mcdonald luôn tốt,positive,mcdonald luôn tốt,mcdonald luôn tốt,mcdonald
thật đáng tiếc khi không phục vụ,positive,thật đáng tiếc khi không phục_vụ,thật đáng tiếc khi không phục_vụ,tiếc phục_vụ
"giá tương tự như đài loan thực sự có nhiều khách nhà bếp nhỏ, vì vậy tốc độ bữa ăn sẽ chậm hơn có một nhà vệ sinh miễn phí, một cho nam và nữ, và bạn cần xếp hàng",positive,"giá tương_tự như đài_loan thực_sự có nhiều khách nhà_bếp nhỏ , vì_vậy tốc_độ bữa ăn sẽ chậm hơn có một nhà_vệ_sinh miễn_phí , một cho nam và nữ , và bạn cần xếp_hàng","giá tương_tự như đài_loan thực_sự có nhiều khách nhà_bếp nhỏ , vì_vậy tốc_độ bữa ăn sẽ chậm hơn có một nhà_vệ_sinh miễn_phí , một cho nam và nữ , và bạn cần xếp_hàng",giá tương_tự đài_loan nhà_bếp vì_vậy tốc_độ chậm nhà_vệ_sinh miễn_phí nam nữ xếp_hàng
"không tat bang mcdonal hoang dao thuy. mieng ga qua be. se không quay lai nua vi xung quanh co nhieu cua hang an nhanh hon... gia ca hop ly hon. tuy nhien, co 1 diem cong cua mcdonal so voi cac cua hang khac la nhan vien chuyen nghiep hon. va da du ky tu chua nhi cho chac chan",neutral,"không tat bang mcdonal hoang dao thuy . mieng ga qua be . se không quay lai nua vi xung_quanh co nhieu cua hang an nhanh hon ... gia ca hop ly hon . tuy nhien , co 1 diem cong cua mcdonal so voi cac cua hang khac la nhan vien chuyen nghiep hon . va da du ky tu chua nhi cho chac chan","không tat bang mcdonal hoang dao thuy . mieng ga qua be . se không quay lai nua vi xung_quanh co nhieu cua hang an nhanh hon ... gia ca hop ly hon . tuy nhien , co 1 diem cong cua mcdonal so voi cac cua hang khac la nhan vien chuyen nghiep hon . va da du ky tu chua nhi cho chac chan",tat bang mcdonal hoang dao thuy mieng ga be se lai nua vi xung_quanh co nhieu cua hang an hon ... gia ca hop ly hon nhien co 1 diem cong cua mcdonal voi cac cua hang khac la nhan vien chuyen nghiep hon va da du ky tu chua nhi chac chan
đó là một nơi gặp gỡ tour du lịch và tôi đã đi vào một lúc và mua nước đóng chai.,neutral,đó là một nơi gặp_gỡ tour du_lịch và tôi đã đi vào một lúc và mua nước đóng_chai .,đó là một nơi gặp_gỡ tour du_lịch và tôi đã đi vào một lúc và mua nước đóng_chai .,gặp_gỡ tour du_lịch mua đóng_chai
"tôi đã mệt mỏi khi đi bộ vào buổi sáng, nhưng tôi đã có thể nghỉ ngơi nhàn nhã. đó là một hương vị phổ quát",positive,"tôi đã mệt_mỏi khi đi bộ vào buổi sáng , nhưng tôi đã có_thể nghỉ_ngơi nhàn_nhã . đó là một hương_vị phổ_quát","tôi đã mệt_mỏi khi đi bộ vào buổi sáng , nhưng tôi đã có_thể nghỉ_ngơi nhàn_nhã . đó là một hương_vị phổ_quát",mệt_mỏi có_thể nghỉ_ngơi nhàn_nhã hương_vị phổ_quát
được rồi,neutral,được rồi,được rồi,
"thức ăn ok, nhanh, nhân viên phục vụ tốt. tuy nhiên nhân viên order mặt rất thái độ. hỏi và trả lời rất khó ưa, nhìn mặt không cười nổi 1 cái với khách hàng. bước vào cửa thì quầy order là nơi tiếp xúc đầu tiên đã gây mất thiện cảm nên ăn trưa cũng không ngon nổi. cứ như tôi mắc nợ anh ta cái gì. trong lúc order rất vắng khách, chỉ có tôi thì không lý gì anh ta lại tỏ thái độ mệt mỏi và khinh khỉnh như thế. no reccommend",negative,"thức_ăn ok , nhanh , nhân_viên phục_vụ tốt . tuy_nhiên nhân_viên order mặt rất thái_độ . hỏi và trả_lời rất khó ưa , nhìn mặt không cười nổi 1 cái với khách_hàng . bước vào cửa thì quầy order là nơi tiếp_xúc đầu_tiên đã gây mất thiện_cảm nên ăn trưa cũng không ngon nổi . cứ như tôi mắc nợ anh ta cái gì . trong lúc order rất vắng khách , chỉ có tôi thì không lý gì anh ta lại tỏ thái_độ mệt_mỏi và khinh_khỉnh như_thế . no reccommend","thức_ăn ok , nhanh , nhân_viên phục_vụ tốt . tuy_nhiên nhân_viên order mặt rất thái_độ . hỏi và trả_lời rất khó ưa , nhìn mặt không cười nổi 1 cái với khách_hàng . bước vào cửa thì quầy order là nơi tiếp_xúc đầu_tiên đã gây mất thiện_cảm nên ăn trưa cũng không ngon nổi . cứ như tôi mắc nợ anh ta cái gì . trong lúc order rất vắng khách , chỉ có tôi thì không lý gì anh ta lại tỏ thái_độ mệt_mỏi và khinh_khỉnh như_thế . no reccommend",thức_ăn ok nhân_viên phục_vụ tuy_nhiên nhân_viên order mặt thái_độ trả_lời ưa mặt cười nổi 1 khách_hàng cửa quầy order tiếp_xúc đầu_tiên thiện_cảm trưa ngon nổi mắc nợ ta order vắng lý ta tỏ thái_độ mệt_mỏi khinh_khỉnh như_thế no reccommend
gà ngon hơn kfc và lotteria,positive,gà ngon hơn kfc và lotteria,gà ngon hơn kfc và lotteria,gà ngon kfc lotteria
nó luôn luôn là hương vị tốt,positive,nó luôn_luôn là hương_vị tốt,nó luôn_luôn là hương_vị tốt,luôn_luôn hương_vị
đài loan vẫn tốt hơn,neutral,đài_loan vẫn tốt hơn,đài_loan vẫn tốt hơn,đài_loan
đây là một trong những cửa hàng mac nổi tiếng ở hà nội. nơi này hơi hẹp nhưng chế độ xem cửa sổ là tốt đẹp.,positive,đây là một trong những cửa_hàng mac nổi_tiếng ở hà_nội . nơi này hơi hẹp nhưng chế_độ xem cửa_sổ là tốt_đẹp .,đây là một trong những cửa_hàng mac nổi_tiếng ở hà_nội . nơi này hơi hẹp nhưng chế_độ xem cửa_sổ là tốt_đẹp .,cửa_hàng mac nổi_tiếng hà_nội hơi hẹp chế_độ cửa_sổ tốt_đẹp
"không tuyệt vời, rất đắt tiền và không có món ăn khu vực.",negative,"không tuyệt_vời , rất đắt tiền và không có món ăn khu_vực .","không tuyệt_vời , rất đắt tiền và không có món ăn khu_vực .",tuyệt_vời đắt tiền món khu_vực
"phương pháp đặt hàng kiosk không người lái, có thể được tìm thấy ở hàn quốc, được áp dụng. tất nhiên, bạn cũng có thể đặt hàng tại quầy",positive,"phương_pháp đặt_hàng kiosk không người lái , có_thể được tìm thấy ở hàn_quốc , được áp_dụng . tất_nhiên , bạn cũng có_thể đặt_hàng tại quầy","phương_pháp đặt_hàng kiosk không người lái , có_thể được tìm thấy ở hàn_quốc , được áp_dụng . tất_nhiên , bạn cũng có_thể đặt_hàng tại quầy",phương_pháp đặt_hàng kiosk lái có_thể hàn_quốc áp_dụng tất_nhiên có_thể đặt_hàng quầy
"quán đồ ăn nhanh ngon, vị trí đắc địa, chỗ ngồi sạch sẽ, gọi đồ và nhận đồ rất nhanh. giá thành hơn đắt với ngưòi việt nói chung. đáng để thử và trải nghiệm",positive,"quán đồ_ăn nhanh ngon , vị_trí đắc_địa , chỗ ngồi sạch_sẽ , gọi đồ và nhận đồ rất nhanh . giá_thành hơn đắt với ngưòi việt nói_chung . đáng để thử và trải_nghiệm","quán đồ_ăn nhanh ngon , vị_trí đắc_địa , chỗ ngồi sạch_sẽ , gọi đồ và nhận đồ rất nhanh . giá_thành hơn đắt với ngưòi việt nói_chung . đáng để thử và trải_nghiệm",quán đồ_ăn ngon vị_trí đắc_địa chỗ sạch_sẽ gọi đồ đồ giá_thành đắt ngưòi việt nói_chung thử trải_nghiệm
quá ngon ạ.,positive,quá ngon ạ .,quá ngon ạ .,ngon
thức ăn ngon ..,positive,thức_ăn ngon ..,thức_ăn ngon ..,thức_ăn ngon ..
món ăn ở mcdonald tphcm so với ở hà nội thì bên tphcm ngon hơn và có nhiều chi nhánh mcdonald hơn và nhân viên tốt hơn nhưng hà nội thì cụng khá là ngon nhưng nhân viên và bảo vệ hơi tệ chút. mà vị trí dễ tìm và cũng rất đẹp.,neutral,món ăn_ở mcdonald tphcm so với ở hà_nội thì bên tphcm ngon hơn và có nhiều chi_nhánh mcdonald hơn và nhân_viên tốt hơn nhưng hà_nội thì cụng khá là ngon nhưng nhân_viên và bảo_vệ hơi tệ chút . mà vị_trí dễ tìm và cũng rất đẹp .,món ăn_ở mcdonald tphcm so với ở hà_nội thì bên tphcm ngon hơn và có nhiều chi_nhánh mcdonald hơn và nhân_viên tốt hơn nhưng hà_nội thì cụng khá là ngon nhưng nhân_viên và bảo_vệ hơi tệ chút . mà vị_trí dễ tìm và cũng rất đẹp .,món ăn_ở mcdonald tphcm hà_nội tphcm ngon chi_nhánh mcdonald nhân_viên hà_nội cụng ngon nhân_viên bảo_vệ hơi tệ chút vị_trí đẹp
đồ ăn ở đây rất ngon và cũng rất tiện để ra hồ chơi,positive,đồ_ăn ở đây rất ngon và cũng rất tiện để ra hồ chơi,đồ_ăn ở đây rất ngon và cũng rất tiện để ra hồ chơi,đồ_ăn ngon tiện hồ
biển hiệu hơi khác so với các nhà hàng mcdonald khác,positive,biển_hiệu hơi khác so với các nhà_hàng mcdonald khác,biển_hiệu hơi khác so với các nhà_hàng mcdonald khác,biển_hiệu hơi nhà_hàng mcdonald
điều gì không yêu,positive,điều gì không yêu,điều gì không yêu,yêu
"địa điểm khá thuận tiện, tuy nhiên hơi chật",positive,"địa_điểm khá thuận_tiện , tuy_nhiên hơi chật","địa_điểm khá thuận_tiện , tuy_nhiên hơi chật",địa_điểm thuận_tiện tuy_nhiên hơi chật
5 sao,positive,5 sao,5 sao,5
dạo phố,neutral,dạo phố,dạo phố,dạo phố
trung tâm hà nội,positive,trung_tâm hà_nội,trung_tâm hà_nội,trung_tâm hà_nội
ăn bình thường,neutral,ăn bình_thường,ăn bình_thường,bình_thường
nơi tuyệt đẹp và thức ăn ngon cũng là giá cả tốt,positive,nơi tuyệt đẹp và thức_ăn ngon cũng là giá_cả tốt,nơi tuyệt đẹp và thức_ăn ngon cũng là giá_cả tốt,tuyệt đẹp thức_ăn ngon giá_cả
quá đông đặc biệt dịp cuối tuần,positive,quá đông_đặc biệt dịp cuối tuần,quá đông_đặc biệt dịp cuối tuần,đông_đặc biệt dịp
"buồn ơi là buồn. burger thì không có 1 cọng rau, miếng phomat thì chảy xệ, miếng bánh kẹp thì xốp bóp phát là vỡ. khoai tây chiên thì yểu xìu. nói chung là lần đầu tiên ăn lại sau hơn 9 năm thì mcdonald vẫn tệ như ngày nào.",negative,"buồn ơi_là buồn . burger thì không có 1 cọng rau , miếng phomat thì chảy xệ , miếng bánh kẹp thì xốp bóp phát là vỡ . khoai_tây chiên thì yểu xìu . nói_chung là lần đầu_tiên ăn lại sau hơn 9 năm thì mcdonald vẫn tệ như ngày nào .","buồn ơi_là buồn . burger thì không có 1 cọng rau , miếng phomat thì chảy xệ , miếng bánh kẹp thì xốp bóp phát là vỡ . khoai_tây chiên thì yểu xìu . nói_chung là lần đầu_tiên ăn lại sau hơn 9 năm thì mcdonald vẫn tệ như ngày nào .",buồn ơi_là buồn burger 1 cọng rau miếng phomat chảy xệ miếng bánh kẹp xốp bóp phát vỡ khoai_tây chiên yểu xìu nói_chung đầu_tiên 9 mcdonald tệ
"tôi luôn thích mcdonald. ở đây hoặc ở mỹ hoặc các quốc gia khác, tất cả đều cho cùng một hương vị.",positive,"tôi luôn thích mcdonald . ở đây hoặc ở mỹ hoặc các quốc_gia khác , tất_cả đều cho cùng một hương_vị .","tôi luôn thích mcdonald . ở đây hoặc ở mỹ hoặc các quốc_gia khác , tất_cả đều cho cùng một hương_vị .",mcdonald mỹ quốc_gia tất_cả hương_vị
nhanh chóng và ngon miệng. tốt hơn lotteria,positive,nhanh_chóng và ngon_miệng . tốt hơn lotteria,nhanh_chóng và ngon_miệng . tốt hơn lotteria,nhanh_chóng ngon_miệng lotteria
đó là một mcdonald.,positive,đó là một mcdonald .,đó là một mcdonald .,mcdonald
sốt rất ngon. mù tạt mật ông good,positive,sốt rất ngon . mù_tạt mật ông good,sốt rất ngon . mù_tạt mật ông good,sốt ngon mù_tạt mật good
muffin trà xanh,positive,muffin trà xanh,muffin trà xanh,muffin trà xanh
dịch vụ nhanh chóng,positive,dịch_vụ nhanh_chóng,dịch_vụ nhanh_chóng,dịch_vụ nhanh_chóng
"đồ ăn ngon nhưng vẫn phải cho 1 vì ăn xong mình ra ngoài bắt grab , đang chờ xe mà trời mưa thì bị bảo vệ ra quát đuổi không cho đứng dưới hiên , có nói là cháu vừa ăn xong cháu chờ xe đón , nhưng ông í vẫn quát , để í thì thấy ai ông í cũng quát nên cho 1 chấn chỉnh nhé 🙂",negative,"đồ_ăn ngon nhưng vẫn phải cho 1 vì ăn xong mình ra ngoài bắt grab , đang chờ xe mà trời mưa thì bị bảo_vệ ra quát đuổi không cho đứng dưới hiên , có nói là cháu vừa ăn xong cháu chờ xe đón , nhưng ông í vẫn quát , để í thì thấy ai ông í cũng quát nên cho 1 chấn_chỉnh nhé 🙂","đồ_ăn ngon nhưng vẫn phải cho 1 vì ăn xong mình ra ngoài bắt grab , đang chờ xe mà trời mưa thì bị bảo_vệ ra quát đuổi không cho đứng dưới hiên , có nói là cháu vừa ăn xong cháu chờ xe đón , nhưng ông í vẫn quát , để í thì thấy ai ông í cũng quát nên cho 1 chấn_chỉnh nhé :khuôn mặt hơi mỉm cười:",đồ_ăn ngon 1 xong bắt grab chờ xe trời mưa bảo_vệ quát đuổi đứng hiên cháu xong cháu chờ xe đón í quát í í quát 1 chấn_chỉnh :khuôn mặt hơi mỉm cười:
hôm nay con ra mcdonalds rõ là hộp happy meal được tặng zozo mà lúc nhân viên lại phát quyền sách. lý do hết zozo,positive,hôm_nay con ra mcdonalds rõ là hộp happy meal được tặng zozo mà lúc nhân_viên lại phát quyền sách . lý_do hết zozo,hôm_nay con ra mcdonalds rõ là hộp happy meal được tặng zozo mà lúc nhân_viên lại phát quyền sách . lý_do hết zozo,hôm_nay mcdonalds hộp happy meal tặng zozo nhân_viên phát quyền sách lý_do zozo
nó rất ngon.,positive,nó rất ngon .,nó rất ngon .,ngon
"hơi đông tý, nhưng vẫn chấp nhận được, hơn hẳn kfc.",positive,"hơi đông tý , nhưng vẫn chấp_nhận được , hơn hẳn kfc .","hơi đông tý , nhưng vẫn chấp_nhận được , hơn hẳn kfc .",hơi đông tý chấp_nhận hẳn kfc
"đồ ăn ngon, vị trí đẹp, ứng dụng công nghệ đặt món rất nhanh và thuận tiện",positive,"đồ_ăn ngon , vị_trí đẹp , ứng_dụng công_nghệ đặt món rất nhanh và thuận_tiện","đồ_ăn ngon , vị_trí đẹp , ứng_dụng công_nghệ đặt món rất nhanh và thuận_tiện",đồ_ăn ngon vị_trí đẹp ứng_dụng công_nghệ món thuận_tiện
một sòng bạc,positive,một sòng bạc,một sòng bạc,sòng bạc
"bận rộn, nhưng chỉ là những mcdonalds rắn tốt mà tất cả chúng ta đều biết và sống",positive,"bận_rộn , nhưng chỉ là những mcdonalds rắn tốt mà tất_cả chúng_ta đều biết và sống","bận_rộn , nhưng chỉ là những mcdonalds rắn tốt mà tất_cả chúng_ta đều biết và sống",bận_rộn mcdonalds rắn tất_cả chúng_ta sống
khá ổn,positive,khá ổn,khá ổn,ổn
vị trí tốt,positive,vị_trí tốt,vị_trí tốt,vị_trí
chơ đô ăn qua lâu,negative,chơ đô ăn qua lâu,chơ đô ăn qua lâu,chơ đô
ngon.,positive,ngon .,ngon .,ngon
phong cach phục vụ tất chuyen nghiệp chất lượng ok,positive,phong cach phục_vụ tất chuyen nghiệp chất_lượng ok,phong cach phục_vụ tất chuyen nghiệp chất_lượng ok,phong cach phục_vụ tất chuyen nghiệp chất_lượng ok
ngon tuyệt,positive,ngon tuyệt,ngon tuyệt,ngon tuyệt
"đó là một nơi điên rồ. so với số lượng khách, phòng tắm quá chật chội.",neutral,"đó là một nơi điên_rồ . so với số_lượng khách , phòng tắm quá chật_chội .","đó là một nơi điên_rồ . so với số_lượng khách , phòng tắm quá chật_chội .",điên_rồ số_lượng phòng tắm chật_chội
thức ăn và dịch vụ hoàn hảo,positive,thức_ăn và dịch_vụ hoàn_hảo,thức_ăn và dịch_vụ hoàn_hảo,thức_ăn dịch_vụ hoàn_hảo
quá đông,neutral,quá đông,quá đông,đông
aw heck yis pit stop.,positive,aw heck yis pit stop .,aw heck yis pit stop .,aw heck yis pit stop
các nhân viên thật dễ thương và mac morn cũng rất tuyệt vời,positive,các nhân_viên thật dễ_thương và mac morn cũng rất tuyệt_vời,các nhân_viên thật dễ_thương và mac morn cũng rất tuyệt_vời,nhân_viên dễ_thương mac morn tuyệt_vời
ngon rể,positive,ngon rể,ngon rể,ngon rể
nhân viên thái độ không tốt phân biệt đối xử,negative,nhân_viên thái_độ không tốt phân_biệt đối_xử,nhân_viên thái_độ không tốt phân_biệt đối_xử,nhân_viên thái_độ phân_biệt đối_xử
"đã đi sử dụng phòng tắm và wifi miễn phí, giấy phải được ném vào thùng. sạch sẽ. nhân viên thân thiện.",positive,"đã đi sử_dụng phòng tắm và wifi miễn_phí , giấy phải được ném vào thùng . sạch_sẽ . nhân_viên thân_thiện .","đã đi sử_dụng phòng tắm và wifi miễn_phí , giấy phải được ném vào thùng . sạch_sẽ . nhân_viên thân_thiện .",sử_dụng phòng tắm wifi miễn_phí giấy ném thùng sạch_sẽ nhân_viên thân_thiện
bình thường,positive,bình_thường,bình_thường,bình_thường
giá tương tự trên toàn thế giới. gọn gàng và tốt. ngoài ra còn có một dịch vụ mang burger vào bàn haha,positive,giá tương_tự trên toàn thế_giới . gọn_gàng và tốt . ngoài_ra còn có một dịch_vụ mang burger vào bàn haha,giá tương_tự trên toàn thế_giới . gọn_gàng và tốt . ngoài_ra còn có một dịch_vụ mang burger vào bàn haha,giá tương_tự toàn thế_giới gọn_gàng ngoài_ra dịch_vụ burger bàn haha
tiêu chuẩn bình thường của mcd. nhân viên tốt và hữu ích. mở cửa cho đến nửa đêm vào cuối tuần,positive,tiêu_chuẩn bình_thường của mcd . nhân_viên tốt và hữu_ích . mở_cửa cho đến nửa_đêm vào cuối tuần,tiêu_chuẩn bình_thường của mcd . nhân_viên tốt và hữu_ích . mở_cửa cho đến nửa_đêm vào cuối tuần,tiêu_chuẩn bình_thường mcd nhân_viên hữu_ích mở_cửa nửa_đêm
"nó tốt bụng và sạch sẽ, và chiếc bánh hamburger cũng rất ngon tôi đã nghe khoảng 3.20 tòa nhà cho người lớn.",positive,"nó tốt_bụng và sạch_sẽ , và chiếc bánh hamburger cũng rất ngon tôi đã nghe khoảng 3.20 toà nhà cho người_lớn .","nó tốt_bụng và sạch_sẽ , và chiếc bánh hamburger cũng rất ngon tôi đã nghe khoảng 3.20 toà nhà cho người_lớn .",tốt_bụng sạch_sẽ bánh hamburger ngon 3.20 người_lớn
"rất mát mẻ để khám phá các món ăn mới từ chuỗi này. gạo và thịt lợn rất ngon, gà cũng không giống như ở pháp. trà đào cũng đẹp nhưng quá nhiều nước đá trong đó.",positive,"rất mát_mẻ để khám_phá các món ăn mới từ chuỗi này . gạo và thịt lợn rất ngon , gà cũng không giống như ở pháp . trà đào cũng đẹp nhưng quá nhiều nước_đá trong đó .","rất mát_mẻ để khám_phá các món ăn mới từ chuỗi này . gạo và thịt lợn rất ngon , gà cũng không giống như ở pháp . trà đào cũng đẹp nhưng quá nhiều nước_đá trong đó .",mát_mẻ khám_phá món chuỗi gạo thịt lợn ngon gà pháp trà đào đẹp nước_đá
yum như mọi khi. theo dõi chúng tôi trên facebook drew và karl trong một chuyến đi,positive,yum như mọi_khi . theo_dõi chúng_tôi trên facebook drew và karl trong một chuyến đi,yum như mọi_khi . theo_dõi chúng_tôi trên facebook drew và karl trong một chuyến đi,yum mọi_khi theo_dõi chúng_tôi facebook drew karl chuyến
"mcdonalds có ngon không was mcdonalds good 😀 khoaiinhanoi yup, đợt vừa rồi 2 đứa cuối cùng cũng đã được thử mc donald ở hn 😗 bọn mình đã chọn những thứ căn bản nhất và nổi tiếng nhất ở đấy như mcnuggets, cheeseburger và mcflurry. ngoài ra thì có gọi gà rán với khoai chiên nữa. và thực sự thấy rất bất ngờ, bơi vì mấy món nổi tiếng... chả ngon như lời đồn 😳 burger không ngon bằng của kfc ấy huhu, miếng thịt bò nhạt nhẽo, khô xác xơ, ăn còn không có vị bò, với 1 miếng cheese, tí xốt, hết nuggets cũng thế, vị rất bình thường không có gì thần thánh hết thất vọng quá huhu 😭 cái kéo lại ở đây nhất chính là quầy sốt chấm, có đến tận 5 loại, ngoài ketchup với tương ớt ra thì còn có cả tương ớt tỏi, mù tạt mật ong với mayonnaise. nhưng mà kem thì đúng là ngon thật, ngon nhất trong mấy hãng đồ ăn nhanh kiểu này. gà rán cũng khá được ý. khoai tây chiên ngon, hôm 2 đứa ăn lại còn được khoai mới nóng giòn 😗 thấy có cả bánh nữa nhưng mà 2 đứa chưa thử. nhìn chung là hơi buồn, vì thấy nhiều người nghiện đồ ăn ở đây nên kì vọng hơi nhiều 😅 🔴 mcdonalds 📍2 hàng bài, hà nội 💲15295k yup, on the trip to hanoi, we even tried mc donald 😗 we chose the most famous stuffs there like cheeseburger, mcnuggets and mcflurry, with some other stuffs like fried chicken, fries. were so surprised, cuz... they werent that good 😳 the burger was so bland, dry beef patty, didnt even taste like beef, with a silce of cheese, some sauce, done. same with the nuggets, too normal to be something 😔 the nice thing in here that we love the most was they have 5 kinds of sauce, not just ketchup and chilli sauce, they even have mayonnaise, garlic chilli sauce and honey mustard 😍 but the mcflurry was really good, best ice cream in all of the fasfood franchises for us. the fried chicken was nice. good fries, we got them from a new batch, so they were even hot and crunchy 😚 they have cakes too but we didnt try. in general, it was a lil bit sad, like there are a lot of people that addicted to these stuffs so we really had high expectation... 😔 follow our blog on instagram and facebook for more reviews khoaitaykhoaita_",neutral,"mcdonalds có ngon không was mcdonalds good 😀 khoaiinhanoi yup , đợt vừa_rồi 2 đứa cuối_cùng cũng đã được thử mc donald ở hn 😗 bọn mình đã chọn những thứ căn_bản nhất và nổi_tiếng nhất ở đấy như mcnuggets , cheeseburger và mcflurry . ngoài_ra thì_có gọi gà rán với khoai chiên nữa . và thực_sự thấy rất bất_ngờ , bơi vì mấy món nổi_tiếng ... chả ngon như lời đồn 😳 burger không ngon bằng của kfc ấy huhu , miếng thịt bò nhạt_nhẽo , khô xác_xơ , ăn còn không có vị bò , với 1 miếng cheese , tí xốt , hết nuggets cũng thế , vị rất bình_thường không có gì thần_thánh hết thất_vọng quá huhu 😭 cái kéo_lại ở đây nhất chính là quầy sốt chấm , có đến tận 5 loại , ngoài ketchup với tương_ớt ra thì còn có cả tương_ớt tỏi , mù_tạt mật_ong với mayonnaise . nhưng_mà kem thì đúng là ngon thật , ngon nhất trong mấy hãng đồ_ăn nhanh kiểu này . gà rán cũng khá được ý . khoai_tây chiên ngon , hôm 2 đứa ăn lại còn được khoai mới nóng giòn 😗 thấy có cả bánh nữa nhưng_mà 2 đứa chưa thử . nhìn_chung là_hơi buồn , vì thấy nhiều người nghiện đồ_ăn ở đây nên kì_vọng hơi nhiều 😅 🔴 mcdonalds 📍 2 hàng bài , hà_nội 💲 15295 k yup , on the trip to hanoi , we even tried mc donald 😗 we chose the most famous stuffs there like cheeseburger , mcnuggets and mcflurry , with some other stuffs like fried chicken , fries . were so surprised , cuz ... they werent that good 😳 the burger was so bland , dry beef patty , didnt even taste like beef , with a silce of cheese , some sauce , done . same with the nuggets , too normal to be something 😔 the nice thing in here that we love the most was they have 5 kinds of sauce , not just ketchup and chilli sauce , they even have mayonnaise , garlic chilli sauce and honey mustard 😍 but the mcflurry was really good , best ice cream in all of the fasfood franchises for us . the fried chicken was nice . good fries , we got them from a new batch , so they were even hot and crunchy 😚 they have cakes too but we didnt try . in general , it was a lil bit sad , like there are a lot of people that addicted to these stuffs so we really had high expectation ... 😔 follow our blog on instagram and facebook for more reviews khoaitaykhoaita _","mcdonalds có ngon không was mcdonalds good 😀 khoaiinhanoi yup , đợt vừa_rồi 2 đứa cuối_cùng cũng đã được thử mc donald ở hn :hôn mặt: bọn mình đã chọn những thứ căn_bản nhất và nổi_tiếng nhất ở đấy như mcnuggets , cheeseburger và mcflurry . ngoài_ra thì_có gọi gà rán với khoai chiên nữa . và thực_sự thấy rất bất_ngờ , bơi vì mấy món nổi_tiếng ... chả ngon như lời đồn 😳 burger không ngon bằng của kfc ấy huhu , miếng thịt bò nhạt_nhẽo , khô xác_xơ , ăn còn không có vị bò , với 1 miếng cheese , tí xốt , hết nuggets cũng thế , vị rất bình_thường không có gì thần_thánh hết thất_vọng quá huhu :mặt khóc to: cái kéo_lại ở đây nhất chính là quầy sốt chấm , có đến tận 5 loại , ngoài ketchup với tương_ớt ra thì còn có cả tương_ớt tỏi , mù_tạt mật_ong với mayonnaise . nhưng_mà kem thì đúng là ngon thật , ngon nhất trong mấy hãng đồ_ăn nhanh kiểu này . gà rán cũng khá được ý . khoai_tây chiên ngon , hôm 2 đứa ăn lại còn được khoai mới nóng giòn :hôn mặt: thấy có cả bánh nữa nhưng_mà 2 đứa chưa thử . nhìn_chung là_hơi buồn , vì thấy nhiều người nghiện đồ_ăn ở đây nên kì_vọng hơi nhiều :mặt cười đầy mồ hôi: :vòng tròn đỏ: mcdonalds :đinh ghim tròn: 2 hàng bài , hà_nội :ký hiệu đô la nặng: 15295 k yup , on the trip to hanoi , we even tried mc donald :hôn mặt: we chose the most famous stuffs there like cheeseburger , mcnuggets and mcflurry , with some other stuffs like fried chicken , fries . were so surprised , cuz ... they werent that good 😳 the burger was so bland , dry beef patty , didnt even taste like beef , with a silce of cheese , some sauce , done . same with the nuggets , too normal to be something :khuôn mặt trầm ngâm: the nice thing in here that we love the most was they have 5 kinds of sauce , not just ketchup and chilli sauce , they even have mayonnaise , garlic chilli sauce and honey mustard :mặt cười với đôi mắt trái tim: but the mcflurry was really good , best ice cream in all of the fasfood franchises for us . the fried chicken was nice . good fries , we got them from a new batch , so they were even hot and crunchy :hôn mặt nhắm mắt: they have cakes too but we didnt try . in general , it was a lil bit sad , like there are a lot of people that addicted to these stuffs so we really had high expectation ... :khuôn mặt trầm ngâm: follow our blog on instagram and facebook for more reviews khoaitaykhoaita _",mcdonalds ngon was mcdonalds good 😀 khoaiinhanoi yup đợt vừa_rồi 2 thử mc donald hn :hôn mặt: bọn căn_bản nổi_tiếng đấy mcnuggets cheeseburger mcflurry ngoài_ra thì_có gọi gà rán khoai chiên bất_ngờ bơi mấy món nổi_tiếng ... chả ngon đồn 😳 burger ngon kfc huhu miếng thịt bò nhạt_nhẽo khô xác_xơ vị bò 1 miếng cheese tí xốt nuggets vị bình_thường thần_thánh thất_vọng huhu :mặt khóc to: kéo_lại quầy sốt chấm tận 5 ketchup tương_ớt tương_ớt tỏi mù_tạt mật_ong mayonnaise nhưng_mà kem ngon ngon mấy hãng đồ_ăn gà rán khoai_tây chiên ngon hôm 2 khoai nóng giòn :hôn mặt: bánh nhưng_mà 2 thử nhìn_chung là_hơi buồn nghiện đồ_ăn kì_vọng hơi :mặt cười mồ hôi: :vòng tròn đỏ: mcdonalds :đinh ghim tròn: 2 hàng hà_nội :ký hiệu đô la nặng: 15295 k yup on the trip to hanoi we even tried mc donald :hôn mặt: we chose the most famous stuffs there like cheeseburger mcnuggets and mcflurry with some other stuffs like fried chicken fries were surprised cuz ... they werent that good 😳 the burger was bland dry beef patty didnt even taste like beef with a silce of cheese some sauce done same with the nuggets too normal to be something :khuôn mặt trầm ngâm: the nice thing in here that we love the most was they have 5 kinds of sauce not just ketchup and chilli sauce they even have mayonnaise garlic chilli sauce and honey mustard :mặt cười đôi mắt trái tim: but the mcflurry was really good best ice cream in all of the fasfood franchises for us the fried chicken was nice good fries we got them from a new batch they were even hot and crunchy :hôn mặt nhắm mắt: they have cakes too but we didnt try in general it was a lil bit sad like there are a lot of people that addicted to these stuffs we really had high expectation ... :khuôn mặt trầm ngâm: follow our blog on instagram and facebook for more reviews khoaitaykhoaita _
thư ký thân thiện. làm sạch mcdonald.,positive,thư_ký thân_thiện . làm sạch mcdonald .,thư_ký thân_thiện . làm sạch mcdonald .,thư_ký thân_thiện sạch mcdonald
thức ăn ngon nhưng dịch vụ xấu,positive,thức_ăn ngon nhưng dịch_vụ xấu,thức_ăn ngon nhưng dịch_vụ xấu,thức_ăn ngon dịch_vụ xấu
mở,positive,mở,mở,
maccas tốt nhất. điểm tốt để theo dõi giao thông điên rồ,positive,maccas tốt nhất . điểm tốt để theo_dõi giao_thông điên_rồ,maccas tốt nhất . điểm tốt để theo_dõi giao_thông điên_rồ,maccas theo_dõi giao_thông điên_rồ
không gian ngồi khá rộng nhưng chỗ đi với thì ít quá 😅😅😅,positive,không_gian ngồi khá rộng nhưng chỗ đi với thì ít quá 😅😅😅,không_gian ngồi khá rộng nhưng chỗ đi với thì ít quá :mặt cười đầy mồ hôi::mặt cười đầy mồ hôi::mặt cười đầy mồ hôi:,không_gian rộng chỗ :mặt cười mồ hôi::mặt cười mồ hôi::mặt cười mồ hôi:
chưa ghea,neutral,chưa ghea,chưa ghea,ghea
mcdonalds chất đầy lượng calo,positive,mcdonalds chất đầy lượng calo,mcdonalds chất đầy lượng calo,mcdonalds chất calo
đó là một mcdonalds,positive,đó là một mcdonalds,đó là một mcdonalds,mcdonalds
"quán ở trung tâm, đúng góc đẹp, đông khách, chắc chỉ phù hợp khách du lịch.",positive,"quán ở trung_tâm , đúng góc đẹp , đông khách , chắc chỉ phù_hợp khách du_lịch .","quán ở trung_tâm , đúng góc đẹp , đông khách , chắc chỉ phù_hợp khách du_lịch .",quán trung_tâm góc đẹp đông phù_hợp du_lịch
"phục vụ tận tình, chu đáo.",positive,"phục_vụ tận_tình , chu_đáo .","phục_vụ tận_tình , chu_đáo .",phục_vụ tận_tình chu_đáo
quá đông đúc và lộn xộn,neutral,quá đông_đúc và lộn_xộn,quá đông_đúc và lộn_xộn,đông_đúc lộn_xộn
md,positive,md,md,md
mcdonald giống như mọi nơi trên thế giới,positive,mcdonald giống như mọi nơi trên thế_giới,mcdonald giống như mọi nơi trên thế_giới,mcdonald thế_giới
phuc vu chuyên nghiêp. gon gang,positive,phuc vu chuyên nghiêp . gon gang,phuc vu chuyên nghiêp . gon gang,phuc vu chuyên nghiêp gon gang
"khoai mặn, nv cho muối 2 lần, biết mà vẫn đem ra bán cho khách",negative,"khoai mặn , nv cho muối 2 lần , biết mà vẫn đem ra bán cho khách","khoai mặn , nv cho muối 2 lần , biết mà vẫn đem ra bán cho khách",khoai mặn nv muối 2 đem
tuyệt,neutral,tuyệt,tuyệt,tuyệt
bình thường burger không ngon mấy,neutral,bình_thường burger không ngon mấy,bình_thường burger không ngon mấy,bình_thường burger ngon mấy
nhân viên ngủ trên ghế sofa. mùi kỳ lạ,negative,nhân_viên ngủ trên ghế sofa . mùi kỳ_lạ,nhân_viên ngủ trên ghế sofa . mùi kỳ_lạ,nhân_viên ngủ ghế sofa mùi kỳ_lạ
bigmark khác ngon,positive,bigmark khác ngon,bigmark khác ngon,bigmark ngon
"nhân viên rất nhiều mà toàn làm việc riêng. không hướng dẫn khách mua hàng chỗ nào, thanh toán ra sao để khách đợi một lúc lâu mới có người ra hỏi... chán cho 1 thương hiệu toàn cầu.",negative,"nhân_viên rất nhiều mà toàn làm_việc riêng . không hướng_dẫn khách mua hàng chỗ nào , thanh_toán ra sao để khách đợi một lúc lâu mới có người ra hỏi ... chán cho 1 thương_hiệu toàn_cầu .","nhân_viên rất nhiều mà toàn làm_việc riêng . không hướng_dẫn khách mua hàng chỗ nào , thanh_toán ra sao để khách đợi một lúc lâu mới có người ra hỏi ... chán cho 1 thương_hiệu toàn_cầu .",nhân_viên toàn làm_việc hướng_dẫn mua hàng chỗ thanh_toán đợi ... chán 1 thương_hiệu toàn_cầu
"tôi có thể nói gì, bánh mì kẹp thịt tươi và như mọi khi coke vẫn mới mẻ. ac lạnh và bạn nhận được nước sốt không giới hạn. yum",positive,"tôi có_thể nói gì , bánh_mì kẹp thịt tươi và như mọi_khi coke vẫn mới_mẻ . ac lạnh và bạn nhận được nước sốt không giới_hạn . yum","tôi có_thể nói gì , bánh_mì kẹp thịt tươi và như mọi_khi coke vẫn mới_mẻ . ac lạnh và bạn nhận được nước sốt không giới_hạn . yum",có_thể bánh_mì kẹp thịt tươi mọi_khi coke mới_mẻ ac lạnh sốt giới_hạn yum
medium big mac 89.0 đồng medium big mac đặt mua burger lớn mac một mặt hàng. mang nó khi bạn ngồi. hương vị giống như big mac.,positive,medium big mac 89.0 đồng medium big mac đặt mua burger lớn mac một mặt_hàng . mang nó khi bạn ngồi . hương_vị giống như big mac .,medium big mac 89.0 đồng medium big mac đặt mua burger lớn mac một mặt_hàng . mang nó khi bạn ngồi . hương_vị giống như big mac .,medium big mac 89.0 đồng medium big mac mua burger mac mặt_hàng hương_vị big mac
quá bận rộn,negative,quá bận_rộn,quá bận_rộn,bận_rộn
"đồ ăn được, vị trí đẹp, mặc dù có máy để gọi đồ cho nhanh nhưng lúc thanh toán bằng thẻ lại bị lỗi",neutral,"đồ_ăn được , vị_trí đẹp , mặc_dù có máy để gọi đồ cho nhanh nhưng lúc thanh_toán bằng thẻ lại bị lỗi","đồ_ăn được , vị_trí đẹp , mặc_dù có máy để gọi đồ cho nhanh nhưng lúc thanh_toán bằng thẻ lại bị lỗi",đồ_ăn vị_trí đẹp mặc_dù máy gọi đồ thanh_toán thẻ lỗi
nhộn nhạo quá,neutral,nhộn_nhạo quá,nhộn_nhạo quá,nhộn_nhạo
đi qua,positive,đi qua,đi qua,
vị trí tốt nhất xung quanh đường đi bộ,positive,vị_trí tốt nhất xung_quanh đường đi bộ,vị_trí tốt nhất xung_quanh đường đi bộ,vị_trí xung_quanh đường
"mình từng ăn mcd ở hoàng đạo thúy, thì được nv mang ra tận bàn. còn ở đây thì phải tự sếp hàng rất lâu. có lẽ do trên phố quá đông chăng.",positive,"mình từng ăn mcd ở hoàng_đạo thuý , thì được nv mang ra tận bàn . còn ở đây thì phải tự sếp hàng rất lâu . có_lẽ do trên phố quá đông chăng .","mình từng ăn mcd ở hoàng_đạo thuý , thì được nv mang ra tận bàn . còn ở đây thì phải tự sếp hàng rất lâu . có_lẽ do trên phố quá đông chăng .",mcd hoàng_đạo thuý nv tận bàn sếp hàng có_lẽ phố đông
"chỗ ngồi view đẹp, quy trình mua hàng thuận tiện. một số món ăn cần thay đổi cho phù hơpk với khẩu vị người dân địa phương.",positive,"chỗ ngồi view đẹp , quy_trình mua hàng thuận_tiện . một_số món ăn cần thay_đổi cho phù hơpk với khẩu_vị người_dân địa_phương .","chỗ ngồi view đẹp , quy_trình mua hàng thuận_tiện . một_số món ăn cần thay_đổi cho phù hơpk với khẩu_vị người_dân địa_phương .",chỗ view đẹp quy_trình mua hàng thuận_tiện một_số món thay_đổi phù hơpk khẩu_vị người_dân địa_phương
lựa chọn hạn chế ...,positive,lựa_chọn hạn_chế ...,lựa_chọn hạn_chế ...,lựa_chọn hạn_chế ...
đó là món ăn nhanh nhất trong ha noi,positive,đó là món ăn nhanh nhất trong ha noi,đó là món ăn nhanh nhất trong ha noi,món ha noi
"sạch sẽ, nhanh chóng và hữu ích",positive,"sạch_sẽ , nhanh_chóng và hữu_ích","sạch_sẽ , nhanh_chóng và hữu_ích",sạch_sẽ nhanh_chóng hữu_ích
dj,neutral,dj,dj,dj
tôi đã đến thăm nơi này trong giờ đóng cửa. họ không có bánh burger rau trong thực đơn nhưng chúng tôi có thể yêu cầu một loại rau với giá tương đương với không veg. nhân viên thực sự thân thiện.,positive,tôi đã đến thăm nơi này trong giờ đóng_cửa . họ không có bánh burger rau trong thực_đơn nhưng chúng_tôi có_thể yêu_cầu một loại rau với giá tương_đương với không veg . nhân_viên thực_sự thân_thiện .,tôi đã đến thăm nơi này trong giờ đóng_cửa . họ không có bánh burger rau trong thực_đơn nhưng chúng_tôi có_thể yêu_cầu một loại rau với giá tương_đương với không veg . nhân_viên thực_sự thân_thiện .,thăm đóng_cửa bánh burger rau thực_đơn chúng_tôi có_thể yêu_cầu rau giá tương_đương veg nhân_viên thân_thiện
cảm ơn allah cho mc cafe coffee,positive,cảm_ơn allah cho mc cafe coffee,cảm_ơn allah cho mc cafe coffee,cảm_ơn allah mc cafe coffee
lúc nào cũng đông,positive,lúc_nào cũng đông,lúc_nào cũng đông,lúc_nào đông
ngon,positive,ngon,ngon,ngon
"không gian đẹp, dịch vụ hoàn hảo.",positive,"không_gian đẹp , dịch_vụ hoàn_hảo .","không_gian đẹp , dịch_vụ hoàn_hảo .",không_gian đẹp dịch_vụ hoàn_hảo
"gà, hamburger và nước chấm ngon tuyệt",positive,"gà , hamburger và nước_chấm ngon tuyệt","gà , hamburger và nước_chấm ngon tuyệt",gà hamburger nước_chấm ngon tuyệt
"chắc tại số mình nhọ nên đi đúng tầm giờ cao điểm đông khách nên đợi hơi lâu, đến lúc có đồ ăn thì miếng thịt bò trong bánh của mình vẫn còn bị lạnh ở giữa nên ấn tượng ban đầu không tốt cho lắm. trừ thịt bò trong bánh ra thì cánh gà và khoai khá ngon, nên ăn kèm sốt mù tạt mật ong.",neutral,"chắc tại số mình nhọ nên đi đúng tầm giờ cao_điểm đông khách nên đợi hơi lâu , đến lúc có đồ_ăn thì miếng thịt bò trong bánh của mình vẫn còn bị lạnh ở giữa nên ấn_tượng ban_đầu không tốt cho lắm . trừ thịt bò trong bánh ra thì cánh_gà và khoai khá ngon , nên ăn kèm sốt mù_tạt mật_ong .","chắc tại số mình nhọ nên đi đúng tầm giờ cao_điểm đông khách nên đợi hơi lâu , đến lúc có đồ_ăn thì miếng thịt bò trong bánh của mình vẫn còn bị lạnh ở giữa nên ấn_tượng ban_đầu không tốt cho lắm . trừ thịt bò trong bánh ra thì cánh_gà và khoai khá ngon , nên ăn kèm sốt mù_tạt mật_ong .",nhọ tầm cao_điểm đông đợi hơi đồ_ăn miếng thịt bò bánh lạnh ấn_tượng ban_đầu lắm trừ thịt bò bánh cánh_gà khoai ngon kèm sốt mù_tạt mật_ong
khỏe,neutral,khoẻ,khoẻ,khoẻ
chất lượng phục vụ tốt,positive,chất_lượng phục_vụ tốt,chất_lượng phục_vụ tốt,chất_lượng phục_vụ
"thức ăn không ngon, được cái mặt tiền",negative,"thức_ăn không ngon , được cái mặt_tiền","thức_ăn không ngon , được cái mặt_tiền",thức_ăn ngon mặt_tiền
"đã thử nó chỉ để nói rằng tôi đã đến mickey dee ở việt nam, thật không may, nó có đầy đủ những người da trắng vô học mà không thể có đủ mcdonalds của họ trở về nhà mà họ cũng phải ăn nó ở đây đây là những người phàn nàn rằng người việt nam nói tiếng việt hoặc ném phù hợp tại bảo tàng chiến tranh lịch sử, tại sao bạn thậm chí rời khỏi đất nước của họ",negative,"đã thử nó chỉ để nói rằng tôi đã đến mickey dee ở việt_nam , thật không may , nó có đầy_đủ những người da trắng vô_học mà không_thể có đủ mcdonalds của họ trở về nhà mà họ cũng phải ăn nó ở đây đây là những người phàn_nàn rằng người việt_nam nói tiếng việt hoặc ném phù_hợp tại bảo_tàng chiến_tranh lịch_sử , tại_sao bạn thậm_chí rời khỏi đất_nước của họ","đã thử nó chỉ để nói rằng tôi đã đến mickey dee ở việt_nam , thật không may , nó có đầy_đủ những người da trắng vô_học mà không_thể có đủ mcdonalds của họ trở về nhà mà họ cũng phải ăn nó ở đây đây là những người phàn_nàn rằng người việt_nam nói tiếng việt hoặc ném phù_hợp tại bảo_tàng chiến_tranh lịch_sử , tại_sao bạn thậm_chí rời khỏi đất_nước của họ",thử mickey dee việt_nam may đầy_đủ da trắng vô_học không_thể mcdonalds trở phàn_nàn việt_nam tiếng việt ném phù_hợp bảo_tàng chiến_tranh lịch_sử tại_sao thậm_chí rời đất_nước
đẹp quá,positive,đẹp quá,đẹp quá,đẹp
địa phương hóa nhưng đủ tốt cho khách du lịch với dị ứng thực phẩm hà nội địa phương.,neutral,địa_phương_hoá nhưng đủ tốt cho khách du_lịch với dị_ứng thực_phẩm hà_nội địa_phương .,địa_phương_hoá nhưng đủ tốt cho khách du_lịch với dị_ứng thực_phẩm hà_nội địa_phương .,địa_phương_hoá du_lịch dị_ứng thực_phẩm hà_nội địa_phương
ghé thăm một người vợ yếu đuối trong thực phẩm địa phương. bánh mì kẹp thịt quá khác nhau.,neutral,ghé thăm một người vợ yếu_đuối trong thực_phẩm địa_phương . bánh_mì kẹp thịt quá khác nhau .,ghé thăm một người vợ yếu_đuối trong thực_phẩm địa_phương . bánh_mì kẹp thịt quá khác nhau .,ghé thăm vợ yếu_đuối thực_phẩm địa_phương bánh_mì kẹp thịt
phục vụ rất nhanh,positive,phục_vụ rất nhanh,phục_vụ rất nhanh,phục_vụ
nhiều loại nước sốt,positive,nhiều loại nước sốt,nhiều loại nước sốt,sốt
"phục vụ nhanh, cuối tuần đông không có chỗ ngồi ăn",positive,"phục_vụ nhanh , cuối tuần đông không có chỗ ngồi ăn","phục_vụ nhanh , cuối tuần đông không có chỗ ngồi ăn",phục_vụ đông chỗ
chú bảo vệ rất đáng yêu và nhiệt tình,positive,chú bảo_vệ rất đáng yêu và nhiệt_tình,chú bảo_vệ rất đáng yêu và nhiệt_tình,bảo_vệ yêu nhiệt_tình
món ngon,positive,món ngon,món ngon,món ngon
chỉ là như vậy,neutral,chỉ là như_vậy,chỉ là như_vậy,như_vậy
"quan điểm đẹp, thức ăn nhanh với dịch vụ tốt và phi hành đoàn thân thiện",positive,"quan_điểm đẹp , thức_ăn nhanh với dịch_vụ tốt và phi_hành_đoàn thân_thiện","quan_điểm đẹp , thức_ăn nhanh với dịch_vụ tốt và phi_hành_đoàn thân_thiện",quan_điểm đẹp thức_ăn dịch_vụ phi_hành_đoàn thân_thiện
bầu không khí của cửa hàng không tệ dường như không có thực đơn mới nào khác với hàn quốc không giống như hàn quốc thật tốt khi mang nước sốt nhiều như bạn muốn hương vị của persimmon giống như hàn quốc thật tốt khi ăn sốt ớt một cách tự do,positive,bầu_không_khí của cửa_hàng không tệ dường_như không có thực_đơn mới nào khác với hàn_quốc không giống như hàn_quốc thật tốt khi mang nước sốt nhiều như bạn muốn hương_vị của persimmon giống như hàn_quốc thật tốt khi ăn sốt ớt một_cách tự_do,bầu_không_khí của cửa_hàng không tệ dường_như không có thực_đơn mới nào khác với hàn_quốc không giống như hàn_quốc thật tốt khi mang nước sốt nhiều như bạn muốn hương_vị của persimmon giống như hàn_quốc thật tốt khi ăn sốt ớt một_cách tự_do,bầu_không_khí cửa_hàng tệ dường_như thực_đơn hàn_quốc hàn_quốc sốt hương_vị persimmon hàn_quốc sốt ớt một_cách tự_do
"trong trường hợp cực kỳ cần đối với người phương tây, nó không bị tổn thương",neutral,"trong trường_hợp cực_kỳ cần đối_với người phương tây , nó không bị tổn_thương","trong trường_hợp cực_kỳ cần đối_với người phương tây , nó không bị tổn_thương",trường_hợp cực_kỳ đối_với phương tây tổn_thương
quá đông vui trong ngày tết thiếu nhi,positive,quá đông vui trong ngày tết thiếu_nhi,quá đông vui trong ngày tết thiếu_nhi,đông vui tết thiếu_nhi
mcdonalds điển hình. dịch vụ tốt là một điểm cộng,positive,mcdonalds điển_hình . dịch_vụ tốt là một điểm cộng,mcdonalds điển_hình . dịch_vụ tốt là một điểm cộng,mcdonalds điển_hình dịch_vụ cộng
nhân viên thu ngân đã thực sự tuyệt vời đã nói tiếng anh tuyệt vời .. điều này rất hiếm ở việt nam,positive,nhân_viên thu_ngân đã thực_sự tuyệt_vời đã nói tiếng anh tuyệt_vời .. điều này rất hiếm ở việt_nam,nhân_viên thu_ngân đã thực_sự tuyệt_vời đã nói tiếng anh tuyệt_vời .. điều này rất hiếm ở việt_nam,nhân_viên thu_ngân tuyệt_vời tiếng tuyệt_vời .. hiếm việt_nam
"những lựa chọn tốt cho hamburger, chiên pháp, cola ...",positive,"những lựa_chọn tốt cho hamburger , chiên pháp , cola ...","những lựa_chọn tốt cho hamburger , chiên pháp , cola ...",lựa_chọn hamburger chiên pháp cola ...
nv phục vụ chưa tốt,negative,nv phục_vụ chưa tốt,nv phục_vụ chưa tốt,nv phục_vụ
"ăn ngon, phải xếp hàng vì đông.",positive,"ăn ngon , phải xếp_hàng vì đông .","ăn ngon , phải xếp_hàng vì đông .",ngon xếp_hàng đông
tôi không thể cảm nhận được sự khác biệt với hàn quốc,positive,tôi không_thể cảm_nhận được sự khác_biệt với hàn_quốc,tôi không_thể cảm_nhận được sự khác_biệt với hàn_quốc,không_thể cảm_nhận khác_biệt hàn_quốc
vì thích ăn kem,positive,vì thích ăn kem,vì thích ăn kem,kem
quê hương của tôi luôn là thiên đường giả của chúng tôi,positive,quê_hương của tôi luôn là thiên_đường giả của chúng_tôi,quê_hương của tôi luôn là thiên_đường giả của chúng_tôi,quê_hương thiên_đường giả chúng_tôi
khá ổn,positive,khá ổn,khá ổn,ổn
"quán cafe bên dưới đẹp, cổ điển",positive,"quán cafe bên dưới đẹp , cổ_điển","quán cafe bên dưới đẹp , cổ_điển",quán cafe đẹp cổ_điển
sẽ quay lại trong thời gian gần nhất có thể.,positive,sẽ quay lại trong thời_gian gần nhất có_thể .,sẽ quay lại trong thời_gian gần nhất có_thể .,thời_gian có_thể
cafe uống buồn nôn. bánh rất đắt và éo ngon,negative,cafe uống buồn_nôn . bánh rất đắt và éo ngon,cafe uống buồn_nôn . bánh rất đắt và éo ngon,cafe uống buồn_nôn bánh đắt éo ngon
khá ngon,positive,khá ngon,khá ngon,ngon
địa điểm hút khách nước ngoài và trong nước. đồ ăn cũng tàm tạm,neutral,địa_điểm hút khách nước_ngoài và trong nước . đồ_ăn cũng tàm_tạm,địa_điểm hút khách nước_ngoài và trong nước . đồ_ăn cũng tàm_tạm,địa_điểm hút nước_ngoài đồ_ăn tàm_tạm
có tốt nhất,positive,có tốt nhất,có tốt nhất,
"ngon, phục vụ tạm ổn.",positive,"ngon , phục_vụ tạm ổn .","ngon , phục_vụ tạm ổn .",ngon phục_vụ tạm ổn
"cửa hàng đẹp, với totem để đặt hàng và một phần của nhân viên nói tiếng anh",positive,"cửa_hàng đẹp , với totem để đặt_hàng và một phần của nhân_viên nói tiếng_anh","cửa_hàng đẹp , với totem để đặt_hàng và một phần của nhân_viên nói tiếng_anh",cửa_hàng đẹp totem đặt_hàng nhân_viên tiếng_anh
vị trí tốt nhưng dịch vụ khá chậm,neutral,vị_trí tốt nhưng dịch_vụ khá chậm,vị_trí tốt nhưng dịch_vụ khá chậm,vị_trí dịch_vụ chậm
hamburger có vị ㅠㅠ,neutral,hamburger có vị ㅠㅠ,hamburger có vị ㅠㅠ,hamburger vị ㅠㅠ
tạm được,neutral,tạm được,tạm được,tạm
mcdonalds hamburger ở đây không tốt đây không ngon,negative,mcdonalds hamburger ở đây không tốt đây không ngon,mcdonalds hamburger ở đây không tốt đây không ngon,mcdonalds hamburger ngon
giống như tất cả các macca khác. thực phẩm là trung bình. dịch vụ là tốt,neutral,giống như tất_cả các macca khác . thực_phẩm là trung_bình . dịch_vụ là tốt,giống như tất_cả các macca khác . thực_phẩm là trung_bình . dịch_vụ là tốt,tất_cả macca thực_phẩm trung_bình dịch_vụ
bữa ăn ngon và dịch vụ tốt,positive,bữa ăn ngon và dịch_vụ tốt,bữa ăn ngon và dịch_vụ tốt,ngon dịch_vụ
ăn uống là không lành mạnh.,positive,ăn_uống là không lành_mạnh .,ăn_uống là không lành_mạnh .,ăn_uống lành_mạnh
kinh thương người khac,negative,kinh thương người khac,kinh thương người khac,kinh thương khac
"tôi không phải là một fan hâm mộ lớn của fastfood nhưng tôi cho rằng thực phẩm ở đó tốt hơn ở lotteria hoặc jolibee. tuy nhiên, nếu bạn ở đó và muốn rửa tay hoặc vào phòng vệ sinh, hãy lên tầng 2, không có bất kỳ nhà vệ sinh nào ở tầng 1",neutral,"tôi không phải là một fan hâm_mộ lớn của fastfood nhưng tôi cho rằng thực_phẩm ở đó tốt hơn ở lotteria hoặc jolibee . tuy_nhiên , nếu bạn ở đó và muốn rửa tay hoặc vào phòng_vệ sinh , hãy lên tầng 2 , không có bất_kỳ nhà_vệ_sinh nào ở tầng 1","tôi không phải là một fan hâm_mộ lớn của fastfood nhưng tôi cho rằng thực_phẩm ở đó tốt hơn ở lotteria hoặc jolibee . tuy_nhiên , nếu bạn ở đó và muốn rửa tay hoặc vào phòng_vệ sinh , hãy lên tầng 2 , không có bất_kỳ nhà_vệ_sinh nào ở tầng 1",fan hâm_mộ fastfood thực_phẩm lotteria jolibee tuy_nhiên rửa phòng_vệ sinh tầng 2 bất_kỳ nhà_vệ_sinh tầng 1
"nếu bạn không mong đợi nó, nó rất ngon nếu bạn mong chờ nó, bạn đang thất vọng hahaha kem luôn bằng phẳng haha",neutral,"nếu bạn không mong_đợi nó , nó rất ngon nếu bạn mong_chờ nó , bạn đang thất_vọng hahaha kem luôn bằng_phẳng haha","nếu bạn không mong_đợi nó , nó rất ngon nếu bạn mong_chờ nó , bạn đang thất_vọng hahaha kem luôn bằng_phẳng haha",mong_đợi ngon mong_chờ thất_vọng hahaha kem bằng_phẳng haha
ok nha 3,positive,ok nha 3,ok nha 3,ok nha 3
ồ nuggets tuyệt vời,positive,ồ nuggets tuyệt_vời,ồ nuggets tuyệt_vời,nuggets tuyệt_vời
họ không có sữa lắc hoặc frappe shino,negative,họ không có sữa lắc hoặc frappe shino,họ không có sữa lắc hoặc frappe shino,sữa lắc frappe shino
rất ngon,neutral,rất ngon,rất ngon,ngon
"ghé thăm tối chủ nhật. có một chút đơn đặt hàng, nhưng tầng hai không đông đúc. nó giống như big mac korea, và tốt hơn là có nhiều loại nước sốt. chili và tỏi rất ngon.",positive,"ghé thăm tối chủ_nhật . có một_chút đơn đặt_hàng , nhưng tầng hai không đông_đúc . nó giống như big mac korea , và tốt hơn là có nhiều loại nước sốt . chili và tỏi rất ngon .","ghé thăm tối chủ_nhật . có một_chút đơn đặt_hàng , nhưng tầng hai không đông_đúc . nó giống như big mac korea , và tốt hơn là có nhiều loại nước sốt . chili và tỏi rất ngon .",ghé thăm tối chủ_nhật một_chút đơn đặt_hàng tầng hai đông_đúc big mac korea sốt chili tỏi ngon
địa điểm này đẹp,positive,địa_điểm này đẹp,địa_điểm này đẹp,địa_điểm đẹp
"tiện lợi, không gian thoáng mát, đẹp mắt, sạch sẽ.",positive,"tiện_lợi , không_gian thoáng mát , đẹp_mắt , sạch_sẽ .","tiện_lợi , không_gian thoáng mát , đẹp_mắt , sạch_sẽ .",tiện_lợi không_gian thoáng mát đẹp_mắt sạch_sẽ
"giống đồ kfc mà, vị đậm đà hơn chút, giá mắc hơn và nhân viên khinh khỉnh hơn, nói chung không quay lại",positive,"giống đồ kfc mà , vị đậm_đà hơn chút , giá mắc hơn và nhân_viên khinh_khỉnh hơn , nói_chung không quay lại","giống đồ kfc mà , vị đậm_đà hơn chút , giá mắc hơn và nhân_viên khinh_khỉnh hơn , nói_chung không quay lại",đồ kfc vị đậm_đà chút giá mắc nhân_viên khinh_khỉnh nói_chung
ăn ngon hơi đông,positive,ăn ngon hơi đông,ăn ngon hơi đông,ngon hơi đông
cũng như các cửa hàng md khác phong cách phục vụ thì đã dk kiểm nghiệm qua nhiều năm nên không phải bàn ạ.,positive,cũng như các cửa_hàng md khác phong_cách phục_vụ thì đã dk kiểm_nghiệm qua nhiều năm nên không phải bàn ạ .,cũng như các cửa_hàng md khác phong_cách phục_vụ thì đã dk kiểm_nghiệm qua nhiều năm nên không phải bàn ạ .,cửa_hàng md phong_cách phục_vụ dk kiểm_nghiệm bàn
"quán duy nhất ở hn, phục vụ khá nhanh",positive,"quán duy_nhất ở hn , phục_vụ khá nhanh","quán duy_nhất ở hn , phục_vụ khá nhanh",quán duy_nhất hn phục_vụ
👍👍👍,positive,👍👍👍,:thích::thích::thích:,:thích::thích::thích:
tuyệt vời,neutral,tuyệt_vời,tuyệt_vời,tuyệt_vời
dịch vụ kém để giao hàng. chờ khoảng 3 giờ và lệnh đã sai. có một thứ tự gấp đôi thức ăn sai. thật là một nhà hàng tuyệt vời,negative,dịch_vụ kém để giao hàng . chờ khoảng 3 giờ và lệnh đã sai . có một thứ_tự gấp đôi thức_ăn sai . thật là một nhà_hàng tuyệt_vời,dịch_vụ kém để giao hàng . chờ khoảng 3 giờ và lệnh đã sai . có một thứ_tự gấp đôi thức_ăn sai . thật là một nhà_hàng tuyệt_vời,dịch_vụ kém giao hàng chờ 3 lệnh sai thứ_tự gấp đôi thức_ăn sai nhà_hàng tuyệt_vời
mcdonalds hồ gươm,positive,mcdonalds hồ gươm,mcdonalds hồ gươm,mcdonalds hồ gươm
đôi khi đồ uống yếu,neutral,đôi_khi đồ uống yếu,đôi_khi đồ uống yếu,đôi_khi đồ uống yếu
xem ra cho tổn thương đường ruột vệ sinh để xem xét nghiêm túc.,negative,xem_ra cho tổn_thương đường ruột vệ_sinh để xem_xét nghiêm_túc .,xem_ra cho tổn_thương đường ruột vệ_sinh để xem_xét nghiêm_túc .,xem_ra tổn_thương đường ruột vệ_sinh xem_xét nghiêm_túc
"thấy có cả thức uống và đồ ăn nhanh, cũng rộng rãi phết. tuyệt, view khá đẹp.",positive,"thấy có cả thức uống và đồ_ăn nhanh , cũng rộng_rãi phết . tuyệt , view khá đẹp .","thấy có cả thức uống và đồ_ăn nhanh , cũng rộng_rãi phết . tuyệt , view khá đẹp .",thức uống đồ_ăn rộng_rãi phết tuyệt view đẹp
nhà hàng phục vụ tốt làm đồ nhanh,positive,nhà_hàng phục_vụ tốt làm đồ nhanh,nhà_hàng phục_vụ tốt làm đồ nhanh,nhà_hàng phục_vụ đồ
"view đẹp, nhân viên phục vụ chưa được niềm nở lắm, nhà hàng sạch sẽ, trang thiết bị hiện đại, đồ ăn ngon, phục vụ nhanh chóng",positive,"view đẹp , nhân_viên phục_vụ chưa được niềm_nở lắm , nhà_hàng sạch_sẽ , trang_thiết_bị hiện_đại , đồ_ăn ngon , phục_vụ nhanh_chóng","view đẹp , nhân_viên phục_vụ chưa được niềm_nở lắm , nhà_hàng sạch_sẽ , trang_thiết_bị hiện_đại , đồ_ăn ngon , phục_vụ nhanh_chóng",view đẹp nhân_viên phục_vụ niềm_nở lắm nhà_hàng sạch_sẽ trang_thiết_bị hiện_đại đồ_ăn ngon phục_vụ nhanh_chóng
"chúng tôi đã đi xem nếu nó sẽ giống nhau ở việt nam. chúng tôi phát hiện ra, nó giống hệt nhau. chỉ lâu hơn một chút là xếp hàng, bởi vì nó là một nơi phổ biến, và một thứ nữa nước sốt tự phục vụ ...",neutral,"chúng_tôi đã đi xem nếu nó sẽ giống nhau ở việt_nam . chúng_tôi phát_hiện ra , nó giống_hệt nhau . chỉ lâu hơn một_chút là xếp_hàng , bởi_vì nó là một nơi phổ_biến , và một thứ nữa nước sốt tự_phục_vụ ...","chúng_tôi đã đi xem nếu nó sẽ giống nhau ở việt_nam . chúng_tôi phát_hiện ra , nó giống_hệt nhau . chỉ lâu hơn một_chút là xếp_hàng , bởi_vì nó là một nơi phổ_biến , và một thứ nữa nước sốt tự_phục_vụ ...",chúng_tôi việt_nam chúng_tôi phát_hiện giống_hệt một_chút xếp_hàng bởi_vì phổ_biến sốt tự_phục_vụ ...
quán có nhân viên phục vụ tốt rất nhanh nhẹn đồ ăn làm cẩn thận sạch sẽ rất ngon giá cả hợp lí không gian phục vụ chuyên nghiệp có chỗ để xe bảo vệ trông xe bên ngoài khung cảnh đẹp check ra hồ gươm thật tuyệt vời khi ăn tại đây verry good 😌,positive,quán có nhân_viên phục_vụ tốt rất nhanh_nhẹn đồ_ăn làm cẩn_thận sạch_sẽ rất ngon giá_cả hợp_lí không_gian phục_vụ chuyên_nghiệp có chỗ để xe bảo_vệ trông xe bên ngoài khung_cảnh đẹp check ra hồ gươm thật tuyệt_vời khi ăn tại đây verry good 😌,quán có nhân_viên phục_vụ tốt rất nhanh_nhẹn đồ_ăn làm cẩn_thận sạch_sẽ rất ngon giá_cả hợp_lí không_gian phục_vụ chuyên_nghiệp có chỗ để xe bảo_vệ trông xe bên ngoài khung_cảnh đẹp check ra hồ gươm thật tuyệt_vời khi ăn tại đây verry good :khuôn mặt nhẹ nhõm:,quán nhân_viên phục_vụ nhanh_nhẹn đồ_ăn cẩn_thận sạch_sẽ ngon giá_cả hợp_lí không_gian phục_vụ chuyên_nghiệp chỗ xe bảo_vệ trông xe khung_cảnh đẹp check hồ gươm tuyệt_vời verry good :khuôn mặt nhẹ nhõm:
tôi tìm thấy một loại khối u trong cánh gà. tôi đã yuck. vị trí btw tốt gần hồ hoan kiem,negative,tôi tìm thấy một loại khối_u trong cánh_gà . tôi đã yuck . vị_trí btw tốt gần hồ hoan kiem,tôi tìm thấy một loại khối_u trong cánh_gà . tôi đã yuck . vị_trí btw tốt gần hồ hoan kiem,khối_u cánh_gà yuck vị_trí btw hồ hoan kiem
"nơi tốt trong địa điểm của hà nội, thức ăn ngon quá, cue dài vào cuối tuần, dịch vụ cũng tốt",positive,"nơi tốt trong địa_điểm của hà_nội , thức_ăn ngon quá , cue dài vào cuối tuần , dịch_vụ cũng tốt","nơi tốt trong địa_điểm của hà_nội , thức_ăn ngon quá , cue dài vào cuối tuần , dịch_vụ cũng tốt",địa_điểm hà_nội thức_ăn ngon cue dịch_vụ
tôi chỉ ăn mì gạo và hamburger,positive,tôi chỉ ăn mì gạo và hamburger,tôi chỉ ăn mì gạo và hamburger,mì gạo hamburger
đồ ăn bình thường so với vc phải xếp hàng để mua,positive,đồ_ăn bình_thường so với vc phải xếp_hàng để mua,đồ_ăn bình_thường so với vc phải xếp_hàng để mua,đồ_ăn bình_thường vc xếp_hàng mua
chúng tôi với bạn bè của tôi đã đến thăm nơi này. hương vị trong macdonalds này là tuyệt vời. nhưng thật không may trong 37 giờ sau khi chúng tôi thưởng thức bữa ăn của chúng tôi. chúng tôi đã gặp vấn đề như một bệnh tiêu chảy và chúng tôi không thể ngăn chặn nó trong hai ngày. bạn có thể vui lòng kiểm tra chỗ của bạn để được vệ sinh cảm ơn.,negative,chúng_tôi với bạn_bè của tôi đã đến thăm nơi này . hương_vị trong macdonalds này là tuyệt_vời . nhưng thật không may trong 37 giờ sau khi chúng_tôi thưởng_thức bữa ăn của chúng_tôi . chúng_tôi đã gặp vấn_đề như một bệnh tiêu_chảy và chúng_tôi không_thể ngăn_chặn nó trong hai ngày . bạn có_thể vui_lòng kiểm_tra chỗ của bạn để được vệ_sinh cảm_ơn .,chúng_tôi với bạn_bè của tôi đã đến thăm nơi này . hương_vị trong macdonalds này là tuyệt_vời . nhưng thật không may trong 37 giờ sau khi chúng_tôi thưởng_thức bữa ăn của chúng_tôi . chúng_tôi đã gặp vấn_đề như một bệnh tiêu_chảy và chúng_tôi không_thể ngăn_chặn nó trong hai ngày . bạn có_thể vui_lòng kiểm_tra chỗ của bạn để được vệ_sinh cảm_ơn .,chúng_tôi bạn_bè thăm hương_vị macdonalds tuyệt_vời may 37 chúng_tôi thưởng_thức chúng_tôi chúng_tôi vấn_đề bệnh tiêu_chảy chúng_tôi không_thể ngăn_chặn hai có_thể vui_lòng kiểm_tra chỗ vệ_sinh cảm_ơn
"hamburger được viết bằng bánh nướng xốp và nó là một chiếc bánh nướng xốp thực sự. tôi nhớ hương vị burger của bánh rán dunkin cũ. tên bạn là gì bạn không thể nghĩ về nó như một chiếc bánh hamburger, nhưng bạn có thể nghĩ về nó như một nửa hamburger ở hàn quốc. tôi hài lòng vì tôi quá nhỏ, nhưng tôi nghĩ rằng tôi phải ăn hai người đàn ông. tuy nhiên, không giống như ulna, luôn luôn đông đúc, nó trống rỗng ngay cả lúc 12 giờ. lấy xe máy ở tầng một có rất nhiều người.",positive,"hamburger được viết bằng bánh_nướng xốp và nó là một chiếc bánh_nướng xốp thực_sự . tôi nhớ hương_vị burger của bánh_rán dunkin cũ . tên bạn là gì bạn không_thể nghĩ về nó như một chiếc bánh hamburger , nhưng bạn có_thể nghĩ về nó như một_nửa hamburger ở hàn_quốc . tôi hài_lòng vì tôi quá nhỏ , nhưng tôi nghĩ rằng tôi phải ăn hai người đàn_ông . tuy_nhiên , không giống như ulna , luôn_luôn đông_đúc , nó trống_rỗng ngay cả lúc 12 giờ . lấy xe_máy ở tầng một có rất nhiều người .","hamburger được viết bằng bánh_nướng xốp và nó là một chiếc bánh_nướng xốp thực_sự . tôi nhớ hương_vị burger của bánh_rán dunkin cũ . tên bạn là gì bạn không_thể nghĩ về nó như một chiếc bánh hamburger , nhưng bạn có_thể nghĩ về nó như một_nửa hamburger ở hàn_quốc . tôi hài_lòng vì tôi quá nhỏ , nhưng tôi nghĩ rằng tôi phải ăn hai người đàn_ông . tuy_nhiên , không giống như ulna , luôn_luôn đông_đúc , nó trống_rỗng ngay cả lúc 12 giờ . lấy xe_máy ở tầng một có rất nhiều người .",hamburger viết bánh_nướng xốp bánh_nướng xốp hương_vị burger bánh_rán dunkin cũ không_thể bánh hamburger có_thể một_nửa hamburger hàn_quốc hài_lòng hai đàn_ông tuy_nhiên ulna luôn_luôn đông_đúc trống_rỗng 12 xe_máy tầng
nó giống nhau trong tất cả các nơi trên thế giới. bạn biết những gì bạn có thể ăn,positive,nó giống nhau trong tất_cả các nơi trên thế_giới . bạn biết những gì bạn có_thể ăn,nó giống nhau trong tất_cả các nơi trên thế_giới . bạn biết những gì bạn có_thể ăn,tất_cả thế_giới có_thể
sean ha gu nếm trà là ngon,positive,sean ha gu nếm trà là ngon,sean ha gu nếm trà là ngon,sean ha gu nếm trà ngon
mcdonalds. vị trí,neutral,mcdonalds . vị_trí,mcdonalds . vị_trí,mcdonalds vị_trí
unkind ㅜ,negative,unkind ㅜ,unkind ㅜ,unkind ㅜ
kem tốt 🍦,positive,kem tốt 🍦,kem tốt :kem tươi:,kem :kem tươi:
kfc là thực phẩm có cuộc thảo luận dài về ăn gì,positive,kfc là thực_phẩm có cuộc thảo_luận dài về ăn gì,kfc là thực_phẩm có cuộc thảo_luận dài về ăn gì,kfc thực_phẩm thảo_luận
nó khác với những gì bạn đang hỏi.,neutral,nó khác với những gì bạn đang hỏi .,nó khác với những gì bạn đang hỏi .,
đó là mcdonald với dịch vụ bàn,positive,đó là mcdonald với dịch_vụ bàn,đó là mcdonald với dịch_vụ bàn,mcdonald dịch_vụ bàn
giá rẻ và nhanh chóng,positive,giá rẻ và nhanh_chóng,giá rẻ và nhanh_chóng,giá rẻ nhanh_chóng
mọi người dường như là một nơi gặp gỡ,negative,mọi người dường_như là một nơi gặp_gỡ,mọi người dường_như là một nơi gặp_gỡ,dường_như gặp_gỡ
quá nhiều người và quá ồn,neutral,quá nhiều người và quá ồn,quá nhiều người và quá ồn,ồn
"tôi đã làm kem matcha trong máy tự thứ tự chỉ cần oreo kem zoom tôi phải đi ăn một lần nữa vì tôi tự hỏi hương vị hamburger trên tầng hai của cửa hàng, mùi nước lau nước ...",neutral,"tôi đã làm kem matcha trong máy tự thứ_tự chỉ cần oreo kem zoom tôi phải đi ăn một lần nữa vì tôi tự hỏi hương_vị hamburger trên tầng hai của cửa_hàng , mùi nước lau nước ...","tôi đã làm kem matcha trong máy tự thứ_tự chỉ cần oreo kem zoom tôi phải đi ăn một lần nữa vì tôi tự hỏi hương_vị hamburger trên tầng hai của cửa_hàng , mùi nước lau nước ...",kem matcha máy thứ_tự oreo kem zoom hương_vị hamburger tầng hai cửa_hàng mùi lau ...
thường ㅜ,neutral,thường ㅜ,thường ㅜ,ㅜ
"thích địa điểm này theo tiêu chí của 2 ông nhóc, đệ tử của các cửa hàng đồ ăn nhanh. khoảng 5, 6 năm trước hở ra là đòi đi kfc, thảng hoặc lắm vào loteria đổi gió, thế mà từ tết 2019 vào cửa hàng mcdonald này xong thì chúng nó chuyển hẳn tình yêu sang đây, hỏi nhưng không biết được lý do. chắc là hợp khẩu vị hơn. cửa hàng có vị trí quá tốt còn về trang trí nội thất, thái độ của nhân viên cũng giống như các chuỗi ăn nhanh kia thôi, tại sao lại thu hút khách ghê vậy nhỉ à, do chất lượng đồ ăn, mấy chuỗi kia đều từng lên báo về mấy vụ đồ ăn hỏng, riêng ông này chưa bị. từ sau 1975 nhiều lúc xem phim xong cứ ao ước được ăn đồ mcdonald giống như trên màn ảnh mà sao mãi nó không vào việt nam. khi ước mơ thành hiện thực phải thử vài lần rồi, phong cách ăn như trong phim cao bồi miền tây luôn ấy chứ.",positive,"thích địa_điểm này theo tiêu_chí của 2 ông nhóc , đệ_tử của các cửa_hàng đồ_ăn nhanh . khoảng 5 , 6 năm trước hở ra là đòi đi kfc , thảng_hoặc lắm vào loteria đổi gió , thế_mà từ tết 2019 vào cửa_hàng mcdonald này xong thì chúng_nó chuyển hẳn tình_yêu sang đây , hỏi nhưng không biết được lý_do . chắc là hợp_khẩu vị hơn . cửa_hàng có vị_trí quá tốt còn về trang_trí nội_thất , thái_độ của nhân_viên cũng giống như các chuỗi ăn nhanh kia thôi , tại_sao lại thu_hút khách ghê vậy nhỉ à , do chất_lượng đồ_ăn , mấy chuỗi kia đều từng lên báo về mấy vụ đồ_ăn hỏng , riêng ông này chưa bị . từ sau 1975 nhiều lúc xem phim xong cứ ao_ước được ăn đồ mcdonald giống như trên màn_ảnh mà sao mãi nó không vào việt_nam . khi ước_mơ thành hiện_thực phải thử vài lần rồi , phong_cách ăn như trong phim cao_bồi miền tây luôn ấy chứ .","thích địa_điểm này theo tiêu_chí của 2 ông nhóc , đệ_tử của các cửa_hàng đồ_ăn nhanh . khoảng 5 , 6 năm trước hở ra là đòi đi kfc , thảng_hoặc lắm vào loteria đổi gió , thế_mà từ tết 2019 vào cửa_hàng mcdonald này xong thì chúng_nó chuyển hẳn tình_yêu sang đây , hỏi nhưng không biết được lý_do . chắc là hợp_khẩu vị hơn . cửa_hàng có vị_trí quá tốt còn về trang_trí nội_thất , thái_độ của nhân_viên cũng giống như các chuỗi ăn nhanh kia thôi , tại_sao lại thu_hút khách ghê vậy nhỉ à , do chất_lượng đồ_ăn , mấy chuỗi kia đều từng lên báo về mấy vụ đồ_ăn hỏng , riêng ông này chưa bị . từ sau 1975 nhiều lúc xem phim xong cứ ao_ước được ăn đồ mcdonald giống như trên màn_ảnh mà sao mãi nó không vào việt_nam . khi ước_mơ thành hiện_thực phải thử vài lần rồi , phong_cách ăn như trong phim cao_bồi miền tây luôn ấy chứ .",địa_điểm tiêu_chí 2 nhóc đệ_tử cửa_hàng đồ_ăn 5 6 hở đòi kfc thảng_hoặc lắm loteria đổi gió thế_mà tết 2019 cửa_hàng mcdonald xong chúng_nó hẳn tình_yêu lý_do hợp_khẩu vị cửa_hàng vị_trí trang_trí nội_thất thái_độ nhân_viên chuỗi kia tại_sao thu_hút ghê chất_lượng đồ_ăn mấy chuỗi kia báo mấy vụ đồ_ăn hỏng 1975 phim xong ao_ước đồ mcdonald màn_ảnh mãi việt_nam ước_mơ thành hiện_thực thử phong_cách phim cao_bồi miền tây
tốt hơn ở bỉ chắc chắn,positive,tốt hơn ở bỉ chắc_chắn,tốt hơn ở bỉ chắc_chắn,bỉ chắc_chắn
môi trường tốt,neutral,môi_trường tốt,môi_trường tốt,môi_trường
nv rất chu đáo,positive,nv rất chu_đáo,nv rất chu_đáo,nv chu_đáo
món ăn ngon và thu hút được sự chú ý và sự thích thú của trẻ em . nhưng không có chỗ ngồi 4,positive,món ăn ngon và thu_hút được sự chú_ý và sự thích_thú của trẻ_em . nhưng không có chỗ ngồi 4,món ăn ngon và thu_hút được sự chú_ý và sự thích_thú của trẻ_em . nhưng không có chỗ ngồi 4,món ngon thu_hút chú_ý thích_thú trẻ_em chỗ 4
đây là mcd duy nhất ở hà nội mở cửa cho đến đêm muộn vào hầu hết các ngày thực phẩm và dịch vụ là tốt,positive,đây là mcd duy_nhất ở hà_nội mở_cửa cho đến đêm muộn vào hầu_hết các ngày thực_phẩm và dịch_vụ là tốt,đây là mcd duy_nhất ở hà_nội mở_cửa cho đến đêm muộn vào hầu_hết các ngày thực_phẩm và dịch_vụ là tốt,mcd duy_nhất hà_nội mở_cửa muộn hầu_hết thực_phẩm dịch_vụ
"đồ ăn ngon, phục vụ nhanh",positive,"đồ_ăn ngon , phục_vụ nhanh","đồ_ăn ngon , phục_vụ nhanh",đồ_ăn ngon phục_vụ
"lịch sự sạch sẽ nhưng nhà vệ sinh chỉ có giấy ạ, rát cả cõi lòng",neutral,"lịch_sự sạch_sẽ nhưng nhà_vệ_sinh chỉ có giấy ạ , rát cả cõi_lòng","lịch_sự sạch_sẽ nhưng nhà_vệ_sinh chỉ có giấy ạ , rát cả cõi_lòng",lịch_sự sạch_sẽ nhà_vệ_sinh giấy rát cõi_lòng
bánh mì mac lớn lạnh,negative,bánh_mì mac lớn lạnh,bánh_mì mac lớn lạnh,bánh_mì mac lạnh
món ăn ngon và phục vụ nhiệt tình,positive,món ăn ngon và phục_vụ nhiệt_tình,món ăn ngon và phục_vụ nhiệt_tình,món ngon phục_vụ nhiệt_tình
sẽ tốt hơn và hữu ích cho người nước ngoài nếu cũng cung cấp menu bằng tiếng anh.,positive,sẽ tốt hơn và hữu_ích cho người nước_ngoài nếu cũng cung_cấp menu bằng tiếng anh .,sẽ tốt hơn và hữu_ích cho người nước_ngoài nếu cũng cung_cấp menu bằng tiếng anh .,hữu_ích nước_ngoài cung_cấp menu tiếng
đồ uống giá hợp lý,positive,đồ uống giá hợp_lý,đồ uống giá hợp_lý,đồ uống giá hợp_lý
là điểm đến khá thú vụ và thái độ phục vụ khách rất tốt. vì nằm ơ trung tâm phố đi bộ nên rất nhiều khách trong nước và ngoài nước thường xuyên tới.,positive,là điểm đến khá thú vụ và thái_độ phục_vụ khách rất tốt . vì nằm ơ trung_tâm phố đi bộ nên rất nhiều khách trong nước và ngoài nước thường_xuyên tới .,là điểm đến khá thú vụ và thái_độ phục_vụ khách rất tốt . vì nằm ơ trung_tâm phố đi bộ nên rất nhiều khách trong nước và ngoài nước thường_xuyên tới .,thú vụ thái_độ phục_vụ nằm trung_tâm phố thường_xuyên
"ăn ngon, phục vụ nhanh. vị trí đẹp",positive,"ăn ngon , phục_vụ nhanh . vị_trí đẹp","ăn ngon , phục_vụ nhanh . vị_trí đẹp",ngon phục_vụ vị_trí đẹp
"phục vụ thân thiện,chất lượng tốt",positive,"phục_vụ thân_thiện , chất_lượng tốt","phục_vụ thân_thiện , chất_lượng tốt",phục_vụ thân_thiện chất_lượng
"họ thực sự biết làm thế nào để có được một cái nhìn tốt đẹp và vị trí cho cửa hàng của họ. tôi đã có một khoảng thời gian tuyệt vời ở đây với bạn bè. nó luôn luôn đông đúc ở đây, nhưng những người phục vụ và nhân viên rất tuyệt vời. họ đã phạm sai lầm, tôi đã gọi một cốc sprite nhưng họ cho tôi một cốc nước thay thế.",positive,"họ thực_sự biết làm thế_nào để có được một_cái nhìn tốt_đẹp và vị_trí cho cửa_hàng của họ . tôi đã có một khoảng thời_gian tuyệt_vời ở đây với bạn_bè . nó luôn_luôn đông_đúc ở đây , nhưng những người phục_vụ và nhân_viên rất tuyệt_vời . họ đã phạm sai_lầm , tôi đã gọi một cốc sprite nhưng họ cho tôi một cốc nước thay_thế .","họ thực_sự biết làm thế_nào để có được một_cái nhìn tốt_đẹp và vị_trí cho cửa_hàng của họ . tôi đã có một khoảng thời_gian tuyệt_vời ở đây với bạn_bè . nó luôn_luôn đông_đúc ở đây , nhưng những người phục_vụ và nhân_viên rất tuyệt_vời . họ đã phạm sai_lầm , tôi đã gọi một cốc sprite nhưng họ cho tôi một cốc nước thay_thế .",thế_nào một_cái tốt_đẹp vị_trí cửa_hàng thời_gian tuyệt_vời bạn_bè luôn_luôn đông_đúc phục_vụ nhân_viên tuyệt_vời phạm sai_lầm gọi cốc sprite cốc thay_thế
ăn nhanh ...ngon.,positive,ăn nhanh ...ngon .,ăn nhanh ...ngon .,...ngon
đồ ăn ngon mỗi tội đợi lâu,positive,đồ_ăn ngon mỗi_tội đợi lâu,đồ_ăn ngon mỗi_tội đợi lâu,đồ_ăn ngon mỗi_tội đợi
phục vụ hơi chậm,positive,phục_vụ hơi chậm,phục_vụ hơi chậm,phục_vụ hơi chậm
không hợp khẩu vị,negative,không hợp_khẩu vị,không hợp_khẩu vị,hợp_khẩu vị
cắn nhanh ở đây,positive,cắn nhanh ở đây,cắn nhanh ở đây,cắn
đông quá và đồ ăn cũng bình thường.,neutral,đông quá và đồ_ăn cũng bình_thường .,đông quá và đồ_ăn cũng bình_thường .,đông đồ_ăn bình_thường
"đồ ăn ngon, thu hút nhiều khách du lịch và trẻ em",positive,"đồ_ăn ngon , thu_hút nhiều khách du_lịch và trẻ_em","đồ_ăn ngon , thu_hút nhiều khách du_lịch và trẻ_em",đồ_ăn ngon thu_hút du_lịch trẻ_em
"không thân thiện, chậm chạp, không có nụ cười nhân viên nào cả lô vàng cũng đang đi bộ xung quanh trò chuyện nhân viên chạm vào điện thoại di động dịch vụ khách hàng ở xa nhật bản",negative,"không thân_thiện , chậm_chạp , không có nụ cười nhân_viên nào cả lô vàng cũng đang đi bộ xung_quanh trò_chuyện nhân_viên chạm vào điện_thoại_di_động dịch_vụ khách_hàng ở xa nhật_bản","không thân_thiện , chậm_chạp , không có nụ cười nhân_viên nào cả lô vàng cũng đang đi bộ xung_quanh trò_chuyện nhân_viên chạm vào điện_thoại_di_động dịch_vụ khách_hàng ở xa nhật_bản",thân_thiện chậm_chạp nụ cười nhân_viên lô vàng xung_quanh trò_chuyện nhân_viên chạm điện_thoại_di_động dịch_vụ khách_hàng nhật_bản
"có rất nhiều muối, nhưng nó rất ngon",positive,"có rất nhiều muối , nhưng nó rất ngon","có rất nhiều muối , nhưng nó rất ngon",muối ngon
ngon lắm phục vụ ok,positive,ngon lắm phục_vụ ok,ngon lắm phục_vụ ok,ngon lắm phục_vụ ok
quá bận rộn,neutral,quá bận_rộn,quá bận_rộn,bận_rộn
phục vụ tốt,positive,phục_vụ tốt,phục_vụ tốt,phục_vụ
cảnh đẹp,positive,cảnh đẹp,cảnh đẹp,cảnh đẹp
dịch vụ rất xấu. ban quản lý mcdonalds cần chú ý nhiều hơn đến hoạt động và đào tạo nhân viên của mcdonalds hà nội.,negative,dịch_vụ rất xấu . ban quản_lý mcdonalds cần chú_ý nhiều hơn đến hoạt_động và đào_tạo nhân_viên của mcdonalds hà_nội .,dịch_vụ rất xấu . ban quản_lý mcdonalds cần chú_ý nhiều hơn đến hoạt_động và đào_tạo nhân_viên của mcdonalds hà_nội .,dịch_vụ xấu ban quản_lý mcdonalds chú_ý hoạt_động đào_tạo nhân_viên mcdonalds hà_nội
"1 không có chỗ đỗ xe 2 để xe bảo vệ không đưa thẻ 3 đồ ăn lộn xộn khó hiểu và đắt 4 đồ ăn ít và nhỏ , khoai tây thì rắc muối quá mặn 5 toalet thì chỉ có 2 phòng mà còn đặt trong chỗ ăn uống 6 chật chội nên học tập trong sài gòn nhé .",negative,"1 không có chỗ đỗ xe 2 để xe bảo_vệ không đưa thẻ 3 đồ_ăn lộn_xộn khó hiểu và đắt 4 đồ_ăn ít và nhỏ , khoai_tây thì rắc muối quá mặn 5 toalet thì chỉ có 2 phòng mà_còn đặt trong chỗ ăn_uống 6 chật_chội nên học_tập trong sài_gòn nhé .","1 không có chỗ đỗ xe 2 để xe bảo_vệ không đưa thẻ 3 đồ_ăn lộn_xộn khó hiểu và đắt 4 đồ_ăn ít và nhỏ , khoai_tây thì rắc muối quá mặn 5 toalet thì chỉ có 2 phòng mà_còn đặt trong chỗ ăn_uống 6 chật_chội nên học_tập trong sài_gòn nhé .",1 chỗ đỗ xe 2 xe bảo_vệ thẻ 3 đồ_ăn lộn_xộn đắt 4 đồ_ăn khoai_tây rắc muối mặn 5 toalet 2 phòng mà_còn chỗ ăn_uống 6 chật_chội học_tập sài_gòn
trên toàn cầu,positive,trên toàn_cầu,trên toàn_cầu,toàn_cầu
dịch vụ tốt,positive,dịch_vụ tốt,dịch_vụ tốt,dịch_vụ
cuối tuần bận rộn,neutral,cuối tuần bận_rộn,cuối tuần bận_rộn,bận_rộn
không biết nói gì nữa,negative,không biết nói gì nữa,không biết nói gì nữa,
rất đông đúc và tốn kém ở gần,neutral,rất đông_đúc và tốn_kém ở gần,rất đông_đúc và tốn_kém ở gần,đông_đúc tốn_kém
"cách phục vụ chyên nghiệp, nhanh khi oder hàng. nhân viên nhiệt tình. đồ ăn nhanh nên hơi nhiều dầu mỡ. chất lượng đồ ăn tạm ổn, giá thành hợp lya với túi tiền. không gian hơi hẹp chật, vị trí view đẹp nhưng không lắp kính để quan sát đường mà thay vào đó quán xây tường hơi kín,",negative,"cách phục_vụ chyên nghiệp , nhanh khi oder hàng . nhân_viên nhiệt_tình . đồ_ăn nhanh nên hơi nhiều dầu_mỡ . chất_lượng đồ_ăn tạm ổn , giá_thành hợp lya với túi_tiền . không_gian hơi hẹp chật , vị_trí view đẹp nhưng không lắp kính để quan_sát đường mà thay vào đó quán xây tường hơi kín ,","cách phục_vụ chyên nghiệp , nhanh khi oder hàng . nhân_viên nhiệt_tình . đồ_ăn nhanh nên hơi nhiều dầu_mỡ . chất_lượng đồ_ăn tạm ổn , giá_thành hợp lya với túi_tiền . không_gian hơi hẹp chật , vị_trí view đẹp nhưng không lắp kính để quan_sát đường mà thay vào đó quán xây tường hơi kín ,",phục_vụ chyên nghiệp oder hàng nhân_viên nhiệt_tình đồ_ăn hơi dầu_mỡ chất_lượng đồ_ăn tạm ổn giá_thành hợp lya túi_tiền không_gian hơi hẹp chật vị_trí view đẹp lắp kính quan_sát đường thay quán xây tường hơi kín
rát tuyệt vời,positive,rát tuyệt_vời,rát tuyệt_vời,rát tuyệt_vời
kể tưg khi ăn mcdonalds là khỏi ăn ở chỗ khác luôn.,positive,kể tưg khi ăn mcdonalds là khỏi ăn_ở chỗ khác luôn .,kể tưg khi ăn mcdonalds là khỏi ăn_ở chỗ khác luôn .,tưg mcdonalds ăn_ở chỗ
nhân viên thái độ khi grab mua hàng trả đồ thiếu,negative,nhân_viên thái_độ khi grab mua hàng trả đồ thiếu,nhân_viên thái_độ khi grab mua hàng trả đồ thiếu,nhân_viên thái_độ grab mua hàng đồ
sẽ vào lần tới,positive,sẽ vào lần tới,sẽ vào lần tới,
"địa điểm đẹp, view ra hồ hoàn kiếm, nhiều nam thanh nữ tú đến đây ăn uống",positive,"địa_điểm đẹp , view ra hồ hoàn_kiếm , nhiều nam thanh_nữ tú đến đây ăn_uống","địa_điểm đẹp , view ra hồ hoàn_kiếm , nhiều nam thanh_nữ tú đến đây ăn_uống",địa_điểm đẹp view hồ hoàn_kiếm nam thanh_nữ tú ăn_uống
món ăn cũng bình thường. giá không quá đắt. được cái vị trí đẹp nên đi ra hồ gươm ngắm cảnh cũng gần,positive,món ăn cũng bình_thường . giá không quá đắt . được cái vị_trí đẹp nên đi ra hồ gươm ngắm cảnh cũng gần,món ăn cũng bình_thường . giá không quá đắt . được cái vị_trí đẹp nên đi ra hồ gươm ngắm cảnh cũng gần,món bình_thường giá đắt vị_trí đẹp hồ gươm ngắm cảnh
vị trí và dịch vụ rất tốt,positive,vị_trí và dịch_vụ rất tốt,vị_trí và dịch_vụ rất tốt,vị_trí dịch_vụ
"bánh mì kẹp thịt lợn khá đẹp, nhưng nó không đi kèm với thiết lập.",neutral,"bánh_mì kẹp thịt lợn khá đẹp , nhưng nó không đi kèm với thiết_lập .","bánh_mì kẹp thịt lợn khá đẹp , nhưng nó không đi kèm với thiết_lập .",bánh_mì kẹp thịt lợn đẹp kèm thiết_lập
đồ ăn hơi đắt,negative,đồ_ăn hơi đắt,đồ_ăn hơi đắt,đồ_ăn hơi đắt
"hamburger ngon, khoai tây chiên không được giòn như mcdonalds mình từng ăn bên châu âu, giá cả khá đắt so với thu nhập trung bình người việt, quán nằm tại địa điểm vàng của thủ đô hà nội, làm một nơi lí tưởng cho giới trẻ check in.",neutral,"hamburger ngon , khoai_tây chiên không được giòn như mcdonalds mình từng ăn bên châu_âu , giá_cả khá đắt so với thu_nhập trung_bình người việt , quán nằm tại địa_điểm vàng của thủ_đô hà_nội , làm một nơi lí_tưởng cho giới trẻ check in .","hamburger ngon , khoai_tây chiên không được giòn như mcdonalds mình từng ăn bên châu_âu , giá_cả khá đắt so với thu_nhập trung_bình người việt , quán nằm tại địa_điểm vàng của thủ_đô hà_nội , làm một nơi lí_tưởng cho giới trẻ check in .",hamburger ngon khoai_tây chiên giòn mcdonalds châu_âu giá_cả đắt thu_nhập trung_bình việt quán nằm địa_điểm vàng thủ_đô hà_nội lí_tưởng giới trẻ check in
bánh mì kẹp thịt rất đẹp. nơi yên tĩnh với aircon,positive,bánh_mì kẹp thịt rất đẹp . nơi yên_tĩnh với aircon,bánh_mì kẹp thịt rất đẹp . nơi yên_tĩnh với aircon,bánh_mì kẹp thịt đẹp yên_tĩnh aircon
nó có vị ngon hơn hàn quốc hoặc mcdonald. mặc quần áo là tất cả mayonnaise và sốt cà chua.,negative,nó có vị ngon hơn hàn_quốc hoặc mcdonald . mặc quần_áo là tất_cả mayonnaise và sốt cà_chua .,nó có vị ngon hơn hàn_quốc hoặc mcdonald . mặc quần_áo là tất_cả mayonnaise và sốt cà_chua .,vị ngon hàn_quốc mcdonald mặc quần_áo tất_cả mayonnaise sốt cà_chua
giá cao,neutral,giá cao,giá cao,giá
đồ ăn rất ngán,negative,đồ_ăn rất ngán,đồ_ăn rất ngán,đồ_ăn ngán
tôi yêu thức ăn nhanh nhưng tôi xin lỗi khi nói rằng mcdonald cheeseburger đã không phù hợp với sự thèm ăn của tôi. nói chung thực phẩm là tốt và dịch vụ rất tuyệt vời,positive,tôi yêu thức_ăn nhanh nhưng tôi xin_lỗi khi nói rằng mcdonald cheeseburger đã không phù_hợp với sự thèm ăn của tôi . nói_chung thực_phẩm là tốt và dịch_vụ rất tuyệt_vời,tôi yêu thức_ăn nhanh nhưng tôi xin_lỗi khi nói rằng mcdonald cheeseburger đã không phù_hợp với sự thèm ăn của tôi . nói_chung thực_phẩm là tốt và dịch_vụ rất tuyệt_vời,yêu thức_ăn xin_lỗi mcdonald cheeseburger phù_hợp thèm nói_chung thực_phẩm dịch_vụ tuyệt_vời
quán duy nhất ở thành phố hà nội đồ ăn cực kì ngon mà cũng không mắc thích hợp để dẫn trẻ con vào,positive,quán duy_nhất ở thành_phố hà_nội đồ_ăn cực_kì ngon mà cũng không mắc thích_hợp để dẫn trẻ_con vào,quán duy_nhất ở thành_phố hà_nội đồ_ăn cực_kì ngon mà cũng không mắc thích_hợp để dẫn trẻ_con vào,quán duy_nhất thành_phố hà_nội đồ_ăn cực_kì ngon mắc thích_hợp trẻ_con
cung ôn,neutral,cung ôn,cung ôn,cung ôn
đồ ăn không quá ngon so với giá,neutral,đồ_ăn không quá ngon so với giá,đồ_ăn không quá ngon so với giá,đồ_ăn ngon giá
khách khá đông giá hợp lý,positive,khách khá đông giá hợp_lý,khách khá đông giá hợp_lý,đông giá hợp_lý
nhân viên nhiệt tình,positive,nhân_viên nhiệt_tình,nhân_viên nhiệt_tình,nhân_viên nhiệt_tình
caphe ngon,positive,caphe ngon,caphe ngon,caphe ngon
"đồ ăn ngon, hơi đông",positive,"đồ_ăn ngon , hơi đông","đồ_ăn ngon , hơi đông",đồ_ăn ngon hơi đông
phục vụ chậm và kô nhiệt tình,neutral,phục_vụ chậm và kô nhiệt_tình,phục_vụ chậm và kô nhiệt_tình,phục_vụ chậm kô nhiệt_tình
tiêu chuẩn mcdonalds. dịch vụ này là tuyệt vời và giao hàng nhanh chóng. người nhận đơn đặt hàng hiểu tiếng anh hợp lý. anh ấy rất hữu ích và hướng dẫn chúng tôi. có không gian chỗ ngồi cho khoảng 20 người ở tầng trệt và thậm chí nhiều hơn ở tầng một.,positive,tiêu_chuẩn mcdonalds . dịch_vụ này là tuyệt_vời và giao hàng nhanh_chóng . người nhận đơn đặt_hàng hiểu tiếng anh hợp_lý . anh ấy rất hữu_ích và hướng_dẫn chúng_tôi . có không_gian chỗ ngồi cho khoảng 20 người ở tầng trệt và thậm_chí nhiều hơn ở tầng một .,tiêu_chuẩn mcdonalds . dịch_vụ này là tuyệt_vời và giao hàng nhanh_chóng . người nhận đơn đặt_hàng hiểu tiếng anh hợp_lý . anh ấy rất hữu_ích và hướng_dẫn chúng_tôi . có không_gian chỗ ngồi cho khoảng 20 người ở tầng trệt và thậm_chí nhiều hơn ở tầng một .,tiêu_chuẩn mcdonalds dịch_vụ tuyệt_vời giao hàng nhanh_chóng đơn đặt_hàng tiếng hợp_lý hữu_ích hướng_dẫn chúng_tôi không_gian chỗ 20 tầng thậm_chí tầng
giá khá cao,positive,giá khá cao,giá khá cao,giá
"chỉ cần băng qua đường đến bưu điện, số 86 bus stop phải trước bưu điện, hãy đến cảng không khí quốc tế noi bai. giá vé có giá 35.0 vnd.",neutral,"chỉ cần băng qua đường đến bưu_điện , số 86 bus stop phải trước bưu_điện , hãy đến cảng không_khí quốc_tế noi bai . giá vé có giá 35.0 vnd .","chỉ cần băng qua đường đến bưu_điện , số 86 bus stop phải trước bưu_điện , hãy đến cảng không_khí quốc_tế noi bai . giá vé có giá 35.0 vnd .",băng đường bưu_điện 86 bus stop bưu_điện cảng không_khí quốc_tế noi bai giá vé giá 35.0 vnd
kinh khủng. đừng đi.,negative,kinh_khủng . đừng đi .,kinh_khủng . đừng đi .,kinh_khủng đừng
đông đúc và không sạch sẽ. nhưng hương vị tốt.,positive,đông_đúc và không sạch_sẽ . nhưng hương_vị tốt .,đông_đúc và không sạch_sẽ . nhưng hương_vị tốt .,đông_đúc sạch_sẽ hương_vị
tuyệt vời.,positive,tuyệt_vời .,tuyệt_vời .,tuyệt_vời
quan dong khách do a phục vu rất nhanh,positive,quan dong khách do a phục vu rất nhanh,quan dong khách do a phục vu rất nhanh,quan dong a phục vu
hha,positive,hha,hha,hha
"đông vui, đồ ăn ngon. rất đáng thử",positive,"đông vui , đồ_ăn ngon . rất đáng thử","đông vui , đồ_ăn ngon . rất đáng thử",đông vui đồ_ăn ngon thử
không gian hơi nhỏ,positive,không_gian hơi nhỏ,không_gian hơi nhỏ,không_gian hơi
tôi rất vui vì tôi có mac buổi sáng,positive,tôi rất vui vì tôi có mac buổi sáng,tôi rất vui vì tôi có mac buổi sáng,vui mac
mcdonald trong vn không tốt như kfc,neutral,mcdonald trong vn không tốt như kfc,mcdonald trong vn không tốt như kfc,mcdonald vn kfc
"đồ ăn ok, view đẹp, quán đông, chờ lâu",positive,"đồ_ăn ok , view đẹp , quán đông , chờ lâu","đồ_ăn ok , view đẹp , quán đông , chờ lâu",đồ_ăn ok view đẹp quán đông chờ
"phục vụ chuyên nghiệp, lượng khách đông khủng khiếp vào mỗi dịp cuối tuần",positive,"phục_vụ chuyên_nghiệp , lượng khách đông khủng_khiếp vào mỗi dịp cuối tuần","phục_vụ chuyên_nghiệp , lượng khách đông khủng_khiếp vào mỗi dịp cuối tuần",phục_vụ chuyên_nghiệp đông khủng_khiếp dịp
"mới và sạch sẽ mặc dù đôi khi quá đầy đủ với các nhân viên hữu ích cố gắng hết sức để giữ thời gian chờ đợi của bạn càng ngắn càng tốt. không có sữa lắc không may. cà phê là thú vị, đáng ngạc nhiên. thức ăn được nấu để đặt hàng và nóng.",neutral,"mới và sạch_sẽ mặc_dù đôi_khi quá đầy_đủ với các nhân_viên hữu_ích cố_gắng hết_sức để giữ thời_gian chờ_đợi của bạn càng ngắn càng tốt . không có sữa lắc không may . cà_phê là thú_vị , đáng ngạc_nhiên . thức_ăn được nấu để đặt_hàng và nóng .","mới và sạch_sẽ mặc_dù đôi_khi quá đầy_đủ với các nhân_viên hữu_ích cố_gắng hết_sức để giữ thời_gian chờ_đợi của bạn càng ngắn càng tốt . không có sữa lắc không may . cà_phê là thú_vị , đáng ngạc_nhiên . thức_ăn được nấu để đặt_hàng và nóng .",sạch_sẽ mặc_dù đôi_khi đầy_đủ nhân_viên hữu_ích cố_gắng hết_sức thời_gian chờ_đợi ngắn sữa lắc may cà_phê thú_vị ngạc_nhiên thức_ăn nấu đặt_hàng nóng
sạch sẽ hiện đại với máy bán hàng tự động và đông,positive,sạch_sẽ hiện_đại với máy bán hàng tự_động và đông,sạch_sẽ hiện_đại với máy bán hàng tự_động và đông,sạch_sẽ hiện_đại máy hàng tự_động đông
với mình vậy là đủ,positive,với mình vậy là đủ,với mình vậy là đủ,
"dịch vụ khủng khiếp. 15 phút cho 3 mcmuffins, một băm nâu và đồ uống",negative,"dịch_vụ khủng_khiếp . 15 phút cho 3 mcmuffins , một băm nâu và đồ uống","dịch_vụ khủng_khiếp . 15 phút cho 3 mcmuffins , một băm nâu và đồ uống",dịch_vụ khủng_khiếp 15 phút 3 mcmuffins băm nâu đồ uống
"món ăn ngon, đi chơi vui vẻ, mát mẻ",positive,"món ăn ngon , đi chơi vui_vẻ , mát_mẻ","món ăn ngon , đi chơi vui_vẻ , mát_mẻ",món ngon vui_vẻ mát_mẻ
capitalism giá rẻ,positive,capitalism giá rẻ,capitalism giá rẻ,capitalism giá rẻ
bình thường đồ ăn không ngon,neutral,bình_thường đồ_ăn không ngon,bình_thường đồ_ăn không ngon,bình_thường đồ_ăn ngon
"giá cả hợp lý nhất, nhưng gà rán vẫn không ngon, nó có thể là do bột mì",neutral,"giá_cả hợp_lý nhất , nhưng gà rán vẫn không ngon , nó có_thể là do bột mì","giá_cả hợp_lý nhất , nhưng gà rán vẫn không ngon , nó có_thể là do bột mì",giá_cả hợp_lý gà rán ngon có_thể bột mì
hê hê đồ ngon,positive,hê hê đồ ngon,hê hê đồ ngon,hê hê đồ ngon
"một khu vực tốt lành, mcdo duy nhất mở cửa cho đến 3 giờ sáng, tất cả trong một con đường trở thành người đi bộ vào cuối tuần nơi tốt đẹp gần hồ và tự tôn trọng mac mac",positive,"một khu_vực tốt_lành , mcdo duy_nhất mở_cửa cho đến 3 giờ sáng , tất_cả trong một con đường trở_thành người đi bộ vào cuối tuần nơi tốt_đẹp gần hồ và tự_tôn trọng mac mac","một khu_vực tốt_lành , mcdo duy_nhất mở_cửa cho đến 3 giờ sáng , tất_cả trong một con đường trở_thành người đi bộ vào cuối tuần nơi tốt_đẹp gần hồ và tự_tôn trọng mac mac",khu_vực tốt_lành mcdo duy_nhất mở_cửa 3 tất_cả đường trở_thành tốt_đẹp hồ tự_tôn trọng mac mac
"đơn đặt hàng có thể được thực hiện trên màn hình lớn ở lối vào. điều đó thật mượt mà, nhưng bên trong được quản lý kém và chỉ có một vài khách hàng, vì vậy tôi phải chờ khá lâu. 😂",neutral,"đơn đặt_hàng có_thể được thực_hiện trên màn_hình lớn ở lối vào . điều đó thật mượt_mà , nhưng bên trong được quản_lý kém và chỉ có một_vài khách_hàng , vì_vậy tôi phải chờ khá lâu . 😂","đơn đặt_hàng có_thể được thực_hiện trên màn_hình lớn ở lối vào . điều đó thật mượt_mà , nhưng bên trong được quản_lý kém và chỉ có một_vài khách_hàng , vì_vậy tôi phải chờ khá lâu . :khuôn mặt với những giọt nước mắt của niềm vui:",đơn đặt_hàng có_thể thực_hiện màn_hình mượt_mà quản_lý kém một_vài khách_hàng vì_vậy chờ :khuôn mặt giọt mắt niềm vui:
đẹp đồ ăn ngon,positive,đẹp đồ_ăn ngon,đẹp đồ_ăn ngon,đẹp đồ_ăn ngon
làm nhanh,positive,làm nhanh,làm nhanh,
"nhân viên lịch sự, phục vụ nhiệt tình. đồ ăn bình thường, hơi mặn",neutral,"nhân_viên lịch_sự , phục_vụ nhiệt_tình . đồ_ăn bình_thường , hơi mặn","nhân_viên lịch_sự , phục_vụ nhiệt_tình . đồ_ăn bình_thường , hơi mặn",nhân_viên lịch_sự phục_vụ nhiệt_tình đồ_ăn bình_thường hơi mặn
"bẩn thỉu. vị trí tốt, một trong số ít hơn 5. gần hồ hoan kim.",negative,"bẩn_thỉu . vị_trí tốt , một trong số_ít hơn 5 . gần hồ hoan kim .","bẩn_thỉu . vị_trí tốt , một trong số_ít hơn 5 . gần hồ hoan kim .",bẩn_thỉu vị_trí số_ít 5 hồ hoan kim
ok. tạm ổn,positive,ok . tạm ổn,ok . tạm ổn,ok tạm ổn
tôi đã tự hỏi việt nam là gì mcdonald. thực phẩm sang trọng ở việt nam. ngon haha,neutral,tôi đã tự hỏi việt_nam là gì mcdonald . thực_phẩm sang_trọng ở việt_nam . ngon haha,tôi đã tự hỏi việt_nam là gì mcdonald . thực_phẩm sang_trọng ở việt_nam . ngon haha,việt_nam mcdonald thực_phẩm sang_trọng việt_nam ngon haha
có rất nhiều khách hàng nó rất ngon,positive,có rất nhiều khách_hàng nó rất ngon,có rất nhiều khách_hàng nó rất ngon,khách_hàng ngon
chưa chuẩn bị dồ xong nhưng app của grab dã mở,positive,chưa chuẩn_bị dồ xong nhưng app của grab dã mở,chưa chuẩn_bị dồ xong nhưng app của grab dã mở,chuẩn_bị dồ xong app grab dã
tuyệt vời khi bạn cần một chút nhà trong chuyến đi của bạn.,positive,tuyệt_vời khi bạn cần một_chút nhà trong chuyến đi của bạn .,tuyệt_vời khi bạn cần một_chút nhà trong chuyến đi của bạn .,tuyệt_vời một_chút chuyến
điều hòa không khí,positive,điều_hoà_không_khí,điều_hoà_không_khí,điều_hoà_không_khí
mac tốt ở hà nội,positive,mac tốt ở hà_nội,mac tốt ở hà_nội,mac hà_nội
phục vụ tốt,neutral,phục_vụ tốt,phục_vụ tốt,phục_vụ
"dịch vụ vẫn ổn. nếu bạn thực sự muốn maccas, bạn nên đến đây.",positive,"dịch_vụ vẫn ổn . nếu bạn thực_sự muốn maccas , bạn nên đến đây .","dịch_vụ vẫn ổn . nếu bạn thực_sự muốn maccas , bạn nên đến đây .",dịch_vụ ổn maccas
đã không đáp ứng mong đợi của tôi đối với một mcdonalds bình thường. bánh mì đã nhai và bánh burger rất lộn xộn. dịch vụ rất nhanh và tốt nhưng các bàn đã dính và không được làm sạch tốt. không phải là một chiếc burger mcdonalds thích hợp,negative,đã không đáp_ứng mong_đợi của tôi đối_với một mcdonalds bình_thường . bánh_mì đã nhai và bánh burger rất lộn_xộn . dịch_vụ rất nhanh và tốt nhưng các bàn đã dính và không được làm sạch tốt . không phải là một chiếc burger mcdonalds thích_hợp,đã không đáp_ứng mong_đợi của tôi đối_với một mcdonalds bình_thường . bánh_mì đã nhai và bánh burger rất lộn_xộn . dịch_vụ rất nhanh và tốt nhưng các bàn đã dính và không được làm sạch tốt . không phải là một chiếc burger mcdonalds thích_hợp,đáp_ứng mong_đợi đối_với mcdonalds bình_thường bánh_mì nhai bánh burger lộn_xộn dịch_vụ bàn dính sạch burger mcdonalds thích_hợp
khá tốt,positive,khá tốt,khá tốt,
một số thực đơn là khác nhau. có một số gạo,neutral,một_số thực_đơn là khác nhau . có một_số gạo,một_số thực_đơn là khác nhau . có một_số gạo,một_số thực_đơn một_số gạo
một mc làm trong số nhiều người khác,neutral,một mc làm trong số_nhiều người khác,một mc làm trong số_nhiều người khác,mc số_nhiều
vị trí đẹp số 1 hà nội,positive,vị_trí đẹp số 1 hà_nội,vị_trí đẹp số 1 hà_nội,vị_trí đẹp 1 hà_nội
điều này rất tốt cho tất cả người hâm mộ của mcdonald,positive,điều này rất tốt cho tất_cả người hâm_mộ của mcdonald,điều này rất tốt cho tất_cả người hâm_mộ của mcdonald,tất_cả hâm_mộ mcdonald
"nằm ngay trung tâm thành phố, sát hồ hoàn kiếm. nhân viên phục vụ tốt",positive,"nằm ngay trung_tâm thành_phố , sát hồ hoàn_kiếm . nhân_viên phục_vụ tốt","nằm ngay trung_tâm thành_phố , sát hồ hoàn_kiếm . nhân_viên phục_vụ tốt",nằm trung_tâm thành_phố sát hồ hoàn_kiếm nhân_viên phục_vụ
"đa dạng các món. ăn được. không ngon haha đương nhiên vì unhealthy food mà. dịch vụ tốt. phục vụ nhanh, chuyên nghiệp 👏 vị trí đẹp tuyệt 👍 so với các cửa hàng ăn nhanh, mcdonald giá cao nhưng nhìn chung cũng đáng",positive,"đa_dạng các món . ăn được . không ngon haha đương_nhiên vì unhealthy food mà . dịch_vụ tốt . phục_vụ nhanh , chuyên_nghiệp 👏 vị_trí đẹp tuyệt 👍 so với các cửa_hàng ăn nhanh , mcdonald giá cao nhưng nhìn_chung cũng đáng","đa_dạng các món . ăn được . không ngon haha đương_nhiên vì unhealthy food mà . dịch_vụ tốt . phục_vụ nhanh , chuyên_nghiệp :vỗ tay: vị_trí đẹp tuyệt :thích: so với các cửa_hàng ăn nhanh , mcdonald giá cao nhưng nhìn_chung cũng đáng",đa_dạng món ngon haha đương_nhiên unhealthy food dịch_vụ phục_vụ chuyên_nghiệp :vỗ tay: vị_trí đẹp tuyệt :thích: cửa_hàng mcdonald giá nhìn_chung
hừm,positive,hừm,hừm,hừm
cửa hàng ăn nhanh dễ tìm,positive,cửa_hàng ăn nhanh dễ tìm,cửa_hàng ăn nhanh dễ tìm,cửa_hàng
"uh, tôi nghĩ rằng tôi nên ra khỏi trụ sở. nó không tốt cho vệ sinh, nhưng nó thực sự đáng để đi nếu bạn nghĩ về mcdonald.",neutral,"uh , tôi nghĩ rằng tôi nên ra khỏi trụ_sở . nó không tốt cho vệ_sinh , nhưng nó thực_sự đáng để đi nếu bạn nghĩ về mcdonald .","uh , tôi nghĩ rằng tôi nên ra khỏi trụ_sở . nó không tốt cho vệ_sinh , nhưng nó thực_sự đáng để đi nếu bạn nghĩ về mcdonald .",uh trụ_sở vệ_sinh mcdonald
"luôn luôn là một dòng nhưng dịch vụ nhanh chóng, rất nhiều thực phẩm tốt hơn ở hà nội nhưng đối với mc donalds, dịch vụ và chất lượng là tốt đến đáng ngạc nhiên",positive,"luôn_luôn là một dòng nhưng dịch_vụ nhanh_chóng , rất nhiều thực_phẩm tốt hơn ở hà_nội nhưng đối_với mc donalds , dịch_vụ và chất_lượng là tốt đến đáng ngạc_nhiên","luôn_luôn là một dòng nhưng dịch_vụ nhanh_chóng , rất nhiều thực_phẩm tốt hơn ở hà_nội nhưng đối_với mc donalds , dịch_vụ và chất_lượng là tốt đến đáng ngạc_nhiên",luôn_luôn dòng dịch_vụ nhanh_chóng thực_phẩm hà_nội đối_với mc donalds dịch_vụ chất_lượng ngạc_nhiên
"không chuyên nghiệp, không hướng dân lấy đồ lên khách phải xếp hàng 2 lần",negative,"không chuyên_nghiệp , không hướng dân lấy đồ lên khách phải xếp_hàng 2 lần","không chuyên_nghiệp , không hướng dân lấy đồ lên khách phải xếp_hàng 2 lần",chuyên_nghiệp hướng dân đồ xếp_hàng 2
đồ ăn so với giá thì khá ổn. chỉ có điều hơi đông nên đợi lâu.,positive,đồ_ăn so với giá thì khá ổn . chỉ có_điều hơi đông nên đợi lâu .,đồ_ăn so với giá thì khá ổn . chỉ có_điều hơi đông nên đợi lâu .,đồ_ăn giá ổn có_điều hơi đông đợi
thai đô,negative,thai đô,thai đô,thai đô
"tôi đã gọi món burger cá, nhưng chỉ có thịt cá trong bánh mì và không có rau.",negative,"tôi đã gọi món burger cá , nhưng chỉ có thịt cá trong bánh_mì và không có rau .","tôi đã gọi món burger cá , nhưng chỉ có thịt cá trong bánh_mì và không có rau .",gọi món burger cá thịt cá bánh_mì rau
"đên ăn banh mi miên phi môt lân theo chương trinh giam gia, va thây mcdonalds nay cung uy tin, co nhiêu tru sơ, ơ hoang đao thuy cung co, lương cung cao, nên muôn đên đây ưng tuyên.thây cung hay co nhiêu vi tri tuyên dung, va uy tin, nên thich đên.đô ăn ngon. quên la không check in",positive,"đên ăn banh mi miên phi môt lân theo chương trinh giam gia , va thây mcdonalds nay cung uy tin , co nhiêu tru sơ , ơ hoang đao thuy cung co , lương cung cao , nên muôn đên đây ưng tuyên.thây cung hay co nhiêu vi tri tuyên dung , va uy tin , nên thich đên.đô ăn ngon . quên la không check in","đên ăn banh mi miên phi môt lân theo chương trinh giam gia , va thây mcdonalds nay cung uy tin , co nhiêu tru sơ , ơ hoang đao thuy cung co , lương cung cao , nên muôn đên đây ưng tuyên.thây cung hay co nhiêu vi tri tuyên dung , va uy tin , nên thich đên.đô ăn ngon . quên la không check in",đên banh mi miên phi môt lân chương trinh giam gia va thây mcdonalds cung uy co nhiêu tru sơ hoang đao thuy cung co lương cung muôn đên ưng tuyên.thây cung co nhiêu vi tri tuyên dung va uy thich đên.đô ngon quên la check in
"vị trí đẹp, phù hợp giới trẻ",neutral,"vị_trí đẹp , phù_hợp giới trẻ","vị_trí đẹp , phù_hợp giới trẻ",vị_trí đẹp phù_hợp giới trẻ
bánh mì không giống như các mcdonalds khác và thức ăn không nóng khi chúng tôi nhận được. nhưng dịch vụ rất nhanh.,neutral,bánh_mì không giống như các mcdonalds khác và thức_ăn không nóng khi chúng_tôi nhận được . nhưng dịch_vụ rất nhanh .,bánh_mì không giống như các mcdonalds khác và thức_ăn không nóng khi chúng_tôi nhận được . nhưng dịch_vụ rất nhanh .,bánh_mì mcdonalds thức_ăn nóng chúng_tôi dịch_vụ
thức ăn dễ ăn và phù hợp với mọi người,positive,thức_ăn dễ ăn và phù_hợp với mọi người,thức_ăn dễ ăn và phù_hợp với mọi người,thức_ăn phù_hợp
"tốt, nhưng không có chỗ để xe hơi. gửi xe khá xa, được cái đi bộ có nhiều bóng cây.",positive,"tốt , nhưng không có chỗ để xe_hơi . gửi xe khá xa , được cái đi bộ có nhiều bóng cây .","tốt , nhưng không có chỗ để xe_hơi . gửi xe khá xa , được cái đi bộ có nhiều bóng cây .",chỗ xe_hơi gửi xe bóng
hơi đông,positive,hơi đông,hơi đông,hơi đông
"bánh ngon, view đẹp, nên nhắc nhở nhân viên tạp vụ",positive,"bánh ngon , view đẹp , nên nhắc_nhở nhân_viên tạp_vụ","bánh ngon , view đẹp , nên nhắc_nhở nhân_viên tạp_vụ",bánh ngon view đẹp nhắc_nhở nhân_viên tạp_vụ
nhìn view khá đẹp mà chưa có dịp ăn nên chưa biết chất lượng ra sao,neutral,nhìn view khá đẹp mà chưa có dịp ăn nên chưa biết chất_lượng ra sao,nhìn view khá đẹp mà chưa có dịp ăn nên chưa biết chất_lượng ra sao,view đẹp dịp chất_lượng
đồ ăn ngon và làm rất nhanh,positive,đồ_ăn ngon và làm rất nhanh,đồ_ăn ngon và làm rất nhanh,đồ_ăn ngon
cho 1s không cần lý do,negative,cho 1s không cần lý_do,cho 1s không cần lý_do,1s lý_do
"hôm nay 26 tháng 4 2019, em gọi phần ăn gồm 1 miếng gà rán 1 khoai tây chiên và 1 coke vừa và lúc sau nhà hàng ship cho e 1 miếng gà rán và cơm tốn tiền, mọi người đừng mua ở đây",negative,"hôm_nay 26 tháng 4 2019 , em gọi phần ăn gồm 1 miếng gà rán 1 khoai_tây chiên và 1 coke vừa và lúc sau nhà_hàng ship cho e 1 miếng gà rán và cơm tốn tiền , mọi người đừng mua ở đây","hôm_nay 26 tháng 4 2019 , em gọi phần ăn gồm 1 miếng gà rán 1 khoai_tây chiên và 1 coke vừa và lúc sau nhà_hàng ship cho e 1 miếng gà rán và cơm tốn tiền , mọi người đừng mua ở đây",hôm_nay 26 4 2019 gọi 1 miếng gà rán 1 khoai_tây chiên 1 coke nhà_hàng ship e 1 miếng gà rán cơm tốn tiền đừng mua
cuối cùng tôi đã tìm thấy mac ở hà nội. cà phê đá rất ngon và người nhật thích nó.,positive,cuối_cùng tôi đã tìm thấy mac ở hà_nội . cà_phê đá rất ngon và người nhật thích nó .,cuối_cùng tôi đã tìm thấy mac ở hà_nội . cà_phê đá rất ngon và người nhật thích nó .,mac hà_nội cà_phê đá ngon nhật
như một con donalds mac nên ... rẻ hơn 2 đến 3 lần so với ở hà lan,positive,như một con donalds mac nên ... rẻ hơn 2 đến 3 lần so với ở hà_lan,như một con donalds mac nên ... rẻ hơn 2 đến 3 lần so với ở hà_lan,donalds mac ... rẻ 2 3 hà_lan
"nó khá tốt đẹp. một phần mà thực đơn của họ chỉ có những lựa chọn burger hạn chế, tôi sẽ giết vì w lớn ngon. nói chung, mặc dù, thực phẩm là tốt và dịch vụ là tốt. mayo là ngọt ngào, mặc dù. tôi nghĩ điều đó thật kỳ lạ.",positive,"nó khá tốt_đẹp . một phần mà thực_đơn của họ chỉ có những lựa_chọn burger hạn_chế , tôi sẽ giết vì w lớn ngon . nói_chung , mặc_dù , thực_phẩm là tốt và dịch_vụ là tốt . mayo là ngọt_ngào , mặc_dù . tôi nghĩ điều đó thật kỳ_lạ .","nó khá tốt_đẹp . một phần mà thực_đơn của họ chỉ có những lựa_chọn burger hạn_chế , tôi sẽ giết vì w lớn ngon . nói_chung , mặc_dù , thực_phẩm là tốt và dịch_vụ là tốt . mayo là ngọt_ngào , mặc_dù . tôi nghĩ điều đó thật kỳ_lạ .",tốt_đẹp thực_đơn lựa_chọn burger hạn_chế giết w ngon nói_chung mặc_dù thực_phẩm dịch_vụ mayo ngọt_ngào mặc_dù kỳ_lạ
tốt với thức ăn nhanh,positive,tốt với thức_ăn nhanh,tốt với thức_ăn nhanh,thức_ăn
địa điểm yêu thích của trẻ em bất cứ lúc nào chúng tôi đi dạo cuối tuần quanh hồ hoan kiem,positive,địa_điểm yêu thích của trẻ_em bất_cứ lúc_nào chúng_tôi đi dạo cuối tuần quanh hồ hoan kiem,địa_điểm yêu thích của trẻ_em bất_cứ lúc_nào chúng_tôi đi dạo cuối tuần quanh hồ hoan kiem,địa_điểm yêu trẻ_em bất_cứ lúc_nào chúng_tôi dạo quanh hồ hoan kiem
không đăt đơn cho khách. nhân viên khinh người,negative,không đăt đơn cho khách . nhân_viên khinh người,không đăt đơn cho khách . nhân_viên khinh người,đăt đơn nhân_viên khinh
nó không sang trọng,negative,nó không sang_trọng,nó không sang_trọng,sang_trọng
"vào ngày lễ và cuối tuần dịp phố đi bộ, quán thường đông quá mức trong khi quầy thanh toán nhỏ nên phải xếp hàng hơi lâu.",neutral,"vào ngày lễ và cuối tuần dịp phố đi bộ , quán thường đông quá mức trong khi quầy thanh_toán nhỏ nên phải xếp_hàng hơi lâu .","vào ngày lễ và cuối tuần dịp phố đi bộ , quán thường đông quá mức trong khi quầy thanh_toán nhỏ nên phải xếp_hàng hơi lâu .",lễ dịp phố quán đông quầy thanh_toán xếp_hàng hơi
"vâng, nó là thực phẩm sạch và tươi, và phổ biến trong ppl của người việt nam",neutral,"vâng , nó là thực_phẩm sạch và tươi , và phổ_biến trong ppl của người việt_nam","vâng , nó là thực_phẩm sạch và tươi , và phổ_biến trong ppl của người việt_nam",thực_phẩm sạch tươi phổ_biến ppl việt_nam
"đồ ăn ngon, khách đông nên phải xếp hàng chờ mua rất lâu, chỗ ngồi hơi chật chội.",positive,"đồ_ăn ngon , khách đông nên phải xếp_hàng chờ mua rất lâu , chỗ ngồi hơi chật_chội .","đồ_ăn ngon , khách đông nên phải xếp_hàng chờ mua rất lâu , chỗ ngồi hơi chật_chội .",đồ_ăn ngon đông xếp_hàng chờ mua chỗ hơi chật_chội
"đây là mcdonald duy nhất ở hà nội. hương vị thực phẩm giống như ở mọi nơi. và nó nằm ở vị trí tốt nhất cho khách du lịch quốc tế. ngay bên cạnh hồ hoan kiếm, và rất gần với sofitel.",positive,"đây là mcdonald duy_nhất ở hà_nội . hương_vị thực_phẩm giống như ở mọi nơi . và nó nằm ở vị_trí tốt nhất cho khách du_lịch quốc_tế . ngay bên cạnh hồ hoan kiếm , và rất gần với sofitel .","đây là mcdonald duy_nhất ở hà_nội . hương_vị thực_phẩm giống như ở mọi nơi . và nó nằm ở vị_trí tốt nhất cho khách du_lịch quốc_tế . ngay bên cạnh hồ hoan kiếm , và rất gần với sofitel .",mcdonald duy_nhất hà_nội hương_vị thực_phẩm nằm vị_trí du_lịch quốc_tế cạnh hồ hoan kiếm sofitel
thèm quá uitruiui,positive,thèm quá uitruiui,thèm quá uitruiui,thèm uitruiui
tốt cho trẻ em và gia đình sau chuyến lưu diễn thành phố và đi bộ dài.,neutral,tốt cho trẻ_em và gia_đình sau chuyến lưu_diễn thành_phố và đi bộ dài .,tốt cho trẻ_em và gia_đình sau chuyến lưu_diễn thành_phố và đi bộ dài .,trẻ_em gia_đình chuyến lưu_diễn thành_phố
"những nơi tuyệt vời, con tôi thích nó, đặc biệt là thực đơn hạnh phúc với đồ chơi",positive,"những nơi tuyệt_vời , con tôi thích nó , đặc_biệt là thực_đơn hạnh_phúc với đồ_chơi","những nơi tuyệt_vời , con tôi thích nó , đặc_biệt là thực_đơn hạnh_phúc với đồ_chơi",tuyệt_vời đặc_biệt thực_đơn hạnh_phúc đồ_chơi
ngon đăt,positive,ngon đăt,ngon đăt,ngon đăt
mình ăn nhà hàng này giống như ở bên pháp đấy ạ,positive,mình ăn nhà_hàng này giống như ở bên pháp đấy ạ,mình ăn nhà_hàng này giống như ở bên pháp đấy ạ,nhà_hàng pháp đấy
thức ăn ngon nhưng rất đông đúc. thật tuyệt khi hà nội có thêm một mcdonald,positive,thức_ăn ngon nhưng rất đông_đúc . thật tuyệt khi hà_nội có thêm một mcdonald,thức_ăn ngon nhưng rất đông_đúc . thật tuyệt khi hà_nội có thêm một mcdonald,thức_ăn ngon đông_đúc tuyệt hà_nội mcdonald
yum lol,positive,yum lol,yum lol,yum lol
rất ngon.,positive,rất ngon .,rất ngon .,ngon
ngon. đáng tiền,positive,ngon . đáng tiền,ngon . đáng tiền,ngon tiền
"nằm trên con đường đắt đỏ nên quán có giá khá cao, và nhân viên phục vụ không được tốt lắm",neutral,"nằm trên con đường đắt_đỏ nên quán có giá khá cao , và nhân_viên phục_vụ không được tốt lắm","nằm trên con đường đắt_đỏ nên quán có giá khá cao , và nhân_viên phục_vụ không được tốt lắm",nằm đường đắt_đỏ quán giá nhân_viên phục_vụ lắm
"ngon, nhiều đồ khuyến mại đặc biệt cho trẻ e..đôi khi hơi bất tiện vì đông quá",positive,"ngon , nhiều đồ khuyến_mại đặc_biệt cho trẻ e .. đôi_khi hơi bất_tiện vì đông quá","ngon , nhiều đồ khuyến_mại đặc_biệt cho trẻ e .. đôi_khi hơi bất_tiện vì đông quá",ngon đồ khuyến_mại đặc_biệt trẻ e .. đôi_khi hơi bất_tiện đông
thức ăn cũng ổn nhưng phục vụ quá lâu. đã ăn xong thức ăn nhưng nước uống vẫn chưa có. một lần đến và không quay lại,negative,thức_ăn cũng ổn nhưng phục_vụ quá lâu . đã ăn xong thức_ăn nhưng nước uống vẫn chưa có . một lần đến và không quay lại,thức_ăn cũng ổn nhưng phục_vụ quá lâu . đã ăn xong thức_ăn nhưng nước uống vẫn chưa có . một lần đến và không quay lại,thức_ăn ổn phục_vụ xong thức_ăn uống
ăn nhanh và kem ok cafe thì không ok lắm,positive,ăn nhanh và kem ok cafe thì không ok lắm,ăn nhanh và kem ok cafe thì không ok lắm,kem ok cafe ok lắm
chưa ăn nhưng thấy cũng không đẹp,neutral,chưa ăn nhưng thấy cũng không đẹp,chưa ăn nhưng thấy cũng không đẹp,đẹp
"giá cả ok.đồ ăn bt.phục vụ 5,chỗ ngồi sạch sẽ",positive,"giá_cả ok.đồ ăn bt.phục vụ 5 , chỗ ngồi sạch_sẽ","giá_cả ok.đồ ăn bt.phục vụ 5 , chỗ ngồi sạch_sẽ",giá_cả ok.đồ bt.phục vụ 5 chỗ sạch_sẽ
"mcdonald tuyệt vời. trên thực tế, thực phẩm có chất lượng cao, đơn đặt hàng đã được chuẩn bị nhanh chóng, vì tiền nó không đắt lắm. những gì khác được yêu cầu của mcdonald thật ngạc nhiên khi các loại nước sốt là miễn phí. sau khi nhà vệ sinh trả tiền ở châu âu, nước sốt miễn phí ở châu á chỉ là một món quà.",positive,"mcdonald tuyệt_vời . trên thực_tế , thực_phẩm có chất_lượng cao , đơn đặt_hàng đã được chuẩn_bị nhanh_chóng , vì tiền nó không đắt lắm . những gì khác được yêu_cầu của mcdonald thật ngạc_nhiên khi các loại nước sốt là miễn_phí . sau khi nhà_vệ_sinh trả tiền ở châu_âu , nước sốt miễn_phí ở châu_á chỉ là một món quà .","mcdonald tuyệt_vời . trên thực_tế , thực_phẩm có chất_lượng cao , đơn đặt_hàng đã được chuẩn_bị nhanh_chóng , vì tiền nó không đắt lắm . những gì khác được yêu_cầu của mcdonald thật ngạc_nhiên khi các loại nước sốt là miễn_phí . sau khi nhà_vệ_sinh trả tiền ở châu_âu , nước sốt miễn_phí ở châu_á chỉ là một món quà .",mcdonald tuyệt_vời thực_tế thực_phẩm chất_lượng đơn đặt_hàng chuẩn_bị nhanh_chóng tiền đắt lắm yêu_cầu mcdonald ngạc_nhiên sốt miễn_phí nhà_vệ_sinh tiền châu_âu sốt miễn_phí châu_á món quà
ngón ăn ngon. giá cũng đc. nhưng đông quá nên hay quá tải chỗ ngồi s hy vọng sắp có cơ sở mới sẽ giảm tải được ở đây,positive,ngón ăn ngon . giá cũng đc . nhưng đông quá nên hay quá_tải chỗ ngồi s hy_vọng sắp có cơ_sở mới sẽ giảm tải được ở đây,ngón ăn ngon . giá cũng đc . nhưng đông quá nên hay quá_tải chỗ ngồi s hy_vọng sắp có cơ_sở mới sẽ giảm tải được ở đây,ngón ngon giá đc đông quá_tải chỗ s hy_vọng cơ_sở tải
ngon nhưng hơi đắt,positive,ngon nhưng hơi đắt,ngon nhưng hơi đắt,ngon hơi đắt
"đã thử mcdonald ở nhiều địa điểm trên thế giới, đó không phải là một người hâm mộ của những người ở việt nam",neutral,"đã thử mcdonald ở nhiều địa_điểm trên thế_giới , đó không phải là một người hâm_mộ của những người ở việt_nam","đã thử mcdonald ở nhiều địa_điểm trên thế_giới , đó không phải là một người hâm_mộ của những người ở việt_nam",thử mcdonald địa_điểm thế_giới hâm_mộ việt_nam
"ra khỏi việt nam, làm ơn các anh chàng da trắng.",negative,"ra khỏi việt_nam , làm_ơn các anh_chàng da trắng .","ra khỏi việt_nam , làm_ơn các anh_chàng da trắng .",việt_nam làm_ơn anh_chàng da trắng
đơn giản là thức ăn nhanh tốt nhất ở hà nội.,positive,đơn_giản là thức_ăn nhanh tốt nhất ở hà_nội .,đơn_giản là thức_ăn nhanh tốt nhất ở hà_nội .,đơn_giản thức_ăn hà_nội
mong các bạn có thể tôn trọng việc dùng đũa,negative,mong các bạn có_thể tôn_trọng việc dùng đũa,mong các bạn có_thể tôn_trọng việc dùng đũa,mong có_thể tôn_trọng đũa
đồ ăn bình thường,neutral,đồ_ăn bình_thường,đồ_ăn bình_thường,đồ_ăn bình_thường
mcdonald đầu tiên ở hà nội.,positive,mcdonald đầu_tiên ở hà_nội .,mcdonald đầu_tiên ở hà_nội .,mcdonald đầu_tiên hà_nội
nhiều người,positive,nhiều người,nhiều người,
dịch vụ là tốt n nhanh. ngồi bên ngoài là tự tử khi xe tay ga tăng tốc quanh góc. cà phê có vị như sh,neutral,dịch_vụ là tốt n nhanh . ngồi bên ngoài là tự_tử khi xe_tay ga tăng_tốc quanh góc . cà_phê có vị như sh,dịch_vụ là tốt n nhanh . ngồi bên ngoài là tự_tử khi xe_tay ga tăng_tốc quanh góc . cà_phê có vị như sh,dịch_vụ n tự_tử xe_tay ga tăng_tốc quanh góc cà_phê vị sh
"mình thường cho tụi nhỏ qua đây vì chúng rất thích rất thích những phần quà trong suất happy meal ở đây. các món ăn ở đây mình thấy khá ổn, kem ở đây ngon hơn của lotte hay kfc.",positive,"mình thường cho tụi nhỏ qua đây vì chúng rất thích rất thích những phần quà trong suất happy meal ở đây . các món ăn_ở đây mình thấy khá ổn , kem ở đây ngon hơn của lotte hay kfc .","mình thường cho tụi nhỏ qua đây vì chúng rất thích rất thích những phần quà trong suất happy meal ở đây . các món ăn_ở đây mình thấy khá ổn , kem ở đây ngon hơn của lotte hay kfc .",tụi quà suất happy meal món ăn_ở ổn kem ngon lotte kfc
quán nằm ở trung tâm và ở ngã tư nên rất thuận tiện. món ăn đa dạng và ngon. nhân viên nhiệt tình và thân thiện.,positive,quán nằm ở trung_tâm và ở ngã tư nên rất thuận_tiện . món ăn đa_dạng và ngon . nhân_viên nhiệt_tình và thân_thiện .,quán nằm ở trung_tâm và ở ngã tư nên rất thuận_tiện . món ăn đa_dạng và ngon . nhân_viên nhiệt_tình và thân_thiện .,quán nằm trung_tâm ngã tư thuận_tiện món đa_dạng ngon nhân_viên nhiệt_tình thân_thiện
"sự kết hợp của các chàng trai frat người mỹ say xỉn, dịch vụ chậm chạp và vô tổ chức khủng khiếp và phòng ăn bẩn thỉu, tạo nên một trải nghiệm khủng khiếp. vâng, tôi biết. don tiết đến việt nam và ăn mcdonalds. lời khuyên đó chắc chắn đã đúng ở đây. tránh xa",negative,"sự kết_hợp của các chàng trai frat người mỹ say_xỉn , dịch_vụ chậm_chạp và vô_tổ_chức khủng_khiếp và phòng ăn_bẩn thỉu , tạo nên một trải_nghiệm khủng_khiếp . vâng , tôi biết . don tiết đến việt_nam và ăn mcdonalds . lời khuyên đó chắc_chắn đã đúng ở đây . tránh xa","sự kết_hợp của các chàng trai frat người mỹ say_xỉn , dịch_vụ chậm_chạp và vô_tổ_chức khủng_khiếp và phòng ăn_bẩn thỉu , tạo nên một trải_nghiệm khủng_khiếp . vâng , tôi biết . don tiết đến việt_nam và ăn mcdonalds . lời khuyên đó chắc_chắn đã đúng ở đây . tránh xa",kết_hợp chàng trai frat mỹ say_xỉn dịch_vụ chậm_chạp vô_tổ_chức khủng_khiếp phòng ăn_bẩn thỉu trải_nghiệm khủng_khiếp don tiết việt_nam mcdonalds khuyên chắc_chắn
nơi tốt để đi chơi,positive,nơi tốt để đi chơi,nơi tốt để đi chơi,
"bình thường, macdak như một macdak, chỉ có một nhà vệ sinh",positive,"bình_thường , macdak như một macdak , chỉ có một nhà_vệ_sinh","bình_thường , macdak như một macdak , chỉ có một nhà_vệ_sinh",bình_thường macdak macdak nhà_vệ_sinh
quá chán.,negative,quá chán .,quá chán .,chán
"đây là mcdonald, chỉ có sẵn ở hà nội. nó luôn luôn đông đúc vào cuối tuần.",positive,"đây là mcdonald , chỉ có sẵn ở hà_nội . nó luôn_luôn đông_đúc vào cuối tuần .","đây là mcdonald , chỉ có sẵn ở hà_nội . nó luôn_luôn đông_đúc vào cuối tuần .",mcdonald sẵn hà_nội luôn_luôn đông_đúc
tạm ổn,neutral,tạm ổn,tạm ổn,tạm ổn
cảm ơn mcdonald. cuối cùng là một cái gì đó khác với gạo và mì ống. không có gì hoạt động trên 20 gà mcnuggets.,positive,cảm_ơn mcdonald . cuối_cùng là một cái gì đó khác với gạo và mì ống . không có gì hoạt_động trên 20 gà mcnuggets .,cảm_ơn mcdonald . cuối_cùng là một cái gì đó khác với gạo và mì ống . không có gì hoạt_động trên 20 gà mcnuggets .,cảm_ơn mcdonald gạo mì ống hoạt_động 20 gà mcnuggets
giải trí cuối tuần,positive,giải_trí cuối tuần,giải_trí cuối tuần,giải_trí
một nơi để nghỉ ngơi một mảnh linh hồn tôi ở hà nội khi cô city life.,positive,một nơi để nghỉ_ngơi một mảnh linh_hồn tôi ở hà_nội khi cô city life .,một nơi để nghỉ_ngơi một mảnh linh_hồn tôi ở hà_nội khi cô city life .,nghỉ_ngơi mảnh linh_hồn hà_nội city life
"tòa nhà bao gồm 2 tầng, nằm gần hồ hoan kiem.",positive,"toà nhà bao_gồm 2 tầng , nằm gần hồ hoan kiem .","toà nhà bao_gồm 2 tầng , nằm gần hồ hoan kiem .",bao_gồm 2 tầng nằm hồ hoan kiem
"đây là địa điểm duy nhất ở hà nội và isn ở một nơi thuận tiện với chỗ ngồi tối thiểu, nhưng nếu bạn muốn mcdonald, bạn muốn mcds haha. các nhân viên là tốt đẹp và nỗ lực phục vụ bạn đúng cách.",positive,"đây là địa_điểm duy_nhất ở hà_nội và isn ở một nơi thuận_tiện với chỗ ngồi tối_thiểu , nhưng nếu bạn muốn mcdonald , bạn muốn mcds haha . các nhân_viên là tốt_đẹp và nỗ_lực phục_vụ bạn đúng cách .","đây là địa_điểm duy_nhất ở hà_nội và isn ở một nơi thuận_tiện với chỗ ngồi tối_thiểu , nhưng nếu bạn muốn mcdonald , bạn muốn mcds haha . các nhân_viên là tốt_đẹp và nỗ_lực phục_vụ bạn đúng cách .",địa_điểm duy_nhất hà_nội isn thuận_tiện chỗ tối_thiểu mcdonald mcds haha nhân_viên tốt_đẹp nỗ_lực phục_vụ
"đồ ăn khá, giá cả phải chăng",positive,"đồ_ăn khá , giá_cả phải_chăng","đồ_ăn khá , giá_cả phải_chăng",đồ_ăn giá_cả phải_chăng
"đã ăn đâu, nhưng mà 5 sao",positive,"đã ăn đâu , nhưng_mà 5 sao","đã ăn đâu , nhưng_mà 5 sao",nhưng_mà 5
samesame. thứ tốt đẹp. yêu cầu thêm mô. cảm ơn,positive,samesame . thứ tốt_đẹp . yêu_cầu thêm mô . cảm_ơn,samesame . thứ tốt_đẹp . yêu_cầu thêm mô . cảm_ơn,samesame tốt_đẹp yêu_cầu mô cảm_ơn
ngon hơn khi dùng sốt phô mai,positive,ngon hơn khi dùng sốt phô_mai,ngon hơn khi dùng sốt phô_mai,ngon sốt phô_mai
có rất nhiều người và mùi nước trong cửa hàng.,neutral,có rất nhiều người và mùi nước trong cửa_hàng .,có rất nhiều người và mùi nước trong cửa_hàng .,mùi cửa_hàng
quan điểm đẹp,positive,quan_điểm đẹp,quan_điểm đẹp,quan_điểm đẹp
trung bình,neutral,trung_bình,trung_bình,trung_bình
không phải tương đối nhưng bánh burger trong pic được thực hiện bởi tôi,positive,không phải tương_đối nhưng bánh burger trong pic được thực_hiện bởi tôi,không phải tương_đối nhưng bánh burger trong pic được thực_hiện bởi tôi,tương_đối bánh burger pic thực_hiện
bạn phải thử gà cay giòn. cửa hàng sạch và thoải mái với một phần mccafe.,neutral,bạn phải thử gà cay giòn . cửa_hàng sạch và thoải_mái với một phần mccafe .,bạn phải thử gà cay giòn . cửa_hàng sạch và thoải_mái với một phần mccafe .,thử gà cay giòn cửa_hàng sạch thoải_mái mccafe
phải đi lên tầng 2 để tìm một chỗ ngồi. chúng tôi chỉ ở lại chỗ ngồi vỉa hè vì tôi không thích đi lên cầu thang,neutral,phải đi lên tầng 2 để tìm một chỗ ngồi . chúng_tôi chỉ ở lại chỗ ngồi vỉa_hè vì tôi không thích đi lên cầu_thang,phải đi lên tầng 2 để tìm một chỗ ngồi . chúng_tôi chỉ ở lại chỗ ngồi vỉa_hè vì tôi không thích đi lên cầu_thang,tầng 2 chỗ chúng_tôi chỗ vỉa_hè cầu_thang
"giá rẻ và chất lượng tốt, nơi sạch sẽ",positive,"giá rẻ và chất_lượng tốt , nơi sạch_sẽ","giá rẻ và chất_lượng tốt , nơi sạch_sẽ",giá rẻ chất_lượng sạch_sẽ
nhân viên tỏ thái độ không tốt với ae giao hàng,negative,nhân_viên tỏ thái_độ không tốt với ae giao hàng,nhân_viên tỏ thái_độ không tốt với ae giao hàng,nhân_viên tỏ thái_độ ae giao hàng
"tôi không phải là fan hâm mộ lớn của burger hay sandwich bcz chúng tôi có nhiều món ăn việt nam ngon xin lỗi .... và thực tế, tôi không thích ăn đồ ăn vặt. nhưng tôi muốn đến đây để ăn kem icre. tôi cũng thích không gian nhà hàng. đó là những bức tường rất nhiều màu sắc và được trang trí tốt. họ cũng xem xét sự sạch sẽ quá. tôi nhận thấy rằng bcz nhân viên thường quét sàn và làm sạch các bàn. sau 10 giờ tối, họ sẽ đóng tầng 2 để làm sạch. tuy nhiên, giống như các nhà hàng thức ăn nhanh khác, mùi từ nhà bếp chắc chắn có trên vải của bạn. một lần khi tôi đến đây với người bạn pháp của tôi, anh ấy đã thử burger và nói rằng nó không tốt như ở pháp. tất nhiên, đúng.",positive,"tôi không phải là fan hâm_mộ lớn của burger hay sandwich bcz chúng_tôi có nhiều món ăn việt_nam ngon xin_lỗi .... và thực_tế , tôi không thích ăn đồ_ăn vặt . nhưng tôi muốn đến đây để ăn kem icre . tôi cũng thích không_gian nhà_hàng . đó là những bức tường rất nhiều màu_sắc và được trang_trí tốt . họ cũng xem_xét sự sạch_sẽ quá . tôi nhận thấy rằng bcz nhân_viên thường quét sàn và làm sạch các bàn . sau 10 giờ tối , họ sẽ đóng tầng 2 để làm sạch . tuy_nhiên , giống như các nhà_hàng thức_ăn nhanh khác , mùi từ nhà_bếp chắc_chắn có trên vải của bạn . một lần khi tôi đến đây với người bạn pháp của tôi , anh ấy đã thử burger và nói rằng nó không tốt như ở pháp . tất_nhiên , đúng .","tôi không phải là fan hâm_mộ lớn của burger hay sandwich bcz chúng_tôi có nhiều món ăn việt_nam ngon xin_lỗi .... và thực_tế , tôi không thích ăn đồ_ăn vặt . nhưng tôi muốn đến đây để ăn kem icre . tôi cũng thích không_gian nhà_hàng . đó là những bức tường rất nhiều màu_sắc và được trang_trí tốt . họ cũng xem_xét sự sạch_sẽ quá . tôi nhận thấy rằng bcz nhân_viên thường quét sàn và làm sạch các bàn . sau 10 giờ tối , họ sẽ đóng tầng 2 để làm sạch . tuy_nhiên , giống như các nhà_hàng thức_ăn nhanh khác , mùi từ nhà_bếp chắc_chắn có trên vải của bạn . một lần khi tôi đến đây với người bạn pháp của tôi , anh ấy đã thử burger và nói rằng nó không tốt như ở pháp . tất_nhiên , đúng .",fan hâm_mộ burger sandwich bcz chúng_tôi món việt_nam ngon xin_lỗi .... thực_tế đồ_ăn vặt kem icre không_gian nhà_hàng tường màu_sắc trang_trí xem_xét sạch_sẽ bcz nhân_viên quét sàn sạch bàn 10 tối đóng tầng 2 sạch tuy_nhiên nhà_hàng thức_ăn mùi nhà_bếp chắc_chắn vải pháp thử burger pháp tất_nhiên
hương vị tốt,positive,hương_vị tốt,hương_vị tốt,hương_vị
không gian hẹp,neutral,không_gian hẹp,không_gian hẹp,không_gian hẹp
luôn luôn đông đúc nhưng họ không bao giờ gây rối. đơn đặt hàng của chúng tôi và thực phẩm xuất hiện siêu nóng. cũng tốt như western mcdonald và họ có nước sốt tỏi trong một món đồ tuyệt vời thực sự tốt.,positive,luôn_luôn đông_đúc nhưng họ không bao_giờ gây_rối . đơn đặt_hàng của chúng_tôi và thực_phẩm xuất_hiện siêu nóng . cũng tốt như western mcdonald và họ có nước sốt tỏi trong một món đồ tuyệt_vời thực_sự tốt .,luôn_luôn đông_đúc nhưng họ không bao_giờ gây_rối . đơn đặt_hàng của chúng_tôi và thực_phẩm xuất_hiện siêu nóng . cũng tốt như western mcdonald và họ có nước sốt tỏi trong một món đồ tuyệt_vời thực_sự tốt .,luôn_luôn đông_đúc bao_giờ gây_rối đơn đặt_hàng chúng_tôi thực_phẩm xuất_hiện siêu nóng western mcdonald sốt tỏi món đồ tuyệt_vời
mê nhất món kem cone huyền thoại 10k,positive,mê nhất món kem cone huyền_thoại 10k,mê nhất món kem cone huyền_thoại 10k,mê món kem cone huyền_thoại 10k
"phục vụ nhanh, giá cả ổn",positive,"phục_vụ nhanh , giá_cả ổn","phục_vụ nhanh , giá_cả ổn",phục_vụ giá_cả ổn
"burger, gà, khoai khá là bình thường còn kem thì khá là ngon, vị dịu nhẹ, không quá ngọt như các chỗ khác.",positive,"burger , gà , khoai khá là bình_thường còn kem thì khá là ngon , vị dịu nhẹ , không quá ngọt như các chỗ khác .","burger , gà , khoai khá là bình_thường còn kem thì khá là ngon , vị dịu nhẹ , không quá ngọt như các chỗ khác .",burger gà khoai bình_thường kem ngon vị dịu nhẹ chỗ
"thực phẩm ổn, nhưng không hoàn toàn giống như ở các quốc gia khác. vị trí là hoàn hảo, nhà hàng nhìn vào hồ hoan kiem và những con đường đi bộ chỉ cuối tuần. các hàng đợi trông dài nhưng bạn thực sự có được thức ăn đủ nhanh. nếu bạn ở trong nhóm, hãy gửi ai đó ngồi vào bàn trước để bảo lưu nó.",positive,"thực_phẩm ổn , nhưng không hoàn_toàn giống như ở các quốc_gia khác . vị_trí là hoàn_hảo , nhà_hàng nhìn vào hồ hoan kiem và những con đường đi bộ chỉ cuối tuần . các hàng đợi trông dài nhưng bạn thực_sự có được thức_ăn đủ nhanh . nếu bạn ở trong nhóm , hãy gửi ai đó ngồi vào bàn trước để bảo_lưu nó .","thực_phẩm ổn , nhưng không hoàn_toàn giống như ở các quốc_gia khác . vị_trí là hoàn_hảo , nhà_hàng nhìn vào hồ hoan kiem và những con đường đi bộ chỉ cuối tuần . các hàng đợi trông dài nhưng bạn thực_sự có được thức_ăn đủ nhanh . nếu bạn ở trong nhóm , hãy gửi ai đó ngồi vào bàn trước để bảo_lưu nó .",thực_phẩm ổn hoàn_toàn quốc_gia vị_trí hoàn_hảo nhà_hàng hồ hoan kiem đường hàng đợi trông thức_ăn gửi bàn bảo_lưu
bữa ăn bánh hamburger gà cay của mcdonald rất ngon. tôi thích rằng họ có nước sốt khác nhau để lựa chọn.,positive,bữa ăn bánh hamburger gà cay của mcdonald rất ngon . tôi thích rằng họ có nước sốt khác nhau để lựa_chọn .,bữa ăn bánh hamburger gà cay của mcdonald rất ngon . tôi thích rằng họ có nước sốt khác nhau để lựa_chọn .,bánh hamburger gà cay mcdonald ngon sốt lựa_chọn
mcdonalds duy nhất chúng ta có thể tìm thấy 😂,positive,mcdonalds duy_nhất chúng_ta có_thể tìm thấy 😂,mcdonalds duy_nhất chúng_ta có_thể tìm thấy :khuôn mặt với những giọt nước mắt của niềm vui:,mcdonalds duy_nhất chúng_ta có_thể :khuôn mặt giọt mắt niềm vui:
hầu hết chỗ ngồi là trên lầu. phòng tắm rất hạn chế cho kích thước của nhà hàng,positive,hầu_hết chỗ ngồi là trên lầu . phòng tắm rất hạn_chế cho kích_thước của nhà_hàng,hầu_hết chỗ ngồi là trên lầu . phòng tắm rất hạn_chế cho kích_thước của nhà_hàng,hầu_hết chỗ lầu phòng tắm hạn_chế kích_thước nhà_hàng
"đó là cái duy nhất, vì vậy nếu bạn cần sửa chữa của mình, nó đáng tin cậy",positive,"đó là cái duy_nhất , vì_vậy nếu bạn cần sửa_chữa của mình , nó đáng tin_cậy","đó là cái duy_nhất , vì_vậy nếu bạn cần sửa_chữa của mình , nó đáng tin_cậy",duy_nhất vì_vậy sửa_chữa tin_cậy
"tôi không muốn nói nhiều về nó, tôi đã từng làm việc ở đây",positive,"tôi không muốn nói nhiều về nó , tôi đã từng làm_việc ở đây","tôi không muốn nói nhiều về nó , tôi đã từng làm_việc ở đây",làm_việc
"đồ ăn rất ngon không gian vào buổi tối rất đẹp, đợi đồ ăn chưa đến 10 phút, nhân viên nhiệt tình chu đáo",positive,"đồ_ăn rất ngon không_gian vào buổi tối rất đẹp , đợi đồ_ăn chưa đến 10 phút , nhân_viên nhiệt_tình chu_đáo","đồ_ăn rất ngon không_gian vào buổi tối rất đẹp , đợi đồ_ăn chưa đến 10 phút , nhân_viên nhiệt_tình chu_đáo",đồ_ăn ngon không_gian tối đẹp đợi đồ_ăn 10 phút nhân_viên nhiệt_tình chu_đáo
không có vegbeurs 😕,positive,không có vegbeurs 😕,không có vegbeurs :khuôn mặt bối rối:,vegbeurs :khuôn mặt bối rối:
"đồ ăn ngon, giá hợp lý tuy nhiên nếu đi vào cuối tuần quán đông và chen chũ",positive,"đồ_ăn ngon , giá hợp_lý tuy_nhiên nếu đi vào cuối tuần quán đông và chen chũ","đồ_ăn ngon , giá hợp_lý tuy_nhiên nếu đi vào cuối tuần quán đông và chen chũ",đồ_ăn ngon giá hợp_lý tuy_nhiên quán đông chen chũ
quán có địa thế đẹp. trung tâm. nhân viên phục vụ okie.,positive,quán có địa_thế đẹp . trung_tâm . nhân_viên phục_vụ okie .,quán có địa_thế đẹp . trung_tâm . nhân_viên phục_vụ okie .,quán địa_thế đẹp trung_tâm nhân_viên phục_vụ okie
người đầu tiên và đủ để quan tâm nhiều khách du lịch,positive,người đầu_tiên và đủ để quan_tâm nhiều khách du_lịch,người đầu_tiên và đủ để quan_tâm nhiều khách du_lịch,đầu_tiên quan_tâm du_lịch
nó là ok,neutral,nó là ok,nó là ok,ok
"gia đình tôi đã ăn ở đây một vài lần, đồ ăn ngon trẻ con rất thích, đặc biệt có món ken ốc quế chỉ có 10.0 vnđ",positive,"gia_đình tôi đã ăn_ở đây một_vài lần , đồ_ăn ngon trẻ_con rất thích , đặc_biệt có món ken ốc quế chỉ có 10.0 vnđ","gia_đình tôi đã ăn_ở đây một_vài lần , đồ_ăn ngon trẻ_con rất thích , đặc_biệt có món ken ốc quế chỉ có 10.0 vnđ",gia_đình ăn_ở một_vài đồ_ăn ngon trẻ_con đặc_biệt món ken ốc quế 10.0 vnđ
khá vừa miệng,positive,khá vừa_miệng,khá vừa_miệng,vừa_miệng
thức ăn là dịch vụ tốt là ổn,positive,thức_ăn là dịch_vụ tốt là ổn,thức_ăn là dịch_vụ tốt là ổn,thức_ăn dịch_vụ ổn
"ngon, vị trí đẹp",positive,"ngon , vị_trí đẹp","ngon , vị_trí đẹp",ngon vị_trí đẹp
hãy đến với chuyến đi của bạn,neutral,hãy đến với chuyến đi của bạn,hãy đến với chuyến đi của bạn,chuyến
đồ ăn nhanh rất ngon,positive,đồ_ăn nhanh rất ngon,đồ_ăn nhanh rất ngon,đồ_ăn ngon
"đồ ăn tạm ổn, hơi mặn và giá cũng hơi chát",positive,"đồ_ăn tạm ổn , hơi mặn và giá cũng hơi chát","đồ_ăn tạm ổn , hơi mặn và giá cũng hơi chát",đồ_ăn tạm ổn hơi mặn giá hơi chát
sao cái gì sáng việt nam cũng bị biến tướng theo hướng xấu nhỉ nhìn phần big mac bán ở vn mà mình thấy xấu hổ,negative,sao cái gì sáng việt_nam cũng bị biến_tướng theo hướng xấu nhỉ nhìn phần big mac bán ở vn mà mình thấy xấu_hổ,sao cái gì sáng việt_nam cũng bị biến_tướng theo hướng xấu nhỉ nhìn phần big mac bán ở vn mà mình thấy xấu_hổ,việt_nam biến_tướng hướng xấu big mac vn xấu_hổ
ngồi ăn ngắm bờ hồ,positive,ngồi ăn ngắm bờ hồ,ngồi ăn ngắm bờ hồ,ngắm bờ hồ
"địa điểm thuận lợi cho đi bộ và khách du lịch vì ngay sát hồ gươm, không có điểm gửi xe thuận tiện. phục vụ chậm và khi đông khách thì vệ sinh rất bẩn.",positive,"địa_điểm thuận_lợi cho đi bộ và khách du_lịch vì ngay sát hồ gươm , không có điểm gửi xe thuận_tiện . phục_vụ chậm và khi đông khách thì vệ_sinh rất bẩn .","địa_điểm thuận_lợi cho đi bộ và khách du_lịch vì ngay sát hồ gươm , không có điểm gửi xe thuận_tiện . phục_vụ chậm và khi đông khách thì vệ_sinh rất bẩn .",địa_điểm thuận_lợi du_lịch sát hồ gươm gửi xe thuận_tiện phục_vụ chậm đông vệ_sinh bẩn
đông đúc nhưng tốt.,positive,đông_đúc nhưng tốt .,đông_đúc nhưng tốt .,đông_đúc
nó chỉ là một mceled.,positive,nó chỉ là một mceled .,nó chỉ là một mceled .,mceled
"đồ ăn ổn,đông,xếp hàng lâu",positive,"đồ_ăn ổn , đông , xếp_hàng lâu","đồ_ăn ổn , đông , xếp_hàng lâu",đồ_ăn ổn đông xếp_hàng
verry tốt,positive,verry tốt,verry tốt,verry
dịch vụ tốt,positive,dịch_vụ tốt,dịch_vụ tốt,dịch_vụ
"quá ngon, giữ được khẩu vị riêng của mình. không như kfc về vn mất chất quá, đồ ăn hôi rình, ngập mỡ",positive,"quá ngon , giữ được khẩu_vị riêng của mình . không như kfc về vn mất chất quá , đồ_ăn hôi_rình , ngập mỡ","quá ngon , giữ được khẩu_vị riêng của mình . không như kfc về vn mất chất quá , đồ_ăn hôi_rình , ngập mỡ",ngon khẩu_vị kfc vn chất đồ_ăn hôi_rình ngập mỡ
đệp và ok,positive,đệp và ok,đệp và ok,đệp ok
tốt.,positive,tốt .,tốt .,
hãy thử tìm một nhà hàng khác trong khu vực hoan kiem vẫn mở sau 11 giờ thường rất đông đúc.,positive,hãy thử tìm một nhà_hàng khác trong khu_vực hoan kiem vẫn mở sau 11 giờ thường rất đông_đúc .,hãy thử tìm một nhà_hàng khác trong khu_vực hoan kiem vẫn mở sau 11 giờ thường rất đông_đúc .,thử nhà_hàng khu_vực hoan kiem 11 đông_đúc
"đắt, vị phù hợp với người nước ngoài hơn là người việt",negative,"đắt , vị phù_hợp với người nước_ngoài hơn là người việt","đắt , vị phù_hợp với người nước_ngoài hơn là người việt",đắt vị phù_hợp nước_ngoài việt
good food in ho guom,positive,good food in ho guom,good food in ho guom,good food in ho guom
"gà đôi khi tốt. tuy nhiên, nhân viên cần cải thiện kỹ năng dịch vụ khách hàng của họ.",positive,"gà đôi_khi tốt . tuy_nhiên , nhân_viên cần cải_thiện kỹ_năng dịch_vụ khách_hàng của họ .","gà đôi_khi tốt . tuy_nhiên , nhân_viên cần cải_thiện kỹ_năng dịch_vụ khách_hàng của họ .",gà đôi_khi tuy_nhiên nhân_viên cải_thiện kỹ_năng dịch_vụ khách_hàng
chán,negative,chán,chán,chán
trừ tà. giao tiếp và thuận tiện.,positive,trừ_tà . giao_tiếp và thuận_tiện .,trừ_tà . giao_tiếp và thuận_tiện .,trừ_tà giao_tiếp thuận_tiện
"tọa lạc nơi rất đông vui, thuận tiện, phong cách châu âu",positive,"toạ_lạc nơi rất đông vui , thuận_tiện , phong_cách châu_âu","toạ_lạc nơi rất đông vui , thuận_tiện , phong_cách châu_âu",toạ_lạc đông vui thuận_tiện phong_cách châu_âu
thật tốt,positive,thật tốt,thật tốt,
giống nhau trên toàn thế giới,negative,giống nhau trên toàn thế_giới,giống nhau trên toàn thế_giới,toàn thế_giới
quá đông đúc,neutral,quá đông_đúc,quá đông_đúc,đông_đúc
noi vui chơi đẹp,neutral,noi vui_chơi đẹp,noi vui_chơi đẹp,noi vui_chơi đẹp
đi đến hồ hoan kiem và đi vệ sinh ở đây để nghỉ ngơi,positive,đi đến hồ hoan kiem và đi vệ_sinh ở đây để nghỉ_ngơi,đi đến hồ hoan kiem và đi vệ_sinh ở đây để nghỉ_ngơi,hồ hoan kiem vệ_sinh nghỉ_ngơi
"tôi rất vui vì có mcdonalds ở hà nội ... tôi có thể ăn một chiếc burger phô mai đôi nó luôn luôn đông đúc, nhưng nó đáng để chờ đợi.",positive,"tôi rất vui vì có mcdonalds ở hà_nội ... tôi có_thể ăn một chiếc burger phô_mai đôi nó luôn_luôn đông_đúc , nhưng nó đáng để chờ_đợi .","tôi rất vui vì có mcdonalds ở hà_nội ... tôi có_thể ăn một chiếc burger phô_mai đôi nó luôn_luôn đông_đúc , nhưng nó đáng để chờ_đợi .",vui mcdonalds hà_nội ... có_thể burger phô_mai đôi luôn_luôn đông_đúc chờ_đợi
thật tốt khi có tầng hai.,neutral,thật tốt khi có tầng hai .,thật tốt khi có tầng hai .,tầng hai
hà nội là duy nhất ㅠㅠ,positive,hà_nội là duy_nhất ㅠㅠ,hà_nội là duy_nhất ㅠㅠ,hà_nội duy_nhất ㅠㅠ
cũng được,neutral,cũng được,cũng được,
tôi thích mcdonald,positive,tôi thích mcdonald,tôi thích mcdonald,mcdonald
"đồ ăn ổn, tuy nhiên quán đông, chờ đợi rất lâu",neutral,"đồ_ăn ổn , tuy_nhiên quán đông , chờ_đợi rất lâu","đồ_ăn ổn , tuy_nhiên quán đông , chờ_đợi rất lâu",đồ_ăn ổn tuy_nhiên quán đông chờ_đợi
chất lượng đồ ăn tốt,positive,chất_lượng đồ_ăn tốt,chất_lượng đồ_ăn tốt,chất_lượng đồ_ăn
vị trí đẹp nhưng đẹp nhất vào cuối tuần khi xe bị cấm thì rất đẹp,positive,vị_trí đẹp nhưng đẹp nhất vào cuối tuần khi xe bị cấm thì rất đẹp,vị_trí đẹp nhưng đẹp nhất vào cuối tuần khi xe bị cấm thì rất đẹp,vị_trí đẹp đẹp xe cấm đẹp
"đông, phục vụ hơi chậm",positive,"đông , phục_vụ hơi chậm","đông , phục_vụ hơi chậm",đông phục_vụ hơi chậm
"bánh mì kẹp thịt tuyệt vời nhưng ồn ào bên trong, hãy xem xét việc thưởng thức để thưởng thức trong im lặng",positive,"bánh_mì kẹp thịt tuyệt_vời nhưng ồn_ào bên trong , hãy xem_xét việc thưởng_thức để thưởng_thức trong im_lặng","bánh_mì kẹp thịt tuyệt_vời nhưng ồn_ào bên trong , hãy xem_xét việc thưởng_thức để thưởng_thức trong im_lặng",bánh_mì kẹp thịt tuyệt_vời ồn_ào xem_xét thưởng_thức thưởng_thức im_lặng
sốt chấm best vcl,positive,sốt chấm best vcl,sốt chấm best vcl,sốt chấm best vcl
đắt,positive,đắt,đắt,đắt
hoàn toàn không có tổ chức cá nhân bị mất trong thời gian cao điểm của thời gian kỳ vọng bên ngoài mcdo,negative,hoàn_toàn không có tổ_chức cá_nhân bị mất trong thời_gian cao_điểm của thời_gian kỳ_vọng bên ngoài mcdo,hoàn_toàn không có tổ_chức cá_nhân bị mất trong thời_gian cao_điểm của thời_gian kỳ_vọng bên ngoài mcdo,hoàn_toàn tổ_chức cá_nhân thời_gian cao_điểm thời_gian kỳ_vọng mcdo
mc donald tốt nhất ở đông nam á. bánh mì kẹp thịt khoai tây chiên ấm và hương vị đầy đủ. rất khuyến khích,positive,mc donald tốt nhất ở đông nam á . bánh_mì kẹp thịt khoai_tây chiên ấm và hương_vị đầy_đủ . rất khuyến_khích,mc donald tốt nhất ở đông nam á . bánh_mì kẹp thịt khoai_tây chiên ấm và hương_vị đầy_đủ . rất khuyến_khích,mc donald đông nam bánh_mì kẹp thịt khoai_tây chiên ấm hương_vị đầy_đủ khuyến_khích
"từ tầng một, bạn có một cái nhìn tuyệt vời về giao lộ rất bận rộn. số lượng ảnh chú ý hãy chắc chắn để tiếp xúc lâu trong bóng tối.",positive,"từ tầng một , bạn có một cái nhìn tuyệt_vời về giao_lộ rất bận_rộn . số_lượng ảnh chú_ý hãy chắc_chắn để tiếp_xúc lâu trong bóng_tối .","từ tầng một , bạn có một cái nhìn tuyệt_vời về giao_lộ rất bận_rộn . số_lượng ảnh chú_ý hãy chắc_chắn để tiếp_xúc lâu trong bóng_tối .",tầng tuyệt_vời giao_lộ bận_rộn số_lượng ảnh chú_ý chắc_chắn tiếp_xúc bóng_tối
"tôi thích mcnugget của họ và họ có thực đơn đặc biệt cho gạo gà rán, với nhiều lựa chọn nước sốt hơn nhưng thức ăn nhanh chưa bao giờ là thứ tôi thích ở hà nội vì có rất nhiều lựa chọn tốt hơn lành mạnh hơn nếu bạn kiểm tra các đường phố quý. nhưng bạn muốn cắn một miếng ở đây, tôi khuyên bạn nên kiểm tra lotteria, một thương hiệu khác của hàn quốc với món gà tuyệt vời.",neutral,"tôi thích mcnugget của họ và họ có thực_đơn đặc_biệt cho gạo gà rán , với nhiều lựa_chọn nước sốt hơn nhưng thức_ăn nhanh chưa bao_giờ là thứ tôi thích ở hà_nội vì có rất nhiều lựa_chọn tốt hơn lành_mạnh hơn nếu bạn kiểm_tra các đường_phố quý . nhưng bạn muốn cắn một miếng ở đây , tôi khuyên bạn nên kiểm_tra lotteria , một thương_hiệu khác của hàn_quốc với món gà tuyệt_vời .","tôi thích mcnugget của họ và họ có thực_đơn đặc_biệt cho gạo gà rán , với nhiều lựa_chọn nước sốt hơn nhưng thức_ăn nhanh chưa bao_giờ là thứ tôi thích ở hà_nội vì có rất nhiều lựa_chọn tốt hơn lành_mạnh hơn nếu bạn kiểm_tra các đường_phố quý . nhưng bạn muốn cắn một miếng ở đây , tôi khuyên bạn nên kiểm_tra lotteria , một thương_hiệu khác của hàn_quốc với món gà tuyệt_vời .",mcnugget thực_đơn đặc_biệt gạo gà rán lựa_chọn sốt thức_ăn bao_giờ hà_nội lựa_chọn lành_mạnh kiểm_tra đường_phố quý cắn miếng khuyên kiểm_tra lotteria thương_hiệu hàn_quốc món gà tuyệt_vời
hoàn toàn không có cùng hương vị như ở pháp hoặc anh hoặc quốc gia khác,negative,hoàn_toàn không có cùng hương_vị như ở pháp hoặc anh hoặc quốc_gia khác,hoàn_toàn không có cùng hương_vị như ở pháp hoặc anh hoặc quốc_gia khác,hoàn_toàn hương_vị pháp quốc_gia
"mcdonald, là mcdonalds. cái này khá bận rộn tho",positive,"mcdonald , là mcdonalds . cái này khá bận_rộn tho","mcdonald , là mcdonalds . cái này khá bận_rộn tho",mcdonald mcdonalds bận_rộn tho
cũng ăn được,positive,cũng ăn được,cũng ăn được,
kém,negative,kém,kém,kém
quá đông,negative,quá đông,quá đông,đông
thức ăn là tuyệt vời lần đầu tiên nơi berger có cá và hạt điều sạch. nhóm vẫn rất dễ chịu,positive,thức_ăn là tuyệt_vời lần đầu_tiên nơi berger có cá và hạt điều sạch . nhóm vẫn rất dễ_chịu,thức_ăn là tuyệt_vời lần đầu_tiên nơi berger có cá và hạt điều sạch . nhóm vẫn rất dễ_chịu,thức_ăn tuyệt_vời đầu_tiên berger cá hạt sạch dễ_chịu
"dịch vụ chậm, ồn ào và bẩn thỉu",negative,"dịch_vụ chậm , ồn_ào và bẩn_thỉu","dịch_vụ chậm , ồn_ào và bẩn_thỉu",dịch_vụ chậm ồn_ào bẩn_thỉu
"đồ ăn ngon, phục vụ nhanh. mở cửa 2424",positive,"đồ_ăn ngon , phục_vụ nhanh . mở_cửa 2424","đồ_ăn ngon , phục_vụ nhanh . mở_cửa 2424",đồ_ăn ngon phục_vụ mở_cửa 2424
"ngon nhưng qua đông không quan ly đươc khach hang, không co thơi gian vê sinh ban",positive,"ngon nhưng qua đông không quan ly đươc khach hang , không co thơi gian vê sinh ban","ngon nhưng qua đông không quan ly đươc khach hang , không co thơi gian vê sinh ban",ngon đông quan ly đươc khach hang co thơi gian vê sinh ban
đfdf,negative,đfdf,đfdf,đfdf
như thường lệ,positive,như thường_lệ,như thường_lệ,thường_lệ
nơi tuyệt đẹp và thức ăn và đồ uống ngon,positive,nơi tuyệt đẹp và thức_ăn và đồ uống ngon,nơi tuyệt đẹp và thức_ăn và đồ uống ngon,tuyệt đẹp thức_ăn đồ uống ngon
"ưu điểm là mở cửa 2424, bán xuyên lễ tết đồ ăn chuẩn bị rất nhanh. humburger ở đây khá ngon nhưng tầm giờ buổi sáng chỉ bán bánh muffin, bánh này khô và không ngon lắm.",positive,"ưu_điểm là mở_cửa 2424 , bán xuyên lễ_tết đồ_ăn chuẩn_bị rất nhanh . humburger ở đây khá ngon nhưng tầm giờ buổi sáng chỉ bán bánh muffin , bánh này khô và không ngon lắm .","ưu_điểm là mở_cửa 2424 , bán xuyên lễ_tết đồ_ăn chuẩn_bị rất nhanh . humburger ở đây khá ngon nhưng tầm giờ buổi sáng chỉ bán bánh muffin , bánh này khô và không ngon lắm .",ưu_điểm mở_cửa 2424 xuyên lễ_tết đồ_ăn chuẩn_bị humburger ngon tầm bánh muffin bánh khô ngon lắm
"view đẹp,địa điểm trung tâm của hà nôi",positive,"view đẹp , địa_điểm trung_tâm của hà nôi","view đẹp , địa_điểm trung_tâm của hà nôi",view đẹp địa_điểm trung_tâm hà nôi
mcdonalds duy nhất ở hà nội.,neutral,mcdonalds duy_nhất ở hà_nội .,mcdonalds duy_nhất ở hà_nội .,mcdonalds duy_nhất hà_nội
thức ăn ngon nhưng lộn xộn,positive,thức_ăn ngon nhưng lộn_xộn,thức_ăn ngon nhưng lộn_xộn,thức_ăn ngon lộn_xộn
"vị trí đẹp, trang trí ấn tượng, khách rất đông, thích nhất là tết vẫn mở cửa. đồ ăn uống giá cả khá hợp lý mặc dù lựa chọn không nhiều",positive,"vị_trí đẹp , trang_trí ấn_tượng , khách rất đông , thích nhất là tết vẫn mở_cửa . đồ_ăn uống giá_cả khá hợp_lý mặc_dù lựa_chọn không nhiều","vị_trí đẹp , trang_trí ấn_tượng , khách rất đông , thích nhất là tết vẫn mở_cửa . đồ_ăn uống giá_cả khá hợp_lý mặc_dù lựa_chọn không nhiều",vị_trí đẹp trang_trí ấn_tượng đông tết mở_cửa đồ_ăn uống giá_cả hợp_lý mặc_dù lựa_chọn
"có rất nhiều người phương tây. các nhân viên đang đặt hàng đột nhiên bằng tiếng hàn, cảm ơn bạn vì đã xấu hổ",positive,"có rất nhiều người phương tây . các nhân_viên đang đặt_hàng đột_nhiên bằng tiếng hàn , cảm_ơn bạn vì đã xấu_hổ","có rất nhiều người phương tây . các nhân_viên đang đặt_hàng đột_nhiên bằng tiếng hàn , cảm_ơn bạn vì đã xấu_hổ",phương tây nhân_viên đặt_hàng đột_nhiên tiếng hàn cảm_ơn xấu_hổ
có vẻ như là một và duy nhất ở hà nội hoàn toàn đáng để có một ol mac tốt hoặc đôi phô mai đôi,positive,có_vẻ như là một và duy_nhất ở hà_nội hoàn_toàn đáng để có một ol mac tốt hoặc đôi phô_mai đôi,có_vẻ như là một và duy_nhất ở hà_nội hoàn_toàn đáng để có một ol mac tốt hoặc đôi phô_mai đôi,có_vẻ duy_nhất hà_nội hoàn_toàn ol mac đôi phô_mai đôi
khách đông chờ xếp ha hàng lấy đồ,neutral,khách đông chờ xếp ha hàng lấy đồ,khách đông chờ xếp ha hàng lấy đồ,đông chờ xếp ha hàng đồ
ngon và rẻ.,positive,ngon và rẻ .,ngon và rẻ .,ngon rẻ
khá lạ miệng nhưng hơi ngán nếu ăn liên tục,positive,khá lạ_miệng nhưng hơi ngán nếu ăn liên_tục,khá lạ_miệng nhưng hơi ngán nếu ăn liên_tục,lạ_miệng hơi ngán liên_tục
"đơn đặt hàng đã bị lãng quên, chỉ có thức ăn sau nhiều câu hỏi. đơn đặt hàng và trả tiền, nhưng không nhận được. ăn lạnh. nửa giờ trước khi cửa hàng đóng cửa phụ nữ dọn dẹp, gần như bị xóa sổ. không được khuyến nghị.",negative,"đơn đặt_hàng đã bị lãng_quên , chỉ có thức_ăn sau nhiều câu hỏi . đơn đặt_hàng và trả tiền , nhưng không nhận được . ăn lạnh . nửa giờ trước khi cửa_hàng đóng_cửa phụ_nữ dọn_dẹp , gần như bị xoá_sổ . không được khuyến_nghị .","đơn đặt_hàng đã bị lãng_quên , chỉ có thức_ăn sau nhiều câu hỏi . đơn đặt_hàng và trả tiền , nhưng không nhận được . ăn lạnh . nửa giờ trước khi cửa_hàng đóng_cửa phụ_nữ dọn_dẹp , gần như bị xoá_sổ . không được khuyến_nghị .",đơn đặt_hàng lãng_quên thức_ăn câu đơn đặt_hàng tiền lạnh nửa cửa_hàng đóng_cửa phụ_nữ dọn_dẹp xoá_sổ khuyến_nghị
vui lòng tải xuống ứng dụng mc donald. lần trước tôi đã được tặng 2 con gà chiên để sử dụng mã trong ứng dụng đó ...,positive,vui_lòng tải xuống ứng_dụng mc donald . lần trước tôi đã được tặng 2 con gà chiên để sử_dụng mã trong ứng_dụng đó ...,vui_lòng tải xuống ứng_dụng mc donald . lần trước tôi đã được tặng 2 con gà chiên để sử_dụng mã trong ứng_dụng đó ...,vui_lòng tải ứng_dụng mc donald tặng 2 gà chiên sử_dụng mã ứng_dụng ...
nhân viên thực sự tốt đẹp và giải thích các mặt hàng tốt,positive,nhân_viên thực_sự tốt_đẹp và giải_thích các mặt_hàng tốt,nhân_viên thực_sự tốt_đẹp và giải_thích các mặt_hàng tốt,nhân_viên tốt_đẹp giải_thích mặt_hàng
"đồ ăn ngon,chỗ ngồi sạch sẽ,thoải mái",positive,"đồ_ăn ngon , chỗ ngồi sạch_sẽ , thoải_mái","đồ_ăn ngon , chỗ ngồi sạch_sẽ , thoải_mái",đồ_ăn ngon chỗ sạch_sẽ thoải_mái
nơi tốt. rẻ hơn so với đối thủ cạnh tranh của nó.,neutral,nơi tốt . rẻ hơn so với đối_thủ cạnh_tranh của nó .,nơi tốt . rẻ hơn so với đối_thủ cạnh_tranh của nó .,rẻ đối_thủ cạnh_tranh
"đừng ăn gà ở mcdonalds, mở hộp ra tụt cũng khỏi nói luôn",positive,"đừng ăn gà ở mcdonalds , mở hộp ra tụt cũng khỏi nói luôn","đừng ăn gà ở mcdonalds , mở hộp ra tụt cũng khỏi nói luôn",đừng gà mcdonalds hộp tụt
tốt như bất kỳ mcdonalds nào d,positive,tốt như bất_kỳ mcdonalds nào d,tốt như bất_kỳ mcdonalds nào d,bất_kỳ mcdonalds d
"đây là mcdonald duy nhất bạn có thể tìm thấy xung quanh hà nội và cả ở phía bắc việt nam. nơi này không quá lớn, nhưng nó nằm ở khu vực du lịch hấp dẫn và đông đúc nhất của hà nội, đặc biệt là vào cuối tuần hồ hoan kiem. hoàn hảo nếu bạn mệt mỏi với thực phẩm truyền thống của việt nam hoặc nếu bạn muốn có một bữa ăn nhanh và ngon để có thể ghé thăm khu vực gần đó ...",positive,"đây là mcdonald duy_nhất bạn có_thể tìm thấy xung_quanh hà_nội và cả ở phía bắc việt_nam . nơi này không quá lớn , nhưng nó nằm ở khu_vực du_lịch hấp_dẫn và đông_đúc nhất của hà_nội , đặc_biệt là vào cuối tuần hồ hoan kiem . hoàn_hảo nếu bạn mệt_mỏi với thực_phẩm truyền_thống của việt_nam hoặc nếu bạn muốn có một bữa ăn nhanh và ngon để có_thể ghé thăm khu_vực gần đó ...","đây là mcdonald duy_nhất bạn có_thể tìm thấy xung_quanh hà_nội và cả ở phía bắc việt_nam . nơi này không quá lớn , nhưng nó nằm ở khu_vực du_lịch hấp_dẫn và đông_đúc nhất của hà_nội , đặc_biệt là vào cuối tuần hồ hoan kiem . hoàn_hảo nếu bạn mệt_mỏi với thực_phẩm truyền_thống của việt_nam hoặc nếu bạn muốn có một bữa ăn nhanh và ngon để có_thể ghé thăm khu_vực gần đó ...",mcdonald duy_nhất có_thể xung_quanh hà_nội bắc việt_nam nằm khu_vực du_lịch hấp_dẫn đông_đúc hà_nội đặc_biệt hồ hoan kiem hoàn_hảo mệt_mỏi thực_phẩm truyền_thống việt_nam ngon có_thể ghé thăm khu_vực ...
🍔🍔🍔🍔🍔,positive,🍔🍔🍔🍔🍔,:bánh hamburger::bánh hamburger::bánh hamburger::bánh hamburger::bánh hamburger:,:bánh hamburger::bánh hamburger::bánh hamburger::bánh hamburger::bánh hamburger:
qua te,negative,qua te,qua te,te
chỉ nói 1 từ tuyệt,positive,chỉ nói 1 từ tuyệt,chỉ nói 1 từ tuyệt,1 tuyệt
"điều này có vị chính xác giống như trở về nhà ở úc, rất tốt. nhân viên được tự do và nói tiếng anh rất tốt, có thể hơi bận rộn tùy thuộc vào ngày bạn đi và thời gian nào, nhưng nhân viên rất hiệu quả và di chuyển dòng rất nhanh, ngay cả trong khoảng thời gian bận rộn, tôi chưa bao giờ mắc sai lầm với đơn đặt hàng của tôi rất mới mẻ.",positive,"điều này có vị chính_xác giống như trở về nhà ở úc , rất tốt . nhân_viên được tự_do và nói tiếng anh rất tốt , có_thể hơi bận_rộn tuỳ_thuộc vào ngày bạn đi và thời_gian nào , nhưng nhân_viên rất hiệu_quả và di_chuyển dòng rất nhanh , ngay cả trong khoảng thời_gian bận_rộn , tôi chưa bao_giờ mắc sai_lầm với đơn đặt_hàng của tôi rất mới_mẻ .","điều này có vị chính_xác giống như trở về nhà ở úc , rất tốt . nhân_viên được tự_do và nói tiếng anh rất tốt , có_thể hơi bận_rộn tuỳ_thuộc vào ngày bạn đi và thời_gian nào , nhưng nhân_viên rất hiệu_quả và di_chuyển dòng rất nhanh , ngay cả trong khoảng thời_gian bận_rộn , tôi chưa bao_giờ mắc sai_lầm với đơn đặt_hàng của tôi rất mới_mẻ .",vị chính_xác trở úc nhân_viên tự_do tiếng có_thể hơi bận_rộn tuỳ_thuộc thời_gian nhân_viên hiệu_quả di_chuyển dòng thời_gian bận_rộn bao_giờ mắc sai_lầm đơn đặt_hàng mới_mẻ
gần hồ. khách đông. chờ lâu,positive,gần hồ . khách đông . chờ lâu,gần hồ . khách đông . chờ lâu,hồ đông chờ
đẹp nhắm,positive,đẹp nhắm,đẹp nhắm,đẹp nhắm
"nó chỉ có thể được trả bằng tiền mặt, nhưng thẻ được thanh toán.",positive,"nó chỉ có_thể được trả bằng tiền_mặt , nhưng thẻ được thanh_toán .","nó chỉ có_thể được trả bằng tiền_mặt , nhưng thẻ được thanh_toán .",có_thể tiền_mặt thẻ thanh_toán
khá,positive,khá,khá,
ví trí đẹp. không gian ấm cúng. đồ ăn khá.,positive,ví trí đẹp . không_gian ấm_cúng . đồ_ăn khá .,ví trí đẹp . không_gian ấm_cúng . đồ_ăn khá .,ví trí đẹp không_gian ấm_cúng đồ_ăn
mcdonald của sự thật,positive,mcdonald của sự_thật,mcdonald của sự_thật,mcdonald sự_thật
tuyệt vời,positive,tuyệt_vời,tuyệt_vời,tuyệt_vời
tôi thích đồ ăn nhẹ đơn giản,neutral,tôi thích đồ_ăn nhẹ đơn_giản,tôi thích đồ_ăn nhẹ đơn_giản,đồ_ăn nhẹ đơn_giản
cho những người vừa xuống máy bay hoặc xe buýt và chưa quan tâm đến việc thử menu địa phương ..,positive,cho những người vừa xuống máy_bay hoặc xe_buýt và chưa quan_tâm đến việc thử menu địa_phương ..,cho những người vừa xuống máy_bay hoặc xe_buýt và chưa quan_tâm đến việc thử menu địa_phương ..,máy_bay xe_buýt quan_tâm thử menu địa_phương ..
quá đông đúc,positive,quá đông_đúc,quá đông_đúc,đông_đúc
rõ ràng đó là mac duy nhất ở hà nội. tôi đã phát hiện ra một hương vị ổn định trong các chuyến đi và trong các chuyến đi của tôi,positive,rõ_ràng đó là mac duy_nhất ở hà_nội . tôi đã phát_hiện ra một hương_vị ổn_định trong các chuyến đi và trong các chuyến đi của tôi,rõ_ràng đó là mac duy_nhất ở hà_nội . tôi đã phát_hiện ra một hương_vị ổn_định trong các chuyến đi và trong các chuyến đi của tôi,mac duy_nhất hà_nội phát_hiện hương_vị ổn_định chuyến chuyến
thức ăn giống như mọi nơi khác. bit nhỏ mặc dù.,positive,thức_ăn giống như mọi nơi khác . bit nhỏ mặc_dù .,thức_ăn giống như mọi nơi khác . bit nhỏ mặc_dù .,thức_ăn bit mặc_dù
mất quá nhiều thời gian chỉ có khoai tây chiên khác đến sau khi tôi được phục vụ trước tôi.,negative,mất quá nhiều thời_gian chỉ có khoai_tây chiên khác đến sau khi tôi được phục_vụ trước tôi .,mất quá nhiều thời_gian chỉ có khoai_tây chiên khác đến sau khi tôi được phục_vụ trước tôi .,thời_gian khoai_tây chiên phục_vụ
ngay ngã tu đối diện tràng tiền plaza,positive,ngay ngã tu đối_diện tràng tiền plaza,ngay ngã tu đối_diện tràng tiền plaza,ngã tu đối_diện tràng tiền plaza
mcdonalds khá giống nhau ở khắp mọi nơi. tiêu chuẩn hợp lý trên tất cả tôi tin. dịch vụ là tốt. một số mục menu khác nhau một chút. nhiều lựa chọn nước sốt hơn. khu vực nhỏ mặc dù vậy có thể trở nên đông đúc,neutral,mcdonalds khá giống nhau ở khắp mọi nơi . tiêu_chuẩn hợp_lý trên tất_cả tôi tin . dịch_vụ là tốt . một_số mục menu khác nhau một_chút . nhiều lựa_chọn nước sốt hơn . khu_vực nhỏ mặc_dù vậy có_thể trở_nên đông_đúc,mcdonalds khá giống nhau ở khắp mọi nơi . tiêu_chuẩn hợp_lý trên tất_cả tôi tin . dịch_vụ là tốt . một_số mục menu khác nhau một_chút . nhiều lựa_chọn nước sốt hơn . khu_vực nhỏ mặc_dù vậy có_thể trở_nên đông_đúc,mcdonalds khắp tiêu_chuẩn hợp_lý tất_cả dịch_vụ một_số mục menu một_chút lựa_chọn sốt khu_vực mặc_dù có_thể đông_đúc
tào phớ,positive,tào_phớ,tào_phớ,tào_phớ
"đó là một maccas, phi lê cá có vẻ nhỏ bé ... khoai tây chiên lạnh.",negative,"đó là một maccas , phi_lê cá có_vẻ nhỏ_bé ... khoai_tây chiên lạnh .","đó là một maccas , phi_lê cá có_vẻ nhỏ_bé ... khoai_tây chiên lạnh .",maccas phi_lê cá có_vẻ nhỏ_bé ... khoai_tây chiên lạnh
"nếu đây là mcdonalds, trong đó hà nội phải có, thì đó là một nhánh quá nhỏ. và vị trí này đầy chiều chủ nhật chất lượng là trung bình đến xấu.",negative,"nếu đây là mcdonalds , trong đó hà_nội phải có , thì đó là một nhánh quá nhỏ . và vị_trí này đầy chiều chủ_nhật chất_lượng là trung_bình đến xấu .","nếu đây là mcdonalds , trong đó hà_nội phải có , thì đó là một nhánh quá nhỏ . và vị_trí này đầy chiều chủ_nhật chất_lượng là trung_bình đến xấu .",mcdonalds hà_nội nhánh vị_trí chiều chủ_nhật chất_lượng trung_bình xấu
các lựa chọn địa phương thú vị. nước sốt trên vòi,positive,các lựa_chọn địa_phương thú_vị . nước sốt trên vòi,các lựa_chọn địa_phương thú_vị . nước sốt trên vòi,lựa_chọn địa_phương thú_vị sốt vòi
đó là mcdonald nếu bạn không có thực phẩm phù hợp với nước ngoài.,positive,đó là mcdonald nếu bạn không có thực_phẩm phù_hợp với nước_ngoài .,đó là mcdonald nếu bạn không có thực_phẩm phù_hợp với nước_ngoài .,mcdonald thực_phẩm phù_hợp nước_ngoài
"tuy nhiên, so với các nhà hàng việt nam, thật đáng tiếc khi có một số điểm nhờn.",neutral,"tuy_nhiên , so với các nhà_hàng việt_nam , thật đáng tiếc khi có một_số điểm nhờn .","tuy_nhiên , so với các nhà_hàng việt_nam , thật đáng tiếc khi có một_số điểm nhờn .",tuy_nhiên nhà_hàng việt_nam tiếc một_số nhờn
dễ tìm,positive,dễ tìm,dễ tìm,
đồ ăn ngon nhưng hơi đắt,positive,đồ_ăn ngon nhưng hơi đắt,đồ_ăn ngon nhưng hơi đắt,đồ_ăn ngon hơi đắt
quán ngon,positive,quán ngon,quán ngon,quán ngon
hơi bất tiện vì 3 ngày cuối tuần phải đi bộ vào.,positive,hơi bất_tiện vì 3 ngày cuối tuần phải đi bộ vào .,hơi bất_tiện vì 3 ngày cuối tuần phải đi bộ vào .,hơi bất_tiện 3
"gia đình chúng tôi đã ra lệnh cho mcroyal, khoai tây chiên, than cốc, gà rán và gạo. thức ăn không sao, nhưng sau đó cả gia đình đã bị ngộ độc thực phẩm và đã ra ngoài trong nhiều ngày. chỉ là khủng khiếp.",negative,"gia_đình chúng_tôi đã ra_lệnh cho mcroyal , khoai_tây chiên , than_cốc , gà rán và gạo . thức_ăn không sao , nhưng sau đó cả gia_đình đã bị ngộ_độc thực_phẩm và đã ra ngoài trong nhiều ngày . chỉ là khủng_khiếp .","gia_đình chúng_tôi đã ra_lệnh cho mcroyal , khoai_tây chiên , than_cốc , gà rán và gạo . thức_ăn không sao , nhưng sau đó cả gia_đình đã bị ngộ_độc thực_phẩm và đã ra ngoài trong nhiều ngày . chỉ là khủng_khiếp .",gia_đình chúng_tôi ra_lệnh mcroyal khoai_tây chiên than_cốc gà rán gạo thức_ăn gia_đình ngộ_độc thực_phẩm khủng_khiếp
đắt,neutral,đắt,đắt,đắt
"ngon , có voucher nên rẻ vãi",positive,"ngon , có voucher nên rẻ vãi","ngon , có voucher nên rẻ vãi",ngon voucher rẻ vãi
"không phải là macdonalds tốt nhất nếu có, một chút đông đúc, không quá thân thiện, những người lao động hơi hỗn loạn ... nhưng sau tất cả",positive,"không phải là macdonalds tốt nhất nếu có , một_chút đông_đúc , không quá thân_thiện , những người lao_động hơi hỗn_loạn ... nhưng sau tất_cả","không phải là macdonalds tốt nhất nếu có , một_chút đông_đúc , không quá thân_thiện , những người lao_động hơi hỗn_loạn ... nhưng sau tất_cả",macdonalds một_chút đông_đúc thân_thiện lao_động hơi hỗn_loạn ... tất_cả
đồ ăn ngon tuy hơi đắt,positive,đồ_ăn ngon tuy hơi đắt,đồ_ăn ngon tuy hơi đắt,đồ_ăn ngon hơi đắt
"quán đông nhân viên không thanh toán thẻ, dịch vụ không hài lòng.",neutral,"quán đông nhân_viên không thanh_toán thẻ , dịch_vụ không hài_lòng .","quán đông nhân_viên không thanh_toán thẻ , dịch_vụ không hài_lòng .",quán đông nhân_viên thanh_toán thẻ dịch_vụ hài_lòng
rất ngon,positive,rất ngon,rất ngon,ngon
nếu bạn cần sửa chữa big mac thì ít nhất thực phẩm cũng giống như nhà. tốt hơn nhiều so với những nỗ lực thảm hại của các vị vua burger ở hà nội. giá cả tốt quá.,positive,nếu bạn cần sửa_chữa big mac thì ít_nhất thực_phẩm cũng giống như nhà . tốt hơn nhiều so với những nỗ_lực thảm_hại của các vị vua burger ở hà_nội . giá_cả tốt quá .,nếu bạn cần sửa_chữa big mac thì ít_nhất thực_phẩm cũng giống như nhà . tốt hơn nhiều so với những nỗ_lực thảm_hại của các vị vua burger ở hà_nội . giá_cả tốt quá .,sửa_chữa big mac ít_nhất thực_phẩm nỗ_lực thảm_hại vị vua burger hà_nội giá_cả
nơi đến cho tín đồ tích gà rán,positive,nơi đến cho tín_đồ tích gà rán,nơi đến cho tín_đồ tích gà rán,tín_đồ tích gà rán
ẩm thực địa phương ngon hơn,neutral,ẩm_thực địa_phương ngon hơn,ẩm_thực địa_phương ngon hơn,ẩm_thực địa_phương ngon
mcdonald cổ điển,positive,mcdonald cổ_điển,mcdonald cổ_điển,mcdonald cổ_điển
như thường lệ...,neutral,như thường_lệ ...,như thường_lệ ...,thường_lệ ...
"đồ ăn rất ngon. chất lượng tốt, nhân viên thân thiện, phục vụ nhanh chóng. đáng đồng tiền",positive,"đồ_ăn rất ngon . chất_lượng tốt , nhân_viên thân_thiện , phục_vụ nhanh_chóng . đáng đồng_tiền","đồ_ăn rất ngon . chất_lượng tốt , nhân_viên thân_thiện , phục_vụ nhanh_chóng . đáng đồng_tiền",đồ_ăn ngon chất_lượng nhân_viên thân_thiện phục_vụ nhanh_chóng đồng_tiền
"ít quầy thanh toán, chờ hơi lâu",positive,"ít quầy thanh_toán , chờ hơi lâu","ít quầy thanh_toán , chờ hơi lâu",quầy thanh_toán chờ hơi
"một trong số ít mcdonalds ở việt nam. và cậu bé thật tuyệt khi có được một số đồ ăn nhanh cũ đơn giản. không có gì đặc biệt, nhưng cũng không quá tệ.",positive,"một trong số_ít mcdonalds ở việt_nam . và cậu bé thật tuyệt khi có được một_số đồ_ăn nhanh cũ đơn_giản . không có gì đặc_biệt , nhưng cũng không quá tệ .","một trong số_ít mcdonalds ở việt_nam . và cậu bé thật tuyệt khi có được một_số đồ_ăn nhanh cũ đơn_giản . không có gì đặc_biệt , nhưng cũng không quá tệ .",số_ít mcdonalds việt_nam bé tuyệt một_số đồ_ăn cũ đơn_giản đặc_biệt tệ
"đồ ăn cũng ngon , nhưng hơn đông . đông thì sẽ không tìm được chỗ ngồi",positive,"đồ_ăn cũng ngon , nhưng hơn đông . đông thì sẽ không tìm được chỗ ngồi","đồ_ăn cũng ngon , nhưng hơn đông . đông thì sẽ không tìm được chỗ ngồi",đồ_ăn ngon đông đông chỗ
"chúng tôi có wat chúng tôi mong đợi. sau một tuần hoặc khoảng 20 bữa ăn việt nam liên tiếp, chúng tôi muốn gà và bánh mì kẹp thịt và khoai tây chiên và waa wat chúng tôi đã được tặng. đánh giá nên là 2 hoặc 3 sao vì đây là một mcdonalda tiêu chuẩn bình thường nhưng vì sự thèm ăn của chúng tôi đối với thực phẩm quen thuộc, đó là 4",positive,"chúng_tôi có wat chúng_tôi mong_đợi . sau một tuần hoặc khoảng 20 bữa ăn việt_nam liên_tiếp , chúng_tôi muốn gà và bánh_mì kẹp thịt và khoai_tây chiên và waa wat chúng_tôi đã được tặng . đánh_giá nên là 2 hoặc 3 sao vì đây là một mcdonalda tiêu_chuẩn bình_thường nhưng vì sự thèm ăn của chúng_tôi đối_với thực_phẩm quen_thuộc , đó là 4","chúng_tôi có wat chúng_tôi mong_đợi . sau một tuần hoặc khoảng 20 bữa ăn việt_nam liên_tiếp , chúng_tôi muốn gà và bánh_mì kẹp thịt và khoai_tây chiên và waa wat chúng_tôi đã được tặng . đánh_giá nên là 2 hoặc 3 sao vì đây là một mcdonalda tiêu_chuẩn bình_thường nhưng vì sự thèm ăn của chúng_tôi đối_với thực_phẩm quen_thuộc , đó là 4",chúng_tôi wat chúng_tôi mong_đợi 20 việt_nam liên_tiếp chúng_tôi gà bánh_mì kẹp thịt khoai_tây chiên waa wat chúng_tôi tặng đánh_giá 2 3 mcdonalda tiêu_chuẩn bình_thường thèm chúng_tôi đối_với thực_phẩm quen_thuộc 4
"sạch sẽ, tươi",positive,"sạch_sẽ , tươi","sạch_sẽ , tươi",sạch_sẽ tươi
siêu,positive,siêu,siêu,siêu
"ngon, có ưu đãi.",positive,"ngon , có ưu_đãi .","ngon , có ưu_đãi .",ngon ưu_đãi
ngớ ngẩn,positive,ngớ_ngẩn,ngớ_ngẩn,ngớ_ngẩn
crowdy như mọi khi vì đây là mcdonald đầu tiên và duy nhất ở hà nội vào năm 2018. sự thiếu hụt rất lớn của nhân viên dọn dẹp nên nó nhanh chóng bị lộn xộn sau khi mọi người thả nước ngọt và thức ăn trên sàn nhà. thực đơn và thực phẩm là tốt như trong bất kỳ mcdonald nào trên khắp thế giới. nhân viên thân thiện nhưng không đủ của họ về nhiệm vụ dọn dẹp. thiếu sự hiện diện của người quản lý để giám sát và hỗ trợ các hoạt động khác.,neutral,crowdy như mọi_khi vì đây là mcdonald đầu_tiên và duy_nhất ở hà_nội vào năm 2018 . sự thiếu_hụt rất lớn của nhân_viên dọn_dẹp nên nó nhanh_chóng bị lộn_xộn sau khi mọi người thả nước_ngọt và thức_ăn trên sàn nhà . thực_đơn và thực_phẩm là tốt như trong bất_kỳ mcdonald nào trên khắp thế_giới . nhân_viên thân_thiện nhưng không đủ của họ về nhiệm_vụ dọn_dẹp . thiếu sự hiện_diện của người_quản_lý để giám_sát và hỗ_trợ các hoạt_động khác .,crowdy như mọi_khi vì đây là mcdonald đầu_tiên và duy_nhất ở hà_nội vào năm 2018 . sự thiếu_hụt rất lớn của nhân_viên dọn_dẹp nên nó nhanh_chóng bị lộn_xộn sau khi mọi người thả nước_ngọt và thức_ăn trên sàn nhà . thực_đơn và thực_phẩm là tốt như trong bất_kỳ mcdonald nào trên khắp thế_giới . nhân_viên thân_thiện nhưng không đủ của họ về nhiệm_vụ dọn_dẹp . thiếu sự hiện_diện của người_quản_lý để giám_sát và hỗ_trợ các hoạt_động khác .,crowdy mọi_khi mcdonald đầu_tiên duy_nhất hà_nội 2018 thiếu_hụt nhân_viên dọn_dẹp nhanh_chóng lộn_xộn thả nước_ngọt thức_ăn sàn thực_đơn thực_phẩm bất_kỳ mcdonald khắp thế_giới nhân_viên thân_thiện nhiệm_vụ dọn_dẹp hiện_diện người_quản_lý giám_sát hỗ_trợ hoạt_động
số 1 của mcdonald .. thật đáng tiếc khi bạn chỉ có thể ăn với hoan kiem .. có rất nhiều khách hàng. rất phức tạp,positive,số 1 của mcdonald .. thật đáng tiếc khi bạn chỉ có_thể ăn với hoan kiem .. có rất nhiều khách_hàng . rất phức_tạp,số 1 của mcdonald .. thật đáng tiếc khi bạn chỉ có_thể ăn với hoan kiem .. có rất nhiều khách_hàng . rất phức_tạp,1 mcdonald .. tiếc có_thể hoan kiem .. khách_hàng phức_tạp
nơi cà phê đẹp,positive,nơi cà_phê đẹp,nơi cà_phê đẹp,cà_phê đẹp
"mọi người nói mcdonald sẽ không phổ biến ở đây, tôi rất vui vì họ đã chứng minh những người sai. nhân viên rất thân thiện nói tiếng việt và tiếng anh nó được đóng gói vào cuối tuần để lên kế hoạch cho phù hợp",positive,"mọi người nói mcdonald sẽ không phổ_biến ở đây , tôi rất vui vì họ đã chứng_minh những người sai . nhân_viên rất thân_thiện nói tiếng việt và tiếng anh nó được đóng_gói vào cuối tuần để lên kế_hoạch cho phù_hợp","mọi người nói mcdonald sẽ không phổ_biến ở đây , tôi rất vui vì họ đã chứng_minh những người sai . nhân_viên rất thân_thiện nói tiếng việt và tiếng anh nó được đóng_gói vào cuối tuần để lên kế_hoạch cho phù_hợp",mcdonald phổ_biến vui chứng_minh sai nhân_viên thân_thiện tiếng việt tiếng đóng_gói kế_hoạch phù_hợp
được rồi,neutral,được rồi,được rồi,
"tôi thích nhiều lựa chọn cho nước sốt ở đây, sạch hơn việt nam kfc, hamburger là tốt nhưng không xuất sắc.",positive,"tôi thích nhiều lựa_chọn cho nước sốt ở đây , sạch hơn việt_nam kfc , hamburger là tốt nhưng không xuất_sắc .","tôi thích nhiều lựa_chọn cho nước sốt ở đây , sạch hơn việt_nam kfc , hamburger là tốt nhưng không xuất_sắc .",lựa_chọn sốt sạch việt_nam kfc hamburger xuất_sắc
"vị trí trung tâm,nhiều người nước ngoài,phù hợp với các bạn muốn luyện tập ngoại ngữ",positive,"vị_trí trung_tâm , nhiều người nước_ngoài , phù_hợp với các bạn muốn luyện_tập ngoại_ngữ","vị_trí trung_tâm , nhiều người nước_ngoài , phù_hợp với các bạn muốn luyện_tập ngoại_ngữ",vị_trí trung_tâm nước_ngoài phù_hợp luyện_tập ngoại_ngữ
cửa hàng đông nhưng phục vụ nhanh. nhân viên thân thiện,positive,cửa_hàng đông nhưng phục_vụ nhanh . nhân_viên thân_thiện,cửa_hàng đông nhưng phục_vụ nhanh . nhân_viên thân_thiện,cửa_hàng đông phục_vụ nhân_viên thân_thiện
phù hợp ăn nhanh,neutral,phù_hợp ăn nhanh,phù_hợp ăn nhanh,phù_hợp
điềm mc donal duy nhất tại hà nội,positive,điềm mc donal duy_nhất tại hà_nội,điềm mc donal duy_nhất tại hà_nội,điềm mc donal duy_nhất hà_nội
rât ngon môi tôi hơi max ty 😅,positive,rât ngon môi tôi hơi max ty 😅,rât ngon môi tôi hơi max ty :mặt cười đầy mồ hôi:,rât ngon môi hơi max ty :mặt cười mồ hôi:
mcdonald điển hình,positive,mcdonald điển_hình,mcdonald điển_hình,mcdonald điển_hình
nơi rất tốt,positive,nơi rất tốt,nơi rất tốt,
đó là một mcdonald. không có nhiều điều để nói về nó. họ đã có một loạt các loại nước sốt được cung cấp tốt và chỗ ngồi có rất nhiều. nó nằm ở một nơi khá đẹp. có một chút khu vực nhỏ khi bạn đang chờ thức ăn của mình được chuẩn bị nhưng bạn không đợi lâu nên nó không phải là một lo lắng lớn. tôi ngạc nhiên nếu có ai đọc điều này vì đó thực sự là một đánh giá về mcdonald.,positive,đó là một mcdonald . không có nhiều điều để nói về nó . họ đã có một loạt các loại nước sốt được cung_cấp tốt và chỗ ngồi có rất nhiều . nó nằm ở một nơi khá đẹp . có một_chút khu_vực nhỏ khi bạn đang chờ thức_ăn của mình được chuẩn_bị nhưng bạn không đợi lâu nên nó không phải là một lo_lắng lớn . tôi ngạc_nhiên nếu có ai đọc điều này vì đó thực_sự là một đánh_giá về mcdonald .,đó là một mcdonald . không có nhiều điều để nói về nó . họ đã có một loạt các loại nước sốt được cung_cấp tốt và chỗ ngồi có rất nhiều . nó nằm ở một nơi khá đẹp . có một_chút khu_vực nhỏ khi bạn đang chờ thức_ăn của mình được chuẩn_bị nhưng bạn không đợi lâu nên nó không phải là một lo_lắng lớn . tôi ngạc_nhiên nếu có ai đọc điều này vì đó thực_sự là một đánh_giá về mcdonald .,mcdonald loạt sốt cung_cấp chỗ nằm đẹp một_chút khu_vực chờ thức_ăn chuẩn_bị đợi lo_lắng ngạc_nhiên đọc đánh_giá mcdonald
hãy đi cho một mcde ngon.,positive,hãy đi cho một mcde ngon .,hãy đi cho một mcde ngon .,mcde ngon
tôtf,neutral,tôtf,tôtf,tôtf
gần.lake,positive,gần.lake,gần.lake,gần.lake
đồ ăn được,neutral,đồ_ăn được,đồ_ăn được,đồ_ăn
cảm thấy không ngon bằng các hãng fast food khác.,positive,cảm_thấy không ngon bằng các hãng fast food khác .,cảm_thấy không ngon bằng các hãng fast food khác .,ngon hãng fast food
chúng tôi có thể tìm kiếm thức ăn nhanh ở đây sau khi bạn ghé thăm và đi bộ quanh khu vực này,positive,chúng_tôi có_thể tìm_kiếm thức_ăn nhanh ở đây sau khi bạn ghé thăm và đi bộ quanh khu_vực này,chúng_tôi có_thể tìm_kiếm thức_ăn nhanh ở đây sau khi bạn ghé thăm và đi bộ quanh khu_vực này,chúng_tôi có_thể tìm_kiếm thức_ăn ghé thăm quanh khu_vực
gọi đồ méo cả mồm. chắc tao quê.,positive,gọi đồ méo cả mồm . chắc tao quê .,gọi đồ méo cả mồm . chắc tao quê .,gọi đồ méo mồm tao quê
"ngon, giá mềm hơn nước ngoài",positive,"ngon , giá mềm hơn nước_ngoài","ngon , giá mềm hơn nước_ngoài",ngon giá mềm nước_ngoài
không có thực phẩm ăn chay có sẵn.,neutral,không có thực_phẩm ăn_chay có sẵn .,không có thực_phẩm ăn_chay có sẵn .,thực_phẩm ăn_chay sẵn
"nhập vào thứ bảy trước buổi trưa. nó rất đông đúc và thật khó để tìm thấy một chỗ ngồi khi ăn vào. hương vị là mcquality, nhưng nó vẫn ngon hơn khi ăn ở nhật bản. ưu điểm lớn nhất là nó rẻ và an toàn để ăn.",negative,"nhập vào thứ_bảy trước buổi trưa . nó rất đông_đúc và thật khó để tìm thấy một chỗ ngồi khi ăn vào . hương_vị là mcquality , nhưng nó vẫn ngon hơn khi ăn_ở nhật_bản . ưu_điểm lớn nhất là nó rẻ và an_toàn để ăn .","nhập vào thứ_bảy trước buổi trưa . nó rất đông_đúc và thật khó để tìm thấy một chỗ ngồi khi ăn vào . hương_vị là mcquality , nhưng nó vẫn ngon hơn khi ăn_ở nhật_bản . ưu_điểm lớn nhất là nó rẻ và an_toàn để ăn .",nhập thứ_bảy trưa đông_đúc chỗ hương_vị mcquality ngon ăn_ở nhật_bản ưu_điểm rẻ an_toàn
"ăn 2 lần đều gặp có 1 món nào đó được nêm rất mặn, lúc thì gà, lúc thì humburger, nước sốt thì tuyệt nhất, có nhiều vị để lựa chọn, luôn có nhiều ưu đãi để lựa chọn. thanks các bạn",positive,"ăn 2 lần đều gặp có 1 món nào đó được nêm rất mặn , lúc thì gà , lúc thì humburger , nước sốt thì tuyệt nhất , có nhiều vị để lựa_chọn , luôn có nhiều ưu_đãi để lựa_chọn . thanks các bạn","ăn 2 lần đều gặp có 1 món nào đó được nêm rất mặn , lúc thì gà , lúc thì humburger , nước sốt thì tuyệt nhất , có nhiều vị để lựa_chọn , luôn có nhiều ưu_đãi để lựa_chọn . thanks các bạn",2 1 món nêm mặn gà humburger sốt tuyệt vị lựa_chọn ưu_đãi lựa_chọn thanks
gà rất ngon,positive,gà rất ngon,gà rất ngon,gà ngon
thật tốt,positive,thật tốt,thật tốt,
"cà phê đá rất ngon hơn dự kiến. đây là một loại cà phê đá cà phê việt nam hoàn toàn khác với mcdonald ở nhật bản. một số chỗ ngồi trên tầng hai cho phép bạn nghỉ ngơi nhàn nhã, như bạn có thể thấy hồ hoan kiem.",positive,"cà_phê đá rất ngon hơn dự_kiến . đây là một loại cà_phê đá cà_phê việt_nam hoàn_toàn khác với mcdonald ở nhật_bản . một_số chỗ ngồi trên tầng hai cho_phép bạn nghỉ_ngơi nhàn_nhã , như bạn có_thể thấy hồ hoan kiem .","cà_phê đá rất ngon hơn dự_kiến . đây là một loại cà_phê đá cà_phê việt_nam hoàn_toàn khác với mcdonald ở nhật_bản . một_số chỗ ngồi trên tầng hai cho_phép bạn nghỉ_ngơi nhàn_nhã , như bạn có_thể thấy hồ hoan kiem .",cà_phê đá ngon dự_kiến cà_phê đá cà_phê việt_nam hoàn_toàn mcdonald nhật_bản một_số chỗ tầng hai cho_phép nghỉ_ngơi nhàn_nhã có_thể hồ hoan kiem
thật tốt khi có loại rác này ở đây sau khi bạn có phở và bun trong 2 tháng.,positive,thật tốt khi có loại rác này ở đây sau khi bạn có phở và bun trong 2 tháng .,thật tốt khi có loại rác này ở đây sau khi bạn có phở và bun trong 2 tháng .,rác phở bun 2
điều này là tuyệt vời.,positive,điều này là tuyệt_vời .,điều này là tuyệt_vời .,tuyệt_vời
"chỉ có macdonald trong thành phố. vị trí trung tâm, rất gần các đường phố cũ của hà nội. mở cửa hàng ngày từ 7 giờ sáng đến nửa đêm nhưng tầng 2 chỉ mở sau 10 giờ sáng. downstair không có nhiều bảng.",neutral,"chỉ có macdonald trong thành_phố . vị_trí trung_tâm , rất gần các đường_phố cũ của hà_nội . mở cửa_hàng ngày từ 7 giờ sáng đến nửa_đêm nhưng tầng 2 chỉ mở sau 10 giờ sáng . downstair không có nhiều bảng .","chỉ có macdonald trong thành_phố . vị_trí trung_tâm , rất gần các đường_phố cũ của hà_nội . mở cửa_hàng ngày từ 7 giờ sáng đến nửa_đêm nhưng tầng 2 chỉ mở sau 10 giờ sáng . downstair không có nhiều bảng .",macdonald thành_phố vị_trí trung_tâm đường_phố cũ hà_nội cửa_hàng 7 nửa_đêm tầng 2 10 downstair bảng
quản lý,neutral,quản_lý,quản_lý,quản_lý
"hồi trước ở việt nam thấy đồ ăn của mc best luôn ấy. thế mà đi nước ngoài về trải nghiệm thấy các cửa hàng của mc bên đó họ làm đồ ăn max ngon với phục vụ max chuyên nghiệp hơn ở mình nhiều. bỗng thấy sự bất công nhẹ và không còn hài lòng với mc ở việt nam nữa or maybe wrong place, wrong people",negative,"hồi trước ở việt_nam thấy đồ_ăn của mc best luôn ấy . thế_mà đi nước_ngoài về trải_nghiệm thấy các cửa_hàng của mc bên đó họ làm đồ_ăn max ngon với phục_vụ max chuyên_nghiệp hơn ở mình nhiều . bỗng thấy sự bất_công nhẹ và không còn hài_lòng với mc ở việt_nam nữa or maybe wrong place , wrong people","hồi trước ở việt_nam thấy đồ_ăn của mc best luôn ấy . thế_mà đi nước_ngoài về trải_nghiệm thấy các cửa_hàng của mc bên đó họ làm đồ_ăn max ngon với phục_vụ max chuyên_nghiệp hơn ở mình nhiều . bỗng thấy sự bất_công nhẹ và không còn hài_lòng với mc ở việt_nam nữa or maybe wrong place , wrong people",hồi việt_nam đồ_ăn mc best thế_mà nước_ngoài trải_nghiệm cửa_hàng mc đồ_ăn max ngon phục_vụ max chuyên_nghiệp bất_công nhẹ hài_lòng mc việt_nam or maybe wrong place wrong people
"nơi này có thức ăn nhanh tốt, họ có nhiều loại nước sốt mà tôi quan tâm",positive,"nơi này có thức_ăn nhanh tốt , họ có nhiều loại nước sốt mà tôi quan_tâm","nơi này có thức_ăn nhanh tốt , họ có nhiều loại nước sốt mà tôi quan_tâm",thức_ăn sốt quan_tâm
"ngoài bánh mì kẹp thịt, còn có một món ăn tò mò, tôi thích nó rất nhiều nhân tiện, nước sốt không gây tranh cãi và miễn phí. macdak lái",positive,"ngoài bánh_mì kẹp thịt , còn có một món ăn tò_mò , tôi thích nó rất nhiều nhân_tiện , nước sốt không gây tranh_cãi và miễn_phí . macdak lái","ngoài bánh_mì kẹp thịt , còn có một món ăn tò_mò , tôi thích nó rất nhiều nhân_tiện , nước sốt không gây tranh_cãi và miễn_phí . macdak lái",bánh_mì kẹp thịt món tò_mò nhân_tiện sốt tranh_cãi miễn_phí macdak lái
ngon nhưng giá đắt quá,positive,ngon nhưng giá đắt quá,ngon nhưng giá đắt quá,ngon giá đắt
không có gì ăn chay ngoại trừ khoai tây chiên và nước ngọt,negative,không có gì ăn_chay ngoại_trừ khoai_tây chiên và nước_ngọt,không có gì ăn_chay ngoại_trừ khoai_tây chiên và nước_ngọt,ăn_chay ngoại_trừ khoai_tây chiên nước_ngọt
"nhân viên thân thiện, thực phẩm phương tây tốt và giá cả hợp lý mặc dù đắt tiền theo tiêu chuẩn việt nam. hãy đến wifi miễn phí, hãy ở lại ... wifi miễn phí",positive,"nhân_viên thân_thiện , thực_phẩm phương tây tốt và giá_cả hợp_lý mặc_dù đắt tiền theo tiêu_chuẩn việt_nam . hãy đến wifi miễn_phí , hãy ở lại ... wifi miễn_phí","nhân_viên thân_thiện , thực_phẩm phương tây tốt và giá_cả hợp_lý mặc_dù đắt tiền theo tiêu_chuẩn việt_nam . hãy đến wifi miễn_phí , hãy ở lại ... wifi miễn_phí",nhân_viên thân_thiện thực_phẩm phương tây giá_cả hợp_lý mặc_dù đắt tiền tiêu_chuẩn việt_nam wifi miễn_phí ... wifi miễn_phí
vị trí giá rẻ thuận tiện,positive,vị_trí giá rẻ thuận_tiện,vị_trí giá rẻ thuận_tiện,vị_trí giá rẻ thuận_tiện
"thức ăn hơi giản dị, hương vị tương tự như của đài loan",neutral,"thức_ăn hơi giản_dị , hương_vị tương_tự như của đài_loan","thức_ăn hơi giản_dị , hương_vị tương_tự như của đài_loan",thức_ăn hơi giản_dị hương_vị tương_tự đài_loan
chơ tốt,positive,chơ tốt,chơ tốt,chơ
nhà vệ sinh sạch sẽ để bạn có thể sử dụng nó để nghỉ vệ sinh.,positive,nhà_vệ_sinh sạch_sẽ để bạn có_thể sử_dụng nó để nghỉ vệ_sinh .,nhà_vệ_sinh sạch_sẽ để bạn có_thể sử_dụng nó để nghỉ vệ_sinh .,nhà_vệ_sinh sạch_sẽ có_thể sử_dụng nghỉ vệ_sinh
ăn cũng đuợc giá hợp lý hơn kfc và lotteria,positive,ăn cũng đuợc giá hợp_lý hơn kfc và lotteria,ăn cũng đuợc giá hợp_lý hơn kfc và lotteria,đuợc giá hợp_lý kfc lotteria
yêu thích lựa chọn nước sốt,positive,yêu thích lựa_chọn nước sốt,yêu thích lựa_chọn nước sốt,yêu lựa_chọn sốt
duy nhất ở hà nội,neutral,duy_nhất ở hà_nội,duy_nhất ở hà_nội,duy_nhất hà_nội
"đồ ăn ngon, không gian đẹp.",positive,"đồ_ăn ngon , không_gian đẹp .","đồ_ăn ngon , không_gian đẹp .",đồ_ăn ngon không_gian đẹp
"tuyệt vời, giống như ở bất kỳ quốc gia nào khác. nhưng đây là người duy nhất ở hà nội, và vì điều đó thực sự đông đúc.",positive,"tuyệt_vời , giống như ở bất_kỳ quốc_gia nào khác . nhưng đây là người duy_nhất ở hà_nội , và vì điều đó thực_sự đông_đúc .","tuyệt_vời , giống như ở bất_kỳ quốc_gia nào khác . nhưng đây là người duy_nhất ở hà_nội , và vì điều đó thực_sự đông_đúc .",tuyệt_vời bất_kỳ quốc_gia duy_nhất hà_nội đông_đúc
dịch vụ nhanh và thậm chí là một phòng tắm sạch sẽnhững gì mà mọi mcdonald nên khao khát,positive,dịch_vụ nhanh và thậm_chí là một phòng tắm sạch sẽnhững gì mà mọi mcdonald nên khao_khát,dịch_vụ nhanh và thậm_chí là một phòng tắm sạch sẽnhững gì mà mọi mcdonald nên khao_khát,dịch_vụ thậm_chí phòng tắm sạch sẽnhững mcdonald khao_khát
toàn bọn tây ba lô,positive,toàn bọn tây ba_lô,toàn bọn tây ba_lô,toàn bọn tây ba_lô
tôi đã có thể ăn chậm.,positive,tôi đã có_thể ăn chậm .,tôi đã có_thể ăn chậm .,có_thể chậm
mcdonald hà nội tôi đã chờ đợi cũng vui lòng xảy ra ở parknin,positive,mcdonald hà_nội tôi đã chờ_đợi cũng vui_lòng xảy ra ở parknin,mcdonald hà_nội tôi đã chờ_đợi cũng vui_lòng xảy ra ở parknin,mcdonald hà_nội chờ_đợi vui_lòng xảy parknin
"nếu bạn đi vào cuối tuần, không có thời gian để giao dịch.",negative,"nếu bạn đi vào cuối tuần , không có thời_gian để giao_dịch .","nếu bạn đi vào cuối tuần , không có thời_gian để giao_dịch .",thời_gian giao_dịch
siêu nhanh ... hơn bình thường. họ biết rất rõ tiếng anh.,positive,siêu nhanh ... hơn bình_thường . họ biết rất rõ tiếng anh .,siêu nhanh ... hơn bình_thường . họ biết rất rõ tiếng anh .,siêu ... bình_thường tiếng
dịch vụ rất tốt,positive,dịch_vụ rất tốt,dịch_vụ rất tốt,dịch_vụ
uống cà phê việt nam ở mcdonald,positive,uống cà_phê việt_nam ở mcdonald,uống cà_phê việt_nam ở mcdonald,uống cà_phê việt_nam mcdonald
thức ăn bằng nhựa,negative,thức_ăn bằng nhựa,thức_ăn bằng nhựa,thức_ăn nhựa
"chỉ là đồ chấm ngon nên mình thấy ăn gà ngon hơn hẳn, còn gà rán thì ăn chỗ nào cũng như nhau",positive,"chỉ là đồ chấm ngon nên mình thấy ăn gà ngon hơn hẳn , còn gà rán thì ăn chỗ nào cũng như nhau","chỉ là đồ chấm ngon nên mình thấy ăn gà ngon hơn hẳn , còn gà rán thì ăn chỗ nào cũng như nhau",đồ chấm ngon gà ngon hẳn gà rán chỗ
quá đông và chậm,neutral,quá đông và chậm,quá đông và chậm,đông chậm
"nước sốt nhe gạo khá ngọt và tôi không quen với việc ăn nó, nhưng nhà vệ sinh sạch sẽ và bạn có thể hít một hơi bên cạnh lively lakeside 👌",positive,"nước sốt nhe gạo khá ngọt và tôi không quen với việc ăn nó , nhưng nhà_vệ_sinh sạch_sẽ và bạn có_thể hít một_hơi bên cạnh lively lakeside 👌","nước sốt nhe gạo khá ngọt và tôi không quen với việc ăn nó , nhưng nhà_vệ_sinh sạch_sẽ và bạn có_thể hít một_hơi bên cạnh lively lakeside :OK tay:",sốt nhe gạo quen nhà_vệ_sinh sạch_sẽ có_thể hít một_hơi cạnh lively lakeside :OK tay:
"đồ ăn đắt và không ngon, đông chen chúc nhau.",negative,"đồ_ăn đắt và không ngon , đông chen_chúc nhau .","đồ_ăn đắt và không ngon , đông chen_chúc nhau .",đồ_ăn đắt ngon đông chen_chúc
"giống như mcdonald ở bất cứ đâu, thực phẩm đáng tin cậy và hợp lý. thịt xông khói nóng và trứng mcmuffin nấu chín chính xác như mọi khi, dịch vụ tốt và môi trường mát mẻ sạch sẽ trong một buổi sáng hà nội nóng bỏng. cảm ơn các nhân viên đã làm mọi thứ một cách chính xác",positive,"giống như mcdonald ở bất_cứ đâu , thực_phẩm đáng tin_cậy và hợp_lý . thịt xông khói nóng và trứng mcmuffin nấu chín chính_xác như mọi_khi , dịch_vụ tốt và môi_trường mát_mẻ sạch_sẽ trong một buổi sáng hà_nội nóng_bỏng . cảm_ơn các nhân_viên đã làm mọi thứ một_cách chính_xác","giống như mcdonald ở bất_cứ đâu , thực_phẩm đáng tin_cậy và hợp_lý . thịt xông khói nóng và trứng mcmuffin nấu chín chính_xác như mọi_khi , dịch_vụ tốt và môi_trường mát_mẻ sạch_sẽ trong một buổi sáng hà_nội nóng_bỏng . cảm_ơn các nhân_viên đã làm mọi thứ một_cách chính_xác",mcdonald bất_cứ thực_phẩm tin_cậy hợp_lý thịt xông khói nóng trứng mcmuffin nấu chín chính_xác mọi_khi dịch_vụ môi_trường mát_mẻ sạch_sẽ hà_nội nóng_bỏng cảm_ơn nhân_viên một_cách chính_xác
hà nội duy nhất của mcdonald. hàng dài,neutral,hà_nội duy_nhất của mcdonald . hàng dài,hà_nội duy_nhất của mcdonald . hàng dài,hà_nội duy_nhất mcdonald hàng
nơi tuyệt vời nhất của tất cả hà nội,positive,nơi tuyệt_vời nhất của tất_cả hà_nội,nơi tuyệt_vời nhất của tất_cả hà_nội,tuyệt_vời tất_cả hà_nội
"nv thân thiện, lịch sự",positive,"nv thân_thiện , lịch_sự","nv thân_thiện , lịch_sự",nv thân_thiện lịch_sự
"bánh rất nguội , nguyên liệu rời rạc mỗi nơi 1 thứ. khi mở bánh ra nước sốt chảy tùm lum khắp hộp, rau và thịt bị xô lệch. khoai tây thì nguội lạnh dù trước đó đã oder với nhân viên là khoai tây mới chiên. không hỏi khách hàng lấy size lớn hay size nhỏ mà mặc định lấy size lớn cho khách. một nhân vien nữ giao đồ cho khách không thân thiện . khăn giấy không có sẵn , rất phiền khi phải nhờ nhân viên lấy dùm 悪い👎",negative,"bánh rất nguội , nguyên_liệu rời_rạc mỗi nơi 1 thứ . khi mở bánh ra nước sốt chảy tùm_lum khắp hộp , rau và thịt bị xô lệch . khoai_tây thì nguội_lạnh dù trước đó đã oder với nhân_viên là khoai_tây mới chiên . không hỏi khách_hàng lấy size lớn hay size nhỏ mà mặc_định lấy size lớn cho khách . một nhân vien nữ giao đồ cho khách không thân_thiện . khăn giấy không có sẵn , rất phiền khi phải nhờ nhân_viên lấy dùm 悪い👎","bánh rất nguội , nguyên_liệu rời_rạc mỗi nơi 1 thứ . khi mở bánh ra nước sốt chảy tùm_lum khắp hộp , rau và thịt bị xô lệch . khoai_tây thì nguội_lạnh dù trước đó đã oder với nhân_viên là khoai_tây mới chiên . không hỏi khách_hàng lấy size lớn hay size nhỏ mà mặc_định lấy size lớn cho khách . một nhân vien nữ giao đồ cho khách không thân_thiện . khăn giấy không có sẵn , rất phiền khi phải nhờ nhân_viên lấy dùm 悪い:không thích:",bánh nguội nguyên_liệu rời_rạc 1 bánh sốt chảy tùm_lum khắp hộp rau thịt xô lệch khoai_tây nguội_lạnh oder nhân_viên khoai_tây chiên khách_hàng size size mặc_định size nhân vien nữ giao đồ thân_thiện khăn giấy sẵn phiền nhân_viên dùm 悪い:không thích:
giống như ... hương vị không thay đổi.,positive,giống như ... hương_vị không thay_đổi .,giống như ... hương_vị không thay_đổi .,... hương_vị thay_đổi
nơi này thật tuyệt vời,positive,nơi này thật tuyệt_vời,nơi này thật tuyệt_vời,tuyệt_vời
có thể chống lại việc nhìn thấy những gì có sẵn ở các quốc gia khác đã thất vọng,positive,có_thể chống lại việc nhìn thấy những gì có sẵn ở các quốc_gia khác đã thất_vọng,có_thể chống lại việc nhìn thấy những gì có sẵn ở các quốc_gia khác đã thất_vọng,có_thể chống sẵn quốc_gia thất_vọng
"mcdonald bẩn thỉu nhất mà tôi từng thấy tầng dưới là xấu, nhưng trên lầu là khủng khiếp. sàn nhà là một sân trượt băng dầu thật, nhà vệ sinh bẩn thỉu và chúng tôi đã đến đó vào đầu ngày nên tôi sợ khi nghĩ rằng nó sẽ tệ đến mức nào sau này. tuy nhiên, thực phẩm đã như mong đợi",neutral,"mcdonald bẩn_thỉu nhất mà tôi từng thấy tầng dưới là xấu , nhưng trên lầu là khủng_khiếp . sàn nhà là một sân trượt_băng dầu thật , nhà_vệ_sinh bẩn_thỉu và chúng_tôi đã đến đó vào đầu ngày nên tôi sợ khi nghĩ rằng nó sẽ tệ đến mức nào sau_này . tuy_nhiên , thực_phẩm đã như mong_đợi","mcdonald bẩn_thỉu nhất mà tôi từng thấy tầng dưới là xấu , nhưng trên lầu là khủng_khiếp . sàn nhà là một sân trượt_băng dầu thật , nhà_vệ_sinh bẩn_thỉu và chúng_tôi đã đến đó vào đầu ngày nên tôi sợ khi nghĩ rằng nó sẽ tệ đến mức nào sau_này . tuy_nhiên , thực_phẩm đã như mong_đợi",mcdonald bẩn_thỉu tầng xấu lầu khủng_khiếp sàn sân trượt_băng dầu nhà_vệ_sinh bẩn_thỉu chúng_tôi sợ tệ sau_này tuy_nhiên thực_phẩm mong_đợi
hamburger mỹ mcdonalds ... nhưng vệ sinh là việt nam mcdonald.,neutral,hamburger mỹ mcdonalds ... nhưng vệ_sinh là việt_nam mcdonald .,hamburger mỹ mcdonalds ... nhưng vệ_sinh là việt_nam mcdonald .,hamburger mỹ mcdonalds ... vệ_sinh việt_nam mcdonald
"đó là macdonalds, không có nhiều điều để nói ngoài một nửa chi phí của vương quốc anh và rau tốt hơn, cũng có được một lon coke không bơm. burger, fries và coke là 2,50.",positive,"đó là macdonalds , không có nhiều điều để nói ngoài một_nửa chi_phí của vương_quốc_anh và rau tốt hơn , cũng có được một lon coke không bơm . burger , fries và coke là 2,50 .","đó là macdonalds , không có nhiều điều để nói ngoài một_nửa chi_phí của vương_quốc_anh và rau tốt hơn , cũng có được một lon coke không bơm . burger , fries và coke là 2,50 .","macdonalds một_nửa chi_phí vương_quốc_anh rau lon coke bơm burger fries coke 2,50"
nhưng ấn tượng bởi dịch vụ,negative,nhưng ấn_tượng bởi dịch_vụ,nhưng ấn_tượng bởi dịch_vụ,ấn_tượng dịch_vụ
"poppy tốt. chúng tôi đã ở các quốc gia khác nhau đây là một trong những quốc gia sáng giá nhất. sạch sẽ, mọi thứ được loại bỏ. có một bãi đậu xe cho xe máy. thịt trong bánh mì kẹp thịt là một trong những món ngon nhất. không ợ nóng",positive,"poppy tốt . chúng_tôi đã ở các quốc_gia khác nhau đây là một trong những quốc_gia sáng_giá nhất . sạch_sẽ , mọi thứ được loại_bỏ . có một bãi đậu xe cho xe_máy . thịt trong bánh_mì kẹp thịt là một trong những món ngon nhất . không ợ nóng","poppy tốt . chúng_tôi đã ở các quốc_gia khác nhau đây là một trong những quốc_gia sáng_giá nhất . sạch_sẽ , mọi thứ được loại_bỏ . có một bãi đậu xe cho xe_máy . thịt trong bánh_mì kẹp thịt là một trong những món ngon nhất . không ợ nóng",poppy chúng_tôi quốc_gia quốc_gia sáng_giá sạch_sẽ loại_bỏ bãi đậu xe xe_máy thịt bánh_mì kẹp thịt món ngon ợ nóng
hương vị tuyệt vời,positive,hương_vị tuyệt_vời,hương_vị tuyệt_vời,hương_vị tuyệt_vời
không được như ơ cac nươc khac,positive,không được như ơ cac nươc khac,không được như ơ cac nươc khac,cac nươc khac
chuẩn rồi,positive,chuẩn rồi,chuẩn rồi,chuẩn
đông. quá đông. very đông nên phục vụ chậm,positive,đông . quá đông . very đông nên phục_vụ chậm,đông . quá đông . very đông nên phục_vụ chậm,đông đông very đông phục_vụ chậm
vị trí tốt,neutral,vị_trí tốt,vị_trí tốt,vị_trí
breakfast meal bị nghèo nàn,positive,breakfast meal bị nghèo_nàn,breakfast meal bị nghèo_nàn,breakfast meal nghèo_nàn
"nhìn tốt từ tầng hai. tasty fileofish. nhưng một chút ồn ào rất nhiều người, đang diễn ra theo đơn đặt hàng của họ. nhưng nấu ăn và phục vụ là nhanh chóng. nhân tiện, đồ chơi từ các bữa ăn vui vẻ không được bán riêng. tất cả hàng hóa nổi tiếng. và nhiều loại gà rán trong thực đơn.maccofee ở phòng bên cạnh.",positive,"nhìn tốt từ tầng hai . tasty fileofish . nhưng một_chút ồn_ào rất nhiều người , đang diễn ra theo đơn đặt_hàng của họ . nhưng nấu_ăn và phục_vụ là nhanh_chóng . nhân_tiện , đồ_chơi từ các bữa ăn vui_vẻ không được bán riêng . tất_cả hàng_hoá nổi_tiếng . và nhiều loại gà rán trong thực đơn.maccofee ở phòng bên cạnh .","nhìn tốt từ tầng hai . tasty fileofish . nhưng một_chút ồn_ào rất nhiều người , đang diễn ra theo đơn đặt_hàng của họ . nhưng nấu_ăn và phục_vụ là nhanh_chóng . nhân_tiện , đồ_chơi từ các bữa ăn vui_vẻ không được bán riêng . tất_cả hàng_hoá nổi_tiếng . và nhiều loại gà rán trong thực đơn.maccofee ở phòng bên cạnh .",tầng hai tasty fileofish một_chút ồn_ào diễn đơn đặt_hàng nấu_ăn phục_vụ nhanh_chóng nhân_tiện đồ_chơi vui_vẻ tất_cả hàng_hoá nổi_tiếng gà rán thực đơn.maccofee phòng cạnh
"đẹp, nhanh chóng, dịch vụ. các combo tuyệt vời, sẽ trở lại để thử người khác.",positive,"đẹp , nhanh_chóng , dịch_vụ . các combo tuyệt_vời , sẽ trở_lại để thử người khác .","đẹp , nhanh_chóng , dịch_vụ . các combo tuyệt_vời , sẽ trở_lại để thử người khác .",đẹp nhanh_chóng dịch_vụ combo tuyệt_vời trở_lại thử
có một khoản phí 1.0 dong cho việc sử dụng phòng tắm ...... người dùng có nhiều người dân địa phương hơn người nước ngoài ...,positive,có một khoản phí 1.0 dong cho việc sử_dụng phòng tắm ...... người dùng có nhiều người_dân địa_phương hơn người nước_ngoài ...,có một khoản phí 1.0 dong cho việc sử_dụng phòng tắm ...... người dùng có nhiều người_dân địa_phương hơn người nước_ngoài ...,khoản phí 1.0 dong sử_dụng phòng tắm ...... người_dân địa_phương nước_ngoài ...
"thật tuyệt khi được nghỉ ngơi từ bun mee, mì rán, phở, và gạo",positive,"thật tuyệt khi được nghỉ_ngơi từ bun mee , mì rán , phở , và gạo","thật tuyệt khi được nghỉ_ngơi từ bun mee , mì rán , phở , và gạo",tuyệt nghỉ_ngơi bun mee mì rán phở gạo
vị trí tuyệt vời ở hà nội.,positive,vị_trí tuyệt_vời ở hà_nội .,vị_trí tuyệt_vời ở hà_nội .,vị_trí tuyệt_vời hà_nội
"lau dọn. rất nhanh chóng. phòng vệ sinh có sẵn. đối với thức ăn nhanh, nó được khuyến nghị",positive,"lau dọn . rất nhanh_chóng . phòng_vệ sinh có sẵn . đối_với thức_ăn nhanh , nó được khuyến_nghị","lau dọn . rất nhanh_chóng . phòng_vệ sinh có sẵn . đối_với thức_ăn nhanh , nó được khuyến_nghị",lau dọn nhanh_chóng phòng_vệ sinh sẵn đối_với thức_ăn khuyến_nghị
khi bạn mệt mỏi bằng cách chuyển vùng ....,positive,khi bạn mệt_mỏi bằng cách chuyển vùng ....,khi bạn mệt_mỏi bằng cách chuyển vùng ....,mệt_mỏi ....
mac cho bạn,positive,mac cho bạn,mac cho bạn,mac
"không gian ở trong nói chuyện thì có thể nói là rộng rãi sạch sẽ nhưng nhỏ hơn ở nươcs ngoài, theo như mình so sánh 2 bên trong nước và ngoài nước thì miếng thịt gà bé và ít hơn nhiều so với ở nước ngoài, cá nhân mình thì thấy ngon hơn ăn ở kfc và lotteria. một điểm cộng mình thích là không gian rất hiện đại và phương tây. khuyến khích mọi người đến đó ăn thử. quay lại không có tôi chắc chắc sẽ quay lại, thường xuyên quay lại fan cuồng gà rán đây🍗🍗🍗🍗🍗🍕🍕🍕🍕🍕",positive,"không_gian ở trong nói_chuyện thì có_thể nói là rộng_rãi sạch_sẽ nhưng nhỏ hơn ở nươcs ngoài , theo như mình so_sánh 2 bên trong nước và ngoài nước thì miếng thịt gà bé và ít hơn nhiều so với ở nước_ngoài , cá_nhân mình thì thấy ngon hơn ăn_ở kfc và lotteria . một điểm cộng mình thích là không_gian rất hiện_đại và phương tây . khuyến_khích mọi người đến đó ăn thử . quay lại không có tôi chắc chắc sẽ quay lại , thường_xuyên quay lại fan cuồng gà rán đây🍗🍗🍗🍗🍗🍕🍕🍕🍕🍕","không_gian ở trong nói_chuyện thì có_thể nói là rộng_rãi sạch_sẽ nhưng nhỏ hơn ở nươcs ngoài , theo như mình so_sánh 2 bên trong nước và ngoài nước thì miếng thịt gà bé và ít hơn nhiều so với ở nước_ngoài , cá_nhân mình thì thấy ngon hơn ăn_ở kfc và lotteria . một điểm cộng mình thích là không_gian rất hiện_đại và phương tây . khuyến_khích mọi người đến đó ăn thử . quay lại không có tôi chắc chắc sẽ quay lại , thường_xuyên quay lại fan cuồng gà rán đây:chân gia cầm::chân gia cầm::chân gia cầm::chân gia cầm::chân gia cầm::pizza::pizza::pizza::pizza::pizza:",không_gian nói_chuyện có_thể rộng_rãi sạch_sẽ nươcs so_sánh 2 miếng thịt gà bé nước_ngoài cá_nhân ngon ăn_ở kfc lotteria cộng không_gian hiện_đại phương tây khuyến_khích thử thường_xuyên fan cuồng gà rán đây:chân gia cầm::chân gia cầm::chân gia cầm::chân gia cầm::chân gia cầm::pizza::pizza::pizza::pizza::pizza:
"sau khi ăn rất nhiều thực phẩm việt nam, nó luôn luôn tốt để tự nhét mình với những chiếc mcdonalds cũ tốt hahhaha. tôi thực sự hạnh phúc khi phát hiện ra có một người mới mở tại các khu vực cũ của hà nội. yum",positive,"sau khi ăn rất nhiều thực_phẩm việt_nam , nó luôn_luôn tốt để tự nhét mình với những chiếc mcdonalds cũ tốt hahhaha . tôi thực_sự hạnh_phúc khi phát_hiện ra có một người mới mở tại các khu_vực cũ của hà_nội . yum","sau khi ăn rất nhiều thực_phẩm việt_nam , nó luôn_luôn tốt để tự nhét mình với những chiếc mcdonalds cũ tốt hahhaha . tôi thực_sự hạnh_phúc khi phát_hiện ra có một người mới mở tại các khu_vực cũ của hà_nội . yum",thực_phẩm việt_nam luôn_luôn nhét mcdonalds cũ hahhaha hạnh_phúc phát_hiện khu_vực cũ hà_nội yum
"đồ ăn ngon, phong cách làm việc hiện đai. tuy nhiên không gian hơi ồn ào",positive,"đồ_ăn ngon , phong_cách làm_việc hiện đai . tuy_nhiên không_gian hơi ồn_ào","đồ_ăn ngon , phong_cách làm_việc hiện đai . tuy_nhiên không_gian hơi ồn_ào",đồ_ăn ngon phong_cách làm_việc hiện đai tuy_nhiên không_gian hơi ồn_ào
nó không khác gì hàn quốc,neutral,nó không khác gì hàn_quốc,nó không khác gì hàn_quốc,hàn_quốc
"vì vậy, vì vậy",neutral,"vì_vậy , vì_vậy","vì_vậy , vì_vậy",vì_vậy vì_vậy
"đó là một mcdonald ... nhưng chỉ có một người ở hà nội cái này có sự lựa chọn thực sự tốt về sốt cà chua và nước sốt và nơi sạch sẽ. nó giống như một cái gì đó đặc biệt thay vì cấp thấp ở các nước phương tây. vì vậy, nếu bạn muốn có cho mình một mac lớn ...",positive,"đó là một mcdonald ... nhưng chỉ có một người ở hà_nội cái này có sự lựa_chọn thực_sự tốt về sốt cà_chua và nước sốt và nơi sạch_sẽ . nó giống như một cái gì đó đặc_biệt thay_vì cấp thấp ở các nước phương tây . vì_vậy , nếu bạn muốn có cho mình một mac lớn ...","đó là một mcdonald ... nhưng chỉ có một người ở hà_nội cái này có sự lựa_chọn thực_sự tốt về sốt cà_chua và nước sốt và nơi sạch_sẽ . nó giống như một cái gì đó đặc_biệt thay_vì cấp thấp ở các nước phương tây . vì_vậy , nếu bạn muốn có cho mình một mac lớn ...",mcdonald ... hà_nội lựa_chọn sốt cà_chua sốt sạch_sẽ đặc_biệt thay_vì phương tây vì_vậy mac ...
"nhân viên lịch sự và nói tiếng anh. toàn bộ nhà hàng sạch sẽ và gọn gàng nhưng với số lượng lớn khách hàng đến và đi, nhân viên luôn bận rộn ở đây.",positive,"nhân_viên lịch_sự và nói tiếng anh . toàn_bộ nhà_hàng sạch_sẽ và gọn_gàng nhưng với số_lượng lớn khách_hàng đến và đi , nhân_viên luôn bận_rộn ở đây .","nhân_viên lịch_sự và nói tiếng anh . toàn_bộ nhà_hàng sạch_sẽ và gọn_gàng nhưng với số_lượng lớn khách_hàng đến và đi , nhân_viên luôn bận_rộn ở đây .",nhân_viên lịch_sự tiếng toàn_bộ nhà_hàng sạch_sẽ gọn_gàng số_lượng khách_hàng nhân_viên bận_rộn
nơi cuối cùng bạn nên đến hà nội .... có rất nhiều món ăn ngon không cần mcd,negative,nơi cuối_cùng bạn nên đến hà_nội .... có rất nhiều món ăn ngon không cần mcd,nơi cuối_cùng bạn nên đến hà_nội .... có rất nhiều món ăn ngon không cần mcd,hà_nội .... món ngon mcd
ngon bá cháy không còn ji để phàn nàn hết.,positive,ngon bá cháy không còn ji để phàn_nàn hết .,ngon bá cháy không còn ji để phàn_nàn hết .,ngon bá cháy ji phàn_nàn
bất tiện chỗ để xe,positive,bất_tiện chỗ để xe,bất_tiện chỗ để xe,bất_tiện chỗ xe
ngon giá ok,positive,ngon giá ok,ngon giá ok,ngon giá ok
"lâu, đông",neutral,"lâu , đông","lâu , đông",đông
đồ ăn ok. nhưng đông nên hơi lộn xộn. khó tìm được chỗ ngồi vào ngày cuối tuần.,positive,đồ_ăn ok . nhưng đông nên hơi lộn_xộn . khó tìm được chỗ ngồi vào ngày cuối tuần .,đồ_ăn ok . nhưng đông nên hơi lộn_xộn . khó tìm được chỗ ngồi vào ngày cuối tuần .,đồ_ăn ok đông hơi lộn_xộn chỗ
"chỉ có một mcdonald ở đây ở hà nội, vì vậy nó quá ồn ào và ồn ào. xin lưu ý rằng các em bé đến và chơi.",neutral,"chỉ có một mcdonald ở đây ở hà_nội , vì_vậy nó quá ồn_ào và ồn_ào . xin lưu_ý rằng các em bé đến và chơi .","chỉ có một mcdonald ở đây ở hà_nội , vì_vậy nó quá ồn_ào và ồn_ào . xin lưu_ý rằng các em bé đến và chơi .",mcdonald hà_nội vì_vậy ồn_ào ồn_ào lưu_ý bé
"có một số nước sốt mcnuggets, vì vậy bạn có thể tự mang nó đến và ăn nó. mcdonalds, không khác gì ở đây macwing là ㅂㄹ",neutral,"có một_số nước sốt mcnuggets , vì_vậy bạn có_thể tự mang nó đến và ăn nó . mcdonalds , không khác gì ở đây macwing là ㅂㄹ","có một_số nước sốt mcnuggets , vì_vậy bạn có_thể tự mang nó đến và ăn nó . mcdonalds , không khác gì ở đây macwing là ㅂㄹ",một_số sốt mcnuggets vì_vậy có_thể mcdonalds macwing ㅂㄹ
mcdonald này có mcdonald.,positive,mcdonald này có mcdonald .,mcdonald này có mcdonald .,mcdonald mcdonald
thú vị,positive,thú_vị,thú_vị,thú_vị
thức ăn nhanh tốt,positive,thức_ăn nhanh tốt,thức_ăn nhanh tốt,thức_ăn
"không có chỗ đỗ xe, khách phải đi gửi xe chỗ khác.",positive,"không có chỗ đỗ xe , khách phải đi gửi xe chỗ khác .","không có chỗ đỗ xe , khách phải đi gửi xe chỗ khác .",chỗ đỗ xe gửi xe chỗ
"không hợp khẩu vị, đông vl",neutral,"không hợp_khẩu vị , đông vl","không hợp_khẩu vị , đông vl",hợp_khẩu vị đông vl
mcdonald duy nhất ở thành phố hà nội.,positive,mcdonald duy_nhất ở thành_phố hà_nội .,mcdonald duy_nhất ở thành_phố hà_nội .,mcdonald duy_nhất thành_phố hà_nội
nghèo và không trở lại,negative,nghèo và không trở_lại,nghèo và không trở_lại,nghèo trở_lại
"ngon, rất đông nên chờ rất lâu. nhìn hơi nản. suất ăn khá vừa miệng và giá khá ok. nhân vien cũng nhiệt tình, trẻ trung. phục vụ nhanh. cho trẻ con thì bạn có thể mua suất happy meal 60k 1 suất. trong suất thì có 1 cái burger hoặc 4 miếng gà nugget, 1 set khoai tây chiên, đồ uống tự chọn và 1 món đồ chơi. bên cạnh cũng có mc cafe nên bạn có thể order đồ uống.",positive,"ngon , rất đông nên chờ rất lâu . nhìn hơi nản . suất ăn khá vừa_miệng và giá khá ok . nhân vien cũng nhiệt_tình , trẻ_trung . phục_vụ nhanh . cho trẻ_con thì bạn có_thể mua suất happy meal 60k 1 suất . trong suất thì có 1 cái burger hoặc 4 miếng gà nugget , 1 set khoai_tây chiên , đồ uống tự chọn và 1 món đồ_chơi . bên cạnh cũng có mc cafe nên bạn có_thể order đồ uống .","ngon , rất đông nên chờ rất lâu . nhìn hơi nản . suất ăn khá vừa_miệng và giá khá ok . nhân vien cũng nhiệt_tình , trẻ_trung . phục_vụ nhanh . cho trẻ_con thì bạn có_thể mua suất happy meal 60k 1 suất . trong suất thì có 1 cái burger hoặc 4 miếng gà nugget , 1 set khoai_tây chiên , đồ uống tự chọn và 1 món đồ_chơi . bên cạnh cũng có mc cafe nên bạn có_thể order đồ uống .",ngon đông chờ hơi nản suất vừa_miệng giá ok nhân vien nhiệt_tình trẻ_trung phục_vụ trẻ_con có_thể mua suất happy meal 60k 1 suất suất 1 burger 4 miếng gà nugget 1 set khoai_tây chiên đồ uống 1 món đồ_chơi cạnh mc cafe có_thể order đồ uống
kem ngọt qá,positive,kem ngọt qá,kem ngọt qá,kem qá
tránh vào cuối tuần. mcdonaldra duy nhất của hà nội đầy đủ và tràn ngập ....,positive,tránh vào cuối tuần . mcdonaldra duy_nhất của hà_nội đầy_đủ và tràn_ngập ....,tránh vào cuối tuần . mcdonaldra duy_nhất của hà_nội đầy_đủ và tràn_ngập ....,mcdonaldra duy_nhất hà_nội đầy_đủ tràn_ngập ....
"đồ ăn ngon, phục vụ chuyên nghiệp. tuy nhiên quán hơi bé mà lúc nào cũng đông khách nên nhiều lúc chờ rất lâu.",positive,"đồ_ăn ngon , phục_vụ chuyên_nghiệp . tuy_nhiên quán hơi bé mà lúc_nào cũng đông khách nên nhiều lúc chờ rất lâu .","đồ_ăn ngon , phục_vụ chuyên_nghiệp . tuy_nhiên quán hơi bé mà lúc_nào cũng đông khách nên nhiều lúc chờ rất lâu .",đồ_ăn ngon phục_vụ chuyên_nghiệp tuy_nhiên quán hơi bé lúc_nào đông chờ
"đó là nơi rẻ nhất cho cà phê nóng châu âu không quá tệ. thực đơn là bình thường đối với mcdonald châu á. thật không may, matcha latte chứa đường và họ không thể tách nó ra. ít nhất họ vẫn có khoai tây chiên không hợp lý tốt, và thịt bò và salad. các nhân viên lịch sự, thân thiện và nói tiếng anh. nơi này sạch sẽ nhất có thể với thói quen của người việt nam để tạo ra một mớ hỗn độn, thả và để lại rất nhiều rác ở bất kỳ quán cà phê nào. các nhân viên làm sạch nơi cả ngày qua. một lần, chúng tôi đến quá muộn cho hot latte khoảng 11 giờ tối, nhân viên đã được dọn dẹp và đóng bộ phận mccafe bằng máy pha cà phê.",positive,"đó là nơi rẻ nhất cho cà_phê nóng châu_âu không quá tệ . thực_đơn là bình_thường đối_với mcdonald châu_á . thật không may , matcha latte chứa đường và họ không_thể tách nó ra . ít_nhất họ vẫn có khoai_tây chiên không hợp_lý tốt , và thịt bò và salad . các nhân_viên lịch_sự , thân_thiện và nói tiếng anh . nơi này sạch_sẽ nhất có_thể với thói_quen của người việt_nam để tạo ra một mớ hỗn_độn , thả và để lại rất nhiều rác ở bất_kỳ quán cà_phê nào . các nhân_viên làm sạch nơi cả ngày qua . một lần , chúng_tôi đến quá muộn cho hot latte khoảng 11 giờ tối , nhân_viên đã được dọn_dẹp và đóng bộ_phận mccafe bằng máy pha cà_phê .","đó là nơi rẻ nhất cho cà_phê nóng châu_âu không quá tệ . thực_đơn là bình_thường đối_với mcdonald châu_á . thật không may , matcha latte chứa đường và họ không_thể tách nó ra . ít_nhất họ vẫn có khoai_tây chiên không hợp_lý tốt , và thịt bò và salad . các nhân_viên lịch_sự , thân_thiện và nói tiếng anh . nơi này sạch_sẽ nhất có_thể với thói_quen của người việt_nam để tạo ra một mớ hỗn_độn , thả và để lại rất nhiều rác ở bất_kỳ quán cà_phê nào . các nhân_viên làm sạch nơi cả ngày qua . một lần , chúng_tôi đến quá muộn cho hot latte khoảng 11 giờ tối , nhân_viên đã được dọn_dẹp và đóng bộ_phận mccafe bằng máy pha cà_phê .",rẻ cà_phê nóng châu_âu tệ thực_đơn bình_thường đối_với mcdonald châu_á may matcha latte chứa đường không_thể tách ít_nhất khoai_tây chiên hợp_lý thịt bò salad nhân_viên lịch_sự thân_thiện tiếng sạch_sẽ có_thể thói_quen việt_nam mớ hỗn_độn thả rác bất_kỳ quán cà_phê nhân_viên sạch chúng_tôi muộn hot latte 11 tối nhân_viên dọn_dẹp đóng bộ_phận mccafe máy pha cà_phê
thức ăn khá ngon,positive,thức_ăn khá ngon,thức_ăn khá ngon,thức_ăn ngon
desgusting,negative,desgusting,desgusting,desgusting
với,positive,với,với,
đồ ngon nhưng giá so với món ăn việt nam khá cao. foods is delicious but much more expensive than vietnameses,positive,đồ ngon nhưng giá so với món ăn việt_nam khá cao . foods is delicious but much more expensive than vietnameses,đồ ngon nhưng giá so với món ăn việt_nam khá cao . foods is delicious but much more expensive than vietnameses,đồ ngon giá món việt_nam foods is delicious but much more expensive than vietnameses
cùng một người chú cũ mcdonald,positive,cùng một người chú cũ mcdonald,cùng một người chú cũ mcdonald,cũ mcdonald
không thấy sự khác biệt,neutral,không thấy sự khác_biệt,không thấy sự khác_biệt,khác_biệt
"vị trí đắc địa nên quá đông, món ăn cũng tương tự kfc, lotte",negative,"vị_trí đắc_địa nên quá đông , món ăn cũng tương_tự kfc , lotte","vị_trí đắc_địa nên quá đông , món ăn cũng tương_tự kfc , lotte",vị_trí đắc_địa đông món tương_tự kfc lotte
nghỉ ngơi từ thực phẩm việt nam,positive,nghỉ_ngơi từ thực phẩm việt_nam,nghỉ_ngơi từ thực phẩm việt_nam,nghỉ_ngơi thực phẩm việt_nam
"nhìn chung, ngoại trừ quá đông đúc và lộn xộn vào thời điểm cao điểm",positive,"nhìn_chung , ngoại_trừ quá đông_đúc và lộn_xộn vào thời_điểm cao_điểm","nhìn_chung , ngoại_trừ quá đông_đúc và lộn_xộn vào thời_điểm cao_điểm",nhìn_chung ngoại_trừ đông_đúc lộn_xộn thời_điểm cao_điểm
"đồ ăn cũng đc, không gian và người bán hàng mình không thích lắm",neutral,"đồ_ăn cũng đc , không_gian và người bán hàng mình không thích lắm","đồ_ăn cũng đc , không_gian và người bán hàng mình không thích lắm",đồ_ăn đc không_gian hàng lắm
đồ ăn không quá khác biệt so với lotteria hay kfc. giá hơi đắt và hiện rất đông khách,positive,đồ_ăn không quá khác_biệt so với lotteria hay kfc . giá hơi đắt và hiện rất đông khách,đồ_ăn không quá khác_biệt so với lotteria hay kfc . giá hơi đắt và hiện rất đông khách,đồ_ăn khác_biệt lotteria kfc giá hơi đắt hiện đông
hương vị như hàn quốc,positive,hương_vị như hàn_quốc,hương_vị như hàn_quốc,hương_vị hàn_quốc
"địa điểm mở xuyên 24h dành cho các tín đồ ăn khuya được, lâu lâu máy mua hàng hay bị lỗi thanh toán gây mất thời gian, tết ra ăn nhưng lại hết gà, cửa hàng cần xem xét lại",positive,"địa_điểm mở xuyên 24h dành cho các tín_đồ ăn khuya được , lâu_lâu máy mua hàng hay bị lỗi thanh_toán gây mất thời_gian , tết ra ăn nhưng lại hết gà , cửa_hàng cần xem_xét lại","địa_điểm mở xuyên 24h dành cho các tín_đồ ăn khuya được , lâu_lâu máy mua hàng hay bị lỗi thanh_toán gây mất thời_gian , tết ra ăn nhưng lại hết gà , cửa_hàng cần xem_xét lại",địa_điểm xuyên 24h tín_đồ khuya lâu_lâu máy mua hàng lỗi thanh_toán thời_gian tết gà cửa_hàng xem_xét
"quán rộng rãi, phục vụ tốt",positive,"quán rộng_rãi , phục_vụ tốt","quán rộng_rãi , phục_vụ tốt",quán rộng_rãi phục_vụ
"mình hay ghé ăn nhất là vào khoảng 911h tối. khá đông, có vài hôm vài chờ khách khác ăn xong thì mới có chỗ ngồi. tuy nhiên cũng có những hôm thoáng khách hơn. đồ ăn ổn, mình có đam mê với khoai xoắn nhưng chỉ bán vào dịp nhất định. có vài lúc phần khoai thường của mình bị yểu nguội, ăn hơi chán. những hôm đông khách, có lúc thùng rác bị đầy nhưng phải rất lâu mới có người dọn. toilet ở tầng trệt là một nỗi kinh hoàng 😭 nhân viên tuyệt vời, thân thiện và sẵn sàng hỗ trợ chỉ dẫn khi khách order bằng máy hay cần gì khác.",positive,"mình hay ghé ăn nhất_là vào_khoảng 911h tối . khá đông , có vài hôm vài chờ khách khác ăn xong thì mới có chỗ ngồi . tuy_nhiên cũng có những hôm thoáng khách hơn . đồ_ăn ổn , mình có đam_mê với khoai xoắn nhưng chỉ bán vào dịp nhất_định . có vài lúc phần khoai thường của mình bị yểu nguội , ăn hơi chán . những hôm đông khách , có lúc thùng rác bị đầy nhưng phải rất lâu mới có người dọn . toilet ở tầng trệt là một nỗi kinh_hoàng 😭 nhân_viên tuyệt_vời , thân_thiện và sẵn_sàng hỗ_trợ chỉ_dẫn khi khách order bằng máy hay cần gì khác .","mình hay ghé ăn nhất_là vào_khoảng 911h tối . khá đông , có vài hôm vài chờ khách khác ăn xong thì mới có chỗ ngồi . tuy_nhiên cũng có những hôm thoáng khách hơn . đồ_ăn ổn , mình có đam_mê với khoai xoắn nhưng chỉ bán vào dịp nhất_định . có vài lúc phần khoai thường của mình bị yểu nguội , ăn hơi chán . những hôm đông khách , có lúc thùng rác bị đầy nhưng phải rất lâu mới có người dọn . toilet ở tầng trệt là một nỗi kinh_hoàng :mặt khóc to: nhân_viên tuyệt_vời , thân_thiện và sẵn_sàng hỗ_trợ chỉ_dẫn khi khách order bằng máy hay cần gì khác .",ghé nhất_là vào_khoảng 911h tối đông hôm chờ xong chỗ tuy_nhiên hôm thoáng đồ_ăn ổn đam_mê khoai xoắn dịp nhất_định khoai yểu nguội hơi chán hôm đông thùng rác dọn toilet tầng nỗi kinh_hoàng :mặt khóc to: nhân_viên tuyệt_vời thân_thiện sẵn_sàng hỗ_trợ chỉ_dẫn order máy
"tết mcdonald trang trí rất đẹp, mình mua take away không phải đợi lâu dù là ngày tết. hambuger vẫn ngon không thay đổi",positive,"tết mcdonald trang_trí rất đẹp , mình mua take away không phải đợi lâu dù là ngày tết . hambuger vẫn ngon không thay_đổi","tết mcdonald trang_trí rất đẹp , mình mua take away không phải đợi lâu dù là ngày tết . hambuger vẫn ngon không thay_đổi",tết mcdonald trang_trí đẹp mua take away đợi tết hambuger ngon thay_đổi
100 ngôi sao,positive,100 ngôi_sao,100 ngôi_sao,100 ngôi_sao
tôi mua gà khung giờ khoảng gần 22h đã sắp hàng rất lâu mới đêbs lượt mình vậy mà chị bán không bán mà bán cho người đứng sau tôi với lý do người này có phiếu sẳn phía ngoài nên ưu tiên vậy tôi phải đợi đến khi nào hết ưu tiên mới bán ak vậy yêu cầu ghi bảng không bán cho những người mua không có phiếu ưu tiên để khỏi mất thời gian người mua giống như ăn xin tôi ăn gà rán đã lâu lắm mới thấy trường hợp lạ như vậy.... tôi thật sự thất vọng với gà rán nổi tiếng như thế....tôi sẽ không bao giờ ghé ăn với tâm trạng vừa bực mình vừa tốn tiền,negative,tôi mua gà khung giờ khoảng gần 22h đã sắp hàng rất lâu mới đêbs lượt mình vậy_mà chị bán không bán mà bán cho người đứng sau tôi với lý_do người này có phiếu sẳn phía ngoài nên ưu_tiên vậy tôi phải đợi đến khi nào hết ưu_tiên mới bán ak vậy yêu_cầu ghi bảng không bán cho những người mua không có phiếu ưu_tiên để khỏi mất thời_gian người mua giống như ăn_xin tôi ăn gà rán đã lâu lắm mới thấy trường_hợp lạ như_vậy .... tôi thật_sự thất_vọng với gà rán nổi_tiếng như_thế .... tôi sẽ không bao_giờ ghé ăn với tâm_trạng vừa bực_mình vừa tốn tiền,tôi mua gà khung giờ khoảng gần 22h đã sắp hàng rất lâu mới đêbs lượt mình vậy_mà chị bán không bán mà bán cho người đứng sau tôi với lý_do người này có phiếu sẳn phía ngoài nên ưu_tiên vậy tôi phải đợi đến khi nào hết ưu_tiên mới bán ak vậy yêu_cầu ghi bảng không bán cho những người mua không có phiếu ưu_tiên để khỏi mất thời_gian người mua giống như ăn_xin tôi ăn gà rán đã lâu lắm mới thấy trường_hợp lạ như_vậy .... tôi thật_sự thất_vọng với gà rán nổi_tiếng như_thế .... tôi sẽ không bao_giờ ghé ăn với tâm_trạng vừa bực_mình vừa tốn tiền,mua gà khung 22h hàng đêbs lượt vậy_mà đứng lý_do phiếu sẳn ưu_tiên đợi ưu_tiên ak yêu_cầu ghi bảng mua phiếu ưu_tiên thời_gian mua ăn_xin gà rán lắm trường_hợp lạ như_vậy .... thất_vọng gà rán nổi_tiếng như_thế .... bao_giờ ghé tâm_trạng bực_mình tốn tiền
dịch vụ tốt . bạn có thể tìm một món ăn nhanh cho bữa đêm không biết ăn gì,neutral,dịch_vụ tốt . bạn có_thể tìm một món ăn nhanh cho bữa đêm không biết ăn gì,dịch_vụ tốt . bạn có_thể tìm một món ăn nhanh cho bữa đêm không biết ăn gì,dịch_vụ có_thể món
cần nâng cấp thái độ của phục vụ và nhân viên bảo vệ giữ xe.,positive,cần nâng_cấp thái_độ của phục_vụ và nhân_viên bảo_vệ giữ xe .,cần nâng_cấp thái_độ của phục_vụ và nhân_viên bảo_vệ giữ xe .,nâng_cấp thái_độ phục_vụ nhân_viên bảo_vệ xe
"đánh giá vị trí này cho niềm vui, bãi đậu xe thoải mái, 2 giờ miễn phí, rộng rãi, nằm trên một con đường quan trọng, dễ dàng di chuyển",positive,"đánh_giá vị_trí này cho niềm vui , bãi đậu xe thoải_mái , 2 giờ miễn_phí , rộng_rãi , nằm trên một con đường_quan trọng , dễ_dàng di_chuyển","đánh_giá vị_trí này cho niềm vui , bãi đậu xe thoải_mái , 2 giờ miễn_phí , rộng_rãi , nằm trên một con đường_quan trọng , dễ_dàng di_chuyển",đánh_giá vị_trí niềm vui bãi đậu xe thoải_mái 2 miễn_phí rộng_rãi nằm đường_quan trọng dễ_dàng di_chuyển
"nhân viên thiếu linh hoạt khi tính tiền chậm chạp, giải thích trả lời vấn đề khách đại khái",negative,"nhân_viên thiếu linh_hoạt khi tính tiền chậm_chạp , giải_thích trả_lời vấn_đề khách đại_khái","nhân_viên thiếu linh_hoạt khi tính tiền chậm_chạp , giải_thích trả_lời vấn_đề khách đại_khái",nhân_viên linh_hoạt tiền chậm_chạp giải_thích trả_lời vấn_đề đại_khái
nhà vệ sinh 510,positive,nhà_vệ_sinh 510,nhà_vệ_sinh 510,nhà_vệ_sinh 510
"món ăn ok , không gian ổn",positive,"món ăn ok , không_gian ổn","món ăn ok , không_gian ổn",món ok không_gian ổn
quán book giao hàng. ship tới lấy đơn thì phải ứng tiền đồ an trc. nhưng phải là trả tiền mặt quán mới chịu ship bơ chuyển khoản thì không cho. nhân viên còn nói quán có quy định là chỉ có khách hàng mới được chuyển khoản còn shop bơ thì không được chuyển khoản.ủa có cần phân biệt đối sử vây hog.,negative,quán book giao hàng . ship tới lấy đơn thì phải ứng tiền_đồ an trc . nhưng phải là trả tiền_mặt quán mới chịu ship bơ chuyển_khoản thì không cho . nhân_viên còn nói quán có quy_định là chỉ có khách_hàng mới được chuyển_khoản còn shop bơ thì không được chuyển khoản.ủa có cần phân_biệt đối sử vây hog .,quán book giao hàng . ship tới lấy đơn thì phải ứng tiền_đồ an trc . nhưng phải là trả tiền_mặt quán mới chịu ship bơ chuyển_khoản thì không cho . nhân_viên còn nói quán có quy_định là chỉ có khách_hàng mới được chuyển_khoản còn shop bơ thì không được chuyển khoản.ủa có cần phân_biệt đối sử vây hog .,quán book giao hàng ship đơn ứng tiền_đồ an trc tiền_mặt quán ship bơ chuyển_khoản nhân_viên quán quy_định khách_hàng chuyển_khoản shop bơ khoản.ủa phân_biệt đối sử vây hog
"service cũng tốt nhưng có 1 vấn đề làm mình bực mình. order mang về của mình là như sau phần 3 miếng gà cay phần burger bò 2 lớp meal cỡ lớn oreo mcflurry gà cay giảm giá 22 tính ra tổng cộng là phải có 4 miếng gà. ban đầu đã tính ăn tại chỗ nhưng có việc gấp nên đã nhờ nhân viên gói lại dùm. nhân viên làm rất tốt phần này, nhưng khi về tới nhà thì phát hiện là chỉ có 3 miếng gà thôithiếu một miếng 😭😭k thể tha thứ được mình trả tiền cho 31 4 miếng gà cay nhưng rốt cuộc cái mình nhận là 3 miếng gà sự cay đắng vô cùng 😔",negative,"service cũng tốt nhưng có 1 vấn_đề làm mình bực_mình . order mang về của mình là như sau phần 3 miếng gà cay phần burger bò 2 lớp meal cỡ lớn oreo mcflurry gà cay giảm_giá 22 tính ra tổng_cộng là phải có 4 miếng gà . ban_đầu đã tính ăn tại_chỗ nhưng có việc gấp nên đã nhờ nhân_viên gói lại dùm . nhân_viên làm rất tốt phần này , nhưng khi về tới nhà thì phát_hiện là chỉ có 3 miếng gà thôithiếu một miếng 😭😭k thể tha_thứ được mình trả tiền cho 31 4 miếng gà cay nhưng rốt_cuộc cái mình nhận là 3 miếng gà sự cay_đắng vô_cùng 😔","service cũng tốt nhưng có 1 vấn_đề làm mình bực_mình . order mang về của mình là như sau phần 3 miếng gà cay phần burger bò 2 lớp meal cỡ lớn oreo mcflurry gà cay giảm_giá 22 tính ra tổng_cộng là phải có 4 miếng gà . ban_đầu đã tính ăn tại_chỗ nhưng có việc gấp nên đã nhờ nhân_viên gói lại dùm . nhân_viên làm rất tốt phần này , nhưng khi về tới nhà thì phát_hiện là chỉ có 3 miếng gà thôithiếu một miếng :mặt khóc to::mặt khóc to:k thể tha_thứ được mình trả tiền cho 31 4 miếng gà cay nhưng rốt_cuộc cái mình nhận là 3 miếng gà sự cay_đắng vô_cùng :khuôn mặt trầm ngâm:",service 1 vấn_đề bực_mình order 3 miếng gà cay burger bò 2 lớp meal cỡ oreo mcflurry gà cay giảm_giá 22 tổng_cộng 4 miếng gà ban_đầu tại_chỗ gấp nhân_viên gói dùm nhân_viên phát_hiện 3 miếng gà thôithiếu miếng :mặt khóc to::mặt khóc to:k thể tha_thứ tiền 31 4 miếng gà cay rốt_cuộc 3 miếng gà cay_đắng vô_cùng :khuôn mặt trầm ngâm:
"đồ ăn ngon, không gian rộng rãi thoáng mát, view nhìn ra vòng xoay đẹp. có drive thru. điểm trừ là quá đông con nít chạy tán loạn mà không có nhân viên quản lý hay là nhắc nhở để làm phiền thực khách khác",positive,"đồ_ăn ngon , không_gian rộng_rãi thoáng mát , view nhìn ra vòng xoay đẹp . có drive thru . điểm trừ là quá đông con_nít chạy tán_loạn mà không có nhân_viên quản_lý hay là nhắc_nhở để làm_phiền thực_khách khác","đồ_ăn ngon , không_gian rộng_rãi thoáng mát , view nhìn ra vòng xoay đẹp . có drive thru . điểm trừ là quá đông con_nít chạy tán_loạn mà không có nhân_viên quản_lý hay là nhắc_nhở để làm_phiền thực_khách khác",đồ_ăn ngon không_gian rộng_rãi thoáng mát view vòng xoay đẹp drive thru trừ đông con_nít chạy tán_loạn nhân_viên quản_lý nhắc_nhở làm_phiền thực_khách
247 mcdonalds. nhân viên sạch sẽ và thân thiện,positive,247 mcdonalds . nhân_viên sạch_sẽ và thân_thiện,247 mcdonalds . nhân_viên sạch_sẽ và thân_thiện,247 mcdonalds nhân_viên sạch_sẽ thân_thiện
chỗ ngoài mát mẽ rất chill đặc biệt là buổi tối muộn,neutral,chỗ ngoài mát mẽ rất chill đặc_biệt là buổi tối muộn,chỗ ngoài mát mẽ rất chill đặc_biệt là buổi tối muộn,chỗ mát mẽ chill đặc_biệt tối muộn
"đánh giá mcdonald, một chuỗi thức ăn nhanh toàn cầu mang tính biểu tượng, không cần giới thiệu. đó là một nơi mà nhiều người ghé thăm cho các bữa ăn nhanh chóng và thuận tiện. đây là đánh giá về kinh nghiệm của mcdonald, xem xét các khía cạnh khác nhau chất lượng thực phẩm mcdonalds cung cấp một thực đơn nhất quán các món ăn thức ăn nhanh như bánh mì kẹp thịt, bánh sandwich gà, khoai tây chiên và sữa lắc. mặc dù thực phẩm có thể dự đoán được và có thể thỏa mãn, nhưng nó thường thiếu chất lượng người sành ăn và độ tươi được tìm thấy trong các cơ sở ăn uống cao cấp. hương vị có thể thay đổi một chút tùy thuộc vào vị trí, nhưng nó thường tuân thủ một hương vị quen thuộc, tiêu chuẩn.",neutral,"đánh_giá mcdonald , một chuỗi thức_ăn nhanh toàn_cầu mang tính biểu_tượng , không cần giới_thiệu . đó là một nơi mà nhiều người ghé thăm cho các bữa ăn nhanh_chóng và thuận_tiện . đây là đánh_giá về kinh_nghiệm của mcdonald , xem_xét các khía_cạnh khác nhau chất_lượng thực_phẩm mcdonalds cung_cấp một thực_đơn nhất_quán các món ăn thức_ăn nhanh như bánh_mì kẹp thịt , bánh sandwich gà , khoai_tây chiên và sữa lắc . mặc_dù thực_phẩm có_thể dự_đoán được và có_thể thoả_mãn , nhưng nó thường thiếu chất_lượng người sành ăn và độ tươi được tìm thấy trong các cơ_sở ăn_uống cao_cấp . hương_vị có_thể thay_đổi một_chút tuỳ_thuộc vào vị_trí , nhưng nó thường tuân_thủ một hương_vị quen_thuộc , tiêu_chuẩn .","đánh_giá mcdonald , một chuỗi thức_ăn nhanh toàn_cầu mang tính biểu_tượng , không cần giới_thiệu . đó là một nơi mà nhiều người ghé thăm cho các bữa ăn nhanh_chóng và thuận_tiện . đây là đánh_giá về kinh_nghiệm của mcdonald , xem_xét các khía_cạnh khác nhau chất_lượng thực_phẩm mcdonalds cung_cấp một thực_đơn nhất_quán các món ăn thức_ăn nhanh như bánh_mì kẹp thịt , bánh sandwich gà , khoai_tây chiên và sữa lắc . mặc_dù thực_phẩm có_thể dự_đoán được và có_thể thoả_mãn , nhưng nó thường thiếu chất_lượng người sành ăn và độ tươi được tìm thấy trong các cơ_sở ăn_uống cao_cấp . hương_vị có_thể thay_đổi một_chút tuỳ_thuộc vào vị_trí , nhưng nó thường tuân_thủ một hương_vị quen_thuộc , tiêu_chuẩn .",đánh_giá mcdonald chuỗi thức_ăn toàn_cầu biểu_tượng giới_thiệu ghé thăm nhanh_chóng thuận_tiện đánh_giá kinh_nghiệm mcdonald xem_xét khía_cạnh chất_lượng thực_phẩm mcdonalds cung_cấp thực_đơn nhất_quán món thức_ăn bánh_mì kẹp thịt bánh sandwich gà khoai_tây chiên sữa lắc mặc_dù thực_phẩm có_thể dự_đoán có_thể thoả_mãn chất_lượng sành độ tươi cơ_sở ăn_uống cao_cấp hương_vị có_thể thay_đổi một_chút tuỳ_thuộc vị_trí tuân_thủ hương_vị quen_thuộc tiêu_chuẩn
nhanh gọn,positive,nhanh gọn,nhanh gọn,gọn
burger ngon giá hợp lý,positive,burger ngon giá hợp_lý,burger ngon giá hợp_lý,burger ngon giá hợp_lý
cái gờ này làm tôi đau chân khi va vào. nếu được nên đập bỏ nó đi.,positive,cái gờ này làm tôi đau chân khi va vào . nếu được nên đập bỏ nó đi .,cái gờ này làm tôi đau chân khi va vào . nếu được nên đập bỏ nó đi .,gờ đau chân va đập
ngon lắm,positive,ngon lắm,ngon lắm,ngon lắm
tệtài xế đến nơi cả 30p vẫn chưa làm món chả hiểu quản lý với nhân viên thế nào,negative,tệtài xế đến_nơi cả 30p vẫn chưa làm món chả hiểu quản_lý với nhân_viên thế_nào,tệtài xế đến_nơi cả 30p vẫn chưa làm món chả hiểu quản_lý với nhân_viên thế_nào,tệtài xế đến_nơi 30p món chả quản_lý nhân_viên thế_nào
"tệ hại, thanh toán đồ uống xong bắt khách đợi, quầy pha chế không có người trực, thiếu điều đi hét vào mặt mấy ông nhân viên thì mới ra pha chế, không có hẹn ở đây thì không bao giờ vào thề luôn",negative,"tệ_hại , thanh_toán đồ uống xong bắt khách đợi , quầy pha_chế không có người trực , thiếu_điều đi hét vào mặt mấy ông nhân_viên thì mới ra pha_chế , không có hẹn ở đây thì không bao_giờ vào thề luôn","tệ_hại , thanh_toán đồ uống xong bắt khách đợi , quầy pha_chế không có người trực , thiếu_điều đi hét vào mặt mấy ông nhân_viên thì mới ra pha_chế , không có hẹn ở đây thì không bao_giờ vào thề luôn",tệ_hại thanh_toán đồ uống xong bắt đợi quầy pha_chế trực thiếu_điều hét mặt mấy nhân_viên pha_chế hẹn bao_giờ thề
không có vòi xịt đít nguyên cả quán bự chà bá mà có mỗi toilet không đầu tư vòi xịt đít quá tệ,negative,không có vòi xịt đít nguyên cả quán bự chà bá mà có mỗi toilet không đầu_tư vòi xịt đít quá tệ,không có vòi xịt đít nguyên cả quán bự chà bá mà có mỗi toilet không đầu_tư vòi xịt đít quá tệ,vòi xịt đít nguyên quán bự chà bá toilet đầu_tư vòi xịt đít tệ
"tài xế rất đông mà phong cách phục vụ rất nhanh, chuyên nghiệp, đề xuất có cái loa nhỏ để nhân viên gọi cho đỡ mệt loa mà mấy cô chú bán rau, bán xe kéo hay mua để rao ý",positive,"tài_xế rất đông mà phong_cách phục_vụ rất nhanh , chuyên_nghiệp , đề_xuất có cái loa nhỏ để nhân_viên gọi cho đỡ mệt loa mà mấy cô_chú bán rau , bán xe_kéo hay mua để rao ý","tài_xế rất đông mà phong_cách phục_vụ rất nhanh , chuyên_nghiệp , đề_xuất có cái loa nhỏ để nhân_viên gọi cho đỡ mệt loa mà mấy cô_chú bán rau , bán xe_kéo hay mua để rao ý",tài_xế đông phong_cách phục_vụ chuyên_nghiệp đề_xuất loa nhân_viên gọi đỡ mệt loa mấy cô_chú rau xe_kéo mua rao
hệ thống làm đơn ma phân biệt các ap .đơn nổ tới mà không bấm đơn cho tài xế .lại lần nào cũng như lần đó .đơn thì làm khá lâu,negative,hệ_thống làm đơn ma phân_biệt các ap . đơn nổ tới mà không bấm đơn cho tài_xế . lại lần nào cũng như lần đó . đơn thì làm khá lâu,hệ_thống làm đơn ma phân_biệt các ap . đơn nổ tới mà không bấm đơn cho tài_xế . lại lần nào cũng như lần đó . đơn thì làm khá lâu,hệ_thống đơn ma phân_biệt ap đơn nổ bấm đơn tài_xế đơn
vị trí tuyệt vời của nhà hàng lớn thức ăn nóng và tươi,positive,vị_trí tuyệt_vời của nhà_hàng lớn thức_ăn nóng và tươi,vị_trí tuyệt_vời của nhà_hàng lớn thức_ăn nóng và tươi,vị_trí tuyệt_vời nhà_hàng thức_ăn nóng tươi
"gà tươi, gia vị đều, sốt chấm hợp vị. tuy nhiên, khay đựng sốt chấm khá bé và làm bằng giấy nên khá bất tiện trong khi ăn. không gian rộng, nhiều khu vực cho nhiều đối tượng. nhân viên dọn bàn hơi chậm nên việc chọn chỗ cũng bị động.",positive,"gà tươi , gia_vị đều , sốt chấm hợp vị . tuy_nhiên , khay đựng sốt chấm khá bé và làm bằng giấy nên khá bất_tiện trong khi ăn . không_gian rộng , nhiều khu_vực cho nhiều đối_tượng . nhân_viên dọn bàn hơi chậm nên việc chọn chỗ cũng bị_động .","gà tươi , gia_vị đều , sốt chấm hợp vị . tuy_nhiên , khay đựng sốt chấm khá bé và làm bằng giấy nên khá bất_tiện trong khi ăn . không_gian rộng , nhiều khu_vực cho nhiều đối_tượng . nhân_viên dọn bàn hơi chậm nên việc chọn chỗ cũng bị_động .",gà tươi gia_vị sốt chấm hợp vị tuy_nhiên khay đựng sốt chấm bé giấy bất_tiện không_gian rộng khu_vực đối_tượng nhân_viên dọn bàn hơi chậm chỗ bị_động
"mac lớn nhất tôi đã ăn ở việt nam. kích thước của thịt tươi của cà chua và salad và nước sốt hoàn hảo. kem ý quá tốt. niềm vui, nó đáng giá trong chuyến đi 👍",positive,"mac lớn nhất tôi đã ăn_ở việt_nam . kích_thước của thịt tươi của cà_chua và salad và nước sốt hoàn_hảo . kem ý quá tốt . niềm vui , nó đáng_giá trong chuyến đi 👍","mac lớn nhất tôi đã ăn_ở việt_nam . kích_thước của thịt tươi của cà_chua và salad và nước sốt hoàn_hảo . kem ý quá tốt . niềm vui , nó đáng_giá trong chuyến đi :thích:",mac ăn_ở việt_nam kích_thước thịt tươi cà_chua salad sốt hoàn_hảo kem niềm vui đáng_giá chuyến :thích:
đồ ăn khá ổn. nhưng chất lượng phục vụ rất tệ. tệ từ quản lý đến phục vụ.,negative,đồ_ăn khá ổn . nhưng chất_lượng phục_vụ rất tệ . tệ từ quản_lý đến phục_vụ .,đồ_ăn khá ổn . nhưng chất_lượng phục_vụ rất tệ . tệ từ quản_lý đến phục_vụ .,đồ_ăn ổn chất_lượng phục_vụ tệ tệ quản_lý phục_vụ
đi toilet vô cái toilet gọi là kinh tởm chứ không phải kinh khủng nữa. nó dơ nó khaii ra tới khu vực ngồi ăn gần đó. rửa tay trong toilet của cửa hàng lớn mà tưởng đi nvs bỏ hoang. doanh thu biết bao nhiêu mà không thuê nổi 1 lao công. nửa năm nay lần nào đến mà quên mang giấy ướt là y như rằng,negative,đi toilet vô cái toilet gọi là kinh_tởm chứ không phải kinh_khủng nữa . nó dơ nó khaii ra tới khu_vực ngồi ăn gần đó . rửa tay_trong toilet của cửa_hàng lớn mà tưởng đi nvs bỏ_hoang . doanh_thu biết_bao_nhiêu mà không thuê nổi 1 lao_công . nửa năm nay lần nào đến mà quên mang giấy ướt là y_như_rằng,đi toilet vô cái toilet gọi là kinh_tởm chứ không phải kinh_khủng nữa . nó dơ nó khaii ra tới khu_vực ngồi ăn gần đó . rửa tay_trong toilet của cửa_hàng lớn mà tưởng đi nvs bỏ_hoang . doanh_thu biết_bao_nhiêu mà không thuê nổi 1 lao_công . nửa năm nay lần nào đến mà quên mang giấy ướt là y_như_rằng,toilet vô toilet gọi kinh_tởm kinh_khủng dơ khaii khu_vực rửa tay_trong toilet cửa_hàng tưởng nvs bỏ_hoang doanh_thu biết_bao_nhiêu thuê nổi 1 lao_công nửa quên giấy ướt y_như_rằng
thái độ phục vụ kém,negative,thái_độ phục_vụ kém,thái_độ phục_vụ kém,thái_độ phục_vụ kém
cũng được,positive,cũng được,cũng được,
xuất sắc.,positive,xuất_sắc .,xuất_sắc .,xuất_sắc
"nhìn chung thì như mấy chuỗi thức ăn nhanh khác, vị trí đẹp, tiện ghé mua. có thể đi với cả đám bạn đến đây ăn sáng, trưa và cả buổi tối. không gian ở đây rộng nên thoải mái. bên hông còn có mấy cái bàn, nếu các bạn muốn ăn ở ngoài thì có thể mang ra ăn luôn. do ngay vòng xoay nên mọi người se ngje tiếng xe chạy, bóp còi, nói chung là hơi ồn ào. chổ này ăn xong đi ra quận nhất chơi cũng tiện vì cách phố đi bộ 1.5km thôi.",positive,"nhìn_chung thì như mấy chuỗi thức_ăn nhanh khác , vị_trí đẹp , tiện ghé mua . có_thể đi với cả đám bạn đến đây ăn sáng , trưa và cả buổi tối . không_gian ở đây rộng nên thoải_mái . bên hông còn có mấy cái bàn , nếu các bạn muốn ăn_ở ngoài thì có_thể mang ra ăn luôn . do ngay vòng xoay nên mọi người se ngje tiếng xe chạy , bóp còi , nói_chung là_hơi ồn_ào . chổ này ăn xong đi ra quận nhất chơi cũng tiện vì cách phố đi bộ 1.5 km thôi .","nhìn_chung thì như mấy chuỗi thức_ăn nhanh khác , vị_trí đẹp , tiện ghé mua . có_thể đi với cả đám bạn đến đây ăn sáng , trưa và cả buổi tối . không_gian ở đây rộng nên thoải_mái . bên hông còn có mấy cái bàn , nếu các bạn muốn ăn_ở ngoài thì có_thể mang ra ăn luôn . do ngay vòng xoay nên mọi người se ngje tiếng xe chạy , bóp còi , nói_chung là_hơi ồn_ào . chổ này ăn xong đi ra quận nhất chơi cũng tiện vì cách phố đi bộ 1.5 km thôi .",nhìn_chung mấy chuỗi thức_ăn vị_trí đẹp tiện ghé mua có_thể đám trưa tối không_gian rộng thoải_mái hông mấy bàn ăn_ở có_thể vòng xoay se ngje tiếng xe chạy bóp còi nói_chung là_hơi ồn_ào chổ xong tiện phố 1.5 km
"nhân viên ở đây mình thấy siêu nhiệt tình, dễ thương và thân thiện. quán rất đông nhưng take care khách rất chu đáo 10 điểm nhé.",positive,"nhân_viên ở đây mình thấy siêu nhiệt_tình , dễ_thương và thân_thiện . quán rất đông nhưng take care khách rất chu_đáo 10 điểm nhé .","nhân_viên ở đây mình thấy siêu nhiệt_tình , dễ_thương và thân_thiện . quán rất đông nhưng take care khách rất chu_đáo 10 điểm nhé .",nhân_viên siêu nhiệt_tình dễ_thương thân_thiện quán đông take care chu_đáo 10
"mở cửa 2424 , nhiều anh em phượt thủ hay tập trung ở đây vì có bán đồ ăn sáng , và bãi xe rộng",positive,"mở_cửa 2424 , nhiều anh_em phượt thủ hay tập_trung ở đây vì có bán đồ_ăn sáng , và bãi xe rộng","mở_cửa 2424 , nhiều anh_em phượt thủ hay tập_trung ở đây vì có bán đồ_ăn sáng , và bãi xe rộng",mở_cửa 2424 anh_em phượt thủ tập_trung đồ_ăn bãi xe rộng
ok đông khách,positive,ok đông khách,ok đông khách,ok đông
"quán đẹp, đồ uống ngon, giá trung bình, bãi xe rộng, giữ xe miễn phí",positive,"quán đẹp , đồ uống ngon , giá trung_bình , bãi xe rộng , giữ xe miễn_phí","quán đẹp , đồ uống ngon , giá trung_bình , bãi xe rộng , giữ xe miễn_phí",quán đẹp đồ uống ngon giá trung_bình bãi xe rộng xe miễn_phí
"đầu tuần mà siêu đông nha, tuy đông nhưng lên món nhanh. đồ ăn nóng hổi, mình thích gà rán của mcdonal vì khá là mọng nước. ăn xong nhớ giữ lại bill để được gửi xe miễn phí nhé.",positive,"đầu tuần mà siêu đông nha , tuy đông nhưng lên món nhanh . đồ_ăn nóng_hổi , mình thích gà rán của mcdonal vì khá là mọng nước . ăn xong nhớ giữ lại bill để được gửi xe miễn_phí nhé .","đầu tuần mà siêu đông nha , tuy đông nhưng lên món nhanh . đồ_ăn nóng_hổi , mình thích gà rán của mcdonal vì khá là mọng nước . ăn xong nhớ giữ lại bill để được gửi xe miễn_phí nhé .",siêu đông nha đông món đồ_ăn nóng_hổi gà rán mcdonal mọng xong bill gửi xe miễn_phí
khoai tây chiên chưa được ok lắm,positive,khoai_tây chiên chưa được ok lắm,khoai_tây chiên chưa được ok lắm,khoai_tây chiên ok lắm
ngon ạ,positive,ngon ạ,ngon ạ,ngon
"phải nói gà mc donal mãi đỉnh , phục vụ không gian quá ok ,",positive,"phải nói gà mc donal mãi đỉnh , phục_vụ không_gian quá ok ,","phải nói gà mc donal mãi đỉnh , phục_vụ không_gian quá ok ,",gà mc donal mãi đỉnh phục_vụ không_gian ok
mcdonalds vị trí đẹp của sg nơi hội tụ của các team đi phượt,positive,mcdonalds vị_trí đẹp của sg nơi hội_tụ của các team đi phượt,mcdonalds vị_trí đẹp của sg nơi hội_tụ của các team đi phượt,mcdonalds vị_trí đẹp sg hội_tụ team phượt
đèn sáng xuyên đêm nên là địa điểm pickup lý tưởng cho những chuyến công tác sớm,positive,đèn sáng xuyên đêm nên là địa_điểm pickup lý_tưởng cho những chuyến công_tác sớm,đèn sáng xuyên đêm nên là địa_điểm pickup lý_tưởng cho những chuyến công_tác sớm,đèn xuyên địa_điểm pickup lý_tưởng chuyến công_tác
bãi đỗ xe nhỏ bảo vệ ngồi hút thuốc không hướng dẫn khách chỗ đậu xe,neutral,bãi đỗ xe nhỏ bảo_vệ ngồi hút thuốc không hướng_dẫn khách chỗ đậu xe,bãi đỗ xe nhỏ bảo_vệ ngồi hút thuốc không hướng_dẫn khách chỗ đậu xe,bãi đỗ xe bảo_vệ hút thuốc hướng_dẫn chỗ đậu xe
mở thâu đêm. rộng rãi. điểm tập trung mọi người đi moto,positive,mở thâu đêm . rộng_rãi . điểm tập_trung mọi người đi moto,mở thâu đêm . rộng_rãi . điểm tập_trung mọi người đi moto,thâu rộng_rãi tập_trung moto
"gà ngon thấm vị , giòn , thịt không khô mình ăn món khoai tây chiên thì không giòn, nên không ưng ý lắm",positive,"gà ngon thấm vị , giòn , thịt không khô mình ăn món khoai_tây chiên thì không giòn , nên không ưng_ý lắm","gà ngon thấm vị , giòn , thịt không khô mình ăn món khoai_tây chiên thì không giòn , nên không ưng_ý lắm",gà ngon thấm vị giòn thịt khô món khoai_tây chiên giòn ưng_ý lắm
quá làm món ăn ngon,positive,quá làm món ăn ngon,quá làm món ăn ngon,món ngon
"tối không mở tầng trên nên không gian sẽ trật. phục vụ nhanh, thái độ nhân viên vui vẻ.",positive,"tối không mở tầng trên nên không_gian sẽ trật . phục_vụ nhanh , thái_độ nhân_viên vui_vẻ .","tối không mở tầng trên nên không_gian sẽ trật . phục_vụ nhanh , thái_độ nhân_viên vui_vẻ .",tối tầng không_gian trật phục_vụ thái_độ nhân_viên vui_vẻ
"tôi tự hỏi tại sao họ lại cho phép ném những bữa tiệc trẻ em cực kỳ ồn ào ngay giữa hàng trăm người vừa đến ăn nhẹ các bức tường trong phòng sinh nhật phải cách âm và mức độ nhiễu phải được kiểm duyệt bởi các quy tắc của cafe tôi đến để ăn nhanh, và tôi chỉ ở lại vì tôi đã chạy muộn, nếu tôi có thời gian tôi sẽ rời đi ngay lập tức đó là siêu lớn và không thoải mái. bạn có quyền điều chỉnh nó, don lồng thoát khỏi các khách hàng khác bằng cách để trẻ em làm những gì chúng muốn. đặc biệt là xem xét vị trí của bạn, vì vậy nhiều người nước ngoài sẽ rời đi sau khi nghe tiếng ồn đó và sẽ chọn bất kỳ nơi yên tĩnh nào khác.",negative,"tôi tự hỏi tại_sao họ lại cho_phép ném những bữa tiệc trẻ_em cực_kỳ ồn_ào ngay giữa hàng trăm người vừa đến ăn nhẹ các bức tường trong phòng sinh_nhật phải cách_âm và mức_độ nhiễu phải được kiểm_duyệt bởi các quy_tắc của cafe tôi đến để ăn nhanh , và tôi chỉ ở lại vì tôi đã chạy muộn , nếu tôi có thời_gian tôi sẽ rời đi ngay_lập_tức đó là siêu lớn và không thoải_mái . bạn có quyền điều_chỉnh nó , don lồng thoát khỏi các khách_hàng khác bằng cách để trẻ_em làm những gì chúng muốn . đặc_biệt là xem_xét vị_trí của bạn , vì_vậy nhiều người nước_ngoài sẽ rời đi sau khi nghe tiếng ồn đó và sẽ chọn bất_kỳ nơi yên_tĩnh nào khác .","tôi tự hỏi tại_sao họ lại cho_phép ném những bữa tiệc trẻ_em cực_kỳ ồn_ào ngay giữa hàng trăm người vừa đến ăn nhẹ các bức tường trong phòng sinh_nhật phải cách_âm và mức_độ nhiễu phải được kiểm_duyệt bởi các quy_tắc của cafe tôi đến để ăn nhanh , và tôi chỉ ở lại vì tôi đã chạy muộn , nếu tôi có thời_gian tôi sẽ rời đi ngay_lập_tức đó là siêu lớn và không thoải_mái . bạn có quyền điều_chỉnh nó , don lồng thoát khỏi các khách_hàng khác bằng cách để trẻ_em làm những gì chúng muốn . đặc_biệt là xem_xét vị_trí của bạn , vì_vậy nhiều người nước_ngoài sẽ rời đi sau khi nghe tiếng ồn đó và sẽ chọn bất_kỳ nơi yên_tĩnh nào khác .",tại_sao cho_phép ném tiệc trẻ_em cực_kỳ ồn_ào hàng trăm nhẹ tường phòng sinh_nhật cách_âm mức_độ nhiễu kiểm_duyệt quy_tắc cafe chạy muộn thời_gian rời ngay_lập_tức siêu thoải_mái quyền điều_chỉnh don lồng thoát khách_hàng trẻ_em đặc_biệt xem_xét vị_trí vì_vậy nước_ngoài rời tiếng ồn bất_kỳ yên_tĩnh
"chỉ ở việt nam, họ mới có thể làm thức ăn nhanh, điều này thậm chí còn không bận rộn và tôi đang đợi 20 phút cho một món phô mai",negative,"chỉ ở việt_nam , họ mới có_thể làm thức_ăn nhanh , điều này thậm_chí còn không bận_rộn và tôi đang đợi 20 phút cho một món phô_mai","chỉ ở việt_nam , họ mới có_thể làm thức_ăn nhanh , điều này thậm_chí còn không bận_rộn và tôi đang đợi 20 phút cho một món phô_mai",việt_nam có_thể thức_ăn thậm_chí bận_rộn đợi 20 phút món phô_mai
"1 nơi lý tưởng cho cả gia đình đi ăn ngoài. chỉ tiếc là nhà vệ sinh nên làm thành 2 cái nam nữ riêng, chứ không nên để dùng chung.",positive,"1 nơi lý_tưởng cho cả gia_đình đi ăn ngoài . chỉ tiếc là nhà_vệ_sinh nên làm thành 2 cái nam_nữ riêng , chứ không nên để dùng chung .","1 nơi lý_tưởng cho cả gia_đình đi ăn ngoài . chỉ tiếc là nhà_vệ_sinh nên làm thành 2 cái nam_nữ riêng , chứ không nên để dùng chung .",1 lý_tưởng gia_đình tiếc nhà_vệ_sinh thành 2 nam_nữ
"chi nhánh này service tốt, nhân viên thân thiện và đồ ăn phục vụ nhanh ngon. mình ra khách ruột ở chi nhánh này vì nó rộng rãi và gần nhà. không gian trong và ngoài đều rộng. highly recommend",positive,"chi_nhánh này service tốt , nhân_viên thân_thiện và đồ_ăn phục_vụ nhanh ngon . mình ra khách ruột ở chi_nhánh này vì nó rộng_rãi và gần nhà . không_gian trong và ngoài đều rộng . highly recommend","chi_nhánh này service tốt , nhân_viên thân_thiện và đồ_ăn phục_vụ nhanh ngon . mình ra khách ruột ở chi_nhánh này vì nó rộng_rãi và gần nhà . không_gian trong và ngoài đều rộng . highly recommend",chi_nhánh service nhân_viên thân_thiện đồ_ăn phục_vụ ngon ruột chi_nhánh rộng_rãi không_gian rộng highly recommend
điểm đến quen thuộc.,positive,điểm đến quen_thuộc .,điểm đến quen_thuộc .,quen_thuộc
mọi thứ đạt yêu cầu người dùng không cần suy nghĩ lựa chọn,positive,mọi thứ đạt yêu_cầu người dùng không cần suy_nghĩ lựa_chọn,mọi thứ đạt yêu_cầu người dùng không cần suy_nghĩ lựa_chọn,yêu_cầu suy_nghĩ lựa_chọn
"ch đầu tiên ở vn, đến nay vẫn đông. mình hay ghé ăn muffin và hashbrown. có thể tự thanh toán qua màn hình nên mình thích.",positive,"ch đầu_tiên ở vn , đến nay vẫn đông . mình hay ghé ăn muffin và hashbrown . có_thể tự thanh_toán qua màn_hình nên mình thích .","ch đầu_tiên ở vn , đến nay vẫn đông . mình hay ghé ăn muffin và hashbrown . có_thể tự thanh_toán qua màn_hình nên mình thích .",ch đầu_tiên vn đông ghé muffin hashbrown có_thể thanh_toán màn_hình
"quán mát mẻ rộng rãi, trưa ngày t6 vắng khách. ngồi 5p có 3 người bán hàng dong đến bán chả mực, vé số. bánh canh càng cúm có 1 cái càng bẻ sẵn 2 3 viên chả, 1 miếng đậu hũ. chất thịt cúm khô, came giác không tươi. nước lèo bánh canh như nói chuyện lèo bún mắm cảm quan cá nhân mình thấy không ngon.",neutral,"quán mát_mẻ rộng_rãi , trưa ngày t6 vắng khách . ngồi 5p có 3 người bán hàng dong đến bán chả mực , vé_số . bánh_canh càng cúm có 1 cái càng bẻ sẵn 2 3 viên chả , 1 miếng đậu_hũ . chất thịt cúm khô , came giác không tươi . nước_lèo bánh_canh như nói_chuyện lèo bún mắm cảm_quan cá_nhân mình thấy không ngon .","quán mát_mẻ rộng_rãi , trưa ngày t6 vắng khách . ngồi 5p có 3 người bán hàng dong đến bán chả mực , vé_số . bánh_canh càng cúm có 1 cái càng bẻ sẵn 2 3 viên chả , 1 miếng đậu_hũ . chất thịt cúm khô , came giác không tươi . nước_lèo bánh_canh như nói_chuyện lèo bún mắm cảm_quan cá_nhân mình thấy không ngon .",quán mát_mẻ rộng_rãi trưa t6 vắng 5p 3 hàng dong chả mực vé_số bánh_canh cúm 1 bẻ sẵn 2 3 viên chả 1 miếng đậu_hũ chất thịt cúm khô came giác tươi nước_lèo bánh_canh nói_chuyện lèo bún mắm cảm_quan cá_nhân ngon
"bán hàng chuẩn quốc tế, ăn bằng tay nhưng lại không có chỗ rửa tay tiện lợi. toàn phải leen lầu, hoặc đi xa, chỗ thì rửa xong lại phải kéo cửa nặng bước ra với lại bước vào nhà vệ sinh hôi cũng tuột mood. không hiểu tại sao.",neutral,"bán hàng chuẩn quốc_tế , ăn bằng tay nhưng lại không có chỗ rửa tay tiện_lợi . toàn phải leen lầu , hoặc đi xa , chỗ thì rửa xong lại phải kéo cửa nặng bước ra với_lại bước vào nhà_vệ_sinh hôi cũng tuột mood . không hiểu tại_sao .","bán hàng chuẩn quốc_tế , ăn bằng tay nhưng lại không có chỗ rửa tay tiện_lợi . toàn phải leen lầu , hoặc đi xa , chỗ thì rửa xong lại phải kéo cửa nặng bước ra với_lại bước vào nhà_vệ_sinh hôi cũng tuột mood . không hiểu tại_sao .",hàng chuẩn quốc_tế chỗ rửa tiện_lợi toàn leen lầu chỗ rửa xong kéo cửa với_lại nhà_vệ_sinh hôi tuột mood tại_sao
ăn đao bụng 10 lần như 1. mà thèm nên vẫn ráng ăn,neutral,ăn đao bụng 10 lần như 1 . mà thèm nên vẫn ráng ăn,ăn đao bụng 10 lần như 1 . mà thèm nên vẫn ráng ăn,đao bụng 10 1 thèm ráng
công việc tốt tuyệt vời em 3,positive,công_việc tốt tuyệt_vời em 3,công_việc tốt tuyệt_vời em 3,công_việc tuyệt_vời 3
"thức ăn ngon, không gian thoáng mát, phục vụ ok. riêng toilet là hơi bất tiện và cần sạch sẽ hơn",positive,"thức_ăn ngon , không_gian thoáng mát , phục_vụ ok . riêng toilet là_hơi bất_tiện và cần sạch_sẽ hơn","thức_ăn ngon , không_gian thoáng mát , phục_vụ ok . riêng toilet là_hơi bất_tiện và cần sạch_sẽ hơn",thức_ăn ngon không_gian thoáng mát phục_vụ ok toilet là_hơi bất_tiện sạch_sẽ
"mcdonald điển hình nhưng ít cung cấp hơn bình thường ở các quốc gia khác, chỉ có 23 loại bánh mì kẹp thịt",positive,"mcdonald điển_hình nhưng ít cung_cấp hơn bình_thường ở các quốc_gia khác , chỉ có 23 loại bánh_mì kẹp thịt","mcdonald điển_hình nhưng ít cung_cấp hơn bình_thường ở các quốc_gia khác , chỉ có 23 loại bánh_mì kẹp thịt",mcdonald điển_hình cung_cấp bình_thường quốc_gia 23 bánh_mì kẹp thịt
"đồ ăn ngon, decor quán đẹp, vị trí đẹp, chill cực, rộng rãi, có bãi giữ xe, nhân viên nhiệt tình. ăn xong nhớ đem bill theo nếu không thì phải trả tiền giữ xe",positive,"đồ_ăn ngon , decor quán đẹp , vị_trí đẹp , chill cực , rộng_rãi , có bãi giữ xe , nhân_viên nhiệt_tình . ăn xong nhớ đem bill theo nếu không thì phải trả tiền giữ xe","đồ_ăn ngon , decor quán đẹp , vị_trí đẹp , chill cực , rộng_rãi , có bãi giữ xe , nhân_viên nhiệt_tình . ăn xong nhớ đem bill theo nếu không thì phải trả tiền giữ xe",đồ_ăn ngon decor quán đẹp vị_trí đẹp chill cực rộng_rãi bãi xe nhân_viên nhiệt_tình xong đem bill tiền xe
tự động đặt hàng và thanh toán thuận lợi,positive,tự_động đặt_hàng và thanh_toán thuận_lợi,tự_động đặt_hàng và thanh_toán thuận_lợi,tự_động đặt_hàng thanh_toán thuận_lợi
chất lượng vẫn như xưa,positive,chất_lượng vẫn như xưa,chất_lượng vẫn như xưa,chất_lượng xưa
"đồ ăn ngon, dịch vụ khá chu đáu.",positive,"đồ_ăn ngon , dịch_vụ khá chu đáu .","đồ_ăn ngon , dịch_vụ khá chu đáu .",đồ_ăn ngon dịch_vụ chu đáu
"combo đáng sử dụng nhất của mc donal là combo 29k, mc donal là 1 địa chỉ cực kì hợp lý để họp hành, ăn sáng, gặp mặt bạn bè và gia đình, nếu bạn thường xuyên đi ăn mc donal, hãy chắc chắn rằng mình đã cài ứng dụng cùa họ để nhận được nhiều ưu đãi nhất kèm theo biết được mọi thông tin từ họ, mặc dù giá cả lạm phát đang tăng rất cao nhưng họ vẫn giữ nguyên giá. đặc biệt cafe ở đây rất ngon ngoài các loại cơm và bánh miễn bàn",positive,"combo đáng sử_dụng nhất của mc donal là combo 29k , mc donal là 1 địa_chỉ cực_kì hợp_lý để họp_hành , ăn sáng , gặp_mặt bạn_bè và gia_đình , nếu bạn thường_xuyên đi ăn mc donal , hãy chắc_chắn rằng mình đã cài ứng_dụng cùa họ để nhận được nhiều ưu_đãi nhất kèm theo biết được mọi thông_tin từ họ , mặc_dù giá_cả lạm_phát đang tăng rất cao nhưng họ vẫn giữ nguyên giá . đặc_biệt cafe ở đây rất ngon ngoài các loại cơm và bánh miễn bàn","combo đáng sử_dụng nhất của mc donal là combo 29k , mc donal là 1 địa_chỉ cực_kì hợp_lý để họp_hành , ăn sáng , gặp_mặt bạn_bè và gia_đình , nếu bạn thường_xuyên đi ăn mc donal , hãy chắc_chắn rằng mình đã cài ứng_dụng cùa họ để nhận được nhiều ưu_đãi nhất kèm theo biết được mọi thông_tin từ họ , mặc_dù giá_cả lạm_phát đang tăng rất cao nhưng họ vẫn giữ nguyên giá . đặc_biệt cafe ở đây rất ngon ngoài các loại cơm và bánh miễn bàn",combo sử_dụng mc donal combo 29k mc donal 1 địa_chỉ cực_kì hợp_lý họp_hành gặp_mặt bạn_bè gia_đình thường_xuyên mc donal chắc_chắn cài ứng_dụng cùa ưu_đãi kèm thông_tin mặc_dù giá_cả lạm_phát nguyên giá đặc_biệt cafe ngon cơm bánh miễn bàn
thức ăn ngon với giá tốt cho người nước ngoài,positive,thức_ăn ngon với giá tốt cho người nước_ngoài,thức_ăn ngon với giá tốt cho người nước_ngoài,thức_ăn ngon giá nước_ngoài
"đồ ăn bình thường, giá hơi đắt nhưng khăn giấy, đồ đựng sốt phát quá tiết kiệm.",neutral,"đồ_ăn bình_thường , giá hơi đắt nhưng khăn giấy , đồ đựng sốt phát quá tiết_kiệm .","đồ_ăn bình_thường , giá hơi đắt nhưng khăn giấy , đồ đựng sốt phát quá tiết_kiệm .",đồ_ăn bình_thường giá hơi đắt khăn giấy đồ đựng sốt phát tiết_kiệm
tuyệt,positive,tuyệt,tuyệt,tuyệt
"bãi đậu xe rộng, thoáng. nhân viên vui vẻ, nhanh nhẹn",positive,"bãi đậu xe rộng , thoáng . nhân_viên vui_vẻ , nhanh_nhẹn","bãi đậu xe rộng , thoáng . nhân_viên vui_vẻ , nhanh_nhẹn",bãi đậu xe rộng thoáng nhân_viên vui_vẻ nhanh_nhẹn
"sơ lược burger bò ngon thịt gà trong gà rán ngon da phủ ngon nhưng tùy hôm kem ngon nhiều loại đồ chấm, đặc biệt mayonnaise free refill khoai ngon mà tùy hôm mình ăn ở đây rất nhiều lần tổng quan thì burger lúc nào cũng ngon như nhau, gà với khoai thì hôm nào đông đúc khách thì khoai nóng, gà nóng ăn bao đã, đặc biệt mấy ngày trời mưa. riêng mấy ngày mà bình thường không đông đúc như ngày trong tuần hoặc ngày không có nhiều khuyến mãi, hoặc đơn giản là không có mấy bé tổ chức sinh nhật thì thấy khoai với gà sẽ dễ bị nguội và không giòn hoặc bị lại dầu. riêng về phần giá thì mình thấy ở đây rẻ, thêm app tích điểm và khuyến mãi theo khung giờ ví dụ menu 39k hoặc là chicken day mua 1 tặng 1 thì so mới mấy thương hiệu khác lại rẻ hơn không chừng. cứ nghe người ta đồn nhau là mắc các kiểu nhưng không, mình thấy vừa rẻ, vừa hiện đại, không gian lại rộng rãi thoáng mát có cả máy lạnh và khu vực ngoài trời xứng đáng để chi tiền luôn á. có phòng tổ chức sinh nhật cho con nít, có cả khu cầu trượt và đèn tương tác trên bàn,... nhà về sinh còn có chỗ để giữ bé cho mấy mẹ bỉm nữa, 10 điểm. nói chung là so với những chỗ khác tương đương không phải thương hiệu mỹ thì ở đây ok hết tất cả, đặc biệt ở khoảng sốt chấm là ăn đứt",positive,"sơ_lược burger bò ngon thịt gà trong gà rán ngon da phủ ngon nhưng tuỳ hôm kem ngon nhiều loại đồ chấm , đặc_biệt mayonnaise free refill khoai ngon mà tuỳ hôm mình ăn_ở đây rất nhiều lần tổng_quan thì burger lúc_nào cũng ngon như nhau , gà với khoai thì hôm nào đông_đúc khách thì khoai nóng , gà nóng_ăn bao đã , đặc_biệt mấy ngày trời mưa . riêng mấy ngày mà bình_thường không đông_đúc như ngày trong tuần hoặc ngày không có nhiều khuyến_mãi , hoặc đơn_giản là không có mấy bé tổ_chức sinh_nhật thì thấy khoai với gà sẽ dễ bị nguội và không giòn hoặc bị lại dầu . riêng về phần giá thì mình thấy ở đây rẻ , thêm app tích điểm và khuyến_mãi theo khung giờ ví_dụ menu 39k hoặc là chicken day mua 1 tặng 1 thì so mới mấy thương_hiệu khác lại rẻ hơn không_chừng . cứ nghe người ta đồn nhau là mắc các kiểu nhưng không , mình thấy vừa rẻ , vừa hiện_đại , không_gian lại rộng_rãi thoáng mát có cả máy_lạnh và khu_vực ngoài_trời xứng_đáng để chi tiền luôn á . có phòng tổ_chức sinh_nhật cho con_nít , có cả khu cầu_trượt và đèn tương_tác trên bàn , ... nhà về sinh còn có chỗ để giữ bé cho mấy mẹ bỉm nữa , 10 điểm . nói_chung là so với những chỗ khác tương_đương không phải thương_hiệu mỹ thì ở đây ok hết tất_cả , đặc_biệt ở khoảng sốt chấm là ăn_đứt","sơ_lược burger bò ngon thịt gà trong gà rán ngon da phủ ngon nhưng tuỳ hôm kem ngon nhiều loại đồ chấm , đặc_biệt mayonnaise free refill khoai ngon mà tuỳ hôm mình ăn_ở đây rất nhiều lần tổng_quan thì burger lúc_nào cũng ngon như nhau , gà với khoai thì hôm nào đông_đúc khách thì khoai nóng , gà nóng_ăn bao đã , đặc_biệt mấy ngày trời mưa . riêng mấy ngày mà bình_thường không đông_đúc như ngày trong tuần hoặc ngày không có nhiều khuyến_mãi , hoặc đơn_giản là không có mấy bé tổ_chức sinh_nhật thì thấy khoai với gà sẽ dễ bị nguội và không giòn hoặc bị lại dầu . riêng về phần giá thì mình thấy ở đây rẻ , thêm app tích điểm và khuyến_mãi theo khung giờ ví_dụ menu 39k hoặc là chicken day mua 1 tặng 1 thì so mới mấy thương_hiệu khác lại rẻ hơn không_chừng . cứ nghe người ta đồn nhau là mắc các kiểu nhưng không , mình thấy vừa rẻ , vừa hiện_đại , không_gian lại rộng_rãi thoáng mát có cả máy_lạnh và khu_vực ngoài_trời xứng_đáng để chi tiền luôn á . có phòng tổ_chức sinh_nhật cho con_nít , có cả khu cầu_trượt và đèn tương_tác trên bàn , ... nhà về sinh còn có chỗ để giữ bé cho mấy mẹ bỉm nữa , 10 điểm . nói_chung là so với những chỗ khác tương_đương không phải thương_hiệu mỹ thì ở đây ok hết tất_cả , đặc_biệt ở khoảng sốt chấm là ăn_đứt",sơ_lược burger bò ngon thịt gà gà rán ngon da phủ ngon tuỳ hôm kem ngon đồ chấm đặc_biệt mayonnaise free refill khoai ngon tuỳ hôm ăn_ở tổng_quan burger lúc_nào ngon gà khoai hôm đông_đúc khoai nóng gà nóng_ăn bao đặc_biệt mấy trời mưa mấy bình_thường đông_đúc khuyến_mãi đơn_giản mấy bé tổ_chức sinh_nhật khoai gà nguội giòn dầu giá rẻ app tích khuyến_mãi khung ví_dụ menu 39k chicken day mua 1 tặng 1 mấy thương_hiệu rẻ không_chừng ta đồn mắc rẻ hiện_đại không_gian rộng_rãi thoáng mát máy_lạnh khu_vực ngoài_trời xứng_đáng chi tiền phòng tổ_chức sinh_nhật con_nít khu cầu_trượt đèn tương_tác bàn ... sinh chỗ bé mấy bỉm 10 nói_chung chỗ tương_đương thương_hiệu mỹ ok tất_cả đặc_biệt sốt chấm ăn_đứt
thức ăn ngon. và dịch vụ tốt,positive,thức_ăn ngon . và dịch_vụ tốt,thức_ăn ngon . và dịch_vụ tốt,thức_ăn ngon dịch_vụ
"dịch vụ của mcdonald không tốt những ngày này. nó sẽ phải chờ khá lâu và gây ra lỗi trong sản phẩm. dịch vụ này rất tốt và dịch vụ này tốt trong quá khứ, nhưng ngày nay nó khá tệ.",negative,"dịch_vụ của mcdonald không tốt những ngày này . nó sẽ phải chờ khá lâu và gây ra lỗi trong sản_phẩm . dịch_vụ này rất tốt và dịch_vụ này tốt trong quá_khứ , nhưng ngày_nay nó khá tệ .","dịch_vụ của mcdonald không tốt những ngày này . nó sẽ phải chờ khá lâu và gây ra lỗi trong sản_phẩm . dịch_vụ này rất tốt và dịch_vụ này tốt trong quá_khứ , nhưng ngày_nay nó khá tệ .",dịch_vụ mcdonald chờ lỗi sản_phẩm dịch_vụ dịch_vụ quá_khứ ngày_nay tệ
cafe địa phương chan. chó cà phê,positive,cafe địa_phương chan . chó cà_phê,cafe địa_phương chan . chó cà_phê,cafe địa_phương chan chó cà_phê
"vị trí tốt, dịch vụ nhanh chóng.",positive,"vị_trí tốt , dịch_vụ nhanh_chóng .","vị_trí tốt , dịch_vụ nhanh_chóng .",vị_trí dịch_vụ nhanh_chóng
"cũng như các mcdonalds khác. chi nhánh bên này có không gian rộng, có bàn ghế ngồi ngoài, ở đây có phòng vui chơi cho bé nữa, ban công lầu 1 có bàn ghế ngồi ngoài thoáng lắm, nhà vệ sinh thì lúc mình vào tầng dưới chỉ có 1, hình như nam nữ đi chung🙄,...",positive,"cũng như các mcdonalds khác . chi_nhánh bên này có không_gian rộng , có bàn_ghế ngồi ngoài , ở đây có phòng vui_chơi cho bé nữa , ban_công lầu 1 có bàn_ghế ngồi ngoài thoáng lắm , nhà_vệ_sinh thì lúc mình vào tầng dưới chỉ có 1 , hình_như nam_nữ đi chung🙄 , ...","cũng như các mcdonalds khác . chi_nhánh bên này có không_gian rộng , có bàn_ghế ngồi ngoài , ở đây có phòng vui_chơi cho bé nữa , ban_công lầu 1 có bàn_ghế ngồi ngoài thoáng lắm , nhà_vệ_sinh thì lúc mình vào tầng dưới chỉ có 1 , hình_như nam_nữ đi chung:khuôn mặt với đôi mắt đảo: , ...",mcdonalds chi_nhánh không_gian rộng bàn_ghế phòng vui_chơi bé ban_công lầu 1 bàn_ghế thoáng lắm nhà_vệ_sinh tầng 1 hình_như nam_nữ chung:khuôn mặt đôi mắt đảo: ...
"mình đi vào chủ nhật nên quán rất đông. hầu như gia đình dẫn mấy bé đi ăn là nhiều. có nhiều máy kiot để order món tự động mà không cần nhân viên, rất hiện đại luôn. có thể thanh toán tiền mặt lẫn thẻ atm và mã qr. nếu có thắc mắc hay không biết làm bước nào thì cũng có thể hỏi các bạn nhân viên đứng ở đó. không gian quán thoáng mát, sạch sẽ, có máy lạnh phà phà. đóng gói sạch sẽ, gọn gàng. quán đông nhưng chờ tầm 10p15p là có món. đồ ăn nóng hổi vừa thổi vừa ăn. mình gọi 6 miếng gà nuggets 49k và 1 combo 2c 190k, mình chọn 2 nước lớn, 1 khoai tây chiên, 2 gà, 2 hamburger. gà giòn, mềm, khá nhiều dầu, lớp bột ở da gà hơi mặn. mình không đánh giá cao gà ở mcdonald vì không có gì đặc trưng. hamburger ngon, vỏ mềm. gà nuggets ăn cùng với sốt bbq cũng khá lạ miệng. khoai tây chiên ngon mừi điểm. giá ở mcdonald so với mặt bằng chung thì ổn. mình gọi nhiêu đó mà ăn no ứ hự. mọi người nên ăn thử và trải nghiệm.",positive,"mình đi vào chủ_nhật nên quán rất đông . hầu_như gia_đình dẫn mấy bé đi ăn là nhiều . có nhiều máy kiot để order món tự_động mà không cần nhân_viên , rất hiện_đại luôn . có_thể thanh_toán tiền_mặt lẫn thẻ atm và mã qr . nếu có thắc_mắc hay không biết làm bước nào thì cũng có_thể hỏi các bạn nhân_viên đứng ở đó . không_gian quán thoáng mát , sạch_sẽ , có máy_lạnh phà phà . đóng_gói sạch_sẽ , gọn_gàng . quán đông nhưng chờ tầm 10p15p là có món . đồ_ăn nóng_hổi vừa thổi vừa ăn . mình gọi 6 miếng gà nuggets 49k và 1 combo 2c 190k , mình chọn 2 nước_lớn , 1 khoai_tây chiên , 2 gà , 2 hamburger . gà giòn , mềm , khá nhiều dầu , lớp bột ở da_gà hơi mặn . mình không đánh_giá cao gà ở mcdonald vì không có gì đặc_trưng . hamburger ngon , vỏ mềm . gà nuggets ăn cùng với sốt bbq cũng khá lạ_miệng . khoai_tây chiên ngon mừi điểm . giá ở mcdonald so với mặt_bằng chung thì ổn . mình gọi nhiêu đó mà ăn no ứ_hự . mọi người nên ăn thử và trải_nghiệm .","mình đi vào chủ_nhật nên quán rất đông . hầu_như gia_đình dẫn mấy bé đi ăn là nhiều . có nhiều máy kiot để order món tự_động mà không cần nhân_viên , rất hiện_đại luôn . có_thể thanh_toán tiền_mặt lẫn thẻ atm và mã qr . nếu có thắc_mắc hay không biết làm bước nào thì cũng có_thể hỏi các bạn nhân_viên đứng ở đó . không_gian quán thoáng mát , sạch_sẽ , có máy_lạnh phà phà . đóng_gói sạch_sẽ , gọn_gàng . quán đông nhưng chờ tầm 10p15p là có món . đồ_ăn nóng_hổi vừa thổi vừa ăn . mình gọi 6 miếng gà nuggets 49k và 1 combo 2c 190k , mình chọn 2 nước_lớn , 1 khoai_tây chiên , 2 gà , 2 hamburger . gà giòn , mềm , khá nhiều dầu , lớp bột ở da_gà hơi mặn . mình không đánh_giá cao gà ở mcdonald vì không có gì đặc_trưng . hamburger ngon , vỏ mềm . gà nuggets ăn cùng với sốt bbq cũng khá lạ_miệng . khoai_tây chiên ngon mừi điểm . giá ở mcdonald so với mặt_bằng chung thì ổn . mình gọi nhiêu đó mà ăn no ứ_hự . mọi người nên ăn thử và trải_nghiệm .",chủ_nhật quán đông hầu_như gia_đình mấy bé máy kiot order món tự_động nhân_viên hiện_đại có_thể thanh_toán tiền_mặt lẫn thẻ atm mã qr thắc_mắc có_thể nhân_viên đứng không_gian quán thoáng mát sạch_sẽ máy_lạnh phà phà đóng_gói sạch_sẽ gọn_gàng quán đông chờ tầm 10p15p món đồ_ăn nóng_hổi thổi gọi 6 miếng gà nuggets 49k 1 combo 2c 190k 2 nước_lớn 1 khoai_tây chiên 2 gà 2 hamburger gà giòn mềm dầu lớp bột da_gà hơi mặn đánh_giá gà mcdonald đặc_trưng hamburger ngon vỏ mềm gà nuggets sốt bbq lạ_miệng khoai_tây chiên ngon mừi giá mcdonald mặt_bằng ổn gọi nhiêu no ứ_hự thử trải_nghiệm
quán không gian thoáng rộng rãi. chất lượng đồ ăn của mc donalds thì khỏi phải chê. lần sau nhất định sẽ ghé quay lại,positive,quán không_gian thoáng rộng_rãi . chất_lượng đồ_ăn của mc donalds thì khỏi phải chê . lần sau nhất_định sẽ ghé quay lại,quán không_gian thoáng rộng_rãi . chất_lượng đồ_ăn của mc donalds thì khỏi phải chê . lần sau nhất_định sẽ ghé quay lại,quán không_gian thoáng rộng_rãi chất_lượng đồ_ăn mc donalds chê nhất_định ghé
rộng rãi và nhanh chóng hợp vệ sinh mà giá rất phải chăng,positive,rộng_rãi và nhanh_chóng hợp vệ_sinh mà giá rất phải_chăng,rộng_rãi và nhanh_chóng hợp vệ_sinh mà giá rất phải_chăng,rộng_rãi nhanh_chóng hợp vệ_sinh giá phải_chăng
"ở đây thì địa điểm rất ok nha, có view ngắm vòng xoay, rồi có chỗ cho các bạn nhỏ nữa",positive,"ở đây thì địa_điểm rất ok nha , có view ngắm vòng xoay , rồi có chỗ cho các bạn nhỏ nữa","ở đây thì địa_điểm rất ok nha , có view ngắm vòng xoay , rồi có chỗ cho các bạn nhỏ nữa",địa_điểm ok nha view ngắm vòng xoay chỗ
khu vực bên ngoài rất hôi mùi thuốc lá ... đầu lọc xả đầy khu vực bảo vệ ngồi...,neutral,khu_vực bên ngoài rất hôi mùi thuốc_lá ... đầu_lọc xả đầy khu_vực bảo_vệ ngồi ...,khu_vực bên ngoài rất hôi mùi thuốc_lá ... đầu_lọc xả đầy khu_vực bảo_vệ ngồi ...,khu_vực hôi mùi thuốc_lá ... đầu_lọc xả khu_vực bảo_vệ ...
"giá ổn, dịch vụ tốt, có chỗ đỗ xe ô tô thoải mái.",positive,"giá ổn , dịch_vụ tốt , có chỗ đỗ xe ô_tô thoải_mái .","giá ổn , dịch_vụ tốt , có chỗ đỗ xe ô_tô thoải_mái .",giá ổn dịch_vụ chỗ đỗ xe ô_tô thoải_mái
cả cửa hàng chỉ có 1 nhà vệ sinh luôn trong tình trạng kẹt. quá tệ,negative,cả cửa_hàng chỉ có 1 nhà_vệ_sinh luôn trong tình_trạng kẹt . quá tệ,cả cửa_hàng chỉ có 1 nhà_vệ_sinh luôn trong tình_trạng kẹt . quá tệ,cửa_hàng 1 nhà_vệ_sinh tình_trạng kẹt tệ
khá ok,positive,khá ok,khá ok,ok
"mcdonalds đầu tiên của sài gòn nên mọi thứ đều tốt nhất, chất lượng món ăn tốt, cafe rất rất ngon, nhân viên rất dễ thương và thân thiện. đặc biệt mua mang đi nhanh chóng và tiện lợi, nhất là dành cho xe hơi. giá cả cũng hạ bớt rồi, không còn cao như lúc mới vào việt nam, giá hiện tại tương đối tốt so với mặt bằng các cửa hàng thức ăn nhanh.",positive,"mcdonalds đầu_tiên của sài_gòn nên mọi thứ đều tốt nhất , chất_lượng món ăn tốt , cafe rất rất ngon , nhân_viên rất dễ_thương và thân_thiện . đặc_biệt mua mang đi nhanh_chóng và tiện_lợi , nhất_là dành cho xe_hơi . giá_cả cũng hạ bớt rồi , không còn cao như lúc mới vào việt_nam , giá hiện_tại tương_đối tốt so với mặt_bằng các cửa_hàng thức_ăn nhanh .","mcdonalds đầu_tiên của sài_gòn nên mọi thứ đều tốt nhất , chất_lượng món ăn tốt , cafe rất rất ngon , nhân_viên rất dễ_thương và thân_thiện . đặc_biệt mua mang đi nhanh_chóng và tiện_lợi , nhất_là dành cho xe_hơi . giá_cả cũng hạ bớt rồi , không còn cao như lúc mới vào việt_nam , giá hiện_tại tương_đối tốt so với mặt_bằng các cửa_hàng thức_ăn nhanh .",mcdonalds đầu_tiên sài_gòn chất_lượng món cafe ngon nhân_viên dễ_thương thân_thiện đặc_biệt mua nhanh_chóng tiện_lợi nhất_là xe_hơi giá_cả hạ bớt việt_nam giá hiện_tại tương_đối mặt_bằng cửa_hàng thức_ăn
đồ ăn không vệ sinh. ăn xong đau bụng,negative,đồ_ăn không vệ_sinh . ăn xong đau bụng,đồ_ăn không vệ_sinh . ăn xong đau bụng,đồ_ăn vệ_sinh xong đau bụng
"đồ ăn hơi ít , gia hơi cao. khu chơi trẻ em không còn rộng như trước.",positive,"đồ_ăn hơi ít , gia hơi cao . khu chơi trẻ_em không còn rộng như trước .","đồ_ăn hơi ít , gia hơi cao . khu chơi trẻ_em không còn rộng như trước .",đồ_ăn hơi gia hơi khu trẻ_em rộng
nó được cho là mcdonald đầu tiên ở việt nam,positive,nó được cho là mcdonald đầu_tiên ở việt_nam,nó được cho là mcdonald đầu_tiên ở việt_nam,mcdonald đầu_tiên việt_nam
"hay dẫn tụi trẻ con qua đây mua phần happy meal cho mỗi bé rồi lên lầu 1 ăn. ở đây có khu vui chơi cho trẻ em khá tiện cho việc trông trẻ, nhà vệ sinh sạch sẽ, bãi đậu xe miễn phí. các bạn cùng lớp của con hay tổ chức sinh nhật tại đây.",positive,"hay dẫn tụi trẻ_con qua đây mua phần happy meal cho mỗi bé rồi lên lầu 1 ăn . ở đây có khu vui_chơi cho trẻ_em khá tiện cho việc trông trẻ , nhà_vệ_sinh sạch_sẽ , bãi đậu xe miễn_phí . các bạn cùng lớp của con hay tổ_chức sinh_nhật tại đây .","hay dẫn tụi trẻ_con qua đây mua phần happy meal cho mỗi bé rồi lên lầu 1 ăn . ở đây có khu vui_chơi cho trẻ_em khá tiện cho việc trông trẻ , nhà_vệ_sinh sạch_sẽ , bãi đậu xe miễn_phí . các bạn cùng lớp của con hay tổ_chức sinh_nhật tại đây .",tụi trẻ_con mua happy meal bé lầu 1 khu vui_chơi trẻ_em tiện trông trẻ nhà_vệ_sinh sạch_sẽ bãi đậu xe miễn_phí lớp tổ_chức sinh_nhật
cà phê vẫn tệ như mọi khi.,positive,cà_phê vẫn tệ như mọi_khi .,cà_phê vẫn tệ như mọi_khi .,cà_phê tệ mọi_khi
"tôi đã đặt hàng giao hàng, nhưng cola bị thiếu",negative,"tôi đã đặt_hàng giao hàng , nhưng cola bị thiếu","tôi đã đặt_hàng giao hàng , nhưng cola bị thiếu",đặt_hàng giao hàng cola
"đồ ăn thì ngon, vị trí cũng đẹp, rỗng rãi đễ oto thoải mái, mỗi tội chỉ có 2 wc. wc phía trên hay khoá do có tiệc sinh nhật chỉ còn lại phía dưới nên chờ đợi đi wc lâu, mình đã chứng kiến nhiều người có thái độ rất bực khi phải chờ đi wc, mong ban quản lý xem xét việc này.",positive,"đồ_ăn thì ngon , vị_trí cũng đẹp , rỗng rãi đễ oto thoải_mái , mỗi_tội chỉ có 2 wc . wc phía trên hay khoá do có tiệc sinh_nhật chỉ còn lại phía dưới nên chờ_đợi đi wc lâu , mình đã chứng_kiến nhiều người có thái_độ rất bực khi phải chờ đi wc , mong ban quản_lý xem_xét việc này .","đồ_ăn thì ngon , vị_trí cũng đẹp , rỗng rãi đễ oto thoải_mái , mỗi_tội chỉ có 2 wc . wc phía trên hay khoá do có tiệc sinh_nhật chỉ còn lại phía dưới nên chờ_đợi đi wc lâu , mình đã chứng_kiến nhiều người có thái_độ rất bực khi phải chờ đi wc , mong ban quản_lý xem_xét việc này .",đồ_ăn ngon vị_trí đẹp rỗng rãi đễ oto thoải_mái mỗi_tội 2 wc wc khoá tiệc sinh_nhật chờ_đợi wc chứng_kiến thái_độ bực chờ wc mong ban quản_lý xem_xét
làm quen với golf học phí dành cho sinh viên,positive,làm_quen với golf học_phí dành cho sinh_viên,làm_quen với golf học_phí dành cho sinh_viên,làm_quen golf học_phí sinh_viên
gà rán nguyên bản cần được phục vụ trong 30 phút. nó có phải là một cách thức ăn nhanh được phục vụ,positive,gà rán nguyên_bản cần được phục_vụ trong 30 phút . nó có phải là một_cách thức_ăn nhanh được phục_vụ,gà rán nguyên_bản cần được phục_vụ trong 30 phút . nó có phải là một_cách thức_ăn nhanh được phục_vụ,gà rán nguyên_bản phục_vụ 30 phút một_cách thức_ăn phục_vụ
đồ ăn có sinh vật lạ,negative,đồ_ăn có sinh_vật lạ,đồ_ăn có sinh_vật lạ,đồ_ăn sinh_vật lạ
mọi thứ khá tuyệt vời cho người đi oto,positive,mọi thứ khá tuyệt_vời cho người đi oto,mọi thứ khá tuyệt_vời cho người đi oto,tuyệt_vời oto
"thật sự mà nói là quán phục vụ rất tệ và trải nghiệm quá là ấm ức. nhân viên thì xem khách không ra gì, hỏi a ơi dụng cụ ăn uống đâu ạ, thì a đầu tiên là ngó lơ và coi như hông biết gì, và mình tiếp tục hỏi a thứ 2 thì a bảo kìa bên kìa kìa, trong khi đó tụi mình hông thấy nên mới hỏi lại. và cuối cùng là tụi mình ăn nhưng hông có dụng cụ ăn nois trắng ăn bóc đó ạ. nếu như hai a nhân viên đó mà đi ra ngoài ăn và gặp tình huống như vậy thì sẽ thấy thế nào ạ. hông lẻ nói là miếng ăn là miếng nhục chứ ạ. bữa ăn tồi tệ nhất mà tụi mình từng trải nghiệm.",negative,"thật_sự mà nói là quán phục_vụ rất tệ và trải_nghiệm quá là ấm_ức . nhân_viên thì xem khách không ra gì , hỏi a ơi dụng_cụ ăn_uống đâu ạ , thì a đầu_tiên là ngó lơ và coi như hông biết gì , và mình tiếp_tục hỏi a thứ 2 thì a_bảo kìa bên kìa kìa , trong khi đó tụi mình hông thấy nên mới hỏi lại . và cuối_cùng là tụi mình ăn nhưng hông có dụng_cụ ăn nois trắng ăn bóc đó ạ . nếu_như hai a nhân_viên đó mà đi ra ngoài ăn và gặp tình_huống như_vậy thì sẽ thấy thế_nào ạ . hông lẻ nói là miếng ăn là miếng nhục chứ ạ . bữa ăn tồi_tệ nhất mà tụi mình từng_trải nghiệm .","thật_sự mà nói là quán phục_vụ rất tệ và trải_nghiệm quá là ấm_ức . nhân_viên thì xem khách không ra gì , hỏi a ơi dụng_cụ ăn_uống đâu ạ , thì a đầu_tiên là ngó lơ và coi như hông biết gì , và mình tiếp_tục hỏi a thứ 2 thì a_bảo kìa bên kìa kìa , trong khi đó tụi mình hông thấy nên mới hỏi lại . và cuối_cùng là tụi mình ăn nhưng hông có dụng_cụ ăn nois trắng ăn bóc đó ạ . nếu_như hai a nhân_viên đó mà đi ra ngoài ăn và gặp tình_huống như_vậy thì sẽ thấy thế_nào ạ . hông lẻ nói là miếng ăn là miếng nhục chứ ạ . bữa ăn tồi_tệ nhất mà tụi mình từng_trải nghiệm .",quán phục_vụ tệ trải_nghiệm ấm_ức nhân_viên a dụng_cụ ăn_uống a đầu_tiên ngó lơ coi hông tiếp_tục a 2 a_bảo kìa kìa kìa tụi hông tụi hông dụng_cụ nois trắng bóc nếu_như hai a nhân_viên tình_huống như_vậy thế_nào hông lẻ miếng miếng nhục tồi_tệ tụi từng_trải nghiệm
"nhân viên thái độ lòi lõm, phục vụ tệ, không có dụng cụ ăn uống cho khách ngồi lại, hỏi lại nhân viên thì nhân viên bơ, không trả lời.",negative,"nhân_viên thái_độ lòi lõm , phục_vụ tệ , không có dụng_cụ ăn_uống cho khách ngồi lại , hỏi lại nhân_viên thì nhân_viên bơ , không trả_lời .","nhân_viên thái_độ lòi lõm , phục_vụ tệ , không có dụng_cụ ăn_uống cho khách ngồi lại , hỏi lại nhân_viên thì nhân_viên bơ , không trả_lời .",nhân_viên thái_độ lòi lõm phục_vụ tệ dụng_cụ ăn_uống nhân_viên nhân_viên bơ trả_lời
"nhân viên phục vụ và quản lí điều tệ, không quan tâm khách, không có dụng cụ ăn uống dành cho khách ngồi tại chỗ, khu vực để tương không sạch sẽ.",negative,"nhân_viên phục_vụ và quản_lí điều tệ , không quan_tâm khách , không có dụng_cụ ăn_uống dành cho khách ngồi tại_chỗ , khu_vực để tương không sạch_sẽ .","nhân_viên phục_vụ và quản_lí điều tệ , không quan_tâm khách , không có dụng_cụ ăn_uống dành cho khách ngồi tại_chỗ , khu_vực để tương không sạch_sẽ .",nhân_viên phục_vụ quản_lí tệ quan_tâm dụng_cụ ăn_uống tại_chỗ khu_vực tương sạch_sẽ
nhân viên hời hợt với khách hàng .khách hàng hỏi nhân viên không take care thái độ khó chịu khi khách hàng order,negative,nhân_viên hời_hợt với khách_hàng . khách_hàng hỏi nhân_viên không take care thái_độ khó_chịu khi khách_hàng order,nhân_viên hời_hợt với khách_hàng . khách_hàng hỏi nhân_viên không take care thái_độ khó_chịu khi khách_hàng order,nhân_viên hời_hợt khách_hàng khách_hàng nhân_viên take care thái_độ khó_chịu khách_hàng order
không quá ấn tượng lắm,positive,không quá ấn_tượng lắm,không quá ấn_tượng lắm,ấn_tượng lắm
thái độ nhân viên không tốt khinh thường khách hàng nói chuyện thiếu tôn trọng với khách hàng,negative,thái_độ nhân_viên không tốt khinh_thường khách_hàng nói_chuyện thiếu tôn_trọng với khách_hàng,thái_độ nhân_viên không tốt khinh_thường khách_hàng nói_chuyện thiếu tôn_trọng với khách_hàng,thái_độ nhân_viên khinh_thường khách_hàng nói_chuyện tôn_trọng khách_hàng
"chỗ tập trung quen thuộc của mấy ae motor chuẩn bị lên đường nơi ghé về. nói chung ổn, đồ ăn khu vực đẹp nên hơi đắt nhưng không sao, tiện lợ là được",positive,"chỗ tập_trung quen_thuộc của mấy ae motor chuẩn_bị lên_đường nơi ghé về . nói_chung ổn , đồ_ăn khu_vực đẹp nên hơi đắt nhưng không sao , tiện lợ là được","chỗ tập_trung quen_thuộc của mấy ae motor chuẩn_bị lên_đường nơi ghé về . nói_chung ổn , đồ_ăn khu_vực đẹp nên hơi đắt nhưng không sao , tiện lợ là được",chỗ tập_trung quen_thuộc mấy ae motor chuẩn_bị lên_đường ghé nói_chung ổn đồ_ăn khu_vực đẹp hơi đắt tiện lợ
view bùng binh khá chill cho người thích nhìn xe cộ qua lại,positive,view bùng_binh khá chill cho người thích nhìn xe_cộ qua_lại,view bùng_binh khá chill cho người thích nhìn xe_cộ qua_lại,view bùng_binh chill xe_cộ qua_lại
không gian mát mẻ,positive,không_gian mát_mẻ,không_gian mát_mẻ,không_gian mát_mẻ
"quán đẹp nhưng trên lầu rất rất ồn, mở nhạc rất là to luôn dù mình đã đeo tai nghe vẫn còn ồn phòng tổ chức tiệc sinh nhật không cách âm để nhạc lấn ra ngoài âm thanh hổn tạp . mình đi ăn gà nhưng cứ ngỡ đi tiệc cưới ở dưới quê",negative,"quán đẹp nhưng trên lầu rất rất ồn , mở nhạc rất là to luôn dù mình đã đeo tai nghe vẫn còn ồn phòng tổ_chức tiệc sinh_nhật không cách_âm để nhạc lấn ra ngoài âm_thanh hổn tạp . mình đi ăn gà nhưng cứ ngỡ đi tiệc cưới ở dưới quê","quán đẹp nhưng trên lầu rất rất ồn , mở nhạc rất là to luôn dù mình đã đeo tai nghe vẫn còn ồn phòng tổ_chức tiệc sinh_nhật không cách_âm để nhạc lấn ra ngoài âm_thanh hổn tạp . mình đi ăn gà nhưng cứ ngỡ đi tiệc cưới ở dưới quê",quán đẹp lầu ồn nhạc to đeo tai ồn phòng tổ_chức tiệc sinh_nhật cách_âm nhạc lấn âm_thanh hổn tạp gà ngỡ tiệc cưới quê
nó dường như là dễ chịu nhất trong số các cửa hàng của mcdonald,positive,nó dường_như là dễ_chịu nhất trong số các cửa_hàng của mcdonald,nó dường_như là dễ_chịu nhất trong số các cửa_hàng của mcdonald,dường_như dễ_chịu cửa_hàng mcdonald
hic say nắng chị nhân viên mc donald nhỏ nhắn xinh xắn mà không biết tên chị 😢,positive,hic say nắng chị nhân_viên mc donald nhỏ_nhắn xinh_xắn mà không biết tên chị 😢,hic say nắng chị nhân_viên mc donald nhỏ_nhắn xinh_xắn mà không biết tên chị :mặt khóc:,hic say nắng nhân_viên mc donald nhỏ_nhắn xinh_xắn :mặt khóc:
thức ăn tốt và các nhân viên cũng tốt tôi cũng tốt mọi người đều tốt,positive,thức_ăn tốt và các nhân_viên cũng tốt tôi cũng tốt mọi người đều tốt,thức_ăn tốt và các nhân_viên cũng tốt tôi cũng tốt mọi người đều tốt,thức_ăn nhân_viên
"lần đầu tiên đến đây, thích nhất cách bố trí bãi đỗ xe ô tô, đến ghé, mua hàng, rồi lái 1 vòng ra ngoài luôn, khỏi phải trở đầu xe",positive,"lần đầu_tiên đến đây , thích nhất cách bố_trí bãi đỗ xe ô_tô , đến ghé , mua hàng , rồi lái 1 vòng ra ngoài luôn , khỏi phải trở đầu xe","lần đầu_tiên đến đây , thích nhất cách bố_trí bãi đỗ xe ô_tô , đến ghé , mua hàng , rồi lái 1 vòng ra ngoài luôn , khỏi phải trở đầu xe",đầu_tiên bố_trí bãi đỗ xe ô_tô ghé mua hàng lái 1 vòng trở xe
ồ,positive,ồ,ồ,
"nơi sạch sẽ,lịch sự,thức ăn ngon,kem ngon nhân viên dễ thương,lễ phép",positive,"nơi sạch_sẽ , lịch_sự , thức_ăn ngon , kem ngon nhân_viên dễ_thương , lễ_phép","nơi sạch_sẽ , lịch_sự , thức_ăn ngon , kem ngon nhân_viên dễ_thương , lễ_phép",sạch_sẽ lịch_sự thức_ăn ngon kem ngon nhân_viên dễ_thương lễ_phép
quán đáng đến đồ ăn ngon sạch sẽ nhất là bích max,positive,quán đáng đến đồ_ăn ngon sạch_sẽ nhất là bích max,quán đáng đến đồ_ăn ngon sạch_sẽ nhất là bích max,quán đồ_ăn ngon sạch_sẽ bích max
đồ ăn ngon .quán sạch sẽ.,positive,đồ_ăn ngon . quán sạch_sẽ .,đồ_ăn ngon . quán sạch_sẽ .,đồ_ăn ngon quán sạch_sẽ
"mua mang đi, chỉ cần chạy xe vòng ra phía sau không cần gửi xe máy đến khu vực order, có sẵn bảng giá. sẽ có nhân viên trao đổi ngay về món mình order. chạy xe lên tren 1 xíu đến ô cửa nhận hàng, ô cửa kế tiếp là khu vực thanh toán có thanh toán thẻ. xong nha, đem đồ về ăn thôi. mình thích vì không phải gửi xe, phục vụ nhanh, nhân viên lịch sự.",positive,"mua mang đi , chỉ cần chạy xe vòng ra phía sau không cần gửi xe_máy đến khu_vực order , có sẵn bảng giá . sẽ có nhân_viên trao_đổi ngay về món mình order . chạy xe lên tren 1 xíu đến ô cửa nhận hàng , ô cửa kế_tiếp là khu_vực thanh_toán có thanh_toán thẻ . xong nha , đem đồ về ăn thôi . mình thích vì không phải gửi xe , phục_vụ nhanh , nhân_viên lịch_sự .","mua mang đi , chỉ cần chạy xe vòng ra phía sau không cần gửi xe_máy đến khu_vực order , có sẵn bảng giá . sẽ có nhân_viên trao_đổi ngay về món mình order . chạy xe lên tren 1 xíu đến ô cửa nhận hàng , ô cửa kế_tiếp là khu_vực thanh_toán có thanh_toán thẻ . xong nha , đem đồ về ăn thôi . mình thích vì không phải gửi xe , phục_vụ nhanh , nhân_viên lịch_sự .",mua chạy xe vòng gửi xe_máy khu_vực order sẵn bảng giá nhân_viên trao_đổi món order chạy xe tren 1 xíu ô cửa hàng ô cửa kế_tiếp khu_vực thanh_toán thanh_toán thẻ xong nha đem đồ gửi xe phục_vụ nhân_viên lịch_sự
"khoai tây chiên lớn, nhưng nhiều lần tôi cảm thấy rằng số lượng nhỏ hơn nhiều.",positive,"khoai_tây chiên lớn , nhưng nhiều lần tôi cảm_thấy rằng số_lượng nhỏ hơn nhiều .","khoai_tây chiên lớn , nhưng nhiều lần tôi cảm_thấy rằng số_lượng nhỏ hơn nhiều .",khoai_tây chiên số_lượng
"mỗi lần vào ăn có hoá đơn thanh toán mang ra cho bảo vệ thì ngta vẫn thu tiền tôi cần ban quản lý sử lý vấn đề này. tôi không phải người keo kiệt nhưng cách xin tiền đểu của bảo vệ ở đây tôi thật sự không thích, mỗi cửa hàng khi mở ra sẽ có chỗ để xe cho khách hàng chúng tôi để chứ không phải để chúng tôi vào ăn còn mất tiền thuê chỗ để xe như vậy",negative,"mỗi lần vào ăn có hoá_đơn thanh_toán mang ra cho bảo_vệ thì ngta vẫn thu tiền tôi cần ban quản_lý sử lý vấn_đề này . tôi không phải người keo_kiệt nhưng cách xin tiền đểu của bảo_vệ ở đây tôi thật_sự không thích , mỗi cửa_hàng khi mở ra sẽ có chỗ để xe cho khách_hàng chúng_tôi để chứ không phải để chúng_tôi vào ăn còn mất tiền thuê chỗ để xe như_vậy","mỗi lần vào ăn có hoá_đơn thanh_toán mang ra cho bảo_vệ thì ngta vẫn thu tiền tôi cần ban quản_lý sử lý vấn_đề này . tôi không phải người keo_kiệt nhưng cách xin tiền đểu của bảo_vệ ở đây tôi thật_sự không thích , mỗi cửa_hàng khi mở ra sẽ có chỗ để xe cho khách_hàng chúng_tôi để chứ không phải để chúng_tôi vào ăn còn mất tiền thuê chỗ để xe như_vậy",hoá_đơn thanh_toán bảo_vệ ngta thu tiền ban quản_lý sử lý vấn_đề keo_kiệt tiền đểu bảo_vệ cửa_hàng chỗ xe khách_hàng chúng_tôi chúng_tôi tiền thuê chỗ xe như_vậy
dịch vụ không tốt,negative,dịch_vụ không tốt,dịch_vụ không tốt,dịch_vụ
tôi đã ăn một ly cà phê. bầu không khí hơi điên rồ và tôi không thể tìm thấy một chiếc bánh hamburger đang tìm kiếm một thực đơn giới hạn như mac morning.,neutral,tôi đã ăn một ly cà_phê . bầu_không_khí hơi điên_rồ và tôi không_thể tìm thấy một chiếc bánh hamburger đang tìm_kiếm một thực_đơn giới_hạn như mac morning .,tôi đã ăn một ly cà_phê . bầu_không_khí hơi điên_rồ và tôi không_thể tìm thấy một chiếc bánh hamburger đang tìm_kiếm một thực_đơn giới_hạn như mac morning .,ly cà_phê bầu_không_khí hơi điên_rồ không_thể bánh hamburger tìm_kiếm thực_đơn giới_hạn mac morning
mc donalds đầu tiên của vn. mọi thứ ổn.,positive,mc donalds đầu_tiên của vn . mọi thứ ổn .,mc donalds đầu_tiên của vn . mọi thứ ổn .,mc donalds đầu_tiên vn ổn
"vì nó luôn luôn tốt, tuy nhiên tất cả macdonald sẽ phục vụ ít nhất một vài mặt hàng là thuần chay hoặc thuần chay. họ đang mất tích trên những khách hàng đó. sau nhiều giờ, nó chỉ là đơn đặt hàng pos và không phải là dịch vụ bàn. tuy nhiên điều đó tốt.",positive,"vì nó luôn_luôn tốt , tuy_nhiên tất_cả macdonald sẽ phục_vụ ít_nhất một_vài mặt_hàng là thuần chay hoặc thuần chay . họ đang mất_tích trên những khách_hàng đó . sau nhiều giờ , nó chỉ là đơn đặt_hàng pos và không phải là dịch_vụ bàn . tuy_nhiên điều đó tốt .","vì nó luôn_luôn tốt , tuy_nhiên tất_cả macdonald sẽ phục_vụ ít_nhất một_vài mặt_hàng là thuần chay hoặc thuần chay . họ đang mất_tích trên những khách_hàng đó . sau nhiều giờ , nó chỉ là đơn đặt_hàng pos và không phải là dịch_vụ bàn . tuy_nhiên điều đó tốt .",luôn_luôn tuy_nhiên tất_cả macdonald phục_vụ ít_nhất một_vài mặt_hàng chay chay mất_tích khách_hàng đơn đặt_hàng pos dịch_vụ bàn tuy_nhiên
cảm ơn mc cho hai bố con một buổi chiều vui vẻ,positive,cảm_ơn mc cho hai bố_con một buổi chiều vui_vẻ,cảm_ơn mc cho hai bố_con một buổi chiều vui_vẻ,cảm_ơn mc hai bố_con chiều vui_vẻ
"vị trí đẹp, tại trung tâm thành phố hcm",positive,"vị_trí đẹp , tại trung_tâm thành_phố hcm","vị_trí đẹp , tại trung_tâm thành_phố hcm",vị_trí đẹp trung_tâm thành_phố hcm
cũng vừa vị với đại đa số người dùng tại việt nam nhoa quí dị,positive,cũng vừa vị với đại_đa_số người dùng tại việt_nam nhoa quí dị,cũng vừa vị với đại_đa_số người dùng tại việt_nam nhoa quí dị,vị đại_đa_số việt_nam nhoa quí dị
kem ở đây thì ngon khỏi phải bàn rồi nhưng có nhiều lúc không có bàn để ngồi,positive,kem ở đây thì ngon khỏi phải bàn rồi nhưng có nhiều lúc không có bàn để ngồi,kem ở đây thì ngon khỏi phải bàn rồi nhưng có nhiều lúc không có bàn để ngồi,kem ngon bàn bàn
"mc donalds nằm ngay vòng xoay điện biên phủ, thuận tiện nhất là tạt xe vào là có ngay bãi giữ xe rộng bên phải. view ở đây khá đẹp, không gian rộng rãi rất thoải mái. tuy nhiên việc đặt mua khá rườm rà. hơi mất thời gian, dù có sự hỗ trợ của nhân viên.",neutral,"mc donalds nằm ngay vòng xoay điện_biên_phủ , thuận_tiện nhất là tạt xe vào là có ngay bãi giữ xe rộng bên phải . view ở đây khá đẹp , không_gian rộng_rãi rất thoải_mái . tuy_nhiên việc đặt mua khá rườm_rà . hơi mất thời_gian , dù có sự hỗ_trợ của nhân_viên .","mc donalds nằm ngay vòng xoay điện_biên_phủ , thuận_tiện nhất là tạt xe vào là có ngay bãi giữ xe rộng bên phải . view ở đây khá đẹp , không_gian rộng_rãi rất thoải_mái . tuy_nhiên việc đặt mua khá rườm_rà . hơi mất thời_gian , dù có sự hỗ_trợ của nhân_viên .",mc donalds nằm vòng xoay điện_biên_phủ thuận_tiện tạt xe bãi xe rộng view đẹp không_gian rộng_rãi thoải_mái tuy_nhiên mua rườm_rà hơi thời_gian hỗ_trợ nhân_viên
"ăn uống là ok. sau khi hoàn thành bữa trưa và gọi một số người thực sự khó chịu. chúng tôi có hóa đơn của chúng tôi với số lượng. có bảng với số lượng xử lý và sẵn sàng. khi số của tôi đã sẵn sàng và tôi đi lấy lại của tôi .. anh chàng thực sự thô lỗ. sao sao sao tôi chỉ thấy số của tôi trên bảng hiệu nói đã xong và tôi đi lấy của mình. vấn đề là gì sau đó, những người ở đó nói một cách thô lỗ cho kieu như vậy. mcdonalds có vấn đề hoặc nhân viên có vấn đề nếu dấu hiệu không sử dụng tốt hơn không sử dụng. không được sử dụng để bị mắng trong khi mua một cái gì đó. con tôi cũng bị sốc.",negative,"ăn_uống là ok . sau khi hoàn_thành bữa trưa và gọi một_số người thực_sự khó_chịu . chúng_tôi có hoá_đơn của chúng_tôi với số_lượng . có bảng với số_lượng xử_lý và sẵn_sàng . khi số của tôi đã sẵn_sàng và tôi đi lấy lại của tôi .. anh_chàng thực_sự thô_lỗ . sao sao sao tôi chỉ thấy số của tôi trên bảng_hiệu nói đã xong và tôi đi lấy của mình . vấn_đề là gì sau đó , những người ở đó nói một_cách thô_lỗ cho kieu như_vậy . mcdonalds có vấn_đề hoặc nhân_viên có vấn_đề nếu dấu_hiệu không sử_dụng tốt hơn không sử_dụng . không được sử_dụng để bị mắng trong khi mua một cái gì đó . con tôi cũng bị sốc .","ăn_uống là ok . sau khi hoàn_thành bữa trưa và gọi một_số người thực_sự khó_chịu . chúng_tôi có hoá_đơn của chúng_tôi với số_lượng . có bảng với số_lượng xử_lý và sẵn_sàng . khi số của tôi đã sẵn_sàng và tôi đi lấy lại của tôi .. anh_chàng thực_sự thô_lỗ . sao sao sao tôi chỉ thấy số của tôi trên bảng_hiệu nói đã xong và tôi đi lấy của mình . vấn_đề là gì sau đó , những người ở đó nói một_cách thô_lỗ cho kieu như_vậy . mcdonalds có vấn_đề hoặc nhân_viên có vấn_đề nếu dấu_hiệu không sử_dụng tốt hơn không sử_dụng . không được sử_dụng để bị mắng trong khi mua một cái gì đó . con tôi cũng bị sốc .",ăn_uống ok hoàn_thành trưa gọi một_số khó_chịu chúng_tôi hoá_đơn chúng_tôi số_lượng bảng số_lượng xử_lý sẵn_sàng sẵn_sàng .. anh_chàng thô_lỗ bảng_hiệu xong vấn_đề một_cách thô_lỗ kieu như_vậy mcdonalds vấn_đề nhân_viên vấn_đề dấu_hiệu sử_dụng sử_dụng sử_dụng mắng mua sốc
"không được phục vụ món ăn theo yêu cầu rất nhiều lần, cảm giác rất khó chịu",negative,"không được phục_vụ món ăn_theo yêu_cầu rất nhiều lần , cảm_giác rất khó_chịu","không được phục_vụ món ăn_theo yêu_cầu rất nhiều lần , cảm_giác rất khó_chịu",phục_vụ món ăn_theo yêu_cầu khó_chịu
mua mang đi hoặc ngồi lại đều có cảm nhận thoải mái và tin cậy,positive,mua mang đi hoặc ngồi lại đều có cảm_nhận thoải_mái và tin_cậy,mua mang đi hoặc ngồi lại đều có cảm_nhận thoải_mái và tin_cậy,mua cảm_nhận thoải_mái tin_cậy
không giam đỉnh của chóp rộng rãi thoáng mát. đồ ăn ngon. bị cái hay đông nên đôi khi phục vụ chậm. mình ghé miết luôn á,positive,không giam đỉnh của chóp rộng_rãi thoáng mát . đồ_ăn ngon . bị cái hay đông nên đôi_khi phục_vụ chậm . mình ghé miết luôn á,không giam đỉnh của chóp rộng_rãi thoáng mát . đồ_ăn ngon . bị cái hay đông nên đôi_khi phục_vụ chậm . mình ghé miết luôn á,giam đỉnh chóp rộng_rãi thoáng mát đồ_ăn ngon đông đôi_khi phục_vụ chậm ghé miết
máy điều hòa không khí xuất hiện tốt và nó rất tuyệt,positive,máy_điều_hoà không_khí xuất_hiện tốt và nó rất tuyệt,máy_điều_hoà không_khí xuất_hiện tốt và nó rất tuyệt,máy_điều_hoà không_khí xuất_hiện tuyệt
"rộng rãi, đông khách",positive,"rộng_rãi , đông khách","rộng_rãi , đông khách",rộng_rãi đông
đồ ăn khá là ngon đối với người yêu tôi,positive,đồ_ăn khá là ngon đối_với người_yêu tôi,đồ_ăn khá là ngon đối_với người_yêu tôi,đồ_ăn ngon đối_với người_yêu
"nó rất sạch sẽ, rộng rãi và đẹp. tất nhiên, nó cũng ngon, quá.",positive,"nó rất sạch_sẽ , rộng_rãi và đẹp . tất_nhiên , nó cũng ngon , quá .","nó rất sạch_sẽ , rộng_rãi và đẹp . tất_nhiên , nó cũng ngon , quá .",sạch_sẽ rộng_rãi đẹp tất_nhiên ngon
"thức ăn ngon, kem ngon, có bãi xe hơi và xe máy tốt",positive,"thức_ăn ngon , kem ngon , có bãi xe_hơi và xe_máy tốt","thức_ăn ngon , kem ngon , có bãi xe_hơi và xe_máy tốt",thức_ăn ngon kem ngon bãi xe_hơi xe_máy
"phần ăn như ảnh, đồ ăn và thức uống của mc thì không bàn cãi, khá ok và vừa vị với đại đa số người dùng. chi nhánh này ngay trung tâm nên dịch vụ phục vụ cũng như nhân viên khá tốt và thân thiện, có các máy order tự động cho mọi người thao tác dễ dàng hơn nếu đông khách có staff hướng dẫn tận tình. view trong và ngoài khá ok có thể nói chuyện cà phê cùng bạn bè cuối tuần, họp mặt và mọi người nhớ giữ bill khi gửi xe nhé 💋",positive,"phần ăn như ảnh , đồ_ăn và thức uống của mc thì không bàn_cãi , khá ok và vừa vị với đại_đa_số người dùng . chi_nhánh này ngay trung_tâm nên dịch_vụ phục_vụ cũng như nhân_viên khá tốt và thân_thiện , có các máy order tự_động cho mọi người thao_tác dễ_dàng hơn nếu đông khách có staff hướng_dẫn tận_tình . view trong và ngoài khá ok có_thể nói_chuyện cà_phê cùng bạn_bè cuối tuần , họp_mặt và mọi người nhớ giữ bill khi gửi xe nhé 💋","phần ăn như ảnh , đồ_ăn và thức uống của mc thì không bàn_cãi , khá ok và vừa vị với đại_đa_số người dùng . chi_nhánh này ngay trung_tâm nên dịch_vụ phục_vụ cũng như nhân_viên khá tốt và thân_thiện , có các máy order tự_động cho mọi người thao_tác dễ_dàng hơn nếu đông khách có staff hướng_dẫn tận_tình . view trong và ngoài khá ok có_thể nói_chuyện cà_phê cùng bạn_bè cuối tuần , họp_mặt và mọi người nhớ giữ bill khi gửi xe nhé :dấu hôn:",ảnh đồ_ăn thức uống mc bàn_cãi ok vị đại_đa_số chi_nhánh trung_tâm dịch_vụ phục_vụ nhân_viên thân_thiện máy order tự_động thao_tác dễ_dàng đông staff hướng_dẫn tận_tình view ok có_thể nói_chuyện cà_phê bạn_bè họp_mặt bill gửi xe :dấu hôn:
"phục vụ nhanh, không gian rộng rãi, sạch sẽ, ưng nhất là chỗ để xe ô tô khá thoải mái 😅",positive,"phục_vụ nhanh , không_gian rộng_rãi , sạch_sẽ , ưng nhất_là chỗ để xe ô_tô khá thoải_mái 😅","phục_vụ nhanh , không_gian rộng_rãi , sạch_sẽ , ưng nhất_là chỗ để xe ô_tô khá thoải_mái :mặt cười đầy mồ hôi:",phục_vụ không_gian rộng_rãi sạch_sẽ ưng nhất_là chỗ xe ô_tô thoải_mái :mặt cười mồ hôi:
order theo cách công tự bấm món. nhanh và dễ,positive,order theo cách công tự bấm món . nhanh và dễ,order theo cách công tự bấm món . nhanh và dễ,order công bấm món
"mcdonald thì mấy bạn khỏi hỏi đồ ăn ra sao rồi hen, chỗ này rộng rãi thoải mái lắm",positive,"mcdonald thì mấy bạn khỏi hỏi đồ_ăn ra sao rồi hen , chỗ này rộng_rãi thoải_mái lắm","mcdonald thì mấy bạn khỏi hỏi đồ_ăn ra sao rồi hen , chỗ này rộng_rãi thoải_mái lắm",mcdonald mấy đồ_ăn hen chỗ rộng_rãi thoải_mái lắm
"đôi khi, nơi này quá ồn ào để ăn vào.",positive,"đôi_khi , nơi này quá ồn_ào để ăn vào .","đôi_khi , nơi này quá ồn_ào để ăn vào .",đôi_khi ồn_ào
mọi thứ khá chuẩn như bạn mong đợi,positive,mọi thứ khá chuẩn như bạn mong_đợi,mọi thứ khá chuẩn như bạn mong_đợi,chuẩn mong_đợi
hamburger ngon,positive,hamburger ngon,hamburger ngon,hamburger ngon
"ngon , chất lượng không đổi",positive,"ngon , chất_lượng không đổi","ngon , chất_lượng không đổi",ngon chất_lượng đổi
"bây giờ là 24 giờ, vì vậy thật tốt khi ăn vào lúc bình minh",positive,"bây_giờ là 24 giờ , vì_vậy thật tốt khi ăn vào lúc bình_minh","bây_giờ là 24 giờ , vì_vậy thật tốt khi ăn vào lúc bình_minh",bây_giờ 24 vì_vậy bình_minh
siêu đông đúc trong bữa trưa thứ sáu,neutral,siêu đông_đúc trong bữa trưa thứ_sáu,siêu đông_đúc trong bữa trưa thứ_sáu,siêu đông_đúc trưa thứ_sáu
bạn muts trả 40.0 vnd cho 2 gói sốt cà chua và bắt đầu. không được chào đón.,negative,bạn muts trả 40.0 vnd cho 2 gói sốt cà_chua và bắt_đầu . không được chào_đón .,bạn muts trả 40.0 vnd cho 2 gói sốt cà_chua và bắt_đầu . không được chào_đón .,muts 40.0 vnd 2 gói sốt cà_chua bắt_đầu chào_đón
"đồ ăn, không gian vẫn ổn nhưng trải nghiệm dịch vụ rất tệ. mình và bạn đi buổi tối ngồi tầng trên vì tầng dưới đã kín người, lúc chuẩn bị ăn xong thay vì nhân viên đến nhắc bọn mình tầng trên gần đến giờ đóng cửa thì ok bọn mình sẵn sàng dọn dẹp đi về vì cơ bản tụi mình không biết giờ đóng lầu trên của chi nhánh này. đằng này không biết bạn nhân viên nào kêu hai bé gái đến chỗ bọn mình rồi nói năng rất mất lịch sự bảo đuổi khách trong khi vẫn còn vài bàn khách gần đó xong lúc bọn mình đang dọn bàn thì có một vài bạn nhân viên vừa dọn dẹp vừa nhìn chằm chằm tụi mình thái độ rất khó chịu. nói chung bọn mình cũng sơ ý không tìm hiểu giờ đóng lầu trên của quán nhưng cách xử lý của quán thiếu tôn trọng thật sự, thay vì nhắc nhở thiện chí thì lại lôi trẻ con ra chửi khách hàng lúc đó ngoài bàn tụi mình ra thì vẫn còn vài bàn của cô chú khác nhưng thay vì nhân viên đến nhắc nhở toàn bộ thì lại chỉ để con nít đến thẳng bàn tụi mình nói năng lớn tiếng đuổi khách hay do thấy bọn mình trẻ nên dễ ăn hiếp với không gian và chất lượng món ăn của một hãng thức ăn nhanh nổi tiếng như vậy mình mong quán xem xét cải thiện lại chất lượng dịch vụ cho xứng đáng để không còn khách hàng nào có trải nghiệm tồi tệ như bị xem thường kiểu này.",negative,"đồ_ăn , không_gian vẫn ổn nhưng trải_nghiệm dịch_vụ rất tệ . mình và bạn đi buổi tối ngồi tầng trên vì tầng dưới đã kín người , lúc chuẩn_bị ăn xong thay_vì nhân_viên đến nhắc bọn mình tầng trên gần đến giờ đóng_cửa thì ok bọn mình sẵn_sàng dọn_dẹp đi về vì cơ_bản tụi mình không biết giờ đóng lầu trên của chi_nhánh này . đằng này không biết bạn nhân_viên nào kêu hai bé gái đến chỗ bọn mình rồi nói_năng rất mất lịch_sự bảo đuổi khách trong khi vẫn còn vài bàn khách gần đó xong lúc bọn mình đang dọn bàn thì có một_vài bạn nhân_viên vừa dọn_dẹp vừa nhìn chằm_chằm tụi mình thái_độ rất khó_chịu . nói_chung bọn mình cũng sơ_ý không tìm_hiểu giờ đóng lầu trên của quán nhưng cách xử_lý của quán thiếu tôn_trọng thật_sự , thay_vì nhắc_nhở thiện_chí thì lại lôi trẻ_con ra chửi khách_hàng lúc đó ngoài bàn tụi mình ra thì vẫn còn vài bàn của cô_chú khác nhưng thay_vì nhân_viên đến nhắc_nhở toàn_bộ thì lại chỉ để con_nít đến thẳng bàn tụi mình nói_năng lớn_tiếng đuổi khách hay do thấy bọn mình trẻ nên dễ ăn_hiếp với không_gian và chất_lượng món ăn của một hãng thức_ăn nhanh nổi_tiếng như_vậy mình mong quán xem_xét cải_thiện lại chất_lượng dịch_vụ cho xứng_đáng để không còn khách_hàng nào có trải_nghiệm tồi_tệ như bị xem_thường kiểu này .","đồ_ăn , không_gian vẫn ổn nhưng trải_nghiệm dịch_vụ rất tệ . mình và bạn đi buổi tối ngồi tầng trên vì tầng dưới đã kín người , lúc chuẩn_bị ăn xong thay_vì nhân_viên đến nhắc bọn mình tầng trên gần đến giờ đóng_cửa thì ok bọn mình sẵn_sàng dọn_dẹp đi về vì cơ_bản tụi mình không biết giờ đóng lầu trên của chi_nhánh này . đằng này không biết bạn nhân_viên nào kêu hai bé gái đến chỗ bọn mình rồi nói_năng rất mất lịch_sự bảo đuổi khách trong khi vẫn còn vài bàn khách gần đó xong lúc bọn mình đang dọn bàn thì có một_vài bạn nhân_viên vừa dọn_dẹp vừa nhìn chằm_chằm tụi mình thái_độ rất khó_chịu . nói_chung bọn mình cũng sơ_ý không tìm_hiểu giờ đóng lầu trên của quán nhưng cách xử_lý của quán thiếu tôn_trọng thật_sự , thay_vì nhắc_nhở thiện_chí thì lại lôi trẻ_con ra chửi khách_hàng lúc đó ngoài bàn tụi mình ra thì vẫn còn vài bàn của cô_chú khác nhưng thay_vì nhân_viên đến nhắc_nhở toàn_bộ thì lại chỉ để con_nít đến thẳng bàn tụi mình nói_năng lớn_tiếng đuổi khách hay do thấy bọn mình trẻ nên dễ ăn_hiếp với không_gian và chất_lượng món ăn của một hãng thức_ăn nhanh nổi_tiếng như_vậy mình mong quán xem_xét cải_thiện lại chất_lượng dịch_vụ cho xứng_đáng để không còn khách_hàng nào có trải_nghiệm tồi_tệ như bị xem_thường kiểu này .",đồ_ăn không_gian ổn trải_nghiệm dịch_vụ tệ tối tầng tầng kín chuẩn_bị xong thay_vì nhân_viên nhắc bọn tầng đóng_cửa ok bọn sẵn_sàng dọn_dẹp cơ_bản tụi đóng lầu chi_nhánh đằng nhân_viên kêu hai bé gái chỗ bọn nói_năng lịch_sự bảo đuổi bàn xong bọn dọn bàn một_vài nhân_viên dọn_dẹp chằm_chằm tụi thái_độ khó_chịu nói_chung bọn sơ_ý tìm_hiểu đóng lầu quán xử_lý quán tôn_trọng thay_vì nhắc_nhở thiện_chí lôi trẻ_con chửi khách_hàng bàn tụi bàn cô_chú thay_vì nhân_viên nhắc_nhở toàn_bộ con_nít thẳng bàn tụi nói_năng lớn_tiếng đuổi bọn trẻ ăn_hiếp không_gian chất_lượng món hãng thức_ăn nổi_tiếng như_vậy mong quán xem_xét cải_thiện chất_lượng dịch_vụ xứng_đáng khách_hàng trải_nghiệm tồi_tệ xem_thường
đồ ăn hợp khẩu vị không gian thoáng mát,positive,đồ_ăn hợp_khẩu vị không_gian thoáng mát,đồ_ăn hợp_khẩu vị không_gian thoáng mát,đồ_ăn hợp_khẩu vị không_gian thoáng mát
"đồ ăn ngon, quán có máy lạnh mà ngồi gần cửa nóng mún xĩu, muốn đổi chỗ khác ngồi thì không còn chỗ",positive,"đồ_ăn ngon , quán có máy_lạnh mà ngồi gần cửa nóng mún xĩu , muốn đổi chỗ khác ngồi thì không còn chỗ","đồ_ăn ngon , quán có máy_lạnh mà ngồi gần cửa nóng mún xĩu , muốn đổi chỗ khác ngồi thì không còn chỗ",đồ_ăn ngon quán máy_lạnh cửa nóng mún xĩu đổi chỗ chỗ
chuyên nghiệp,positive,chuyên_nghiệp,chuyên_nghiệp,chuyên_nghiệp
"thương hiệu nước ngoài phục vụ chuyên nghiệp, nhanh chóng món ăn ngon, phù hợp với trẻ nhỏ và người lớn thích đồ ăn nhanh",positive,"thương_hiệu nước_ngoài phục_vụ chuyên_nghiệp , nhanh_chóng món ăn ngon , phù_hợp với trẻ nhỏ và người_lớn thích đồ_ăn nhanh","thương_hiệu nước_ngoài phục_vụ chuyên_nghiệp , nhanh_chóng món ăn ngon , phù_hợp với trẻ nhỏ và người_lớn thích đồ_ăn nhanh",thương_hiệu nước_ngoài phục_vụ chuyên_nghiệp nhanh_chóng món ngon phù_hợp trẻ người_lớn đồ_ăn
"đúng miếng ăn là miếng nhục vào mua mang về nhân viên lấy tiền xong kệ mẹ khách không nói một câu nào làm đợi hơn một tiếng đồng hồ nghĩ khách đông món không ra kịp đợi lâu quá lại hỏi mới biết phải đưa hoá đơn cho nhân viên khu vực bếp mới lấy được món ăn, một hãng lớn mà quá ngu xuẩn không đào tạo nổi cách nhân viên hướng dẫn khách hàng ư. một buổi tối tồi tệ và đầy ấm ức",negative,"đúng miếng ăn là miếng nhục vào mua mang về nhân_viên lấy tiền xong kệ mẹ khách không nói một câu nào làm đợi hơn một tiếng đồng_hồ nghĩ khách đông món không ra kịp đợi lâu quá lại hỏi mới biết phải đưa hoá_đơn cho nhân_viên khu_vực bếp mới lấy được món ăn , một hãng lớn mà quá ngu_xuẩn không đào_tạo nổi cách nhân_viên hướng_dẫn khách_hàng ư . một buổi tối tồi_tệ và đầy ấm_ức","đúng miếng ăn là miếng nhục vào mua mang về nhân_viên lấy tiền xong kệ mẹ khách không nói một câu nào làm đợi hơn một tiếng đồng_hồ nghĩ khách đông món không ra kịp đợi lâu quá lại hỏi mới biết phải đưa hoá_đơn cho nhân_viên khu_vực bếp mới lấy được món ăn , một hãng lớn mà quá ngu_xuẩn không đào_tạo nổi cách nhân_viên hướng_dẫn khách_hàng ư . một buổi tối tồi_tệ và đầy ấm_ức",miếng miếng nhục mua nhân_viên tiền xong kệ câu đợi tiếng đồng_hồ đông món kịp đợi hoá_đơn nhân_viên khu_vực bếp món hãng ngu_xuẩn đào_tạo nổi nhân_viên hướng_dẫn khách_hàng tối tồi_tệ ấm_ức
"đồ ăn ngon đúng với thương hiệu, không gian thoáng rộng, phục vụ nhiệt tình",positive,"đồ_ăn ngon đúng với thương_hiệu , không_gian thoáng rộng , phục_vụ nhiệt_tình","đồ_ăn ngon đúng với thương_hiệu , không_gian thoáng rộng , phục_vụ nhiệt_tình",đồ_ăn ngon thương_hiệu không_gian thoáng rộng phục_vụ nhiệt_tình
"nhà vệ sinh hơi dơ và mùi, cần cải thiện",positive,"nhà_vệ_sinh hơi dơ và mùi , cần cải_thiện","nhà_vệ_sinh hơi dơ và mùi , cần cải_thiện",nhà_vệ_sinh hơi dơ mùi cải_thiện
"phòng thiết kế tối giản, giường rộng sạch sẽ, mình đặt phòng nhỏ nhưng rất đầy đủ tiện nghi, bonus anh lễ tân thân thiện chu đáo.",positive,"phòng thiết_kế tối_giản , giường rộng sạch_sẽ , mình đặt phòng nhỏ nhưng rất đầy_đủ tiện_nghi , bonus anh lễ_tân thân_thiện chu_đáo .","phòng thiết_kế tối_giản , giường rộng sạch_sẽ , mình đặt phòng nhỏ nhưng rất đầy_đủ tiện_nghi , bonus anh lễ_tân thân_thiện chu_đáo .",phòng thiết_kế tối_giản giường rộng sạch_sẽ phòng đầy_đủ tiện_nghi bonus lễ_tân thân_thiện chu_đáo
"ăn cũng tạm được, cũng như các thương hiệu gà khác. nhưng dịch vụ và không gian quán thì ok thôi rồi.",positive,"ăn cũng tạm được , cũng như các thương_hiệu gà khác . nhưng dịch_vụ và không_gian quán thì ok thôi rồi .","ăn cũng tạm được , cũng như các thương_hiệu gà khác . nhưng dịch_vụ và không_gian quán thì ok thôi rồi .",tạm thương_hiệu gà dịch_vụ không_gian quán ok
được rồi,positive,được rồi,được rồi,
"thức uống được,",positive,"thức uống được ,","thức uống được ,",thức uống
24 giờ được khuyến khích mở,positive,24 giờ được khuyến_khích mở,24 giờ được khuyến_khích mở,24 khuyến_khích
"vị trí thuận tiện hẹn hò gặp gỡ, nhiều chổ đậu xe ô tô và xe 2 bánh tải app mcdonald để nhận thông báo khuyến mãi",neutral,"vị_trí thuận_tiện hẹn_hò gặp_gỡ , nhiều chổ đậu xe ô_tô và xe 2 bánh tải app mcdonald để nhận thông_báo khuyến_mãi","vị_trí thuận_tiện hẹn_hò gặp_gỡ , nhiều chổ đậu xe ô_tô và xe 2 bánh tải app mcdonald để nhận thông_báo khuyến_mãi",vị_trí thuận_tiện hẹn_hò gặp_gỡ chổ đậu xe ô_tô xe 2 bánh tải app mcdonald thông_báo khuyến_mãi
phòng tắm quá bẩn,neutral,phòng tắm quá bẩn,phòng tắm quá bẩn,phòng tắm bẩn
"không gian rộng rãi, thoáng mát, sạch sẽ và view đẹp . nằm ngay vòng xuyên đi ra quận 1. trong cửa hàng, nhiều máy tự order và thanh toán nên rất thuận tiện cho khách hàng lựa chọn món một cách nhanh chóng. và bên mc donalds đang có chương trình khuyến mãi cho các bạn lần đầu tải app của hãng về sẽ tặng một phần gà và khoai tây chiên nhỏ. gà giòn, trong mềm, mình chọn vị cay ăn cũng tạm ổn theo cảm nhận của cá nhân mình. kem ở đây thì mình không thích vị này cho lắm. app đang có rất nhiều chương trình khuyến mãi và có nhiều combo cho các bạn lựa chọn. lẹ tay đi ăn thôi nhé mọi người",positive,"không_gian rộng_rãi , thoáng mát , sạch_sẽ và view đẹp . nằm ngay vòng xuyên đi ra quận 1 . trong cửa_hàng , nhiều máy tự order và thanh_toán nên rất thuận_tiện cho khách_hàng lựa_chọn món một_cách nhanh_chóng . và bên mc donalds đang có chương_trình khuyến_mãi cho các bạn lần đầu tải app của hãng về sẽ tặng một phần gà và khoai_tây chiên nhỏ . gà giòn , trong mềm , mình chọn vị cay ăn cũng tạm ổn theo cảm_nhận của cá_nhân mình . kem ở đây thì mình không thích vị này cho lắm . app đang có rất nhiều chương_trình khuyến_mãi và có nhiều combo cho các bạn lựa_chọn . lẹ tay đi ăn thôi nhé mọi người","không_gian rộng_rãi , thoáng mát , sạch_sẽ và view đẹp . nằm ngay vòng xuyên đi ra quận 1 . trong cửa_hàng , nhiều máy tự order và thanh_toán nên rất thuận_tiện cho khách_hàng lựa_chọn món một_cách nhanh_chóng . và bên mc donalds đang có chương_trình khuyến_mãi cho các bạn lần đầu tải app của hãng về sẽ tặng một phần gà và khoai_tây chiên nhỏ . gà giòn , trong mềm , mình chọn vị cay ăn cũng tạm ổn theo cảm_nhận của cá_nhân mình . kem ở đây thì mình không thích vị này cho lắm . app đang có rất nhiều chương_trình khuyến_mãi và có nhiều combo cho các bạn lựa_chọn . lẹ tay đi ăn thôi nhé mọi người",không_gian rộng_rãi thoáng mát sạch_sẽ view đẹp nằm vòng xuyên 1 cửa_hàng máy order thanh_toán thuận_tiện khách_hàng lựa_chọn món một_cách nhanh_chóng mc donalds chương_trình khuyến_mãi tải app hãng tặng gà khoai_tây chiên gà giòn mềm vị cay tạm ổn cảm_nhận cá_nhân kem vị lắm app chương_trình khuyến_mãi combo lựa_chọn lẹ
"dịch vụ khách hàng khủng khiếp. tôi đã đến đó để đến icecream đêm qua với người phụ nữ của tôi và đặt mua oreos icecream nhưng các nhân viên đáng ngạc nhiên nói rằng họ không có cốc nhựa cho nó chỉ là cốc nhựa cho icecream tiêu chuẩn. khi tôi hỏi về điều này, họ nói đùa rằng cốc nhựa của tôi ở trong đại dương. nhân viên được đào tạo kém.",negative,"dịch_vụ khách_hàng khủng_khiếp . tôi đã đến đó để đến icecream đêm qua với người phụ_nữ của tôi và đặt mua oreos icecream nhưng các nhân_viên đáng ngạc_nhiên nói rằng họ không có cốc nhựa cho nó chỉ là cốc nhựa cho icecream tiêu_chuẩn . khi tôi hỏi về điều này , họ nói đùa rằng cốc nhựa của tôi ở trong đại_dương . nhân_viên được đào_tạo kém .","dịch_vụ khách_hàng khủng_khiếp . tôi đã đến đó để đến icecream đêm qua với người phụ_nữ của tôi và đặt mua oreos icecream nhưng các nhân_viên đáng ngạc_nhiên nói rằng họ không có cốc nhựa cho nó chỉ là cốc nhựa cho icecream tiêu_chuẩn . khi tôi hỏi về điều này , họ nói đùa rằng cốc nhựa của tôi ở trong đại_dương . nhân_viên được đào_tạo kém .",dịch_vụ khách_hàng khủng_khiếp icecream phụ_nữ mua oreos icecream nhân_viên ngạc_nhiên cốc nhựa cốc nhựa icecream tiêu_chuẩn đùa cốc nhựa đại_dương nhân_viên đào_tạo kém
cánh gà rất ngon. hamb nhiều sốt quá nên hơi chua.,positive,cánh_gà rất ngon . hamb nhiều sốt quá nên hơi chua .,cánh_gà rất ngon . hamb nhiều sốt quá nên hơi chua .,cánh_gà ngon hamb sốt hơi chua
rất nhiều máy bán hàng tự động,positive,rất nhiều máy bán hàng tự_động,rất nhiều máy bán hàng tự_động,máy hàng tự_động
"địa điểm.tập trung quen thuọc của dân biker đi chơi xa. chỗ giữ xe rộng rãi, sẵn do an nuoc uong và chỗ đi với",positive,"địa điểm.tập trung quen thuọc của dân biker đi chơi xa . chỗ giữ xe rộng_rãi , sẵn do an nuoc uong và chỗ đi với","địa điểm.tập trung quen thuọc của dân biker đi chơi xa . chỗ giữ xe rộng_rãi , sẵn do an nuoc uong và chỗ đi với",địa điểm.tập trung quen thuọc dân biker chỗ xe rộng_rãi sẵn an nuoc uong chỗ
tên,positive,tên,tên,
các nhân viên rất hữu ích và đặt hàng dễ dàng với nhiều lựa chọn chỗ ngồi. nhưng omg phòng vệ sinh là rất khó chịu.,neutral,các nhân_viên rất hữu_ích và đặt_hàng dễ_dàng với nhiều lựa_chọn chỗ ngồi . nhưng omg phòng_vệ sinh là rất khó_chịu .,các nhân_viên rất hữu_ích và đặt_hàng dễ_dàng với nhiều lựa_chọn chỗ ngồi . nhưng omg phòng_vệ sinh là rất khó_chịu .,nhân_viên hữu_ích đặt_hàng dễ_dàng lựa_chọn chỗ omg phòng_vệ sinh khó_chịu
"còn chỗ để ô tô mà bảo vệ vẫn để vật chắn để giữ xe ngoài lấy tiền. vì khách vô ăn không được lấy tiền giữ xe nên không cho để xe vô ăn, mình phải quay 1 vòng mua đem về. nhân viên trong quầy thì ok",negative,"còn chỗ để ô_tô mà bảo_vệ vẫn để vật chắn để giữ xe ngoài lấy tiền . vì khách vô ăn không được lấy tiền giữ xe nên không cho để xe vô ăn , mình phải quay 1 vòng mua đem về . nhân_viên trong quầy thì ok","còn chỗ để ô_tô mà bảo_vệ vẫn để vật chắn để giữ xe ngoài lấy tiền . vì khách vô ăn không được lấy tiền giữ xe nên không cho để xe vô ăn , mình phải quay 1 vòng mua đem về . nhân_viên trong quầy thì ok",chỗ ô_tô bảo_vệ vật chắn xe tiền vô tiền xe xe vô 1 vòng mua đem nhân_viên quầy ok
"lần thứ 2 mình nhận đơn thiếu rồi nha. đặt gà mà không có gà, chỉ có khoai tây thì ăn sao đây mcdonalds dakao",negative,"lần thứ 2 mình nhận đơn thiếu rồi nha . đặt gà mà không có gà , chỉ có khoai_tây thì ăn sao đây mcdonalds dakao","lần thứ 2 mình nhận đơn thiếu rồi nha . đặt gà mà không có gà , chỉ có khoai_tây thì ăn sao đây mcdonalds dakao",2 đơn nha gà gà khoai_tây mcdonalds dakao
"cơ sở phải được mở 247. chúng tôi đến từ một thành phố khác, chúng tôi muốn uống cà phê lúc 5 giờ sáng. chúng tôi đã bị đuổi ra và nói rằng họ sẽ dọn dẹp đến 7 giờ sáng.",negative,"cơ_sở phải được mở 247 . chúng_tôi đến từ một thành_phố khác , chúng_tôi muốn uống cà_phê lúc 5 giờ sáng . chúng_tôi đã bị đuổi ra và nói rằng họ sẽ dọn_dẹp đến 7 giờ sáng .","cơ_sở phải được mở 247 . chúng_tôi đến từ một thành_phố khác , chúng_tôi muốn uống cà_phê lúc 5 giờ sáng . chúng_tôi đã bị đuổi ra và nói rằng họ sẽ dọn_dẹp đến 7 giờ sáng .",cơ_sở 247 chúng_tôi thành_phố chúng_tôi uống cà_phê 5 chúng_tôi đuổi dọn_dẹp 7
thức ăn ngon. nhưng wc ô uế.,neutral,thức_ăn ngon . nhưng wc ô_uế .,thức_ăn ngon . nhưng wc ô_uế .,thức_ăn ngon wc ô_uế
style fast food nên khá đông đúc. ăn bằng tay không có muỗng nĩa. gà cay khá cay với các bé.,positive,style fast food nên khá đông_đúc . ăn bằng tay không có muỗng nĩa . gà cay khá cay với các bé .,style fast food nên khá đông_đúc . ăn bằng tay không có muỗng nĩa . gà cay khá cay với các bé .,style fast food đông_đúc muỗng nĩa gà cay cay bé
còn phải nói gì nữa seo 😄,positive,còn_phải_nói gì nữa seo 😄,còn_phải_nói gì nữa seo :khuôn mặt cười toe toét với đôi mắt cười:,còn_phải_nói seo :khuôn mặt cười toe toét đôi mắt cười:
google,positive,google,google,google
an ngon,positive,an ngon,an ngon,an ngon
"nhân viên nhanh nhẹn, có món ăn rất nhanh",positive,"nhân_viên nhanh_nhẹn , có món ăn rất nhanh","nhân_viên nhanh_nhẹn , có món ăn rất nhanh",nhân_viên nhanh_nhẹn món
"sạch sẽ, ok",positive,"sạch_sẽ , ok","sạch_sẽ , ok",sạch_sẽ ok
chất lượng thực phẩm khủng khiếp. vô cùng ồn ào. nhà vệ sinh ướt và bẩn. không thể tin rằng mc donald có thể là điều tồi tệ này không có lý do để ở đây một lần nữa.,negative,chất_lượng thực_phẩm khủng_khiếp . vô_cùng ồn_ào . nhà_vệ_sinh ướt và bẩn . không_thể tin rằng mc donald có_thể là điều tồi_tệ này không có lý_do để ở đây một lần nữa .,chất_lượng thực_phẩm khủng_khiếp . vô_cùng ồn_ào . nhà_vệ_sinh ướt và bẩn . không_thể tin rằng mc donald có_thể là điều tồi_tệ này không có lý_do để ở đây một lần nữa .,chất_lượng thực_phẩm khủng_khiếp vô_cùng ồn_ào nhà_vệ_sinh ướt bẩn không_thể mc donald có_thể tồi_tệ lý_do
"không phải 24h, nhà bếp đóng cửa lúc 12 giờ",negative,"không phải 24h , nhà_bếp đóng_cửa lúc 12 giờ","không phải 24h , nhà_bếp đóng_cửa lúc 12 giờ",24h nhà_bếp đóng_cửa 12
bao bì của bạn chỉ là sự kinh tởm động vật sẽ ăn thực phẩm này bạn cần để thuê những người có thể làm một công việc rất đơn giản mà doanh nghiệp của bạn có quản lý rất kém nếu tôi có thể cho bạn những ngôi sao tôi sẽ xứng đáng với 0 sao,negative,bao_bì của bạn chỉ là sự kinh_tởm động_vật sẽ ăn thực_phẩm này bạn cần để thuê những người có_thể làm một công_việc rất đơn_giản mà doanh_nghiệp của bạn có quản_lý rất kém nếu tôi có_thể cho bạn những ngôi_sao tôi sẽ xứng_đáng với 0 sao,bao_bì của bạn chỉ là sự kinh_tởm động_vật sẽ ăn thực_phẩm này bạn cần để thuê những người có_thể làm một công_việc rất đơn_giản mà doanh_nghiệp của bạn có quản_lý rất kém nếu tôi có_thể cho bạn những ngôi_sao tôi sẽ xứng_đáng với 0 sao,bao_bì kinh_tởm động_vật thực_phẩm thuê có_thể công_việc đơn_giản doanh_nghiệp quản_lý kém có_thể ngôi_sao xứng_đáng 0
tiêu chuân mcdonalds.,positive,tiêu chuân mcdonalds .,tiêu chuân mcdonalds .,tiêu chuân mcdonalds
không được mát lắm,neutral,không được mát lắm,không được mát lắm,mát lắm
dịch vụ tốt 👍,positive,dịch_vụ tốt 👍,dịch_vụ tốt :thích:,dịch_vụ :thích:
"khi oder tại máy mình có hỏi nhân viên là xuất hoá đơn rồi đem voucher tặng burger đến quầy áp dụng đúng kh, chị nhân viên đó bảo dạ. nhưng khi mình đem đến quầy thì chị nhân viên khác lại bảo là không áp dụng cho mình, nhưng voucher kem thì được làm việc chán 😏",negative,"khi oder tại máy mình có hỏi nhân_viên là xuất hoá_đơn rồi đem voucher tặng burger đến quầy áp_dụng đúng kh , chị nhân_viên đó bảo dạ . nhưng khi mình đem đến quầy thì chị nhân_viên khác lại bảo là không áp_dụng cho mình , nhưng voucher kem thì được làm_việc chán 😏","khi oder tại máy mình có hỏi nhân_viên là xuất hoá_đơn rồi đem voucher tặng burger đến quầy áp_dụng đúng kh , chị nhân_viên đó bảo dạ . nhưng khi mình đem đến quầy thì chị nhân_viên khác lại bảo là không áp_dụng cho mình , nhưng voucher kem thì được làm_việc chán :mặt nhếch mép:",oder máy nhân_viên xuất hoá_đơn đem voucher tặng burger quầy áp_dụng kh nhân_viên bảo đem quầy nhân_viên bảo áp_dụng voucher kem làm_việc chán :mặt nhếch mép:
vô quán ắn với uống coffee mà ngồi từ lúc ăn đến lúc về chả thấy nhân viên dọn bàn. bà ghế luôn trong tình trạng nhết nhác. hôm nay 185 tôi lại ra nơi quen thuộc và mọi thứ xung quanh tôi lại toàn là rác và rác. hơn 30 phút rồi mà mọi thứ vẫn không có sự thay đổi,negative,vô quán ắn với uống coffee mà ngồi từ lúc ăn đến lúc về chả thấy nhân_viên dọn bàn . bà ghế luôn trong tình_trạng nhết nhác . hôm_nay 185 tôi lại ra nơi quen_thuộc và mọi thứ xung_quanh tôi lại toàn là rác và rác . hơn 30 phút rồi mà mọi thứ vẫn không có sự thay_đổi,vô quán ắn với uống coffee mà ngồi từ lúc ăn đến lúc về chả thấy nhân_viên dọn bàn . bà ghế luôn trong tình_trạng nhết nhác . hôm_nay 185 tôi lại ra nơi quen_thuộc và mọi thứ xung_quanh tôi lại toàn là rác và rác . hơn 30 phút rồi mà mọi thứ vẫn không có sự thay_đổi,vô quán ắn uống coffee chả nhân_viên dọn bàn ghế tình_trạng nhết nhác hôm_nay 185 quen_thuộc xung_quanh toàn rác rác 30 phút thay_đổi
"tiện lợi, nhanh chóng nhưng hơi bẩn",positive,"tiện_lợi , nhanh_chóng nhưng hơi bẩn","tiện_lợi , nhanh_chóng nhưng hơi bẩn",tiện_lợi nhanh_chóng hơi bẩn
có khu trẻ em,positive,có khu trẻ_em,có khu trẻ_em,khu trẻ_em
địa điểm thoải mái,positive,địa_điểm thoải_mái,địa_điểm thoải_mái,địa_điểm thoải_mái
hiện đại và hỗ trợ đồ ăn rất nhanh,positive,hiện_đại và hỗ_trợ đồ_ăn rất nhanh,hiện_đại và hỗ_trợ đồ_ăn rất nhanh,hiện_đại hỗ_trợ đồ_ăn
"mcdonald ở hcm trước giờ mình chỉ tới đây thui, đồ ăn và phục vụ mọi thứ đều rất tốt. điểm cộng to bự là anh chị nhân viên siêu nhiệt tình và dễ thương luôn.",positive,"mcdonald ở hcm trước giờ mình chỉ tới đây thui , đồ_ăn và phục_vụ mọi thứ đều rất tốt . điểm cộng to bự là anh_chị nhân_viên siêu nhiệt_tình và dễ_thương luôn .","mcdonald ở hcm trước giờ mình chỉ tới đây thui , đồ_ăn và phục_vụ mọi thứ đều rất tốt . điểm cộng to bự là anh_chị nhân_viên siêu nhiệt_tình và dễ_thương luôn .",mcdonald hcm thui đồ_ăn phục_vụ cộng to bự anh_chị nhân_viên siêu nhiệt_tình dễ_thương
khó cưỡng lại việc dừng lại để giảm 50 mac lớn.,positive,khó cưỡng lại việc dừng lại để giảm 50 mac lớn .,khó cưỡng lại việc dừng lại để giảm 50 mac lớn .,cưỡng dừng 50 mac
"mc donald đông đúc, điển hình, nhiều loại đồ uống, đặt hàng thuận tiện, nhiều bàn và tầm nhìn rộng rãi, rộng rãi tại vòng dbp, mở 247 tốt cho đêm khuya đi chơi,",positive,"mc donald đông_đúc , điển_hình , nhiều loại đồ uống , đặt_hàng thuận_tiện , nhiều bàn và tầm nhìn rộng_rãi , rộng_rãi tại vòng dbp , mở 247 tốt cho đêm khuya đi chơi ,","mc donald đông_đúc , điển_hình , nhiều loại đồ uống , đặt_hàng thuận_tiện , nhiều bàn và tầm nhìn rộng_rãi , rộng_rãi tại vòng dbp , mở 247 tốt cho đêm khuya đi chơi ,",mc donald đông_đúc điển_hình đồ uống đặt_hàng thuận_tiện bàn tầm rộng_rãi rộng_rãi vòng dbp 247 khuya
"khuôn viên rộng rãi, thoáng mát. phục vụ nhanh. mình đặc biệt thích ngồi trên 🚗 đặt hàng mà không phải xuống xe",positive,"khuôn_viên rộng_rãi , thoáng mát . phục_vụ nhanh . mình đặc_biệt thích ngồi trên 🚗 đặt_hàng mà không phải xuống xe","khuôn_viên rộng_rãi , thoáng mát . phục_vụ nhanh . mình đặc_biệt thích ngồi trên :ô tô: đặt_hàng mà không phải xuống xe",khuôn_viên rộng_rãi thoáng mát phục_vụ đặc_biệt :ô tô: đặt_hàng xe
ok...nhanh,positive,ok...nhanh,ok...nhanh,ok...nhanh
"mình đi ăn ở đây cũng mấy lần rồi ,hôm nay đi ăn mình có mặc đồ hơi bần một xíu, lúc ra về mình có lỡ đá trúng cái bảng cấm do đang nch với chị đi cùng mình, mấy bạn nhân viên thấy mà không có ai lại hỏi han gì hết, mấy bạn đứng đơ ra luôn, mình cũng đơ luôn 5s rồi tự nhặt lên đưa lại bạn nv, bill mình ăn cũng không có bao nhiêu hết mà thái độ quá tệ, sẽ không có lần nào mình đi ăn tại mc donalds nữa, thái độ nhân viên quá tệ",negative,"mình đi ăn_ở đây cũng mấy lần rồi , hôm_nay đi ăn mình có mặc đồ hơi bần một xíu , lúc ra về mình có lỡ đá trúng cái bảng cấm do đang nch với chị đi cùng mình , mấy bạn nhân_viên thấy mà không có ai_lại hỏi_han gì hết , mấy bạn đứng đơ ra luôn , mình cũng đơ luôn 5s rồi tự nhặt lên đưa lại bạn nv , bill mình ăn cũng không có bao_nhiêu hết mà thái_độ quá tệ , sẽ không có lần nào mình đi ăn tại mc donalds nữa , thái_độ nhân_viên quá tệ","mình đi ăn_ở đây cũng mấy lần rồi , hôm_nay đi ăn mình có mặc đồ hơi bần một xíu , lúc ra về mình có lỡ đá trúng cái bảng cấm do đang nch với chị đi cùng mình , mấy bạn nhân_viên thấy mà không có ai_lại hỏi_han gì hết , mấy bạn đứng đơ ra luôn , mình cũng đơ luôn 5s rồi tự nhặt lên đưa lại bạn nv , bill mình ăn cũng không có bao_nhiêu hết mà thái_độ quá tệ , sẽ không có lần nào mình đi ăn tại mc donalds nữa , thái_độ nhân_viên quá tệ",ăn_ở mấy hôm_nay mặc đồ hơi bần xíu lỡ đá trúng bảng cấm nch mấy nhân_viên ai_lại hỏi_han mấy đứng đơ đơ 5s nhặt nv bill bao_nhiêu thái_độ tệ mc donalds thái_độ nhân_viên tệ
quá tệ ngoài cái mác mcdonals,negative,quá tệ ngoài cái mác mcdonals,quá tệ ngoài cái mác mcdonals,tệ mác mcdonals
"nhà hàng rộng rải nhiều món gà ngon, và cafe ngon, bãi xe rộng rải",neutral,"nhà_hàng rộng rải nhiều món gà ngon , và cafe ngon , bãi xe rộng rải","nhà_hàng rộng rải nhiều món gà ngon , và cafe ngon , bãi xe rộng rải",nhà_hàng rộng rải món gà ngon cafe ngon bãi xe rộng rải
địa điểm tập trung của anh em moto,positive,địa_điểm tập_trung của anh_em moto,địa_điểm tập_trung của anh_em moto,địa_điểm tập_trung anh_em moto
đậu xe hơi. thoải mai mat mẻ,positive,đậu xe_hơi . thoải mai mat mẻ,đậu xe_hơi . thoải mai mat mẻ,đậu xe_hơi thoải mai mat mẻ
rất khuyến khích,positive,rất khuyến_khích,rất khuyến_khích,khuyến_khích
"đó là mac làm. dịch vụ là tuyệt vời. chúng nhanh và hiệu quả. tôi không tìm thấy nữa. sau đó, đó là mac làm. không có gì đặc biệt để nói.",neutral,"đó là mac làm . dịch_vụ là tuyệt_vời . chúng nhanh và hiệu_quả . tôi không tìm thấy nữa . sau đó , đó là mac làm . không có gì đặc_biệt để nói .","đó là mac làm . dịch_vụ là tuyệt_vời . chúng nhanh và hiệu_quả . tôi không tìm thấy nữa . sau đó , đó là mac làm . không có gì đặc_biệt để nói .",mac dịch_vụ tuyệt_vời hiệu_quả mac đặc_biệt
phục vụ nhanh,positive,phục_vụ nhanh,phục_vụ nhanh,phục_vụ
ý kiến nhiều người đang đứng xếp hàng chờ thanh toán.có vài người vô ý thức chen lên tính tiền trước.vậy mà nv kg nói gì vẫn tính tiền cho người đến sau.đề nghị nv xem lại nhé,positive,ý_kiến nhiều người đang đứng xếp_hàng chờ thanh toán.có vài người vô_ý_thức chen lên tính tiền trước.vậy mà nv kg nói gì vẫn tính tiền cho người đến sau.đề nghị nv xem_lại nhé,ý_kiến nhiều người đang đứng xếp_hàng chờ thanh toán.có vài người vô_ý_thức chen lên tính tiền trước.vậy mà nv kg nói gì vẫn tính tiền cho người đến sau.đề nghị nv xem_lại nhé,ý_kiến đứng xếp_hàng chờ toán.có vô_ý_thức chen tiền trước.vậy nv kg tiền sau.đề nghị nv xem_lại
"một cốc mc cafe, một buổi sáng tuyệt vời, 👍👍👍",positive,"một cốc mc cafe , một buổi sáng tuyệt_vời , 👍👍👍","một cốc mc cafe , một buổi sáng tuyệt_vời , :thích::thích::thích:",cốc mc cafe tuyệt_vời :thích::thích::thích:
ngonn,positive,ngonn,ngonn,ngonn
"nơi này đã tốt hơn. thiếu nhân viên gây ra thiếu dịch vụ đàng hoàng như rót nước, làm sạch.",neutral,"nơi này đã tốt hơn . thiếu nhân_viên gây ra thiếu dịch_vụ đàng_hoàng như rót nước , làm sạch .","nơi này đã tốt hơn . thiếu nhân_viên gây ra thiếu dịch_vụ đàng_hoàng như rót nước , làm sạch .",nhân_viên dịch_vụ đàng_hoàng rót sạch
"quán có chỗ đậu xe máy và cả oto miễn phí nếu gọi đồ ăn trong quán, lúc mình tới thì quán rất đông khách. có màn hình cảm ứng gọi món tính tiền, hoặc mua và thanh toán tại quầy, có thể nhận đồ ăn tại quầy hoặc nhân viên bưng ra.",positive,"quán có chỗ đậu xe_máy và cả oto miễn_phí nếu gọi đồ_ăn trong quán , lúc mình tới thì quán rất đông khách . có màn_hình cảm_ứng gọi món tính tiền , hoặc mua và thanh_toán tại quầy , có_thể nhận đồ_ăn tại quầy hoặc nhân_viên bưng ra .","quán có chỗ đậu xe_máy và cả oto miễn_phí nếu gọi đồ_ăn trong quán , lúc mình tới thì quán rất đông khách . có màn_hình cảm_ứng gọi món tính tiền , hoặc mua và thanh_toán tại quầy , có_thể nhận đồ_ăn tại quầy hoặc nhân_viên bưng ra .",quán chỗ đậu xe_máy oto miễn_phí gọi đồ_ăn quán quán đông màn_hình cảm_ứng gọi món tiền mua thanh_toán quầy có_thể đồ_ăn quầy nhân_viên bưng
"không gian rộng rãi thoáng mát,có nhiều chỗ đậu xe hơi,thích hợp tổ chức sinh nhật cho trẻ em",positive,"không_gian rộng_rãi thoáng mát , có nhiều chỗ đậu xe_hơi , thích_hợp tổ_chức sinh_nhật cho trẻ_em","không_gian rộng_rãi thoáng mát , có nhiều chỗ đậu xe_hơi , thích_hợp tổ_chức sinh_nhật cho trẻ_em",không_gian rộng_rãi thoáng mát chỗ đậu xe_hơi thích_hợp tổ_chức sinh_nhật trẻ_em
khá rộng 1 tầng. có nhiều máy tự order. có nhiều chỗ ngồi,positive,khá rộng 1 tầng . có nhiều máy tự order . có nhiều chỗ ngồi,khá rộng 1 tầng . có nhiều máy tự order . có nhiều chỗ ngồi,rộng 1 tầng máy order chỗ
"mang đồ ăn ra cho khách, không lần nào đủ món trên hoá đơn. khách phải tự đi lấy món thiếu, bánh mỳ ngọt không làm nóng cho khách. nhân viên mang đồ ăn đến cũng không lấy món cho khách, để khách tự đi",negative,"mang đồ_ăn ra cho khách , không lần nào đủ món trên hoá_đơn . khách phải tự đi lấy món thiếu , bánh mỳ ngọt không làm nóng cho khách . nhân_viên mang đồ_ăn đến cũng không lấy món cho khách , để khách tự đi","mang đồ_ăn ra cho khách , không lần nào đủ món trên hoá_đơn . khách phải tự đi lấy món thiếu , bánh mỳ ngọt không làm nóng cho khách . nhân_viên mang đồ_ăn đến cũng không lấy món cho khách , để khách tự đi",đồ_ăn món hoá_đơn món bánh mỳ nóng nhân_viên đồ_ăn món
như bao cửa hàng mcdonalds khác. khác biệt lớn là điềm mọi người tập trung truớc khi đi tour.,positive,như bao cửa_hàng mcdonalds khác . khác_biệt lớn là điềm mọi người tập_trung truớc khi đi tour .,như bao cửa_hàng mcdonalds khác . khác_biệt lớn là điềm mọi người tập_trung truớc khi đi tour .,bao cửa_hàng mcdonalds khác_biệt điềm tập_trung truớc tour
cơm mắm tỏi gà cay siêu ngon. tải app sẽ có khuyến mãi nhưng đi ăn theo nhóm lợi hơn,positive,cơm mắm tỏi_gà cay siêu ngon . tải app sẽ có khuyến_mãi nhưng đi ăn_theo nhóm lợi hơn,cơm mắm tỏi_gà cay siêu ngon . tải app sẽ có khuyến_mãi nhưng đi ăn_theo nhóm lợi hơn,cơm mắm tỏi_gà cay siêu ngon tải app khuyến_mãi ăn_theo lợi
dịch vụ ok kiểu usa,positive,dịch_vụ ok kiểu usa,dịch_vụ ok kiểu usa,dịch_vụ ok usa
"thức ăn rất ngon, nhân viên rất thân thiện.",positive,"thức_ăn rất ngon , nhân_viên rất thân_thiện .","thức_ăn rất ngon , nhân_viên rất thân_thiện .",thức_ăn ngon nhân_viên thân_thiện
"trải nghiệm tệ. nhân viên thì ok nhưng đồ ăn xuống cấp hẳn nha. burgers thì khô miếng bánh như để qua ngày lâu r. nước ngọt mình mua size nhỏ và size vừa. 1 li nghe mùi mốc và như mùi nước không tên lắm từ đá tan ra ấy, 1li thì nhạt không có nổi ga luôn . gà khô cũ không như ord chi nhánh khác về tệ đặt app khác ăn tại quán vậy trời",negative,"trải_nghiệm tệ . nhân_viên thì ok nhưng đồ_ăn xuống_cấp hẳn nha . burgers thì khô miếng bánh như để qua_ngày lâu r . nước_ngọt mình mua size nhỏ và size vừa . 1 li nghe mùi mốc và như mùi nước không tên lắm từ đá tan ra ấy , 1li thì nhạt không có nổi ga luôn . gà khô cũ không như ord chi_nhánh khác về tệ đặt app khác ăn tại quán vậy trời","trải_nghiệm tệ . nhân_viên thì ok nhưng đồ_ăn xuống_cấp hẳn nha . burgers thì khô miếng bánh như để qua_ngày lâu r . nước_ngọt mình mua size nhỏ và size vừa . 1 li nghe mùi mốc và như mùi nước không tên lắm từ đá tan ra ấy , 1li thì nhạt không có nổi ga luôn . gà khô cũ không như ord chi_nhánh khác về tệ đặt app khác ăn tại quán vậy trời",trải_nghiệm tệ nhân_viên ok đồ_ăn xuống_cấp hẳn nha burgers khô miếng bánh qua_ngày r nước_ngọt mua size size 1 li mùi mốc mùi lắm đá tan 1li nhạt nổi ga gà khô cũ ord chi_nhánh tệ app quán trời
tốt rất tốt là đằng khác,positive,tốt rất tốt là đằng khác,tốt rất tốt là đằng khác,đằng
"cửa hàng thức ăn nhanh, chủ yếu hamburger và gà rán, mức giá tầm trung, phục vụ tốt, có hệ thống drivethru bạn có thể order và nhận thức ăn mà không cần vào quầy",positive,"cửa_hàng thức_ăn nhanh , chủ_yếu hamburger và gà rán , mức giá tầm trung , phục_vụ tốt , có hệ_thống drivethru bạn có_thể order và nhận_thức ăn mà không cần vào quầy","cửa_hàng thức_ăn nhanh , chủ_yếu hamburger và gà rán , mức giá tầm trung , phục_vụ tốt , có hệ_thống drivethru bạn có_thể order và nhận_thức ăn mà không cần vào quầy",cửa_hàng thức_ăn chủ_yếu hamburger gà rán giá tầm trung phục_vụ hệ_thống drivethru có_thể order nhận_thức quầy
wc chưa sạch lắm,positive,wc chưa sạch lắm,wc chưa sạch lắm,wc sạch lắm
"nhân viên rất tệ, không có cách nào để nói chuyện với khách hàng. tôi làm phi công. nếu ai có vấn đề. thẩm phán don patrick đến cô ấy và thấy mọi người don lồng có phong cách. ở việt nam, họ không thể có một ổ đĩa cũng vì họ không thể cung cấp nhanh.",negative,"nhân_viên rất tệ , không có cách nào để nói_chuyện với khách_hàng . tôi làm phi_công . nếu ai có vấn_đề . thẩm_phán don patrick đến cô ấy và thấy mọi người don lồng có phong_cách . ở việt_nam , họ không_thể có một ổ_đĩa cũng vì họ không_thể cung_cấp nhanh .","nhân_viên rất tệ , không có cách nào để nói_chuyện với khách_hàng . tôi làm phi_công . nếu ai có vấn_đề . thẩm_phán don patrick đến cô ấy và thấy mọi người don lồng có phong_cách . ở việt_nam , họ không_thể có một ổ_đĩa cũng vì họ không_thể cung_cấp nhanh .",nhân_viên tệ nói_chuyện khách_hàng phi_công vấn_đề thẩm_phán don patrick don lồng phong_cách việt_nam không_thể ổ_đĩa không_thể cung_cấp
"ngày cuối tuần rất đông, nhưng đồ ăn ra vẫn rất nhanh nhé đồ ăn rất ok.",positive,"ngày cuối tuần rất đông , nhưng đồ_ăn ra vẫn rất nhanh nhé đồ_ăn rất ok .","ngày cuối tuần rất đông , nhưng đồ_ăn ra vẫn rất nhanh nhé đồ_ăn rất ok .",đông đồ_ăn đồ_ăn ok
"dịch vụ nhanh chóng, thái độ tốt đẹp.",positive,"dịch_vụ nhanh_chóng , thái_độ tốt_đẹp .","dịch_vụ nhanh_chóng , thái_độ tốt_đẹp .",dịch_vụ nhanh_chóng thái_độ tốt_đẹp
"đồ ăn cũng chấp nhận được, vị trí thuận tiện cho mua mang đi",positive,"đồ_ăn cũng chấp_nhận được , vị_trí thuận_tiện cho mua mang đi","đồ_ăn cũng chấp_nhận được , vị_trí thuận_tiện cho mua mang đi",đồ_ăn chấp_nhận vị_trí thuận_tiện mua
"không gian đông đúc, ồn ào, nhiều trẻ em, chỉ có 1 nhà vệ sinh chung nam nữ, bãi xe ok. thức ăn ổn, mang ra còn nóng.",positive,"không_gian đông_đúc , ồn_ào , nhiều trẻ_em , chỉ có 1 nhà_vệ_sinh chung nam_nữ , bãi xe ok . thức_ăn ổn , mang ra còn nóng .","không_gian đông_đúc , ồn_ào , nhiều trẻ_em , chỉ có 1 nhà_vệ_sinh chung nam_nữ , bãi xe ok . thức_ăn ổn , mang ra còn nóng .",không_gian đông_đúc ồn_ào trẻ_em 1 nhà_vệ_sinh nam_nữ bãi xe ok thức_ăn ổn nóng
"ngày 2.4 mình có đến đây dùng bữa, khi vừa bưng đồ ăn lên lầu, mình có để đồ ăn xuống, không hiểu lí do gì, do mình khác người hay mình làm gì sai, có 1 bạn nhân viên, cứ đi qua đi lại liếc liếc nhìn mình, 3 4 lần như vậy, làm cảm giác nhưng mình đến ăn làm bạn đó khó chịu vậy, theo mình nhớ bạn nhân viên này nhuộm tóc màu tím hay xanh tím gì đó. mong là lần sau đừng có liếc khách hàng.",negative,"ngày 2.4 mình có đến đây dùng_bữa , khi vừa bưng đồ_ăn lên lầu , mình có để đồ_ăn xuống , không hiểu lí_do gì , do mình khác người hay mình làm gì sai , có 1 bạn nhân_viên , cứ đi_qua_đi_lại liếc liếc nhìn mình , 3 4 lần như_vậy , làm cảm_giác nhưng mình đến ăn_làm bạn đó khó_chịu vậy , theo mình nhớ bạn nhân_viên này nhuộm tóc màu tím hay xanh tím gì đó . mong là lần sau đừng có liếc khách_hàng .","ngày 2.4 mình có đến đây dùng_bữa , khi vừa bưng đồ_ăn lên lầu , mình có để đồ_ăn xuống , không hiểu lí_do gì , do mình khác người hay mình làm gì sai , có 1 bạn nhân_viên , cứ đi_qua_đi_lại liếc liếc nhìn mình , 3 4 lần như_vậy , làm cảm_giác nhưng mình đến ăn_làm bạn đó khó_chịu vậy , theo mình nhớ bạn nhân_viên này nhuộm tóc màu tím hay xanh tím gì đó . mong là lần sau đừng có liếc khách_hàng .",2.4 dùng_bữa bưng đồ_ăn lầu đồ_ăn lí_do sai 1 nhân_viên đi_qua_đi_lại liếc liếc 3 4 như_vậy ăn_làm khó_chịu nhân_viên nhuộm tóc màu tím xanh tím mong đừng liếc khách_hàng
"dich vụ rất tốt, đồ ăn ngon",positive,"dich vụ rất tốt , đồ_ăn ngon","dich vụ rất tốt , đồ_ăn ngon",dich vụ đồ_ăn ngon
"một trong hai cửa hàng mcdonald mở 2424 ở sài gòn. bãi xe đủ lớn để bạn có thể ngồi lại dùng bữa, hoặc có thể mua thông qua drive thru.",positive,"một trong hai cửa_hàng mcdonald mở 2424 ở sài_gòn . bãi xe đủ lớn để bạn có_thể ngồi lại dùng_bữa , hoặc có_thể mua thông_qua drive thru .","một trong hai cửa_hàng mcdonald mở 2424 ở sài_gòn . bãi xe đủ lớn để bạn có_thể ngồi lại dùng_bữa , hoặc có_thể mua thông_qua drive thru .",hai cửa_hàng mcdonald 2424 sài_gòn bãi xe có_thể dùng_bữa có_thể mua thông_qua drive thru
nhà hàng đẹp trên toàn cầu giống như nó 👌,positive,nhà_hàng đẹp trên toàn_cầu giống như nó 👌,nhà_hàng đẹp trên toàn_cầu giống như nó :OK tay:,nhà_hàng đẹp toàn_cầu :OK tay:
"luôn luôn là một đêm muộn tuyệt vời, hãy đến",positive,"luôn_luôn là một đêm muộn tuyệt_vời , hãy đến","luôn_luôn là một đêm muộn tuyệt_vời , hãy đến",luôn_luôn muộn tuyệt_vời
"bảo vệ giữ xe máy vào lúc 13h30 ngày 28032023 ăn nói mất dạy, thái độ bất lịch sự với khách hàng",negative,"bảo_vệ giữ xe_máy vào lúc 13h30 ngày 28032023 ăn_nói mất_dạy , thái_độ bất lịch_sự với khách_hàng","bảo_vệ giữ xe_máy vào lúc 13h30 ngày 28032023 ăn_nói mất_dạy , thái_độ bất lịch_sự với khách_hàng",bảo_vệ xe_máy 13h30 28032023 ăn_nói mất_dạy thái_độ bất lịch_sự khách_hàng
"về cơ bản tôi thích nơi đó vì chúng mở cửa 24 giờ mỗi ngày và tôi cũng đặt hàng thường xuyên ở đó. tối nay tôi đã đi tại chỗ và họ cắt đứt một người bạn của tôi con gà này. chúng tôi tuyên bố rằng nó không được nấu chín hoàn toàn, nhưng ba người bao gồm cả người quản lý đã nói với chúng tôi rằng nó đã nấu đủ. theo quan điểm của tôi, nó không phải là, đó là lý do tại sao tôi chỉ cho 2 sao. bạn có thể tự đánh giá",negative,"về cơ_bản tôi thích nơi đó vì chúng mở_cửa 24 giờ mỗi ngày và tôi cũng đặt_hàng thường_xuyên ở đó . tối nay tôi đã đi tại_chỗ và họ cắt đứt một người bạn của tôi_con gà này . chúng_tôi tuyên_bố rằng nó không được nấu chín hoàn_toàn , nhưng ba người bao_gồm cả người_quản_lý đã nói với chúng_tôi rằng nó đã nấu đủ . theo quan_điểm của tôi , nó không phải là , đó là lý_do tại_sao tôi chỉ cho 2 sao . bạn có_thể tự đánh_giá","về cơ_bản tôi thích nơi đó vì chúng mở_cửa 24 giờ mỗi ngày và tôi cũng đặt_hàng thường_xuyên ở đó . tối nay tôi đã đi tại_chỗ và họ cắt đứt một người bạn của tôi_con gà này . chúng_tôi tuyên_bố rằng nó không được nấu chín hoàn_toàn , nhưng ba người bao_gồm cả người_quản_lý đã nói với chúng_tôi rằng nó đã nấu đủ . theo quan_điểm của tôi , nó không phải là , đó là lý_do tại_sao tôi chỉ cho 2 sao . bạn có_thể tự đánh_giá",cơ_bản mở_cửa 24 đặt_hàng thường_xuyên tối tại_chỗ cắt đứt tôi_con gà chúng_tôi tuyên_bố nấu chín hoàn_toàn bao_gồm người_quản_lý chúng_tôi nấu quan_điểm lý_do tại_sao 2 có_thể đánh_giá
"wf chán lắm, không bao giờ chạy nổi cái trang để bấm kết nối cả.",negative,"wf chán lắm , không bao_giờ chạy nổi cái trang để bấm kết_nối cả .","wf chán lắm , không bao_giờ chạy nổi cái trang để bấm kết_nối cả .",wf chán lắm bao_giờ chạy nổi trang bấm kết_nối
lý trương ngồi tám khuya.,positive,lý trương ngồi tám khuya .,lý trương ngồi tám khuya .,lý trương tám khuya
10,positive,10,10,10
"tôi đã đến mcdonalds này vào một buổi trưa để thử các sản phẩm mới và trải nghiệm của tôi khá đáng nhớ. nhà hàng được trang trí đẹp mắt và tạo cảm giác sạch sẽ và thoải mái cho khách hàng. nhân viên phục vụ nhanh chóng và thân thiện, họ luôn sẵn sàng giúp đỡ và tư vấn cho tôi trong việc chọn món ăn. tất cả các món ăn đều được chế biến tươi ngon và đảm bảo vệ sinh an toàn thực phẩm. tuy nhiên, tôi cảm thấy giá cả của mcdonalds khá cao so với các nhà hàng fast food khác trong khu vực. ngoài ra, đôi khi nhà hàng có thể khá đông đúc và bạn sẽ phải chờ đợi trong hàng để đặt hàng của mình. tổng thể, tôi rất hài lòng với trải nghiệm của mình tại mcdonalds này và tôi sẽ khuyên bạn đến đây nếu bạn đang tìm kiếm một lựa chọn ăn uống nhanh và tiện lợi. tuy nhiên, bạn cần phải sẵn sàng trả giá cao hơn so với các nhà hàng fast food khác.",positive,"tôi đã đến mcdonalds này vào một buổi trưa để thử các sản_phẩm mới và trải_nghiệm của tôi khá đáng nhớ . nhà_hàng được trang_trí đẹp_mắt và tạo cảm_giác sạch_sẽ và thoải_mái cho khách_hàng . nhân_viên phục_vụ nhanh_chóng và thân_thiện , họ luôn sẵn_sàng giúp_đỡ và tư_vấn cho tôi trong việc chọn món ăn . tất_cả các món ăn đều được chế_biến tươi ngon và đảm_bảo vệ_sinh an_toàn thực_phẩm . tuy_nhiên , tôi cảm_thấy giá_cả của mcdonalds khá cao so với các nhà_hàng fast food khác trong khu_vực . ngoài_ra , đôi_khi nhà_hàng có_thể khá đông_đúc và bạn sẽ phải chờ_đợi trong hàng để đặt_hàng của mình . tổng_thể , tôi rất hài_lòng với trải_nghiệm của mình tại mcdonalds này và tôi sẽ khuyên bạn đến đây nếu bạn đang tìm_kiếm một lựa_chọn ăn_uống nhanh và tiện_lợi . tuy_nhiên , bạn cần phải sẵn_sàng trả_giá cao hơn so với các nhà_hàng fast food khác .","tôi đã đến mcdonalds này vào một buổi trưa để thử các sản_phẩm mới và trải_nghiệm của tôi khá đáng nhớ . nhà_hàng được trang_trí đẹp_mắt và tạo cảm_giác sạch_sẽ và thoải_mái cho khách_hàng . nhân_viên phục_vụ nhanh_chóng và thân_thiện , họ luôn sẵn_sàng giúp_đỡ và tư_vấn cho tôi trong việc chọn món ăn . tất_cả các món ăn đều được chế_biến tươi ngon và đảm_bảo vệ_sinh an_toàn thực_phẩm . tuy_nhiên , tôi cảm_thấy giá_cả của mcdonalds khá cao so với các nhà_hàng fast food khác trong khu_vực . ngoài_ra , đôi_khi nhà_hàng có_thể khá đông_đúc và bạn sẽ phải chờ_đợi trong hàng để đặt_hàng của mình . tổng_thể , tôi rất hài_lòng với trải_nghiệm của mình tại mcdonalds này và tôi sẽ khuyên bạn đến đây nếu bạn đang tìm_kiếm một lựa_chọn ăn_uống nhanh và tiện_lợi . tuy_nhiên , bạn cần phải sẵn_sàng trả_giá cao hơn so với các nhà_hàng fast food khác .",mcdonalds trưa thử sản_phẩm trải_nghiệm nhà_hàng trang_trí đẹp_mắt sạch_sẽ thoải_mái khách_hàng nhân_viên phục_vụ nhanh_chóng thân_thiện sẵn_sàng giúp_đỡ tư_vấn món tất_cả món chế_biến tươi ngon đảm_bảo vệ_sinh an_toàn thực_phẩm tuy_nhiên giá_cả mcdonalds nhà_hàng fast food khu_vực ngoài_ra đôi_khi nhà_hàng có_thể đông_đúc chờ_đợi hàng đặt_hàng tổng_thể hài_lòng trải_nghiệm mcdonalds khuyên tìm_kiếm lựa_chọn ăn_uống tiện_lợi tuy_nhiên sẵn_sàng trả_giá nhà_hàng fast food
nơi này có thể chia sẻ với bạn bè một số trao đổi trên một bàn yên tĩnh,positive,nơi này có_thể chia_sẻ với bạn_bè một_số trao_đổi trên một bàn yên_tĩnh,nơi này có_thể chia_sẻ với bạn_bè một_số trao_đổi trên một bàn yên_tĩnh,có_thể chia_sẻ bạn_bè một_số trao_đổi bàn yên_tĩnh
điểm dừng chân tuyệt vời cho khách du lịch. dễ dàng gọi một cuộc gọi vì nó cũng rất thuận tiện.,positive,điểm dừng chân tuyệt_vời cho khách du_lịch . dễ_dàng gọi một cuộc_gọi vì nó cũng rất thuận_tiện .,điểm dừng chân tuyệt_vời cho khách du_lịch . dễ_dàng gọi một cuộc_gọi vì nó cũng rất thuận_tiện .,dừng chân tuyệt_vời du_lịch dễ_dàng gọi cuộc_gọi thuận_tiện
"hôm nay tôi đã đặt hàng 2 mcroyal deluxe với thêm nước sốt, dưa chua ba và hành tây bổ sung. nhưng cả hai burger đều không có tính năng bổ sung nào cả, và rất sũng nước, vì vậy tôi đoán họ đã quên và bỏ qua các tính năng bổ sung. sau khi kết thúc bữa ăn 1 nhân viên trong một ao dai đã đến và kiểm tra hóa đơn của tôi. cô ấy đã xin lỗi vì các nhân viên nhầm đã cho tôi 2 chiếc bánh mì kẹp thịt sai. cô ấy đã đề nghị cho tôi bánh mì kẹp thịt mới, hoặc một chứng từ cho một chiếc burger miễn phí vào lần tới. tôi phủ nhận tất cả và nói rằng tất cả đều ổn. cô ấy rất thân thiện và cuốn trôi sự không hài lòng của tôi tôi không có tên của cô ấy. tôi nói với cô ấy rằng tôi hoàn toàn ổn, vì vậy cô ấy đã đi xa, nhưng cô ấy đã trở lại với một loại kem cho tôi. điều này làm cho ngày của tôi và tôi hiếm khi thấy một sự quan tâm như vậy, mặc dù ăn tối ở nhiều nơi, đối mặt với những sai lầm lớn hơn mà họ thậm chí sẽ không quan tâm đến nó. vui lòng giúp truyền đạt lời cảm ơn sâu sắc nhất của tôi đến cô gái đó, tôi là người da trắng và đuôi ngựa",positive,"hôm_nay tôi đã đặt_hàng 2 mcroyal deluxe với thêm nước sốt , dưa chua ba và hành_tây bổ_sung . nhưng cả hai burger đều không có tính_năng bổ_sung nào cả , và rất sũng nước , vì_vậy tôi đoán họ đã quên và bỏ_qua các tính_năng bổ_sung . sau khi kết_thúc bữa ăn 1 nhân_viên trong một ao dai đã đến và kiểm_tra hoá_đơn của tôi . cô ấy đã xin_lỗi vì các nhân_viên nhầm đã cho tôi 2 chiếc bánh_mì kẹp thịt sai . cô ấy đã đề_nghị cho tôi bánh_mì kẹp thịt mới , hoặc một chứng_từ cho một chiếc burger miễn_phí vào lần tới . tôi phủ_nhận tất_cả và nói rằng tất_cả đều ổn . cô ấy rất thân_thiện và cuốn trôi sự không hài_lòng của tôi tôi không có tên của cô ấy . tôi nói với cô ấy rằng tôi hoàn_toàn ổn , vì_vậy cô ấy đã đi xa , nhưng cô ấy đã trở_lại với một loại kem cho tôi . điều này làm cho ngày của tôi và tôi hiếm khi thấy một sự quan_tâm như_vậy , mặc_dù ăn tối ở nhiều nơi , đối_mặt với những sai_lầm lớn hơn mà họ thậm_chí sẽ không quan_tâm đến nó . vui_lòng giúp truyền_đạt lời cảm_ơn sâu_sắc nhất của tôi đến cô gái đó , tôi là người da trắng và đuôi ngựa","hôm_nay tôi đã đặt_hàng 2 mcroyal deluxe với thêm nước sốt , dưa chua ba và hành_tây bổ_sung . nhưng cả hai burger đều không có tính_năng bổ_sung nào cả , và rất sũng nước , vì_vậy tôi đoán họ đã quên và bỏ_qua các tính_năng bổ_sung . sau khi kết_thúc bữa ăn 1 nhân_viên trong một ao dai đã đến và kiểm_tra hoá_đơn của tôi . cô ấy đã xin_lỗi vì các nhân_viên nhầm đã cho tôi 2 chiếc bánh_mì kẹp thịt sai . cô ấy đã đề_nghị cho tôi bánh_mì kẹp thịt mới , hoặc một chứng_từ cho một chiếc burger miễn_phí vào lần tới . tôi phủ_nhận tất_cả và nói rằng tất_cả đều ổn . cô ấy rất thân_thiện và cuốn trôi sự không hài_lòng của tôi tôi không có tên của cô ấy . tôi nói với cô ấy rằng tôi hoàn_toàn ổn , vì_vậy cô ấy đã đi xa , nhưng cô ấy đã trở_lại với một loại kem cho tôi . điều này làm cho ngày của tôi và tôi hiếm khi thấy một sự quan_tâm như_vậy , mặc_dù ăn tối ở nhiều nơi , đối_mặt với những sai_lầm lớn hơn mà họ thậm_chí sẽ không quan_tâm đến nó . vui_lòng giúp truyền_đạt lời cảm_ơn sâu_sắc nhất của tôi đến cô gái đó , tôi là người da trắng và đuôi ngựa",hôm_nay đặt_hàng 2 mcroyal deluxe sốt dưa chua hành_tây bổ_sung hai burger tính_năng bổ_sung sũng vì_vậy đoán quên bỏ_qua tính_năng bổ_sung kết_thúc 1 nhân_viên ao dai kiểm_tra hoá_đơn xin_lỗi nhân_viên nhầm 2 bánh_mì kẹp thịt sai đề_nghị bánh_mì kẹp thịt chứng_từ burger miễn_phí phủ_nhận tất_cả tất_cả ổn thân_thiện trôi hài_lòng hoàn_toàn ổn vì_vậy trở_lại kem hiếm quan_tâm như_vậy mặc_dù tối đối_mặt sai_lầm thậm_chí quan_tâm vui_lòng giúp truyền_đạt cảm_ơn sâu_sắc gái da trắng đuôi ngựa
"món ăn ở đây khá ổn, nhưng hôi mùi cóng hôi mùi",positive,"món ăn_ở đây khá ổn , nhưng hôi mùi cóng hôi mùi","món ăn_ở đây khá ổn , nhưng hôi mùi cóng hôi mùi",món ăn_ở ổn hôi mùi cóng hôi mùi
cần kiểm tra phòng vệ sinh mọi lúc. không sạch sẽ,negative,cần kiểm_tra phòng_vệ sinh mọi lúc . không sạch_sẽ,cần kiểm_tra phòng_vệ sinh mọi lúc . không sạch_sẽ,kiểm_tra phòng_vệ sinh sạch_sẽ
"ổn , nhưng thức ăn nhanh mà ở vn zậy hơi mắc",positive,"ổn , nhưng thức_ăn nhanh mà ở vn zậy hơi mắc","ổn , nhưng thức_ăn nhanh mà ở vn zậy hơi mắc",ổn thức_ăn vn zậy hơi mắc
nơi tốt nhất cho người nước ngoài mới,positive,nơi tốt nhất cho người nước_ngoài mới,nơi tốt nhất cho người nước_ngoài mới,nước_ngoài
quán khá là đông. nv phục vụ nhiệt tình,positive,quán khá là đông . nv phục_vụ nhiệt_tình,quán khá là đông . nv phục_vụ nhiệt_tình,quán đông nv phục_vụ nhiệt_tình
rất tốt. nên ăn uống tại đây. shipper grapfood rất nhiệt tình,positive,rất tốt . nên ăn_uống tại đây . shipper grapfood rất nhiệt_tình,rất tốt . nên ăn_uống tại đây . shipper grapfood rất nhiệt_tình,ăn_uống shipper grapfood nhiệt_tình
sạch sẽ và thoáng mát,positive,sạch_sẽ và thoáng mát,sạch_sẽ và thoáng mát,sạch_sẽ thoáng mát
nơi tụ tập xuất phát của a e moto,positive,nơi tụ_tập xuất_phát của a e moto,nơi tụ_tập xuất_phát của a e moto,tụ_tập xuất_phát a e moto
không gian rộng đẹp,positive,không_gian rộng đẹp,không_gian rộng đẹp,không_gian rộng đẹp
khá ok,positive,khá ok,khá ok,ok
"thất vọng tràn trề, là thương hiệu nổi tiếng nhưng nhân viên cực kỳ coi thường khách hàng. tôi đứng đặt đơn hơn 15 phút cho gia đình ra đến quầy tính tiền nhân viên nói hết món. tôi nói tại sao hết món mà không dỡ xuống để khách mất hết 15 đặt hàng. tôi kêu quản lý thì qly trốn mất chẳng dám ra gặp. nhân viên nói giọng ngô nghê như thể không cần khách.",negative,"thất_vọng tràn_trề , là thương_hiệu nổi_tiếng nhưng nhân_viên cực_kỳ coi_thường khách_hàng . tôi đứng đặt đơn hơn 15 phút cho gia_đình ra đến quầy tính tiền_nhân_viên nói hết món . tôi nói tại_sao hết món mà không dỡ xuống để khách mất hết 15 đặt_hàng . tôi kêu quản_lý thì qly trốn mất chẳng dám ra gặp . nhân_viên nói giọng ngô_nghê như_thể không cần khách .","thất_vọng tràn_trề , là thương_hiệu nổi_tiếng nhưng nhân_viên cực_kỳ coi_thường khách_hàng . tôi đứng đặt đơn hơn 15 phút cho gia_đình ra đến quầy tính tiền_nhân_viên nói hết món . tôi nói tại_sao hết món mà không dỡ xuống để khách mất hết 15 đặt_hàng . tôi kêu quản_lý thì qly trốn mất chẳng dám ra gặp . nhân_viên nói giọng ngô_nghê như_thể không cần khách .",thất_vọng tràn_trề thương_hiệu nổi_tiếng nhân_viên cực_kỳ coi_thường khách_hàng đứng đơn 15 phút gia_đình quầy tiền_nhân_viên món tại_sao món dỡ 15 đặt_hàng kêu quản_lý qly trốn chẳng dám nhân_viên giọng ngô_nghê như_thể
"nhà hàng lớn và đông đúc vào giờ ăn trưa. nhân viên thân thiện, tốt đẹp. họ phục vụ thức ăn rất nhanh. nhà hàng có chứng từ khuyến mãi cho lần tiếp theo",positive,"nhà_hàng lớn và đông_đúc vào giờ ăn trưa . nhân_viên thân_thiện , tốt_đẹp . họ phục_vụ thức_ăn rất nhanh . nhà_hàng có chứng_từ khuyến_mãi cho lần tiếp_theo","nhà_hàng lớn và đông_đúc vào giờ ăn trưa . nhân_viên thân_thiện , tốt_đẹp . họ phục_vụ thức_ăn rất nhanh . nhà_hàng có chứng_từ khuyến_mãi cho lần tiếp_theo",nhà_hàng đông_đúc trưa nhân_viên thân_thiện tốt_đẹp phục_vụ thức_ăn nhà_hàng chứng_từ khuyến_mãi tiếp_theo
"tiện chỗ để xe, đồ ăn và nước uống quá dở",neutral,"tiện chỗ để xe , đồ_ăn và nước uống quá dở","tiện chỗ để xe , đồ_ăn và nước uống quá dở",tiện chỗ xe đồ_ăn uống dở
"sắp xếp một bữa ăn sinh nhật cho hơn 10 trẻ em ở đây và quy trình hỗ trợ khách hàng từ nhân viên chỉ đơn giản là đặt bàn và gọi món ăn là quá tệ, không có ý thức về lòng hiếu khách và hoàn toàn không được đào tạo cơ bản trải nghiệm lố bịch nhất là trong khi những đứa trẻ đã chọn các món ăn từ giỏ hàng thực đơn, một cô hầu bàn liều lĩnh đã đến để hỏi lại thực đơn chỉ vì có một khách hàng người nước ngoài đang tìm kiếm nó tôi tự hỏi làm thế nào quản lý của họ nghĩ về tiêu chuẩn dịch vụ này",negative,"sắp_xếp một bữa ăn sinh_nhật cho hơn 10 trẻ_em ở đây và quy_trình hỗ_trợ khách_hàng từ nhân_viên chỉ đơn_giản là đặt bàn và gọi món ăn là quá tệ , không có ý_thức về lòng hiếu_khách và hoàn_toàn không được đào_tạo cơ_bản trải_nghiệm lố_bịch nhất là trong khi những đứa trẻ đã chọn các món ăn từ giỏ hàng thực_đơn , một cô_hầu bàn liều_lĩnh đã đến để hỏi lại thực_đơn chỉ vì có một khách_hàng người nước_ngoài đang tìm_kiếm nó tôi tự hỏi làm thế_nào quản_lý của họ nghĩ về tiêu_chuẩn dịch_vụ này","sắp_xếp một bữa ăn sinh_nhật cho hơn 10 trẻ_em ở đây và quy_trình hỗ_trợ khách_hàng từ nhân_viên chỉ đơn_giản là đặt bàn và gọi món ăn là quá tệ , không có ý_thức về lòng hiếu_khách và hoàn_toàn không được đào_tạo cơ_bản trải_nghiệm lố_bịch nhất là trong khi những đứa trẻ đã chọn các món ăn từ giỏ hàng thực_đơn , một cô_hầu bàn liều_lĩnh đã đến để hỏi lại thực_đơn chỉ vì có một khách_hàng người nước_ngoài đang tìm_kiếm nó tôi tự hỏi làm thế_nào quản_lý của họ nghĩ về tiêu_chuẩn dịch_vụ này",sắp_xếp sinh_nhật 10 trẻ_em quy_trình hỗ_trợ khách_hàng nhân_viên đơn_giản bàn gọi món tệ ý_thức hiếu_khách hoàn_toàn đào_tạo cơ_bản trải_nghiệm lố_bịch trẻ món giỏ hàng thực_đơn cô_hầu bàn liều_lĩnh thực_đơn khách_hàng nước_ngoài tìm_kiếm thế_nào quản_lý tiêu_chuẩn dịch_vụ
"không gian rộng rãi, phù hợp chill và học bài, tích hợp quán nước và đồ ăn, đồ ăn lên món siêu nhanh, sạch sẽ, luôn tươi mới, phục vụ tận tình, có các máy để tính tiền trực tiếp không cần ra quầy",positive,"không_gian rộng_rãi , phù_hợp chill và học bài , tích_hợp quán nước và đồ_ăn , đồ_ăn lên món siêu nhanh , sạch_sẽ , luôn tươi mới , phục_vụ tận_tình , có các máy để tính tiền trực_tiếp không cần ra quầy","không_gian rộng_rãi , phù_hợp chill và học bài , tích_hợp quán nước và đồ_ăn , đồ_ăn lên món siêu nhanh , sạch_sẽ , luôn tươi mới , phục_vụ tận_tình , có các máy để tính tiền trực_tiếp không cần ra quầy",không_gian rộng_rãi phù_hợp chill học tích_hợp quán đồ_ăn đồ_ăn món siêu sạch_sẽ tươi phục_vụ tận_tình máy tiền trực_tiếp quầy
biết là không healthy nhưng ăn khoai tây chiên rất cuốn,positive,biết là không healthy nhưng ăn khoai_tây chiên rất cuốn,biết là không healthy nhưng ăn khoai_tây chiên rất cuốn,healthy khoai_tây chiên
"nơi tốt đẹp để gặp gỡ bạn bè của bạn ở đây. quan điểm tốt, không gian tốt. nó có bãi đậu xe miễn phí cho ô tô và xe máy với biên lai của bạn.",positive,"nơi tốt_đẹp để gặp_gỡ bạn_bè của bạn ở đây . quan_điểm tốt , không_gian tốt . nó có bãi đậu xe miễn_phí cho ô_tô và xe_máy với biên_lai của bạn .","nơi tốt_đẹp để gặp_gỡ bạn_bè của bạn ở đây . quan_điểm tốt , không_gian tốt . nó có bãi đậu xe miễn_phí cho ô_tô và xe_máy với biên_lai của bạn .",tốt_đẹp gặp_gỡ bạn_bè quan_điểm không_gian bãi đậu xe miễn_phí ô_tô xe_máy biên_lai
"thức ăn có vị khá ngon ở đây. các nhân viên rất thân thiện để giúp tôi sử dụng ứng dụng của mcdonald. điểm cộng cho chi nhánh này là môi trường một nơi ngồi lớn, nơi có thể nhìn thấy đường phố bên ngoài ồn ào nhưng yên tĩnh trên lầu. phí đỗ xe là miễn phí nếu bạn cung cấp cho người bảo vệ các hóa đơn. và matcha kem oreo rất ngon, nên thử.",positive,"thức_ăn có vị khá ngon ở đây . các nhân_viên rất thân_thiện để giúp tôi sử_dụng ứng_dụng của mcdonald . điểm cộng cho chi_nhánh này là môi_trường một nơi ngồi lớn , nơi có_thể nhìn thấy đường_phố bên ngoài ồn_ào nhưng yên_tĩnh trên lầu . phí đỗ xe là miễn_phí nếu bạn cung_cấp cho người bảo_vệ các hoá_đơn . và matcha kem oreo rất ngon , nên thử .","thức_ăn có vị khá ngon ở đây . các nhân_viên rất thân_thiện để giúp tôi sử_dụng ứng_dụng của mcdonald . điểm cộng cho chi_nhánh này là môi_trường một nơi ngồi lớn , nơi có_thể nhìn thấy đường_phố bên ngoài ồn_ào nhưng yên_tĩnh trên lầu . phí đỗ xe là miễn_phí nếu bạn cung_cấp cho người bảo_vệ các hoá_đơn . và matcha kem oreo rất ngon , nên thử .",thức_ăn vị ngon nhân_viên thân_thiện giúp sử_dụng ứng_dụng mcdonald cộng chi_nhánh môi_trường có_thể đường_phố ồn_ào yên_tĩnh lầu phí đỗ xe miễn_phí cung_cấp bảo_vệ hoá_đơn matcha kem oreo ngon thử
bảo vệ không thân thiện. tầng trệt tolet nam và nữ sử dụng chung.,positive,bảo_vệ không thân_thiện . tầng trệt tolet nam và nữ sử_dụng chung .,bảo_vệ không thân_thiện . tầng trệt tolet nam và nữ sử_dụng chung .,bảo_vệ thân_thiện tầng tolet nam nữ sử_dụng
"burger ngon, gà rán ok",positive,"burger ngon , gà rán ok","burger ngon , gà rán ok",burger ngon gà rán ok
đáng để trải nghiệm và thưởng thức,positive,đáng để trải_nghiệm và thưởng_thức,đáng để trải_nghiệm và thưởng_thức,trải_nghiệm thưởng_thức
"có tổ chức, sạch sẽ và dịch vụ nhanh chóng. chất lượng thực phẩm và sự đa dạng của lựa chọn cũng tốt.",positive,"có tổ_chức , sạch_sẽ và dịch_vụ nhanh_chóng . chất_lượng thực_phẩm và sự đa_dạng của lựa_chọn cũng tốt .","có tổ_chức , sạch_sẽ và dịch_vụ nhanh_chóng . chất_lượng thực_phẩm và sự đa_dạng của lựa_chọn cũng tốt .",tổ_chức sạch_sẽ dịch_vụ nhanh_chóng chất_lượng thực_phẩm đa_dạng lựa_chọn
"không gian rộng rãi thoáng, nhân viên chuyên nghiệp, đặt đồ ăn dễ dàng, bãi xe rộng rãi",positive,"không_gian rộng_rãi thoáng , nhân_viên chuyên_nghiệp , đặt đồ_ăn dễ_dàng , bãi xe rộng_rãi","không_gian rộng_rãi thoáng , nhân_viên chuyên_nghiệp , đặt đồ_ăn dễ_dàng , bãi xe rộng_rãi",không_gian rộng_rãi thoáng nhân_viên chuyên_nghiệp đồ_ăn dễ_dàng bãi xe rộng_rãi
vui,positive,vui,vui,vui
ăn ở đây bị ỉa chảy ạ,negative,ăn_ở đây bị ỉa_chảy ạ,ăn_ở đây bị ỉa_chảy ạ,ăn_ở ỉa_chảy
không phải là thời điểm tốt để đến thăm họ đã xây dựng trong giờ ăn trưa.,neutral,không phải là thời_điểm tốt để đến thăm họ đã xây_dựng trong giờ ăn trưa .,không phải là thời_điểm tốt để đến thăm họ đã xây_dựng trong giờ ăn trưa .,thời_điểm thăm xây_dựng trưa
không gian thoáng. thức uôang ngon. có bãi đỗ xe ô tô...,positive,không_gian thoáng . thức uôang ngon . có bãi đỗ xe ô_tô ...,không_gian thoáng . thức uôang ngon . có bãi đỗ xe ô_tô ...,không_gian thoáng thức uôang ngon bãi đỗ xe ô_tô ...
"lúc ăn dư mang về, nhân viên không cho tương mang về mà bán 2k 2 bịch tương, xin hủ đựng mayonnaise thì bảo là hủ hạn chế, lấy thì bán 5k một hủ, vcl kinh doanh dữ vậy lun, nhà hàng phục vụ ăn uống đấy ạ, thêm mụ quản lí nữa, 5k một hủ á chị vậy chẳng khác nào đi ăn cơm tấm, xin thêm bịch nước mắm bán 5k một bịch, ở vn không có quán cơm tấm nào như vậy hết",negative,"lúc ăn dư mang về , nhân_viên không cho tương mang về mà bán 2k 2 bịch tương , xin hủ đựng mayonnaise thì bảo là hủ hạn_chế , lấy thì bán 5k một hủ , vcl kinh_doanh dữ vậy lun , nhà_hàng phục_vụ ăn_uống đấy ạ , thêm mụ quản_lí nữa , 5k một hủ á chị vậy chẳng khác_nào đi ăn cơm tấm , xin thêm bịch nước_mắm bán 5k một bịch , ở vn không có quán cơm tấm nào như_vậy hết","lúc ăn dư mang về , nhân_viên không cho tương mang về mà bán 2k 2 bịch tương , xin hủ đựng mayonnaise thì bảo là hủ hạn_chế , lấy thì bán 5k một hủ , vcl kinh_doanh dữ vậy lun , nhà_hàng phục_vụ ăn_uống đấy ạ , thêm mụ quản_lí nữa , 5k một hủ á chị vậy chẳng khác_nào đi ăn cơm tấm , xin thêm bịch nước_mắm bán 5k một bịch , ở vn không có quán cơm tấm nào như_vậy hết",dư nhân_viên tương 2k 2 bịch tương hủ đựng mayonnaise bảo hủ hạn_chế 5k hủ vcl kinh_doanh lun nhà_hàng phục_vụ ăn_uống đấy mụ quản_lí 5k hủ chẳng khác_nào cơm bịch nước_mắm 5k bịch vn quán cơm như_vậy
"các nhân viên có thể nói tiếng anh và thân thiện các thực phẩm nóng và tươi. nơi luôn bận rộn, và lộn xộn .. họ cần phải làm sạch nhiều hơn. ngoài ra, nó nên không có khói bên ngoài nhìn chung, bạn có thể đi khắp nơi vì nó đang mở 247.",positive,"các nhân_viên có_thể nói tiếng anh và thân_thiện các thực_phẩm nóng và tươi . nơi luôn bận_rộn , và lộn_xộn .. họ cần phải làm sạch nhiều hơn . ngoài_ra , nó nên không có khói bên ngoài nhìn_chung , bạn có_thể đi khắp_nơi vì nó đang mở 247 .","các nhân_viên có_thể nói tiếng anh và thân_thiện các thực_phẩm nóng và tươi . nơi luôn bận_rộn , và lộn_xộn .. họ cần phải làm sạch nhiều hơn . ngoài_ra , nó nên không có khói bên ngoài nhìn_chung , bạn có_thể đi khắp_nơi vì nó đang mở 247 .",nhân_viên có_thể tiếng thân_thiện thực_phẩm nóng tươi bận_rộn lộn_xộn .. sạch ngoài_ra khói nhìn_chung có_thể khắp_nơi 247
"đồ ăn khá ngon, phục vụ nhanh, sạch sẽ, có máy bán hàng tự động để thực hiện order giảm việc xếp thành hàng dài",positive,"đồ_ăn khá ngon , phục_vụ nhanh , sạch_sẽ , có máy bán hàng tự_động để thực_hiện order giảm việc xếp thành hàng dài","đồ_ăn khá ngon , phục_vụ nhanh , sạch_sẽ , có máy bán hàng tự_động để thực_hiện order giảm việc xếp thành hàng dài",đồ_ăn ngon phục_vụ sạch_sẽ máy hàng tự_động thực_hiện order xếp thành hàng
"nhà hàng mở cửa từ rất sớm, khu vực này rất rộng rãi có thể đậu xe thoải mái",positive,"nhà_hàng mở_cửa từ rất sớm , khu_vực này rất rộng_rãi có_thể đậu xe thoải_mái","nhà_hàng mở_cửa từ rất sớm , khu_vực này rất rộng_rãi có_thể đậu xe thoải_mái",nhà_hàng mở_cửa khu_vực rộng_rãi có_thể đậu xe thoải_mái
"khu này đồ ăn ngon, mỗi tội có cái cống hôi ăn mất ngon.",neutral,"khu này đồ_ăn ngon , mỗi_tội có cái cống hôi ăn mất ngon .","khu này đồ_ăn ngon , mỗi_tội có cái cống hôi ăn mất ngon .",khu đồ_ăn ngon mỗi_tội cống hôi ngon
"đồ ăn ngon, ra món nhanh. quán quá đông và ồn",positive,"đồ_ăn ngon , ra món nhanh . quán quá đông và ồn","đồ_ăn ngon , ra món nhanh . quán quá đông và ồn",đồ_ăn ngon món quán đông ồn
"thích nhất dịp tết có phiên bản khoai tây xoắn, chỉ có giá hơi chát tí nhưng mà khoai tây bị vỡ nhiều không ra dạng xoắn hơi tiếc.",positive,"thích nhất dịp tết có phiên_bản khoai_tây xoắn , chỉ có giá hơi chát tí nhưng_mà khoai_tây bị vỡ nhiều không ra dạng xoắn hơi tiếc .","thích nhất dịp tết có phiên_bản khoai_tây xoắn , chỉ có giá hơi chát tí nhưng_mà khoai_tây bị vỡ nhiều không ra dạng xoắn hơi tiếc .",dịp tết phiên_bản khoai_tây xoắn giá hơi chát tí nhưng_mà khoai_tây vỡ dạng xoắn hơi tiếc
"dịch vụ rất kém. không có sự hỗ trợ từ nhân viên. sau khi đấu tranh với các máy đặt hàng, họ chỉ đến và yêu cầu tôi tham gia hàng đợi mà không có bất kỳ sự hỗ trợ trước nào. và tôi đã phải đợi tổng cộng 1 giờ cho thức ăn của mình.",negative,"dịch_vụ rất kém . không có sự hỗ_trợ từ nhân_viên . sau khi đấu_tranh với các máy đặt_hàng , họ chỉ đến và yêu_cầu tôi tham_gia hàng đợi mà không có bất_kỳ sự hỗ_trợ trước nào . và tôi đã phải đợi tổng_cộng 1 giờ cho thức_ăn của mình .","dịch_vụ rất kém . không có sự hỗ_trợ từ nhân_viên . sau khi đấu_tranh với các máy đặt_hàng , họ chỉ đến và yêu_cầu tôi tham_gia hàng đợi mà không có bất_kỳ sự hỗ_trợ trước nào . và tôi đã phải đợi tổng_cộng 1 giờ cho thức_ăn của mình .",dịch_vụ kém hỗ_trợ nhân_viên đấu_tranh máy đặt_hàng yêu_cầu tham_gia hàng đợi bất_kỳ hỗ_trợ đợi tổng_cộng 1 thức_ăn
toilet ở đây thật kinh khủng,negative,toilet ở đây thật kinh_khủng,toilet ở đây thật kinh_khủng,toilet kinh_khủng
"đồ ăn ngon. dịch vụ tôt. không gian rộng,thoáng,mat. nên thử.",positive,"đồ_ăn ngon . dịch_vụ tôt . không_gian rộng , thoáng , mat . nên thử .","đồ_ăn ngon . dịch_vụ tôt . không_gian rộng , thoáng , mat . nên thử .",đồ_ăn ngon dịch_vụ tôt không_gian rộng thoáng mat thử
"ngoại trừ việc khách đông, ồn ào thì còn lại mình thấy đều ổn.",positive,"ngoại_trừ việc khách đông , ồn_ào thì còn lại mình thấy đều ổn .","ngoại_trừ việc khách đông , ồn_ào thì còn lại mình thấy đều ổn .",ngoại_trừ đông ồn_ào ổn
"không gian rộng rãi, thoáng mát, sạch sẽ và view đẹp . trong cửa hàng, nhiều máy tự order và thanh toán nên rất thuận tiện cho khách hàng lựa chọn món một cách nhanh chóng. gà rán giòn, ngon. hamburger hấp dẫn. nếu bạn cài app thì sẽ có nhiều combo, và khuyến mãi hấp dẫn.",positive,"không_gian rộng_rãi , thoáng mát , sạch_sẽ và view đẹp . trong cửa_hàng , nhiều máy tự order và thanh_toán nên rất thuận_tiện cho khách_hàng lựa_chọn món một_cách nhanh_chóng . gà rán giòn , ngon . hamburger hấp_dẫn . nếu bạn cài app thì sẽ có nhiều combo , và khuyến_mãi hấp_dẫn .","không_gian rộng_rãi , thoáng mát , sạch_sẽ và view đẹp . trong cửa_hàng , nhiều máy tự order và thanh_toán nên rất thuận_tiện cho khách_hàng lựa_chọn món một_cách nhanh_chóng . gà rán giòn , ngon . hamburger hấp_dẫn . nếu bạn cài app thì sẽ có nhiều combo , và khuyến_mãi hấp_dẫn .",không_gian rộng_rãi thoáng mát sạch_sẽ view đẹp cửa_hàng máy order thanh_toán thuận_tiện khách_hàng lựa_chọn món một_cách nhanh_chóng gà rán giòn ngon hamburger hấp_dẫn cài app combo khuyến_mãi hấp_dẫn
quán quá tê tham tiền mất dạy,negative,quán quá tê tham tiền mất_dạy,quán quá tê tham tiền mất_dạy,quán tê tham tiền mất_dạy
tôi gọi đê đăt bánh gần 10 cuộc goi nhưng không ai băt may. cung cách phục vụ xem thương khach hang quá sức.,negative,tôi gọi đê đăt bánh gần 10 cuộc goi nhưng không ai băt may . cung_cách phục_vụ xem thương khach hang quá_sức .,tôi gọi đê đăt bánh gần 10 cuộc goi nhưng không ai băt may . cung_cách phục_vụ xem thương khach hang quá_sức .,gọi đê đăt bánh 10 goi băt may cung_cách phục_vụ thương khach hang quá_sức
"do không có tiền mặt, nên thanh toán bằng thẻ, xong hệ thống bị lỗi, tiền trong tài khoản thì trừ, hoá đơn thì không xuất, nhân viên không có cách xử lí phù hợp , đi mua đồ ăn mà tiền thì bị mất, đồ ăn thì không có, sau này gắn bảng không thanh toán bằng thẻ luôn đi, mất cảm tình với 1 hệ thống lớn như này nhân viên thì đông quá trời, rồi cứ bắt đứng xếp hàng dài chờ order món bằng máy tự động quá lâu",negative,"do không có tiền_mặt , nên thanh_toán bằng thẻ , xong hệ_thống bị lỗi , tiền trong tài_khoản thì trừ , hoá_đơn thì không xuất , nhân_viên không có cách xử_lí phù_hợp , đi mua đồ_ăn mà tiền thì bị mất , đồ_ăn thì không có , sau_này gắn bảng không thanh_toán bằng thẻ luôn đi , mất cảm_tình với 1 hệ_thống lớn như này nhân_viên thì đông quá_trời , rồi cứ bắt đứng xếp_hàng dài chờ order món bằng máy tự_động quá lâu","do không có tiền_mặt , nên thanh_toán bằng thẻ , xong hệ_thống bị lỗi , tiền trong tài_khoản thì trừ , hoá_đơn thì không xuất , nhân_viên không có cách xử_lí phù_hợp , đi mua đồ_ăn mà tiền thì bị mất , đồ_ăn thì không có , sau_này gắn bảng không thanh_toán bằng thẻ luôn đi , mất cảm_tình với 1 hệ_thống lớn như này nhân_viên thì đông quá_trời , rồi cứ bắt đứng xếp_hàng dài chờ order món bằng máy tự_động quá lâu",tiền_mặt thanh_toán thẻ xong hệ_thống lỗi tiền tài_khoản trừ hoá_đơn xuất nhân_viên xử_lí phù_hợp mua đồ_ăn tiền đồ_ăn sau_này gắn bảng thanh_toán thẻ cảm_tình 1 hệ_thống nhân_viên đông quá_trời bắt đứng xếp_hàng chờ order món máy tự_động
"tôi đặt mua, 4 cái big mac và 4 đùi gà lẻ, có hỏi trước nhân viên bán hàng có được 4 đùi k, nhân viên báo 2 đùi, 2 má đùi, tôi ok. vì nhà trẻ con, đứa nào cũng đòi ăn đùi. mua về nhà mở ra 3 cái ức gà và 1 cái đùi. nếu không được thì ngay từ đầu phải nói với khách. để tôi biết tôi ăn món khác. chứ bán hàng xong rồi giao vậy khác nào lừa đảo khách, đã hỏi rõ ràng hỏi đj hỏi lại 3 lần. lần sau không bao giờ mua quán này nữa. quán nên coi lại cách trả lời khách hàng của nhân viên. nếu không được thì nói là không được.",negative,"tôi đặt mua , 4 cái big mac và 4 đùi gà lẻ , có hỏi trước nhân_viên bán hàng có được 4 đùi k , nhân_viên báo 2 đùi , 2 má đùi , tôi ok . vì nhà_trẻ con , đứa nào cũng đòi ăn đùi . mua về nhà mở ra 3 cái ức gà và 1 cái đùi . nếu không được thì ngay từ đầu phải nói với khách . để tôi biết tôi ăn món khác . chứ bán hàng xong rồi giao vậy khác_nào lừa_đảo khách , đã hỏi rõ_ràng hỏi_đj_hỏi lại 3 lần . lần sau không bao_giờ mua quán này nữa . quán nên coi lại cách trả_lời khách_hàng của nhân_viên . nếu không được thì nói là không được .","tôi đặt mua , 4 cái big mac và 4 đùi gà lẻ , có hỏi trước nhân_viên bán hàng có được 4 đùi k , nhân_viên báo 2 đùi , 2 má đùi , tôi ok . vì nhà_trẻ con , đứa nào cũng đòi ăn đùi . mua về nhà mở ra 3 cái ức gà và 1 cái đùi . nếu không được thì ngay từ đầu phải nói với khách . để tôi biết tôi ăn món khác . chứ bán hàng xong rồi giao vậy khác_nào lừa_đảo khách , đã hỏi rõ_ràng hỏi_đj_hỏi lại 3 lần . lần sau không bao_giờ mua quán này nữa . quán nên coi lại cách trả_lời khách_hàng của nhân_viên . nếu không được thì nói là không được .",mua 4 big mac 4 đùi gà lẻ nhân_viên hàng 4 đùi k nhân_viên báo 2 đùi 2 má đùi ok nhà_trẻ đòi đùi mua 3 ức gà 1 đùi món hàng xong giao khác_nào lừa_đảo hỏi_đj_hỏi 3 bao_giờ mua quán quán coi trả_lời khách_hàng nhân_viên
"cửa hàng áp dụng hình thức đặt món online tại chỗ. khách bấm chọn sản phẩm trên màn hình, xong thì máy sẽ in ra tờ số thứ tự. mang tờ in đến quầy tính tiền thanh toán các món đã order. xong thì sang quầy kế bên chờ báo số để nhận món ăn đã order. quầy nước order riêng. nhân viên thân thiện.",positive,"cửa_hàng áp_dụng hình_thức đặt món online tại_chỗ . khách bấm chọn sản_phẩm trên màn_hình , xong thì máy sẽ in ra tờ số thứ_tự . mang tờ in đến quầy tính tiền thanh_toán các món đã order . xong thì sang quầy kế bên chờ báo số để nhận món ăn đã order . quầy nước order riêng . nhân_viên thân_thiện .","cửa_hàng áp_dụng hình_thức đặt món online tại_chỗ . khách bấm chọn sản_phẩm trên màn_hình , xong thì máy sẽ in ra tờ số thứ_tự . mang tờ in đến quầy tính tiền thanh_toán các món đã order . xong thì sang quầy kế bên chờ báo số để nhận món ăn đã order . quầy nước order riêng . nhân_viên thân_thiện .",cửa_hàng áp_dụng hình_thức món online tại_chỗ bấm sản_phẩm màn_hình xong máy in tờ thứ_tự tờ in quầy tiền thanh_toán món order xong quầy kế chờ báo món order quầy order nhân_viên thân_thiện
đông đúc và không được làm sạch mặc dù lớn nhưng vẫn cần một số quản lý,neutral,đông_đúc và không được làm sạch mặc_dù lớn nhưng vẫn cần một_số quản_lý,đông_đúc và không được làm sạch mặc_dù lớn nhưng vẫn cần một_số quản_lý,đông_đúc sạch mặc_dù một_số quản_lý
nhân viên phục vụ nhiệt tình phục vụ chu đáo ok,positive,nhân_viên phục_vụ nhiệt_tình phục_vụ chu_đáo ok,nhân_viên phục_vụ nhiệt_tình phục_vụ chu_đáo ok,nhân_viên phục_vụ nhiệt_tình phục_vụ chu_đáo ok
"các nhân viên phục vụ nhân viên và bạn bè của họ trước mặt khách hàng. có ít nhất 10 người trong bếp, những người thà làm sạch mọi thứ hơn là hoàn thành khoảng 6 đơn đặt hàng. ngày 7 tháng 1 lúc 0402 trong đêm 🏻",negative,"các nhân_viên phục_vụ nhân_viên và bạn_bè của họ trước mặt khách_hàng . có ít_nhất 10 người trong bếp , những người thà làm sạch mọi thứ hơn là hoàn_thành khoảng 6 đơn đặt_hàng . ngày 7 tháng 1 lúc 0402 trong đêm 🏻","các nhân_viên phục_vụ nhân_viên và bạn_bè của họ trước mặt khách_hàng . có ít_nhất 10 người trong bếp , những người thà làm sạch mọi thứ hơn là hoàn_thành khoảng 6 đơn đặt_hàng . ngày 7 tháng 1 lúc 0402 trong đêm :màu da sáng:",nhân_viên phục_vụ nhân_viên bạn_bè mặt khách_hàng ít_nhất 10 bếp sạch hoàn_thành 6 đơn đặt_hàng 7 1 0402 :màu da sáng:
hambuger ngon,positive,hambuger ngon,hambuger ngon,hambuger ngon
ai có thể tìm thấy sự khác biệt ..,negative,ai có_thể tìm thấy sự khác_biệt ..,ai có_thể tìm thấy sự khác_biệt ..,có_thể khác_biệt ..
gà ngon. kem đặc biệt rất ngon. có 45 loại sốt cho gà. tải app sẽ có thêm nhiều khuyến mãi.,positive,gà ngon . kem đặc_biệt rất ngon . có 45 loại sốt cho gà . tải app sẽ có thêm nhiều khuyến_mãi .,gà ngon . kem đặc_biệt rất ngon . có 45 loại sốt cho gà . tải app sẽ có thêm nhiều khuyến_mãi .,gà ngon kem đặc_biệt ngon 45 sốt gà tải app khuyến_mãi
"nằm ở góc vòng xoay điện biên phủ, điểm ngồi nhấm nháp, tâm sự với bạn bè được coi là khu đất vàng. fastfood nổi tiếng thế giới nên không phải bàn về khẩu vị, quan trọng là bạn thích khẩu vị này như thế nào thôi. tự do, thoải mái, thoáng mát là ưu điểm ở đây.",positive,"nằm ở góc vòng xoay điện_biên_phủ , điểm ngồi nhấm_nháp , tâm_sự với bạn_bè được coi là khu đất vàng . fastfood nổi_tiếng thế_giới nên không phải bàn về khẩu_vị , quan_trọng là bạn thích khẩu_vị này như_thế_nào thôi . tự_do , thoải_mái , thoáng mát là ưu_điểm ở đây .","nằm ở góc vòng xoay điện_biên_phủ , điểm ngồi nhấm_nháp , tâm_sự với bạn_bè được coi là khu đất vàng . fastfood nổi_tiếng thế_giới nên không phải bàn về khẩu_vị , quan_trọng là bạn thích khẩu_vị này như_thế_nào thôi . tự_do , thoải_mái , thoáng mát là ưu_điểm ở đây .",nằm góc vòng xoay điện_biên_phủ nhấm_nháp tâm_sự bạn_bè coi khu đất vàng fastfood nổi_tiếng thế_giới bàn khẩu_vị quan_trọng khẩu_vị như_thế_nào tự_do thoải_mái thoáng mát ưu_điểm
"quán rộng rãi, có bãi đỗ xe, nhân viên nhiệt tình, chuyên nghiệp.",positive,"quán rộng_rãi , có bãi đỗ xe , nhân_viên nhiệt_tình , chuyên_nghiệp .","quán rộng_rãi , có bãi đỗ xe , nhân_viên nhiệt_tình , chuyên_nghiệp .",quán rộng_rãi bãi đỗ xe nhân_viên nhiệt_tình chuyên_nghiệp
"bàn bên ngoài chill, thoải mái.",positive,"bàn bên ngoài chill , thoải_mái .","bàn bên ngoài chill , thoải_mái .",bàn chill thoải_mái
hương vị ở việt nam không quá ngon. điều này là chúng cung cấp nhiều sự lựa chọn hơn về nước sốt và cũng nhận được mynonise,neutral,hương_vị ở việt_nam không quá ngon . điều này là chúng cung_cấp nhiều sự lựa_chọn hơn về nước sốt và cũng nhận được mynonise,hương_vị ở việt_nam không quá ngon . điều này là chúng cung_cấp nhiều sự lựa_chọn hơn về nước sốt và cũng nhận được mynonise,hương_vị việt_nam ngon cung_cấp lựa_chọn sốt mynonise
quá ồn ào,negative,quá ồn_ào,quá ồn_ào,ồn_ào
giao món thiếu nhiều lần,negative,giao món thiếu nhiều lần,giao món thiếu nhiều lần,giao món
"thức ăn thơm ngon, nóng giòn . dịch vụ tốt . không gian sạch sẽ.",positive,"thức_ăn thơm ngon , nóng giòn . dịch_vụ tốt . không_gian sạch_sẽ .","thức_ăn thơm ngon , nóng giòn . dịch_vụ tốt . không_gian sạch_sẽ .",thức_ăn thơm ngon nóng giòn dịch_vụ không_gian sạch_sẽ
rubbish wifi cho một thương hiệu nổi tiếng,negative,rubbish wifi cho một thương_hiệu nổi_tiếng,rubbish wifi cho một thương_hiệu nổi_tiếng,rubbish wifi thương_hiệu nổi_tiếng
"chất lượng gà rán rất khác biệt với các nhãn hàng còn lại. chỗ đậu oto miễn phí 2 tiếng đầu tiên có bill ăn tại cửa hàng phục vụ chuẩn mực. điểm trừ wc không được sạch sẽ, có mùi. cần tăng tần suất kiểm tra, dọn dẹp wc.",positive,"chất_lượng gà rán rất khác_biệt với các nhãn hàng còn lại . chỗ đậu oto miễn_phí 2 tiếng đầu_tiên có bill ăn tại cửa_hàng phục_vụ chuẩn_mực . điểm trừ wc không được sạch_sẽ , có mùi . cần tăng tần_suất kiểm_tra , dọn_dẹp wc .","chất_lượng gà rán rất khác_biệt với các nhãn hàng còn lại . chỗ đậu oto miễn_phí 2 tiếng đầu_tiên có bill ăn tại cửa_hàng phục_vụ chuẩn_mực . điểm trừ wc không được sạch_sẽ , có mùi . cần tăng tần_suất kiểm_tra , dọn_dẹp wc .",chất_lượng gà rán khác_biệt nhãn hàng chỗ đậu oto miễn_phí 2 tiếng đầu_tiên bill cửa_hàng phục_vụ chuẩn_mực trừ wc sạch_sẽ mùi tần_suất kiểm_tra dọn_dẹp wc
tôi đã trả tiền cho một mcroyal gấp đôi 😢 không phải là một,negative,tôi đã trả tiền cho một mcroyal gấp đôi 😢 không phải là một,tôi đã trả tiền cho một mcroyal gấp đôi :mặt khóc: không phải là một,tiền mcroyal gấp đôi :mặt khóc:
"mcdonalds đổi mới cách gọi món và thanh toán tự động được bố trí 2 máy đối diện khách hàng có thể chủ động chọn món hơn thanh toán dễ dàng nhanh chóng, nhận phiếu chờ và xếp hàng lấy món, không gian rộng rãi thoải mái, nhận viên vui vẻ nhiệt tình, bãi xe miễn phí khi sử dụng dv ở đây",positive,"mcdonalds đổi_mới cách gọi món và thanh_toán tự_động được bố_trí 2 máy đối_diện khách_hàng có_thể chủ_động chọn món hơn thanh_toán dễ_dàng nhanh_chóng , nhận phiếu chờ và xếp_hàng lấy món , không_gian rộng_rãi thoải_mái , nhận viên vui_vẻ nhiệt_tình , bãi xe miễn_phí khi sử_dụng dv ở đây","mcdonalds đổi_mới cách gọi món và thanh_toán tự_động được bố_trí 2 máy đối_diện khách_hàng có_thể chủ_động chọn món hơn thanh_toán dễ_dàng nhanh_chóng , nhận phiếu chờ và xếp_hàng lấy món , không_gian rộng_rãi thoải_mái , nhận viên vui_vẻ nhiệt_tình , bãi xe miễn_phí khi sử_dụng dv ở đây",mcdonalds đổi_mới gọi món thanh_toán tự_động bố_trí 2 máy đối_diện khách_hàng có_thể chủ_động món thanh_toán dễ_dàng nhanh_chóng phiếu chờ xếp_hàng món không_gian rộng_rãi thoải_mái viên vui_vẻ nhiệt_tình bãi xe miễn_phí sử_dụng dv
bình thường,neutral,bình_thường,bình_thường,bình_thường
thành phố hồ chí minh city,positive,thành_phố hồ_chí_minh city,thành_phố hồ_chí_minh city,thành_phố hồ_chí_minh city
"món ăn và dịch vụ đạt chuẩn, nhà hàng đông khách, náo nhiệt thích hợp cho gia đình",neutral,"món ăn và dịch_vụ đạt chuẩn , nhà_hàng đông khách , náo_nhiệt thích_hợp cho gia_đình","món ăn và dịch_vụ đạt chuẩn , nhà_hàng đông khách , náo_nhiệt thích_hợp cho gia_đình",món dịch_vụ chuẩn nhà_hàng đông náo_nhiệt thích_hợp gia_đình
"mcdonalds tại đây có lẽ là một trong những chi nhánh lớn nhất mà mình biết đến, có nhiều chỗ ngồi, khuôn viên rộng và chỗ giữ xe cũng lớn. vị trí hướng ra vòng xoay, view khá đẹp để ngắm nhìn đường phố. vì là một chi nhánh lớn nên ở đây thường khá đông, ngoài ra thì cũng có line đường drive thru để chạy xe vào mua mang về khá tiện. như mọi chi nhánh khác thì ở đây cũng có thể tự đặt món và thanh toán ở các máy xung quanh. về hương vị thì cũng không khác những chỗ khác. tuy nhiên, điểm trừ là ở đây khá đông, nhà vệ sinh không sạch, có mùi và ở quầy line chạy xe hay có nhiều người tụ tập chụp hình.",positive,"mcdonalds tại đây có_lẽ là một trong những chi_nhánh lớn nhất mà mình biết đến , có nhiều chỗ ngồi , khuôn_viên rộng và chỗ giữ xe cũng lớn . vị_trí hướng ra vòng xoay , view khá đẹp để ngắm nhìn đường_phố . vì là một chi_nhánh lớn nên ở đây thường khá đông , ngoài_ra thì cũng có line đường drive thru để chạy xe vào mua mang về khá tiện . như mọi chi_nhánh khác thì ở đây cũng có_thể tự đặt món và thanh_toán ở các máy xung_quanh . về hương_vị thì cũng không khác những chỗ khác . tuy_nhiên , điểm trừ là ở đây khá đông , nhà_vệ_sinh không sạch , có mùi và ở quầy line chạy xe hay có nhiều người tụ_tập chụp hình .","mcdonalds tại đây có_lẽ là một trong những chi_nhánh lớn nhất mà mình biết đến , có nhiều chỗ ngồi , khuôn_viên rộng và chỗ giữ xe cũng lớn . vị_trí hướng ra vòng xoay , view khá đẹp để ngắm nhìn đường_phố . vì là một chi_nhánh lớn nên ở đây thường khá đông , ngoài_ra thì cũng có line đường drive thru để chạy xe vào mua mang về khá tiện . như mọi chi_nhánh khác thì ở đây cũng có_thể tự đặt món và thanh_toán ở các máy xung_quanh . về hương_vị thì cũng không khác những chỗ khác . tuy_nhiên , điểm trừ là ở đây khá đông , nhà_vệ_sinh không sạch , có mùi và ở quầy line chạy xe hay có nhiều người tụ_tập chụp hình .",mcdonalds có_lẽ chi_nhánh chỗ khuôn_viên rộng chỗ xe vị_trí hướng vòng xoay view đẹp ngắm đường_phố chi_nhánh đông ngoài_ra line đường drive thru chạy xe mua tiện chi_nhánh có_thể món thanh_toán máy xung_quanh hương_vị chỗ tuy_nhiên trừ đông nhà_vệ_sinh sạch mùi quầy line chạy xe tụ_tập chụp hình
tôi muốn ăn hamburger sau một thời gian,positive,tôi muốn ăn hamburger sau một thời_gian,tôi muốn ăn hamburger sau một thời_gian,hamburger thời_gian
"chắc do mình thấy không hợp với vị gà mặn, ăn ngán.",neutral,"chắc do mình thấy không hợp với vị gà mặn , ăn ngán .","chắc do mình thấy không hợp với vị gà mặn , ăn ngán .",hợp vị gà mặn ngán
"bởi vì đó là cuối tuần, gia đình tập hợp và thích ăn uống. có rất nhiều khách trong phòng",positive,"bởi_vì đó là cuối tuần , gia_đình tập_hợp và thích ăn_uống . có rất nhiều khách trong phòng","bởi_vì đó là cuối tuần , gia_đình tập_hợp và thích ăn_uống . có rất nhiều khách trong phòng",bởi_vì gia_đình tập_hợp ăn_uống phòng
tôi đã vượt qua những chiếc váy sandwich và nhiều hơn nữa. nó có thể so sánh với các cửa hàng có chất lượng tốt ở nhật bản,positive,tôi đã vượt qua những chiếc váy sandwich và nhiều hơn_nữa . nó có_thể so_sánh với các cửa_hàng có chất_lượng tốt ở nhật_bản,tôi đã vượt qua những chiếc váy sandwich và nhiều hơn_nữa . nó có_thể so_sánh với các cửa_hàng có chất_lượng tốt ở nhật_bản,váy sandwich hơn_nữa có_thể so_sánh cửa_hàng chất_lượng nhật_bản
tốt cho bãi đậu xe,positive,tốt cho bãi đậu xe,tốt cho bãi đậu xe,bãi đậu xe
"cửa hàng đầu tiên của mcdonald ở việt nam. bãi đậu xe bãi đậu xe đạp rộng rãi nên tôi thường sử dụng nó với trẻ em. bạn có thể lái xe qua xe đạp của bạn. nó thường đầy đủ vào cuối tuần. mcdonald là các thành phần và phương pháp nấu ăn tương tự. hương vị là phổ quát. chúng tôi cũng có com gạo và hamburger bento chỉ có sẵn ở châu á. ngoài ra còn có một khu vực chỗ ngồi tầng hai cho trẻ em chơi. cửa hàng được làm sạch khá nhiều sau giờ cao điểm. đã có những bình luận như các bảng bị bẩn và các nhân viên cửa hàng có vẻ buồn chán, nhưng điều này là bình thường ở nước ngoài. và đó là một nhà hàng thức ăn nhanh. tôi quên đặt vật phẩm vào khoảng hai lần khi tôi lấy nó ra. đã thêm 20216 gần đây, tôi đã mua một chiếc khoai tây l có kích thước và chỉ một nửa trong số chúng đến. lừa đảo. đây không phải là ở đó, phải không tôi tự hỏi nếu nó sẽ không được sửa chữa khi tôi hơi bận rộn và công việc của tôi trở nên cẩu thả ngay lập tức. tôi luôn quên đặt các mặt hàng vào. đã thêm 10122022 gần đây, cả potato l và mình trông như thế này. cửa hàng đường nguyễn hue ở bên trong tốt.",positive,"cửa_hàng đầu_tiên của mcdonald ở việt_nam . bãi đậu xe_bãi đậu xe_đạp rộng_rãi nên tôi thường sử_dụng nó với trẻ_em . bạn có_thể lái_xe qua xe_đạp của bạn . nó thường đầy_đủ vào cuối tuần . mcdonald là các thành_phần và phương_pháp nấu_ăn tương_tự . hương_vị là phổ_quát . chúng_tôi cũng có com gạo và hamburger bento chỉ có sẵn ở châu_á . ngoài_ra còn có một khu_vực chỗ ngồi tầng hai cho trẻ_em chơi . cửa_hàng được làm sạch khá nhiều sau giờ cao_điểm . đã có những bình_luận như các bảng bị bẩn và các nhân_viên cửa_hàng có_vẻ buồn chán , nhưng điều này là bình_thường ở nước_ngoài . và đó là một nhà_hàng thức_ăn nhanh . tôi quên đặt vật_phẩm vào_khoảng hai lần khi tôi lấy nó ra . đã thêm 20216 gần đây , tôi đã mua một chiếc khoai_tây l có kích_thước và chỉ một_nửa trong số chúng đến . lừa_đảo . đây không phải là ở đó , phải không tôi tự hỏi nếu nó sẽ không được sửa_chữa khi tôi hơi bận_rộn và công_việc của tôi trở_nên cẩu_thả ngay_lập_tức . tôi luôn quên đặt các mặt_hàng vào . đã thêm 10122022 gần đây , cả potato l và mình trông như thế_này . cửa_hàng_đường nguyễn_hue ở bên trong tốt .","cửa_hàng đầu_tiên của mcdonald ở việt_nam . bãi đậu xe_bãi đậu xe_đạp rộng_rãi nên tôi thường sử_dụng nó với trẻ_em . bạn có_thể lái_xe qua xe_đạp của bạn . nó thường đầy_đủ vào cuối tuần . mcdonald là các thành_phần và phương_pháp nấu_ăn tương_tự . hương_vị là phổ_quát . chúng_tôi cũng có com gạo và hamburger bento chỉ có sẵn ở châu_á . ngoài_ra còn có một khu_vực chỗ ngồi tầng hai cho trẻ_em chơi . cửa_hàng được làm sạch khá nhiều sau giờ cao_điểm . đã có những bình_luận như các bảng bị bẩn và các nhân_viên cửa_hàng có_vẻ buồn chán , nhưng điều này là bình_thường ở nước_ngoài . và đó là một nhà_hàng thức_ăn nhanh . tôi quên đặt vật_phẩm vào_khoảng hai lần khi tôi lấy nó ra . đã thêm 20216 gần đây , tôi đã mua một chiếc khoai_tây l có kích_thước và chỉ một_nửa trong số chúng đến . lừa_đảo . đây không phải là ở đó , phải không tôi tự hỏi nếu nó sẽ không được sửa_chữa khi tôi hơi bận_rộn và công_việc của tôi trở_nên cẩu_thả ngay_lập_tức . tôi luôn quên đặt các mặt_hàng vào . đã thêm 10122022 gần đây , cả potato l và mình trông như thế_này . cửa_hàng_đường nguyễn_hue ở bên trong tốt .",cửa_hàng đầu_tiên mcdonald việt_nam bãi đậu xe_bãi đậu xe_đạp rộng_rãi sử_dụng trẻ_em có_thể lái_xe xe_đạp đầy_đủ mcdonald thành_phần phương_pháp nấu_ăn tương_tự hương_vị phổ_quát chúng_tôi com gạo hamburger bento sẵn châu_á ngoài_ra khu_vực chỗ tầng hai trẻ_em cửa_hàng sạch cao_điểm bình_luận bảng bẩn nhân_viên cửa_hàng có_vẻ buồn chán bình_thường nước_ngoài nhà_hàng thức_ăn quên vật_phẩm vào_khoảng hai 20216 mua khoai_tây l kích_thước một_nửa lừa_đảo sửa_chữa hơi bận_rộn công_việc cẩu_thả ngay_lập_tức quên mặt_hàng 10122022 potato l trông thế_này cửa_hàng_đường nguyễn_hue
bing chilling 🍦 ngon,positive,bing chilling 🍦 ngon,bing chilling :kem tươi: ngon,bing chilling :kem tươi: ngon
không gian thoải mái đồ ăn và dịch vụ thì bùnh thường,neutral,không_gian thoải_mái đồ_ăn và dịch_vụ thì bùnh thường,không_gian thoải_mái đồ_ăn và dịch_vụ thì bùnh thường,không_gian thoải_mái đồ_ăn dịch_vụ bùnh
tốt cho việc lái xe qua,positive,tốt cho việc lái_xe qua,tốt cho việc lái_xe qua,lái_xe
nhanh chóng và sạch sẽ,positive,nhanh_chóng và sạch_sẽ,nhanh_chóng và sạch_sẽ,nhanh_chóng sạch_sẽ
đủ tốt,positive,đủ tốt,đủ tốt,
"cơ sở vật chất xuống cấp, quá ồn.",negative,"cơ_sở vật_chất xuống_cấp , quá ồn .","cơ_sở vật_chất xuống_cấp , quá ồn .",cơ_sở vật_chất xuống_cấp ồn
"không gian thoáng mát, phục vu chu đáo",positive,"không_gian thoáng mát , phục vu chu_đáo","không_gian thoáng mát , phục vu chu_đáo",không_gian thoáng mát phục vu chu_đáo
"hình như là quán mcdonald lớn nhất tp. vị trí đẹp, bài trí thông minh, hiện đại từ chỗ gửi xe, lấy xe đi về đặt đồ, ăn tại chỗđều rất nhanb chóng. tại đây có khoảng 5 máy tự order đồ trong cửa hàng, 3 máy order ngoài cửa hàng dành cho khách ghé qua đặt và mang đi, đứng ở ngoài, chờ order là ghé cửa lấy đồ, không cần vào trong, cực hiện đại và thân thiện. đồ ăn không cần nói rồi, các bé nhà mình rất thích, thi thoảng ăn tại chỗ còn được phát tranh và màu tô nữa.",positive,"hình_như là quán mcdonald lớn nhất tp . vị_trí đẹp , bài_trí thông_minh , hiện_đại từ chỗ gửi xe , lấy xe đi về đặt đồ , ăn tại chỗđều rất nhanb chóng . tại đây có khoảng 5 máy tự order đồ trong cửa_hàng , 3 máy order ngoài cửa_hàng dành cho khách ghé qua đặt và mang đi , đứng ở ngoài , chờ order là ghé cửa lấy đồ , không cần vào trong , cực hiện_đại và thân_thiện . đồ_ăn không cần nói rồi , các bé nhà mình rất thích , thi_thoảng ăn tại_chỗ còn được phát tranh và màu tô nữa .","hình_như là quán mcdonald lớn nhất tp . vị_trí đẹp , bài_trí thông_minh , hiện_đại từ chỗ gửi xe , lấy xe đi về đặt đồ , ăn tại chỗđều rất nhanb chóng . tại đây có khoảng 5 máy tự order đồ trong cửa_hàng , 3 máy order ngoài cửa_hàng dành cho khách ghé qua đặt và mang đi , đứng ở ngoài , chờ order là ghé cửa lấy đồ , không cần vào trong , cực hiện_đại và thân_thiện . đồ_ăn không cần nói rồi , các bé nhà mình rất thích , thi_thoảng ăn tại_chỗ còn được phát tranh và màu tô nữa .",hình_như quán mcdonald tp vị_trí đẹp bài_trí thông_minh hiện_đại chỗ gửi xe xe đồ chỗđều nhanb chóng 5 máy order đồ cửa_hàng 3 máy order cửa_hàng ghé đứng chờ order ghé cửa đồ cực hiện_đại thân_thiện đồ_ăn bé thi_thoảng tại_chỗ phát tranh màu tô
"giá vừa phải, bữa ăn là tốt nhất, nhưng kinh doanh rất tốt, luôn luôn quá đông đúc",positive,"giá vừa_phải , bữa ăn là tốt nhất , nhưng kinh_doanh rất tốt , luôn_luôn quá đông_đúc","giá vừa_phải , bữa ăn là tốt nhất , nhưng kinh_doanh rất tốt , luôn_luôn quá đông_đúc",giá vừa_phải kinh_doanh luôn_luôn đông_đúc
"phong cảnh đẹp ,chổ để xe thuận tiện",positive,"phong_cảnh đẹp , chổ để xe thuận_tiện","phong_cảnh đẹp , chổ để xe thuận_tiện",phong_cảnh đẹp chổ xe thuận_tiện
"đến lúc chiều nhưng hết gà, muốn ăn thì đợi 30p, chỉ còn hamburger và gà viên.",positive,"đến lúc chiều nhưng hết gà , muốn ăn thì đợi 30p , chỉ còn hamburger và gà viên .","đến lúc chiều nhưng hết gà , muốn ăn thì đợi 30p , chỉ còn hamburger và gà viên .",chiều gà đợi 30p hamburger gà viên
thương hiệu nổi tiếng phong cách mcdonalds mình o,positive,thương_hiệu nổi_tiếng phong_cách mcdonalds mình o,thương_hiệu nổi_tiếng phong_cách mcdonalds mình o,thương_hiệu nổi_tiếng phong_cách mcdonalds o
"nhân viên ăn nói mất dạy. vui lòng xem và dạy lại nhân viên. chuỗi của hàng quốc tế, đừng cư xử như người vn.",negative,"nhân_viên ăn_nói mất_dạy . vui_lòng xem và dạy lại nhân_viên . chuỗi của hàng quốc_tế , đừng cư_xử như người vn .","nhân_viên ăn_nói mất_dạy . vui_lòng xem và dạy lại nhân_viên . chuỗi của hàng quốc_tế , đừng cư_xử như người vn .",nhân_viên ăn_nói mất_dạy vui_lòng dạy nhân_viên chuỗi hàng quốc_tế đừng cư_xử vn
"vị trí tốt, khách hàng nhiều, thức ăn fast food vậy là ok, chỗ ngồi thoải mái có ngoài trời...",positive,"vị_trí tốt , khách_hàng nhiều , thức_ăn fast food vậy là ok , chỗ ngồi thoải_mái có ngoài_trời ...","vị_trí tốt , khách_hàng nhiều , thức_ăn fast food vậy là ok , chỗ ngồi thoải_mái có ngoài_trời ...",vị_trí khách_hàng thức_ăn fast food ok chỗ thoải_mái ngoài_trời ...
"nhân viên đông nhưng thái độ phục vụ ncl, coi thường khách hàng.",negative,"nhân_viên đông nhưng thái_độ phục_vụ ncl , coi_thường khách_hàng .","nhân_viên đông nhưng thái_độ phục_vụ ncl , coi_thường khách_hàng .",nhân_viên đông thái_độ phục_vụ ncl coi_thường khách_hàng
cũng được,positive,cũng được,cũng được,
"quán nằm ngay vòng xoay điện biên phủ, hướng q1 về bình thạnh. hệ thống mcdonald, quán có 2 tầng, không gian rộng rãi, sắp xếp ghế phù hợp thích gà với kem ở đây ghê",positive,"quán nằm ngay vòng xoay điện_biên_phủ , hướng q1 về bình_thạnh . hệ_thống mcdonald , quán có 2 tầng , không_gian rộng_rãi , sắp_xếp ghế phù_hợp thích gà với kem ở đây ghê","quán nằm ngay vòng xoay điện_biên_phủ , hướng q1 về bình_thạnh . hệ_thống mcdonald , quán có 2 tầng , không_gian rộng_rãi , sắp_xếp ghế phù_hợp thích gà với kem ở đây ghê",quán nằm vòng xoay điện_biên_phủ hướng q1 bình_thạnh hệ_thống mcdonald quán 2 tầng không_gian rộng_rãi sắp_xếp ghế phù_hợp gà kem ghê
tạm được...,neutral,tạm được ...,tạm được ...,tạm ...
không giăn đẹp nhân viên nhiệt tình chu đáo,positive,không giăn đẹp nhân_viên nhiệt_tình chu_đáo,không giăn đẹp nhân_viên nhiệt_tình chu_đáo,giăn đẹp nhân_viên nhiệt_tình chu_đáo
"chồi ôi, mình đi ăn mà mình ấn tượng với anh chị nhân viên lắm luôn. anh chị xinh trai đẹp gái mà còn thân thiện nhiệt tình xĩu luôn. hẹn sẽ đi ăn mcdonalds dài dài nè. 💜👩💨",positive,"chồi ôi , mình đi ăn mà mình ấn_tượng với anh_chị nhân_viên lắm luôn . anh_chị xinh trai đẹp gái mà_còn thân_thiện nhiệt_tình xĩu luôn . hẹn sẽ đi ăn mcdonalds dài_dài nè . 💜👩💨","chồi ôi , mình đi ăn mà mình ấn_tượng với anh_chị nhân_viên lắm luôn . anh_chị xinh trai đẹp gái mà_còn thân_thiện nhiệt_tình xĩu luôn . hẹn sẽ đi ăn mcdonalds dài_dài nè . :trái tim tím::đàn bà::phóng đi:",chồi ôi ấn_tượng anh_chị nhân_viên lắm anh_chị xinh trai đẹp gái mà_còn thân_thiện nhiệt_tình xĩu hẹn mcdonalds dài_dài nè :trái tim tím::đàn bà::phóng đi:
"tôi rất hài lòng về địa điểm này,lịch sự,vui vẽ,thoải mái rất ok.",positive,"tôi rất hài_lòng về địa_điểm này , lịch_sự , vui vẽ , thoải_mái rất ok .","tôi rất hài_lòng về địa_điểm này , lịch_sự , vui vẽ , thoải_mái rất ok .",hài_lòng địa_điểm lịch_sự vui vẽ thoải_mái ok
kiến trúc đẹp. gần gũi,positive,kiến_trúc đẹp . gần_gũi,kiến_trúc đẹp . gần_gũi,kiến_trúc đẹp gần_gũi
chúa,positive,chúa,chúa,chúa
rất ok,positive,rất ok,rất ok,ok
mcdonald là một phát minh tuyệt vời ăn mỗi ngày và vui vẻ mỗi ngày,positive,mcdonald là một phát_minh tuyệt_vời ăn mỗi ngày và vui_vẻ mỗi ngày,mcdonald là một phát_minh tuyệt_vời ăn mỗi ngày và vui_vẻ mỗi ngày,mcdonald phát_minh tuyệt_vời vui_vẻ
"bãi đậu xe thuận tiện, các bàn trong cửa hàng không sạch sẽ, và nhân viên không đủ chuyên nghiệp.",positive,"bãi đậu xe thuận_tiện , các bàn trong cửa_hàng không sạch_sẽ , và nhân_viên không đủ chuyên_nghiệp .","bãi đậu xe thuận_tiện , các bàn trong cửa_hàng không sạch_sẽ , và nhân_viên không đủ chuyên_nghiệp .",bãi đậu xe thuận_tiện bàn cửa_hàng sạch_sẽ nhân_viên chuyên_nghiệp
우리나라 빅맥이랑 크기가 좀 달랐음 좀 작은데 더 맛있어요.... 1일1맥날 하고싶었는데 ㅜ,positive,우리나라_빅맥이랑_크기가_좀 달랐음_좀_작은데_더 맛있어요 .... 1일1맥날 하고싶었는데_ㅜ,우리나라_빅맥이랑_크기가_좀 달랐음_좀_작은데_더 맛있어요 .... 1일1맥날 하고싶었는데_ㅜ,우리나라_빅맥이랑_크기가_좀 달랐음_좀_작은데_더 맛있어요 .... 1일1맥날 하고싶었는데_ㅜ
có một bữa ăn ngon.,positive,có một bữa ăn ngon .,có một bữa ăn ngon .,ngon
"đó là macdonald, không nên đánh giá. giống nhau mọi nơi. khi bạn đang vội vàng hoặc đói như ...",negative,"đó là macdonald , không nên đánh_giá . giống nhau mọi nơi . khi bạn đang vội_vàng hoặc đói như ...","đó là macdonald , không nên đánh_giá . giống nhau mọi nơi . khi bạn đang vội_vàng hoặc đói như ...",macdonald đánh_giá vội_vàng đói ...
"cũng không có gì để nói về thực phẩm, chắc chắn là tuyệt vời. nhưng tôi phải nói rằng dịch vụ của họ là tuyệt vời. thực sự theo dõi lần đầu tiên đến trước phục vụ không giống như các mcdonald khác ở quận khác. trong thời gian bận rộn, dịch vụ nhanh tôi đoán ngày tôi đi chen chúc với mọi người, do đó, nhà vệ sinh bị bẩn và có mùi vẫn được chấp nhận do số lượng khách hàng trong nhà hàng nó có thể tồi tệ hơn từ các mcdonald khác thậm chí không có nhiều người giữ công việc tốt chắc chắn sẽ quay lại và ăn",positive,"cũng không có gì để nói về thực_phẩm , chắc_chắn là tuyệt_vời . nhưng tôi phải nói rằng dịch_vụ của họ là tuyệt_vời . thực_sự theo_dõi lần đầu_tiên đến trước phục_vụ không giống như các mcdonald khác ở quận khác . trong thời_gian bận_rộn , dịch_vụ nhanh tôi đoán ngày tôi đi chen_chúc với mọi người , do_đó , nhà_vệ_sinh bị bẩn và có mùi vẫn được chấp_nhận do số_lượng khách_hàng trong nhà_hàng nó có_thể tồi_tệ hơn từ các mcdonald khác thậm_chí không có nhiều người giữ công_việc tốt chắc_chắn sẽ quay lại và ăn","cũng không có gì để nói về thực_phẩm , chắc_chắn là tuyệt_vời . nhưng tôi phải nói rằng dịch_vụ của họ là tuyệt_vời . thực_sự theo_dõi lần đầu_tiên đến trước phục_vụ không giống như các mcdonald khác ở quận khác . trong thời_gian bận_rộn , dịch_vụ nhanh tôi đoán ngày tôi đi chen_chúc với mọi người , do_đó , nhà_vệ_sinh bị bẩn và có mùi vẫn được chấp_nhận do số_lượng khách_hàng trong nhà_hàng nó có_thể tồi_tệ hơn từ các mcdonald khác thậm_chí không có nhiều người giữ công_việc tốt chắc_chắn sẽ quay lại và ăn",thực_phẩm chắc_chắn tuyệt_vời dịch_vụ tuyệt_vời theo_dõi đầu_tiên phục_vụ mcdonald thời_gian bận_rộn dịch_vụ đoán chen_chúc do_đó nhà_vệ_sinh bẩn mùi chấp_nhận số_lượng khách_hàng nhà_hàng có_thể tồi_tệ mcdonald thậm_chí công_việc chắc_chắn
"đây là một trong những thương hiệu tôi thích nhất, cảm ơn vì một bữa ăn nhanh ngon",positive,"đây là một trong những thương_hiệu tôi thích nhất , cảm_ơn vì một bữa ăn nhanh ngon","đây là một trong những thương_hiệu tôi thích nhất , cảm_ơn vì một bữa ăn nhanh ngon",thương_hiệu cảm_ơn ngon
"sạch sẽ, rộng rãi, thoáng mát",positive,"sạch_sẽ , rộng_rãi , thoáng mát","sạch_sẽ , rộng_rãi , thoáng mát",sạch_sẽ rộng_rãi thoáng mát
"tôi luôn sử dụng dịch vụ go through take away 247 service. dịch vụ tốt, nhân viên tư vấn nhiệt tình và gần gũi.",positive,"tôi luôn sử_dụng dịch_vụ go through take away 247 service . dịch_vụ tốt , nhân_viên tư_vấn nhiệt_tình và gần_gũi .","tôi luôn sử_dụng dịch_vụ go through take away 247 service . dịch_vụ tốt , nhân_viên tư_vấn nhiệt_tình và gần_gũi .",sử_dụng dịch_vụ go through take away 247 service dịch_vụ nhân_viên tư_vấn nhiệt_tình gần_gũi
nơi tốt đẹp,positive,nơi tốt_đẹp,nơi tốt_đẹp,tốt_đẹp
"dịch vụ tốt, đồ ăn bình thường",positive,"dịch_vụ tốt , đồ_ăn bình_thường","dịch_vụ tốt , đồ_ăn bình_thường",dịch_vụ đồ_ăn bình_thường
"nó rất đẹp và sạch sẽ, nhưng đã quá muộn cho đến khi đơn đặt hàng đến.",positive,"nó rất đẹp và sạch_sẽ , nhưng đã quá muộn cho đến khi đơn đặt_hàng đến .","nó rất đẹp và sạch_sẽ , nhưng đã quá muộn cho đến khi đơn đặt_hàng đến .",đẹp sạch_sẽ muộn đơn đặt_hàng
"nhân viên đào tạo không chuyên nghiệp bán hàng toàn giao thiếu đồ ăn, còn thua mấy cửa tiệm tỉnh lẻ. chắc không biết đếm số.",negative,"nhân_viên đào_tạo không chuyên_nghiệp bán hàng toàn giao thiếu đồ_ăn , còn thua mấy cửa tiệm tỉnh_lẻ . chắc không biết đếm số .","nhân_viên đào_tạo không chuyên_nghiệp bán hàng toàn giao thiếu đồ_ăn , còn thua mấy cửa tiệm tỉnh_lẻ . chắc không biết đếm số .",nhân_viên đào_tạo chuyên_nghiệp hàng toàn giao đồ_ăn thua mấy cửa tiệm tỉnh_lẻ đếm
nhà vệ sinh rất bẩn và có mùi trong 8 năm qua. đây là mcdonald đầu tiên ở việt nam và người quản lý đang làm gì làm cho khách hàng ăn mcdonald bên cạnh nhà vệ sinh có mùi,negative,nhà_vệ_sinh rất bẩn và có mùi trong 8 năm qua . đây là mcdonald đầu_tiên ở việt_nam và người_quản_lý đang làm gì làm cho khách_hàng ăn mcdonald bên cạnh nhà_vệ_sinh có mùi,nhà_vệ_sinh rất bẩn và có mùi trong 8 năm qua . đây là mcdonald đầu_tiên ở việt_nam và người_quản_lý đang làm gì làm cho khách_hàng ăn mcdonald bên cạnh nhà_vệ_sinh có mùi,nhà_vệ_sinh bẩn mùi 8 mcdonald đầu_tiên việt_nam người_quản_lý khách_hàng mcdonald cạnh nhà_vệ_sinh mùi
"thái độ nhân viên dọn dẹp cực kì tệ, kêu khách qua chỗ gần tolet ngồi để dọn dẹp những chỗ khác. bad experience with cleaner when she told us to have a dinner near the wc so she could clean the other place.",negative,"thái_độ nhân_viên dọn_dẹp cực_kì tệ , kêu khách qua chỗ gần tolet ngồi để dọn_dẹp những chỗ khác . bad experience with cleaner when she told us to have a dinner near the wc so she could clean the other place .","thái_độ nhân_viên dọn_dẹp cực_kì tệ , kêu khách qua chỗ gần tolet ngồi để dọn_dẹp những chỗ khác . bad experience with cleaner when she told us to have a dinner near the wc so she could clean the other place .",thái_độ nhân_viên dọn_dẹp cực_kì tệ kêu chỗ tolet dọn_dẹp chỗ bad experience with cleaner when she told us to have a dinner near the wc she could clean the other place
một nơi dễ dàng để đỗ xe bạn có thể uống một tách cà phê và ăn trưa,positive,một nơi dễ_dàng để đỗ xe bạn có_thể uống một tách cà_phê và ăn trưa,một nơi dễ_dàng để đỗ xe bạn có_thể uống một tách cà_phê và ăn trưa,dễ_dàng đỗ xe có_thể uống tách cà_phê trưa
tải app mc donald sẽ được 1 phần gà rán khoai tây free. nhân viên cũng không tỏ ra khó chịu khi mình dùng mã ăn phần free. cái nhà lotte nào đó cũng tặng 1 phần gà rán. mà nom bộ nv khoa chịu khi quẹt mã lắm.,positive,tải app mc donald sẽ được 1 phần gà rán khoai_tây free . nhân_viên cũng không tỏ ra khó_chịu khi mình dùng mã ăn phần free . cái nhà lotte nào đó cũng tặng 1 phần gà rán . mà nom bộ nv khoa chịu khi quẹt mã lắm .,tải app mc donald sẽ được 1 phần gà rán khoai_tây free . nhân_viên cũng không tỏ ra khó_chịu khi mình dùng mã ăn phần free . cái nhà lotte nào đó cũng tặng 1 phần gà rán . mà nom bộ nv khoa chịu khi quẹt mã lắm .,tải app mc donald 1 gà rán khoai_tây free nhân_viên tỏ khó_chịu mã free lotte tặng 1 gà rán nom nv khoa quẹt mã lắm
👍,positive,👍,:thích:,:thích:
phục vụ quá tệ. có trải nghiệm không tốt.,negative,phục_vụ quá tệ . có trải_nghiệm không tốt .,phục_vụ quá tệ . có trải_nghiệm không tốt .,phục_vụ tệ trải_nghiệm
trang trí rất đẹp và nhân viên phục vụ tốt,positive,trang_trí rất đẹp và nhân_viên phục_vụ tốt,trang_trí rất đẹp và nhân_viên phục_vụ tốt,trang_trí đẹp nhân_viên phục_vụ
"ngon, đóng gói cẩn thận. hôm nay có khuyến mại mua 1 tặng 1 trà kem sữa",positive,"ngon , đóng_gói cẩn_thận . hôm_nay có khuyến_mại mua 1 tặng 1 trà kem sữa","ngon , đóng_gói cẩn_thận . hôm_nay có khuyến_mại mua 1 tặng 1 trà kem sữa",ngon đóng_gói cẩn_thận hôm_nay khuyến_mại mua 1 tặng 1 trà kem sữa
"nhân viên kém chuyên nghiệp, vệ sinh kém. gia đình mình ăn mcdonald cũng phải hơn 10 năm từ lúc còn ở úc. rồi khi về vn hầu như cuối tuần nào con mình cũng 1 phần happy kid. tuy nhiên, mới đây khi ghé chi nhánh điện biên phủ, mình shock thật sự với khâu vệ sinh của nhân viên ở đây. bạn nv lấy đồ ăn ra cho nhà mình đi bưng đồ ăn ra ngoài quay vô rùi vô tư dùng tay không bóc đồ ăn để vô cho nhà mình, bạn cũng vô tư cuối mặt vô phần đồ ăn không hề có khẩu trang vừa xem vừa nói chuyện đến mức văng cả nước bọt. thái độ nhân viên thì lồi lõm kinh khủng. quá thất vọng",negative,"nhân_viên kém chuyên_nghiệp , vệ_sinh kém . gia_đình mình ăn mcdonald cũng phải hơn 10 năm từ lúc còn ở úc . rồi khi về vn hầu_như cuối tuần nào con mình cũng 1 phần happy kid . tuy_nhiên , mới_đây khi ghé chi_nhánh điện_biên_phủ , mình shock thật_sự với khâu vệ_sinh của nhân_viên ở đây . bạn nv lấy đồ_ăn ra cho nhà mình đi bưng đồ_ăn ra ngoài quay vô rùi vô_tư dùng tay không bóc đồ_ăn để vô cho nhà mình , bạn cũng vô_tư cuối mặt vô phần đồ_ăn không hề có khẩu_trang vừa xem vừa nói_chuyện đến mức văng cả nước_bọt . thái_độ nhân_viên thì lồi_lõm kinh_khủng . quá thất_vọng","nhân_viên kém chuyên_nghiệp , vệ_sinh kém . gia_đình mình ăn mcdonald cũng phải hơn 10 năm từ lúc còn ở úc . rồi khi về vn hầu_như cuối tuần nào con mình cũng 1 phần happy kid . tuy_nhiên , mới_đây khi ghé chi_nhánh điện_biên_phủ , mình shock thật_sự với khâu vệ_sinh của nhân_viên ở đây . bạn nv lấy đồ_ăn ra cho nhà mình đi bưng đồ_ăn ra ngoài quay vô rùi vô_tư dùng tay không bóc đồ_ăn để vô cho nhà mình , bạn cũng vô_tư cuối mặt vô phần đồ_ăn không hề có khẩu_trang vừa xem vừa nói_chuyện đến mức văng cả nước_bọt . thái_độ nhân_viên thì lồi_lõm kinh_khủng . quá thất_vọng",nhân_viên kém chuyên_nghiệp vệ_sinh kém gia_đình mcdonald 10 úc vn hầu_như 1 happy kid tuy_nhiên mới_đây ghé chi_nhánh điện_biên_phủ shock khâu vệ_sinh nhân_viên nv đồ_ăn bưng đồ_ăn vô rùi vô_tư bóc đồ_ăn vô vô_tư mặt vô đồ_ăn hề khẩu_trang nói_chuyện văng nước_bọt thái_độ nhân_viên lồi_lõm kinh_khủng thất_vọng
không bao giờ bỏ tương ớt vào cả,negative,không bao_giờ bỏ tương_ớt vào cả,không bao_giờ bỏ tương_ớt vào cả,bao_giờ tương_ớt
rất tốt và nhanh chuẩn,positive,rất tốt và nhanh chuẩn,rất tốt và nhanh chuẩn,chuẩn
thoáng mát rộng rãi có bãi đổ ô tô,positive,thoáng mát rộng_rãi có bãi đổ ô_tô,thoáng mát rộng_rãi có bãi đổ ô_tô,thoáng mát rộng_rãi bãi đổ ô_tô
"một người đẹp mở 247, 2 tầng, không có tai nạn thực phẩm cho đến nay, nhân viên tốt",positive,"một người đẹp mở 247 , 2 tầng , không có tai_nạn thực_phẩm cho đến nay , nhân_viên tốt","một người đẹp mở 247 , 2 tầng , không có tai_nạn thực_phẩm cho đến nay , nhân_viên tốt",đẹp 247 2 tầng tai_nạn thực_phẩm nhân_viên
khoai tây vừa chiên xong vệ sinh hơi dơ trên bàn lau rồi mà còn đồ ăn thừa quán đông lắm,positive,khoai_tây vừa chiên xong vệ_sinh hơi dơ trên bàn lau rồi mà_còn đồ_ăn thừa quán đông lắm,khoai_tây vừa chiên xong vệ_sinh hơi dơ trên bàn lau rồi mà_còn đồ_ăn thừa quán đông lắm,khoai_tây chiên xong vệ_sinh hơi dơ bàn lau mà_còn đồ_ăn thừa quán đông lắm
dịch vụ xấu,negative,dịch_vụ xấu,dịch_vụ xấu,dịch_vụ xấu
nơi tốt cho trẻ em vào cuối tuần nên cập nhật menu sớm hơn 10 giờ sáng sẽ giúp rất nhiều,positive,nơi tốt cho trẻ_em vào cuối tuần nên cập_nhật menu sớm hơn 10 giờ sáng sẽ giúp rất nhiều,nơi tốt cho trẻ_em vào cuối tuần nên cập_nhật menu sớm hơn 10 giờ sáng sẽ giúp rất nhiều,trẻ_em cập_nhật menu 10 giúp
rộng thoát mát,positive,rộng thoát mát,rộng thoát mát,rộng thoát mát
"vị trí đắc địa ngay vòng xoay điện biên phủ nên quán lúc nào cũng đông khách, có chỗ chạy xe vào để order khi đang ngồi trên xe và nhận đồ trên xe, không gian thoáng, 2 tầng, view đẹp, có bãi giữ xe riêng, gà rán vỏ dòn ngon, có tương ớt muối ớt đặc trưng riêng của quán mà không quán gà rán nào khác có, có sốt mayone, tương cà, riêng bánh hamburger mình cảm thấy hơi bở, thái độ phục vụ nhân viên tốt, lên món nhanh.",positive,"vị_trí đắc_địa ngay vòng xoay điện_biên_phủ nên quán lúc_nào cũng đông khách , có chỗ chạy xe vào để order khi đang ngồi trên xe và nhận đồ trên xe , không_gian thoáng , 2 tầng , view đẹp , có bãi giữ xe riêng , gà rán vỏ dòn ngon , có tương_ớt muối ớt đặc_trưng riêng của quán mà không quán gà rán nào khác có , có sốt mayone , tương cà , riêng bánh hamburger mình cảm_thấy hơi bở , thái_độ phục_vụ nhân_viên tốt , lên món nhanh .","vị_trí đắc_địa ngay vòng xoay điện_biên_phủ nên quán lúc_nào cũng đông khách , có chỗ chạy xe vào để order khi đang ngồi trên xe và nhận đồ trên xe , không_gian thoáng , 2 tầng , view đẹp , có bãi giữ xe riêng , gà rán vỏ dòn ngon , có tương_ớt muối ớt đặc_trưng riêng của quán mà không quán gà rán nào khác có , có sốt mayone , tương cà , riêng bánh hamburger mình cảm_thấy hơi bở , thái_độ phục_vụ nhân_viên tốt , lên món nhanh .",vị_trí đắc_địa vòng xoay điện_biên_phủ quán lúc_nào đông chỗ chạy xe order xe đồ xe không_gian thoáng 2 tầng view đẹp bãi xe gà rán vỏ dòn ngon tương_ớt muối ớt đặc_trưng quán quán gà rán sốt mayone tương cà bánh hamburger hơi bở thái_độ phục_vụ nhân_viên món
có lẽ mc donalds sạch nhất của vn. tốt. nhân viên hữu ích.,positive,có_lẽ mc donalds sạch nhất của vn . tốt . nhân_viên hữu_ích .,có_lẽ mc donalds sạch nhất của vn . tốt . nhân_viên hữu_ích .,có_lẽ mc donalds sạch vn nhân_viên hữu_ích
"trải nghiệm khá ok nha mọi người. các bạn vui vẻ, hướng dẫn nhiệt tình, anh giữ xe cũng rất vui vẻ luôn ạ. không gian cũng rộng rãi, chỗ để xe ổn nè",positive,"trải_nghiệm khá ok nha mọi người . các bạn vui_vẻ , hướng_dẫn nhiệt_tình , anh giữ xe cũng rất vui_vẻ luôn ạ . không_gian cũng rộng_rãi , chỗ để xe ổn nè","trải_nghiệm khá ok nha mọi người . các bạn vui_vẻ , hướng_dẫn nhiệt_tình , anh giữ xe cũng rất vui_vẻ luôn ạ . không_gian cũng rộng_rãi , chỗ để xe ổn nè",trải_nghiệm ok nha vui_vẻ hướng_dẫn nhiệt_tình xe vui_vẻ không_gian rộng_rãi chỗ xe ổn nè
"nó vẫn là mcdonald, đây là một địa chỉ tốt nếu bạn muốn ăn nhanh, tuy nhiên tôi thấy rằng thẻ bị hạn chế so với các quốc gia khác một chút thất vọng.",neutral,"nó vẫn là mcdonald , đây là một địa_chỉ tốt nếu bạn muốn ăn nhanh , tuy_nhiên tôi thấy rằng thẻ bị hạn_chế so với các quốc_gia khác một_chút thất_vọng .","nó vẫn là mcdonald , đây là một địa_chỉ tốt nếu bạn muốn ăn nhanh , tuy_nhiên tôi thấy rằng thẻ bị hạn_chế so với các quốc_gia khác một_chút thất_vọng .",mcdonald địa_chỉ tuy_nhiên thẻ hạn_chế quốc_gia một_chút thất_vọng
"quán thì bình thường như các mcdonald khác, được vị trí thuận lợi để tập trung đoàn đi tour vì có sân rộng và nhiều bàn ghế",positive,"quán thì bình_thường như các mcdonald khác , được vị_trí thuận_lợi để tập_trung đoàn đi tour vì có sân rộng và nhiều bàn_ghế","quán thì bình_thường như các mcdonald khác , được vị_trí thuận_lợi để tập_trung đoàn đi tour vì có sân rộng và nhiều bàn_ghế",quán bình_thường mcdonald vị_trí thuận_lợi tập_trung đoàn tour sân rộng bàn_ghế
ngongiá phù hợp,positive,ngongiá phù_hợp,ngongiá phù_hợp,ngongiá phù_hợp
"nó giống như bất kỳ mcdonald nào trên thế giới 😍 bãi đậu xe miễn phí. ăn tối, takeaway và lái xe qua",positive,"nó giống như bất_kỳ mcdonald nào trên thế_giới 😍 bãi đậu xe miễn_phí . ăn tối , takeaway và lái_xe qua","nó giống như bất_kỳ mcdonald nào trên thế_giới :mặt cười với đôi mắt trái tim: bãi đậu xe miễn_phí . ăn tối , takeaway và lái_xe qua",bất_kỳ mcdonald thế_giới :mặt cười đôi mắt trái tim: bãi đậu xe miễn_phí tối takeaway lái_xe
"view đẹp. chỗ ngồi rộng rãi, thoải mái. thức ăn thì hơi nguội. không ngon. thịt hay phile cũng không ngon. khoai tay chiên và pepsi thì ổn chút.",positive,"view đẹp . chỗ ngồi rộng_rãi , thoải_mái . thức_ăn thì hơi nguội . không ngon . thịt hay phile cũng không ngon . khoai tay chiên và pepsi thì ổn chút .","view đẹp . chỗ ngồi rộng_rãi , thoải_mái . thức_ăn thì hơi nguội . không ngon . thịt hay phile cũng không ngon . khoai tay chiên và pepsi thì ổn chút .",view đẹp chỗ rộng_rãi thoải_mái thức_ăn hơi nguội ngon thịt phile ngon khoai chiên pepsi ổn chút
"khoai rất ngon, phục vụ tệ, nhân viên nói chuyện riêng quá nhiều, nv chuẩn bị thức ăn không đeo khẩu trang chuyên dụng, khu vực ngồi phía ngoài rất nhiều rác",negative,"khoai rất ngon , phục_vụ tệ , nhân_viên nói_chuyện riêng quá nhiều , nv chuẩn_bị thức_ăn không đeo khẩu_trang chuyên_dụng , khu_vực ngồi phía ngoài rất nhiều rác","khoai rất ngon , phục_vụ tệ , nhân_viên nói_chuyện riêng quá nhiều , nv chuẩn_bị thức_ăn không đeo khẩu_trang chuyên_dụng , khu_vực ngồi phía ngoài rất nhiều rác",khoai ngon phục_vụ tệ nhân_viên nói_chuyện nv chuẩn_bị thức_ăn đeo khẩu_trang chuyên_dụng khu_vực rác
"nhân viên chuẩn bị món ca tối cực kỳ khó chịu, không vui vẻ với khách hàng và người giao hàng",negative,"nhân_viên chuẩn_bị món ca tối cực_kỳ khó_chịu , không vui_vẻ với khách_hàng và người giao hàng","nhân_viên chuẩn_bị món ca tối cực_kỳ khó_chịu , không vui_vẻ với khách_hàng và người giao hàng",nhân_viên chuẩn_bị món ca tối cực_kỳ khó_chịu vui_vẻ khách_hàng giao hàng
nơi tuyệt đẹp và thực đơn nó hoàn hảo,positive,nơi tuyệt đẹp và thực_đơn nó hoàn_hảo,nơi tuyệt đẹp và thực_đơn nó hoàn_hảo,tuyệt đẹp thực_đơn hoàn_hảo
một trong những lựa chọn hạn chế về khớp nửa đêm cho burger ...,positive,một trong những lựa_chọn hạn_chế về khớp nửa_đêm cho burger ...,một trong những lựa_chọn hạn_chế về khớp nửa_đêm cho burger ...,lựa_chọn hạn_chế khớp nửa_đêm burger ...
tiện lợi ngon nhanh sạch sẽ thoáng mát,positive,tiện_lợi ngon nhanh sạch_sẽ thoáng mát,tiện_lợi ngon nhanh sạch_sẽ thoáng mát,tiện_lợi ngon sạch_sẽ thoáng mát
"nhân viên không có nghiệp vụ.cứ lo nói chuyện với khách nước ngoài.đến lượt mình từ lâu mà vẫn cứ nói chuyện.chỉ thích nói chuyện với tụi tâygiống như thích thể hiện là mình chuyên nghiệp .đến lượt mình nhắc nhiều lần vẫn không giao đủ số lượng trên bill.tức nhất là đến cuối cùng vẫn không có cho tương cà tương ớt.mà chồng mình vào xin nó kêu là phải có bill nó mới cho.không lẽ mua chai tương cà ,tương ớt xịt vào mặt tụi nó chứ.thế là phải đích thân mình vào la làng mới cho.bỏ tiền ra mua thức ăn mà còn phải đi xin ngược lại tụi nó",negative,"nhân_viên không có nghiệp vụ.cứ lo nói_chuyện với khách nước ngoài.đến lượt mình từ lâu mà vẫn cứ nói chuyện.chỉ thích nói_chuyện với tụi tâygiống như thích thể_hiện là mình chuyên_nghiệp . đến lượt mình nhắc nhiều lần vẫn không giao đủ số_lượng trên bill.tức nhất_là đến cuối_cùng vẫn không có cho tương cà tương ớt.mà chồng mình vào xin nó kêu là phải có bill nó mới cho.không lẽ mua chai tương cà , tương_ớt xịt vào mặt tụi nó chứ.thế là phải đích_thân mình vào la_làng mới cho.bỏ tiền ra mua thức_ăn mà_còn phải đi xin ngược_lại tụi nó","nhân_viên không có nghiệp vụ.cứ lo nói_chuyện với khách nước ngoài.đến lượt mình từ lâu mà vẫn cứ nói chuyện.chỉ thích nói_chuyện với tụi tâygiống như thích thể_hiện là mình chuyên_nghiệp . đến lượt mình nhắc nhiều lần vẫn không giao đủ số_lượng trên bill.tức nhất_là đến cuối_cùng vẫn không có cho tương cà tương ớt.mà chồng mình vào xin nó kêu là phải có bill nó mới cho.không lẽ mua chai tương cà , tương_ớt xịt vào mặt tụi nó chứ.thế là phải đích_thân mình vào la_làng mới cho.bỏ tiền ra mua thức_ăn mà_còn phải đi xin ngược_lại tụi nó",nhân_viên nghiệp vụ.cứ lo nói_chuyện ngoài.đến lượt chuyện.chỉ nói_chuyện tụi tâygiống thể_hiện chuyên_nghiệp lượt nhắc giao số_lượng bill.tức nhất_là tương cà tương ớt.mà chồng kêu bill cho.không lẽ mua chai tương cà tương_ớt xịt mặt tụi chứ.thế đích_thân la_làng cho.bỏ tiền mua thức_ăn mà_còn ngược_lại tụi
"tiện lợi và nhanh chóng khi có chỗ mua hàng mang đi dành cho xe hơi bên ngoài, không cần vào trong",positive,"tiện_lợi và nhanh_chóng khi có chỗ mua hàng mang đi dành cho xe_hơi bên ngoài , không cần vào trong","tiện_lợi và nhanh_chóng khi có chỗ mua hàng mang đi dành cho xe_hơi bên ngoài , không cần vào trong",tiện_lợi nhanh_chóng chỗ mua hàng xe_hơi
"rất là bực mình về chuyện gửi xe tại đây, phải có bill mới được giữ xe free, mình với bạn đi 2 xe nhưng ăn cùng 1 bill thì bị người giữ xe hỏi xét nét, giọng trên trời quá, không lẽ ăn 2 người phải 2 bill hay xét camera đi cùng nhau à muốn phân biệt khách gửi xe vô ăn hay gửi xe nhờ thì làm sao coi cho được thì làm. khác hẳn mc donald quang trung, nhân viên giữ xe tử tế, dẫn cả xe cho khách và luôn niềm nở. khong bao giờ quay trở lại mc donald này 1 lần nào nữa",negative,"rất là bực_mình về chuyện gửi xe tại đây , phải có bill mới được giữ xe free , mình với bạn đi 2 xe nhưng ăn cùng 1 bill thì bị người giữ xe hỏi xét_nét , giọng trên trời quá , không_lẽ ăn 2 người phải 2 bill hay xét camera đi cùng nhau à muốn phân_biệt khách gửi xe vô ăn hay gửi xe nhờ thì làm_sao coi cho được thì làm . khác hẳn mc donald quang trung , nhân_viên giữ xe tử_tế , dẫn cả xe cho khách và luôn niềm_nở . khong bao_giờ quay trở_lại mc donald này 1 lần nào nữa","rất là bực_mình về chuyện gửi xe tại đây , phải có bill mới được giữ xe free , mình với bạn đi 2 xe nhưng ăn cùng 1 bill thì bị người giữ xe hỏi xét_nét , giọng trên trời quá , không_lẽ ăn 2 người phải 2 bill hay xét camera đi cùng nhau à muốn phân_biệt khách gửi xe vô ăn hay gửi xe nhờ thì làm_sao coi cho được thì làm . khác hẳn mc donald quang trung , nhân_viên giữ xe tử_tế , dẫn cả xe cho khách và luôn niềm_nở . khong bao_giờ quay trở_lại mc donald này 1 lần nào nữa",bực_mình gửi xe bill xe free 2 xe 1 bill xe xét_nét giọng trời không_lẽ 2 2 bill xét camera phân_biệt gửi xe vô gửi xe làm_sao coi hẳn mc donald quang trung nhân_viên xe tử_tế xe niềm_nở khong bao_giờ trở_lại mc donald 1
ok ... tuyệt,positive,ok ... tuyệt,ok ... tuyệt,ok ... tuyệt
nhà hàng gà gán rộng rãi xe oto có thể mua hàng trên xe và di chuyển,positive,nhà_hàng gà gán rộng_rãi xe oto có_thể mua hàng trên xe và di_chuyển,nhà_hàng gà gán rộng_rãi xe oto có_thể mua hàng trên xe và di_chuyển,nhà_hàng gà gán rộng_rãi xe oto có_thể mua hàng xe di_chuyển
"sạch sẽ, rộng rãi. đồ ăn và phục vụ ok",positive,"sạch_sẽ , rộng_rãi . đồ_ăn và phục_vụ ok","sạch_sẽ , rộng_rãi . đồ_ăn và phục_vụ ok",sạch_sẽ rộng_rãi đồ_ăn phục_vụ ok
đồ ăn ra nhanh phục vụ được nhưng nhân viên vệ sinh chửi khách,neutral,đồ_ăn ra nhanh phục_vụ được nhưng nhân_viên vệ_sinh chửi khách,đồ_ăn ra nhanh phục_vụ được nhưng nhân_viên vệ_sinh chửi khách,đồ_ăn phục_vụ nhân_viên vệ_sinh chửi
"rất tiện cho người đi xe hơi, rộng rãi.",positive,"rất tiện cho người đi xe_hơi , rộng_rãi .","rất tiện cho người đi xe_hơi , rộng_rãi .",tiện xe_hơi rộng_rãi
"ngay bùng binh. thuận tiện tập hợp khi đi chơi. đồ ăn nhanh,",positive,"ngay bùng_binh . thuận_tiện tập_hợp khi đi chơi . đồ_ăn nhanh ,","ngay bùng_binh . thuận_tiện tập_hợp khi đi chơi . đồ_ăn nhanh ,",bùng_binh thuận_tiện tập_hợp đồ_ăn
nơi hội tu cho anh em biker mỗi khi đi tour.,positive,nơi hội tu cho anh_em biker mỗi khi đi tour .,nơi hội tu cho anh_em biker mỗi khi đi tour .,hội tu anh_em biker tour
tại sao bạn lại xem xét các đánh giá về mcds chúng khá giống nhau. hãy đến đây để ăn mcdonalds. tải xuống ứng dụng để nhận được một số giảm giá.,positive,tại_sao bạn lại xem_xét các đánh_giá về mcds chúng khá giống nhau . hãy đến đây để ăn mcdonalds . tải xuống ứng_dụng để nhận được một_số giảm_giá .,tại_sao bạn lại xem_xét các đánh_giá về mcds chúng khá giống nhau . hãy đến đây để ăn mcdonalds . tải xuống ứng_dụng để nhận được một_số giảm_giá .,tại_sao xem_xét đánh_giá mcds mcdonalds tải ứng_dụng một_số giảm_giá
mc donalds dừng lại,positive,mc donalds dừng lại,mc donalds dừng lại,mc donalds dừng
"nhà hàng khá đông vào buổi chiều tối, đặc biệt rất đông vào cuối tuần. bạn phải chờ khoảng 10 đến 20 phút để nhận phần ăn của mình tùy vào số lượng món bạn gọi tôi gọi cho 4 người . bãi đỗ ô tô chỉ để được tối đa khoảng 8 xe, còn lại chủ yếu cho xe máy. lưu ý miễn phí giữ xe trong 2 giờ đầu bạn phải giữ lại hóa đơn, sau đó bạn phải trả phí theo giờ, bạn có thể xem lưu ý này ở quầy nhận thức ăn. bạn có thể đặt món và thanh toán trực tiếp với nhân viên hoặc tự đặt món và thanh toán với những máy tính bảng khổng lồ d sẽ có nhân viên hỗ trợ nếu họ đang rảnh. có những quầy cho bạn lấy tương cà, tương ớt nhưng thường là không còn khay đựng khiến tôi cảm thấy phiền vì cứ phải đi xin nhân viên. hầu hết món ăn ở đây ngon miệng, tuy nhiên rau xà lách trong burger có vẻ không được tươi. nhìn chung đây là 1 nơi phù hợp dành tụ tập gia đình và bạn bè nếu bạn có thể chấp nhận những lỗi nhỏ của nhà hàng.",positive,"nhà_hàng khá đông vào buổi chiều_tối , đặc_biệt rất đông vào cuối tuần . bạn phải chờ khoảng 10 đến 20 phút để nhận phần ăn của mình tuỳ vào số_lượng món bạn gọi tôi gọi cho 4 người . bãi đỗ ô_tô chỉ để được tối_đa khoảng 8 xe , còn lại chủ_yếu cho xe_máy . lưu_ý miễn_phí giữ xe trong 2 giờ đầu bạn phải giữ lại hoá_đơn , sau đó bạn phải trả phí theo giờ , bạn có_thể xem lưu_ý này ở quầy nhận_thức ăn . bạn có_thể đặt món và thanh_toán trực_tiếp với nhân_viên hoặc tự đặt món và thanh_toán với những máy_tính bảng khổng_lồ d sẽ có nhân_viên hỗ_trợ nếu họ đang rảnh . có những quầy cho bạn lấy tương cà , tương_ớt nhưng thường là không còn khay đựng khiến tôi cảm_thấy phiền vì cứ phải đi xin nhân_viên . hầu_hết món ăn_ở đây ngon_miệng , tuy_nhiên rau xà_lách trong burger có_vẻ không được tươi . nhìn_chung đây là 1 nơi phù_hợp dành tụ_tập gia_đình và bạn_bè nếu bạn có_thể chấp_nhận những lỗi nhỏ của nhà_hàng .","nhà_hàng khá đông vào buổi chiều_tối , đặc_biệt rất đông vào cuối tuần . bạn phải chờ khoảng 10 đến 20 phút để nhận phần ăn của mình tuỳ vào số_lượng món bạn gọi tôi gọi cho 4 người . bãi đỗ ô_tô chỉ để được tối_đa khoảng 8 xe , còn lại chủ_yếu cho xe_máy . lưu_ý miễn_phí giữ xe trong 2 giờ đầu bạn phải giữ lại hoá_đơn , sau đó bạn phải trả phí theo giờ , bạn có_thể xem lưu_ý này ở quầy nhận_thức ăn . bạn có_thể đặt món và thanh_toán trực_tiếp với nhân_viên hoặc tự đặt món và thanh_toán với những máy_tính bảng khổng_lồ d sẽ có nhân_viên hỗ_trợ nếu họ đang rảnh . có những quầy cho bạn lấy tương cà , tương_ớt nhưng thường là không còn khay đựng khiến tôi cảm_thấy phiền vì cứ phải đi xin nhân_viên . hầu_hết món ăn_ở đây ngon_miệng , tuy_nhiên rau xà_lách trong burger có_vẻ không được tươi . nhìn_chung đây là 1 nơi phù_hợp dành tụ_tập gia_đình và bạn_bè nếu bạn có_thể chấp_nhận những lỗi nhỏ của nhà_hàng .",nhà_hàng đông chiều_tối đặc_biệt đông chờ 10 20 phút tuỳ số_lượng món gọi gọi 4 bãi đỗ ô_tô tối_đa 8 xe chủ_yếu xe_máy lưu_ý miễn_phí xe 2 hoá_đơn phí có_thể lưu_ý quầy nhận_thức có_thể món thanh_toán trực_tiếp nhân_viên món thanh_toán máy_tính bảng khổng_lồ d nhân_viên hỗ_trợ rảnh quầy tương cà tương_ớt khay đựng phiền nhân_viên hầu_hết món ăn_ở ngon_miệng tuy_nhiên rau xà_lách burger có_vẻ tươi nhìn_chung 1 phù_hợp tụ_tập gia_đình bạn_bè có_thể chấp_nhận lỗi nhà_hàng
"rộng rãi, thoáng.. giá cả hợp lý hơn so với lúc trước",positive,"rộng_rãi , thoáng .. giá_cả hợp_lý hơn so với lúc trước","rộng_rãi , thoáng .. giá_cả hợp_lý hơn so với lúc trước",rộng_rãi thoáng .. giá_cả hợp_lý
thức ăn ngon nhưng dịch vụ chậm khi đông đúc,positive,thức_ăn ngon nhưng dịch_vụ chậm khi đông_đúc,thức_ăn ngon nhưng dịch_vụ chậm khi đông_đúc,thức_ăn ngon dịch_vụ chậm đông_đúc
"quán ok, giữ bill để free tiền giữ xe nha, có thể chạy xe hơi vào để order và nhận đồ ăn như bên nước ngoài",positive,"quán ok , giữ bill để free tiền giữ xe nha , có_thể chạy xe_hơi vào để order và nhận đồ_ăn như bên nước_ngoài","quán ok , giữ bill để free tiền giữ xe nha , có_thể chạy xe_hơi vào để order và nhận đồ_ăn như bên nước_ngoài",quán ok bill free tiền xe nha có_thể chạy xe_hơi order đồ_ăn nước_ngoài
hài lòng cài app được giảm giá tới nái,positive,hài_lòng cài app được giảm_giá tới nái,hài_lòng cài app được giảm_giá tới nái,hài_lòng cài app giảm_giá nái
mcdonald sẽ không làm bạn thất vọng,positive,mcdonald sẽ không làm_bạn thất_vọng,mcdonald sẽ không làm_bạn thất_vọng,mcdonald làm_bạn thất_vọng
"cụ thể là ngày 187 13h15 mình đi ăn 1 mình nên có ghé vào, bill mình có 2 miếng gà cay không xương và chỉ được đưa 1 miếng lúc mình ngồi vào bàn mình mới phát hiện và hỏi lại nhân viên, nhân viên chỉ cầm lấy rồi vào bếp hỏi hỏi gì đó. đợi khoảng 10 p thì nv chạy ra đưa mình thêm 1 miếng nữa và không có 1 lời xin lỗi nào d , ngoảnh mặt vào trong luôn chứ không thèm nhìn tới mình đó h mình đi ăn mcdonalds nhiều rồi nhưng đây là lần đầu ăn ở chi nhánh này, tệ bạn đó hình như đeo mắt kính, hơi mập.",negative,"cụ_thể là ngày 187 13h15 mình đi ăn 1 mình nên có ghé vào , bill mình có 2 miếng gà cay không xương và chỉ được đưa 1 miếng lúc mình ngồi vào bàn mình mới phát_hiện và hỏi lại nhân_viên , nhân_viên chỉ cầm lấy_rồi vào bếp hỏi hỏi gì đó . đợi khoảng 10 p thì nv chạy ra đưa mình thêm 1 miếng nữa và không có 1 lời xin_lỗi nào d , ngoảnh mặt vào trong luôn chứ không thèm nhìn tới mình đó h mình đi ăn mcdonalds nhiều rồi nhưng đây là lần đầu ăn_ở chi_nhánh này , tệ bạn đó hình_như đeo mắt_kính , hơi mập .","cụ_thể là ngày 187 13h15 mình đi ăn 1 mình nên có ghé vào , bill mình có 2 miếng gà cay không xương và chỉ được đưa 1 miếng lúc mình ngồi vào bàn mình mới phát_hiện và hỏi lại nhân_viên , nhân_viên chỉ cầm lấy_rồi vào bếp hỏi hỏi gì đó . đợi khoảng 10 p thì nv chạy ra đưa mình thêm 1 miếng nữa và không có 1 lời xin_lỗi nào d , ngoảnh mặt vào trong luôn chứ không thèm nhìn tới mình đó h mình đi ăn mcdonalds nhiều rồi nhưng đây là lần đầu ăn_ở chi_nhánh này , tệ bạn đó hình_như đeo mắt_kính , hơi mập .",cụ_thể 187 13h15 1 ghé bill 2 miếng gà cay xương 1 miếng bàn phát_hiện nhân_viên nhân_viên cầm lấy_rồi bếp đợi 10 p nv chạy 1 miếng 1 xin_lỗi d ngoảnh mặt thèm h mcdonalds ăn_ở chi_nhánh tệ hình_như đeo mắt_kính hơi mập
"phục vụ món ăn nhanh đúng kiểu mỹ, chỉ cần lái xe vòng ra phía sau, chọn món và lái đến nơi thanh toán. khoảng 1p sau nhận thức ăn tại cửa ra, nhanh chóng và tiện lợi",positive,"phục_vụ món ăn nhanh đúng kiểu mỹ , chỉ cần lái_xe vòng ra phía sau , chọn món và lái đến_nơi thanh_toán . khoảng 1p sau nhận_thức ăn tại cửa ra , nhanh_chóng và tiện_lợi","phục_vụ món ăn nhanh đúng kiểu mỹ , chỉ cần lái_xe vòng ra phía sau , chọn món và lái đến_nơi thanh_toán . khoảng 1p sau nhận_thức ăn tại cửa ra , nhanh_chóng và tiện_lợi",phục_vụ món mỹ lái_xe vòng món lái đến_nơi thanh_toán 1p nhận_thức cửa nhanh_chóng tiện_lợi
ổn.,neutral,ổn .,ổn .,ổn
cho điều đó,positive,cho điều đó,cho điều đó,
ngon xuất sắc. các bạn nên tải app mc về để nhận được thêm ưu đãi nha.,positive,ngon xuất_sắc . các bạn nên tải app mc về để nhận được thêm ưu_đãi nha .,ngon xuất_sắc . các bạn nên tải app mc về để nhận được thêm ưu_đãi nha .,ngon xuất_sắc tải app mc ưu_đãi nha
được,positive,được,được,
bánh mì kẹp thịt có vị chính xác như chúng ta mong đợi và trên thực tế một chút tốt hơn.,positive,bánh_mì kẹp thịt có vị chính_xác như chúng_ta mong_đợi và trên thực_tế một_chút tốt hơn .,bánh_mì kẹp thịt có vị chính_xác như chúng_ta mong_đợi và trên thực_tế một_chút tốt hơn .,bánh_mì kẹp thịt vị chính_xác chúng_ta mong_đợi thực_tế một_chút
nhân viên thô lổ. đên trước mà lại nhận món ăn sau cùng.hỏi thì nhân viên trả lời thô lổ,negative,nhân_viên thô lổ . đên trước mà_lại nhận món ăn sau cùng.hỏi thì nhân_viên trả_lời thô lổ,nhân_viên thô lổ . đên trước mà_lại nhận món ăn sau cùng.hỏi thì nhân_viên trả_lời thô lổ,nhân_viên thô lổ đên mà_lại món cùng.hỏi nhân_viên trả_lời thô lổ
dạo này ly cafe hay hamberger hình như hơi nhỏ chắc xange lên. ta ghé ăn đậu xe hơi mà cũng tinh tiền. bán ta ghé ăn lại tính tiền gửi xe không đáng bao nhiêu nhưng như vậy khách sẽ phiền. vì chổ buôn bán ăn phải có chổ cho khách đậu xe chứ,positive,dạo này ly cafe hay hamberger hình_như hơi nhỏ chắc xange lên . ta ghé ăn đậu xe_hơi mà cũng tinh tiền . bán ta ghé ăn lại tính tiền gửi xe không đáng bao_nhiêu nhưng như_vậy khách sẽ phiền . vì chổ buôn_bán ăn phải có chổ cho khách đậu xe chứ,dạo này ly cafe hay hamberger hình_như hơi nhỏ chắc xange lên . ta ghé ăn đậu xe_hơi mà cũng tinh tiền . bán ta ghé ăn lại tính tiền gửi xe không đáng bao_nhiêu nhưng như_vậy khách sẽ phiền . vì chổ buôn_bán ăn phải có chổ cho khách đậu xe chứ,dạo ly cafe hamberger hình_như hơi xange ta ghé đậu xe_hơi tinh tiền ta ghé tiền gửi xe bao_nhiêu như_vậy phiền chổ buôn_bán chổ đậu xe
bánh mì hamburger không ngon nếu bạn đi muộn vào buổi tối. bánh mì nhỏ và vô vị. nhưng không thành vấn đề nếu bạn không đi muộn.,positive,bánh_mì hamburger không ngon nếu bạn đi muộn vào buổi tối . bánh_mì nhỏ và vô_vị . nhưng không thành vấn_đề nếu bạn không đi muộn .,bánh_mì hamburger không ngon nếu bạn đi muộn vào buổi tối . bánh_mì nhỏ và vô_vị . nhưng không thành vấn_đề nếu bạn không đi muộn .,bánh_mì hamburger ngon muộn tối bánh_mì vô_vị thành vấn_đề muộn
phải chờ hơn 10 mới được phục vụ,negative,phải chờ hơn 10 mới được phục_vụ,phải chờ hơn 10 mới được phục_vụ,chờ 10 phục_vụ
tôi thường đến chi nhánh này để uống thường xuyên hơn là ăn. vì vn của mcdonald dựa trên mcdonalds australia nên thực phẩm không thực sự ngang bằng so với mỹ hoặc canada của mcdonald. tôi sẽ đánh giá thực phẩm 610.,positive,tôi thường đến chi_nhánh này để uống thường_xuyên hơn là ăn . vì vn của mcdonald dựa trên mcdonalds australia nên thực_phẩm không thực_sự ngang_bằng so với mỹ hoặc canada của mcdonald . tôi sẽ đánh_giá thực_phẩm 610 .,tôi thường đến chi_nhánh này để uống thường_xuyên hơn là ăn . vì vn của mcdonald dựa trên mcdonalds australia nên thực_phẩm không thực_sự ngang_bằng so với mỹ hoặc canada của mcdonald . tôi sẽ đánh_giá thực_phẩm 610 .,chi_nhánh uống thường_xuyên vn mcdonald dựa mcdonalds australia thực_phẩm ngang_bằng mỹ canada mcdonald đánh_giá thực_phẩm 610
"món ăn ngon, không gian thoáng và yên tĩnh.",positive,"món ăn ngon , không_gian thoáng và yên_tĩnh .","món ăn ngon , không_gian thoáng và yên_tĩnh .",món ngon không_gian thoáng yên_tĩnh
chuẩn mcdonalds,positive,chuẩn mcdonalds,chuẩn mcdonalds,chuẩn mcdonalds
ăn để tưởng niem thôi,positive,ăn để tưởng niem thôi,ăn để tưởng niem thôi,tưởng niem
đồ aqn ngon,positive,đồ aqn ngon,đồ aqn ngon,đồ aqn ngon
chất lượng và tính nhất quán.,positive,chất_lượng và tính nhất_quán .,chất_lượng và tính nhất_quán .,chất_lượng nhất_quán
"trụ sở mcdonalds tại việt nam mcdonalds tại việt nam có mặt tại hơn 118 quốc gia với chuỗi 35,0 nhà hàng tại khắp các châu lục, mỗi ngày, mcdonalds toàn cầu phục vụ hơn 70 triệu người tiêu dùng, không chỉ đảm bảo mang đến cho họ những bữa ăn ngon, an toàn vệ sinh, mà còn làm họ hài lòng với dịch vụ của mcdonalds.",positive,"trụ_sở mcdonalds tại việt_nam mcdonalds tại việt_nam có_mặt tại hơn 118 quốc_gia với chuỗi 35,0 nhà_hàng tại khắp các châu_lục , mỗi ngày , mcdonalds toàn_cầu phục_vụ hơn 70 triệu người tiêu_dùng , không_chỉ đảm_bảo mang đến cho họ những bữa ăn ngon , an_toàn vệ_sinh , mà_còn làm họ hài_lòng với dịch_vụ của mcdonalds .","trụ_sở mcdonalds tại việt_nam mcdonalds tại việt_nam có_mặt tại hơn 118 quốc_gia với chuỗi 35,0 nhà_hàng tại khắp các châu_lục , mỗi ngày , mcdonalds toàn_cầu phục_vụ hơn 70 triệu người tiêu_dùng , không_chỉ đảm_bảo mang đến cho họ những bữa ăn ngon , an_toàn vệ_sinh , mà_còn làm họ hài_lòng với dịch_vụ của mcdonalds .","trụ_sở mcdonalds việt_nam mcdonalds việt_nam có_mặt 118 quốc_gia chuỗi 35,0 nhà_hàng khắp châu_lục mcdonalds toàn_cầu phục_vụ 70 triệu tiêu_dùng không_chỉ đảm_bảo ngon an_toàn vệ_sinh mà_còn hài_lòng dịch_vụ mcdonalds"
phong cách mỹ,positive,phong_cách mỹ,phong_cách mỹ,phong_cách mỹ
"phục vụ tốt, nhanh chóng, món ăn đa dạng, có quầy cafe, các món bánh tráng miệng, kem tươi...chỗ ngồi rộng rãi. có chương trình giảm giá, có nhận tổ chức sinh nhật cho trẻ em.",positive,"phục_vụ tốt , nhanh_chóng , món ăn đa_dạng , có quầy cafe , các món bánh_tráng miệng , kem tươi ... chỗ ngồi rộng_rãi . có chương_trình giảm_giá , có nhận tổ_chức sinh_nhật cho trẻ_em .","phục_vụ tốt , nhanh_chóng , món ăn đa_dạng , có quầy cafe , các món bánh_tráng miệng , kem tươi ... chỗ ngồi rộng_rãi . có chương_trình giảm_giá , có nhận tổ_chức sinh_nhật cho trẻ_em .",phục_vụ nhanh_chóng món đa_dạng quầy cafe món bánh_tráng miệng kem tươi ... chỗ rộng_rãi chương_trình giảm_giá tổ_chức sinh_nhật trẻ_em
"chà, đó là mcdonald điều gì khác để mong đợi ít nhất vị trí khá đẹp",positive,"chà , đó là mcdonald điều gì khác để mong_đợi ít_nhất vị_trí khá đẹp","chà , đó là mcdonald điều gì khác để mong_đợi ít_nhất vị_trí khá đẹp",chà mcdonald mong_đợi ít_nhất vị_trí đẹp
dịch vụ nhanh chóng và thân thiện. cửa hàng đẹp và sạch sẽ,positive,dịch_vụ nhanh_chóng và thân_thiện . cửa_hàng đẹp và sạch_sẽ,dịch_vụ nhanh_chóng và thân_thiện . cửa_hàng đẹp và sạch_sẽ,dịch_vụ nhanh_chóng thân_thiện cửa_hàng đẹp sạch_sẽ
rất rộng,positive,rất rộng,rất rộng,rộng
vị trí đẹp.,positive,vị_trí đẹp .,vị_trí đẹp .,vị_trí đẹp
"tôi nghĩ rằng mc donald vn không đầu tư vào quảng cáo vì trang web của họ trông rất kém, ứng dụng ios hoặc android cũng trông rất tệ và bị mắc kẹt, một số thứ đã không thích",neutral,"tôi nghĩ rằng mc donald vn không đầu_tư vào quảng_cáo vì trang_web của họ trông rất kém , ứng_dụng ios hoặc android cũng trông rất tệ và bị mắc_kẹt , một_số thứ đã không thích","tôi nghĩ rằng mc donald vn không đầu_tư vào quảng_cáo vì trang_web của họ trông rất kém , ứng_dụng ios hoặc android cũng trông rất tệ và bị mắc_kẹt , một_số thứ đã không thích",mc donald vn đầu_tư quảng_cáo trang_web trông kém ứng_dụng ios android trông tệ mắc_kẹt một_số
nơi thường hội tụ ae phượt,positive,nơi thường hội_tụ ae phượt,nơi thường hội_tụ ae phượt,hội_tụ ae phượt
quán mở cửa 247 tới đây quán đóng cửa mà trong khi đó trên google vẫn ghi mở cửa,negative,quán mở_cửa 247 tới đây quán đóng_cửa mà trong khi đó trên google vẫn ghi mở_cửa,quán mở_cửa 247 tới đây quán đóng_cửa mà trong khi đó trên google vẫn ghi mở_cửa,quán mở_cửa 247 quán đóng_cửa google ghi mở_cửa
món ăn ngon và có chỗ ngồi lâu,positive,món ăn ngon và có chỗ ngồi lâu,món ăn ngon và có chỗ ngồi lâu,món ngon chỗ
"tôi đến lúc 920 tối ngày 3 tháng 1 năm 2020 và trải nghiệm dịch vụ tồi tệ nhất mà tôi chưa từng thấy trong bất kỳ thương hiệu thức ăn nhanh nào. tầng trệt vẫn rất đông và tầng một. nhưng có vẻ như các nhân viên đang thiếu nhà của họ nên họ buộc tất cả khách hàng ở tầng một, bao gồm cả tôi vẫn ăn, đi xuống cầu thang với một cách rất bất lịch sự. sau đó, tầng trệt đã quá tải lúc 940 tối. vì vậy, mc. donald rất vui và nhân viên của họ thích làm việc kết thúc bất kể khách hàng cảm thấy gì.",negative,"tôi đến lúc 920 tối_ngày 3 tháng 1 năm 2020 và trải_nghiệm dịch_vụ tồi_tệ nhất mà tôi chưa từng thấy trong bất_kỳ thương_hiệu thức_ăn nhanh nào . tầng trệt vẫn rất đông và tầng một . nhưng có_vẻ như các nhân_viên đang thiếu nhà của họ nên họ buộc tất_cả khách_hàng ở tầng một , bao_gồm cả tôi vẫn ăn , đi xuống cầu_thang với một_cách rất bất lịch_sự . sau đó , tầng trệt đã quá_tải lúc 940 tối . vì_vậy , mc . donald rất vui và nhân_viên của họ thích làm_việc kết_thúc bất_kể khách_hàng cảm_thấy gì .","tôi đến lúc 920 tối_ngày 3 tháng 1 năm 2020 và trải_nghiệm dịch_vụ tồi_tệ nhất mà tôi chưa từng thấy trong bất_kỳ thương_hiệu thức_ăn nhanh nào . tầng trệt vẫn rất đông và tầng một . nhưng có_vẻ như các nhân_viên đang thiếu nhà của họ nên họ buộc tất_cả khách_hàng ở tầng một , bao_gồm cả tôi vẫn ăn , đi xuống cầu_thang với một_cách rất bất lịch_sự . sau đó , tầng trệt đã quá_tải lúc 940 tối . vì_vậy , mc . donald rất vui và nhân_viên của họ thích làm_việc kết_thúc bất_kể khách_hàng cảm_thấy gì .",920 tối_ngày 3 1 2020 trải_nghiệm dịch_vụ tồi_tệ bất_kỳ thương_hiệu thức_ăn tầng đông tầng có_vẻ nhân_viên buộc tất_cả khách_hàng tầng bao_gồm cầu_thang một_cách bất lịch_sự tầng quá_tải 940 tối vì_vậy mc donald vui nhân_viên làm_việc kết_thúc bất_kể khách_hàng
nơi tuyệt vời,neutral,nơi tuyệt_vời,nơi tuyệt_vời,tuyệt_vời
giống như mỹ ở sài gòn,positive,giống như mỹ ở sài_gòn,giống như mỹ ở sài_gòn,mỹ sài_gòn
luôn luôn là một món say rượu,positive,luôn_luôn là một món say rượu,luôn_luôn là một món say rượu,luôn_luôn món say rượu
thức ăn nhanh,positive,thức_ăn nhanh,thức_ăn nhanh,thức_ăn
nơi tốt để thư giãn.,positive,nơi tốt để thư_giãn .,nơi tốt để thư_giãn .,thư_giãn
"nơi quá nổi tiếng với giới trẻ trên toàn thế giới, hương vị ở bất kể đâu cũng same same nhau, tụ tập bạn bè, ăn uống gia đình, sinh nhật con cháu đều phù hợp. tuy nhiên, khá ổn ào và đông khách. coffee vị truyền thống vietnam cũng rất ok và đáng thưởng thức mỗi sáng.",positive,"nơi quá nổi_tiếng với giới trẻ trên toàn thế_giới , hương_vị ở bất_kể đâu cũng same same nhau , tụ_tập bạn_bè , ăn_uống gia_đình , sinh_nhật con_cháu đều phù_hợp . tuy_nhiên , khá ổn ào và đông khách . coffee vị truyền_thống vietnam cũng rất ok và đáng thưởng_thức mỗi sáng .","nơi quá nổi_tiếng với giới trẻ trên toàn thế_giới , hương_vị ở bất_kể đâu cũng same same nhau , tụ_tập bạn_bè , ăn_uống gia_đình , sinh_nhật con_cháu đều phù_hợp . tuy_nhiên , khá ổn ào và đông khách . coffee vị truyền_thống vietnam cũng rất ok và đáng thưởng_thức mỗi sáng .",nổi_tiếng giới trẻ toàn thế_giới hương_vị bất_kể same same tụ_tập bạn_bè ăn_uống gia_đình sinh_nhật con_cháu phù_hợp tuy_nhiên ổn đông coffee vị truyền_thống vietnam ok thưởng_thức
"ok , tốt",positive,"ok , tốt","ok , tốt",ok
mấy đứa làm part time có thái độ rất là mất dạy mọi người không nên tới đây,negative,mấy đứa làm part time có thái_độ rất là mất_dạy mọi người không nên tới đây,mấy đứa làm part time có thái_độ rất là mất_dạy mọi người không nên tới đây,mấy part time thái_độ mất_dạy
"nếu bạn không biết mcdonald là như thế nào, sẽ không có mô tả nào về tôi.",neutral,"nếu bạn không biết mcdonald là như_thế_nào , sẽ không có mô_tả nào về tôi .","nếu bạn không biết mcdonald là như_thế_nào , sẽ không có mô_tả nào về tôi .",mcdonald như_thế_nào mô_tả
gia đình tôi rất thích ăn uống tại hệ thống mcdonalds vì nó chuyên nghiệp và có nơi vui chơi cho bé.,positive,gia_đình tôi rất thích ăn_uống tại hệ_thống mcdonalds vì nó chuyên_nghiệp và có nơi vui_chơi cho bé .,gia_đình tôi rất thích ăn_uống tại hệ_thống mcdonalds vì nó chuyên_nghiệp và có nơi vui_chơi cho bé .,gia_đình ăn_uống hệ_thống mcdonalds chuyên_nghiệp vui_chơi bé
chào mừng bạn trở lại,positive,chào_mừng bạn trở_lại,chào_mừng bạn trở_lại,chào_mừng trở_lại
"quán ở vị trí trung tâm, có khu vực mua mang đi mà không cần vào quán. nhân viên phục vụ chu đáo, nhiệt tình. thực đơn ngon, giá phù hợp.",positive,"quán ở vị_trí trung_tâm , có khu_vực mua mang đi mà không cần vào quán . nhân_viên phục_vụ chu_đáo , nhiệt_tình . thực_đơn ngon , giá phù_hợp .","quán ở vị_trí trung_tâm , có khu_vực mua mang đi mà không cần vào quán . nhân_viên phục_vụ chu_đáo , nhiệt_tình . thực_đơn ngon , giá phù_hợp .",quán vị_trí trung_tâm khu_vực mua quán nhân_viên phục_vụ chu_đáo nhiệt_tình thực_đơn ngon giá phù_hợp
"không order được với nhân viên mà bị yêu cầu order qua máy trong khi quầy order đang trống, order qua máy lại đông người và chờ rất lâu. thao tác order trên máy rất bất tiện so với order trực tiếp.",negative,"không order được với nhân_viên mà bị yêu_cầu order qua máy trong khi quầy order đang trống , order_qua_máy_lại đông người và chờ rất lâu . thao_tác order trên máy rất bất_tiện so với order trực_tiếp .","không order được với nhân_viên mà bị yêu_cầu order qua máy trong khi quầy order đang trống , order_qua_máy_lại đông người và chờ rất lâu . thao_tác order trên máy rất bất_tiện so với order trực_tiếp .",order nhân_viên yêu_cầu order máy quầy order trống order_qua_máy_lại đông chờ thao_tác order máy bất_tiện order trực_tiếp
địa điểm yêu thích của các bạn trẻ và em nhỏ.,positive,địa_điểm yêu thích của các bạn trẻ và em nhỏ .,địa_điểm yêu thích của các bạn trẻ và em nhỏ .,địa_điểm yêu trẻ
"nó khác với mcdonald ở nhật bản, nhưng chất lượng là như nhau. gà rất ngon. ghế tầng hai là khu vui chơi của trẻ em.",positive,"nó khác với mcdonald ở nhật_bản , nhưng chất_lượng là như nhau . gà rất ngon . ghế tầng hai là khu vui_chơi của trẻ_em .","nó khác với mcdonald ở nhật_bản , nhưng chất_lượng là như nhau . gà rất ngon . ghế tầng hai là khu vui_chơi của trẻ_em .",mcdonald nhật_bản chất_lượng gà ngon ghế tầng hai khu vui_chơi trẻ_em
gọi ly coca size s. mà rất dở coca để lâu. o có 1 tí bọt ga. expresso thì nóng . éo có đá. cùi bắp chết đi được. ngon cái chỗ đâu xe hơi. không gian đẹp,negative,gọi ly coca size s . mà rất dở coca để lâu . o có 1 tí bọt ga . expresso thì nóng . éo có đá . cùi bắp chết đi được . ngon cái chỗ đâu xe_hơi . không_gian đẹp,gọi ly coca size s . mà rất dở coca để lâu . o có 1 tí bọt ga . expresso thì nóng . éo có đá . cùi bắp chết đi được . ngon cái chỗ đâu xe_hơi . không_gian đẹp,gọi ly coca size s dở coca o 1 tí bọt ga expresso nóng éo đá cùi bắp chết ngon chỗ xe_hơi không_gian đẹp
hamburger cá trung thực. có một chiếc bánh hamburger cá.,positive,hamburger cá trung_thực . có một chiếc bánh hamburger cá .,hamburger cá trung_thực . có một chiếc bánh hamburger cá .,hamburger cá trung_thực bánh hamburger cá
"túi khoai tây chiên luôn luôn trống một nửa mcdonald việt nam là một trò lừa đảo ở mọi nơi khác trên thế giới, chiếc túi nhiều hơn đầy đủ",negative,"túi khoai_tây chiên luôn_luôn trống một_nửa mcdonald việt_nam là một trò lừa_đảo ở mọi nơi khác trên thế_giới , chiếc túi nhiều hơn đầy_đủ","túi khoai_tây chiên luôn_luôn trống một_nửa mcdonald việt_nam là một trò lừa_đảo ở mọi nơi khác trên thế_giới , chiếc túi nhiều hơn đầy_đủ",túi khoai_tây chiên luôn_luôn trống một_nửa mcdonald việt_nam trò lừa_đảo thế_giới túi đầy_đủ
vẫn ổn định,positive,vẫn ổn_định,vẫn ổn_định,ổn_định
"vị trí tuyệt vời, không mặn, và họ có bánh burger thịt lợn",positive,"vị_trí tuyệt_vời , không mặn , và họ có bánh burger thịt lợn","vị_trí tuyệt_vời , không mặn , và họ có bánh burger thịt lợn",vị_trí tuyệt_vời mặn bánh burger thịt lợn
tốt..,positive,tốt ..,tốt ..,..
thức ăn được làm rất nhanh và ngon ạ,positive,thức_ăn được làm rất nhanh và ngon ạ,thức_ăn được làm rất nhanh và ngon ạ,thức_ăn ngon
"quán đẹp mà đồ ăn cũng rất ngon, mọi người nên ghé",positive,"quán đẹp mà đồ_ăn cũng rất ngon , mọi người nên ghé","quán đẹp mà đồ_ăn cũng rất ngon , mọi người nên ghé",quán đẹp đồ_ăn ngon ghé
phong cảnh ngôi rất đẹp phục vụ nhanh,positive,phong_cảnh ngôi rất đẹp phục_vụ nhanh,phong_cảnh ngôi rất đẹp phục_vụ nhanh,phong_cảnh đẹp phục_vụ
đặt hàng khoai tây chiên lớn nhưng nó chỉ đầy 75 và chúng chỉ cho 2 sốt cà chua đây là chiến thuật penny thức ăn nhanh rẻ nhất mà tôi từng thấy ở việt nam. xấu hổ về bạn mcdonalds,negative,đặt_hàng khoai_tây chiên lớn nhưng nó chỉ đầy 75 và chúng chỉ cho 2 sốt cà_chua đây là chiến_thuật penny thức_ăn nhanh rẻ nhất mà tôi từng thấy ở việt_nam . xấu_hổ về bạn mcdonalds,đặt_hàng khoai_tây chiên lớn nhưng nó chỉ đầy 75 và chúng chỉ cho 2 sốt cà_chua đây là chiến_thuật penny thức_ăn nhanh rẻ nhất mà tôi từng thấy ở việt_nam . xấu_hổ về bạn mcdonalds,đặt_hàng khoai_tây chiên 75 2 sốt cà_chua chiến_thuật penny thức_ăn rẻ việt_nam xấu_hổ mcdonalds
"thức ăn ngon, phù hợp cho trẻ em",positive,"thức_ăn ngon , phù_hợp cho trẻ_em","thức_ăn ngon , phù_hợp cho trẻ_em",thức_ăn ngon phù_hợp trẻ_em
"toilet hôi, gửi xe thì bảo vệ nói khách thẻ trên bàn rồi chỉ tay xuống bàn.thùng rác tổng của quán đặt gần bãi xe bốc mùi chua và hôi gây khó chịu ảnh hưởng sức khỏe nhân viên và khách hàng",neutral,"toilet hôi , gửi xe thì bảo_vệ nói khách thẻ trên bàn rồi chỉ tay xuống bàn.thùng rác tổng của quán đặt gần bãi xe bốc mùi chua và hôi gây khó_chịu ảnh_hưởng sức_khoẻ nhân_viên và khách_hàng","toilet hôi , gửi xe thì bảo_vệ nói khách thẻ trên bàn rồi chỉ tay xuống bàn.thùng rác tổng của quán đặt gần bãi xe bốc mùi chua và hôi gây khó_chịu ảnh_hưởng sức_khoẻ nhân_viên và khách_hàng",toilet hôi gửi xe bảo_vệ thẻ bàn bàn.thùng rác tổng quán bãi xe bốc mùi chua hôi khó_chịu ảnh_hưởng sức_khoẻ nhân_viên khách_hàng
"không hiểu sao , không ngon như bên nga hay bên singapore",neutral,"không hiểu sao , không ngon như bên nga hay bên singapore","không hiểu sao , không ngon như bên nga hay bên singapore",ngon nga singapore
"không gian rộng rãi, thoải mái 1 trệt 1 lầu nhiều bàn nhiều chỗ ngồi cả trong nhà lẫn bên ngoài. decor đẹp, ấn tượng, có màu sắc, điểm nhấn riêng. có nhiều quầy hàng, máy bán hàng tự động được phân bố vị trí hợp lí, rõ ràng tạo điều kiện cho khách hàng thuận tiện order. phía sau nhà hàng có một khoảng trống rộng rãi để làm bãi giữ xe và làn đường dành cho ô tô, thuận tiện khi di chuyển ravào nhà hàng. có view đẹp để chụp hình check in. nhân viên phục vụ thân thiện, nhiệt tình, chu đáo, tuân thủ các quy tắc phòng tránh dịch và điều phối khách hàng linh hoạt. đồ ăn ngon. packaging đẹp, gọn gàng, sạch sẽ. giá cả hợp lí.",positive,"không_gian rộng_rãi , thoải_mái 1 trệt 1 lầu nhiều bàn nhiều chỗ ngồi cả trong nhà lẫn bên ngoài . decor đẹp , ấn_tượng , có màu_sắc , điểm nhấn riêng . có nhiều quầy hàng , máy bán hàng tự_động được phân_bố vị_trí hợp_lí , rõ_ràng tạo điều_kiện cho khách_hàng thuận_tiện order . phía sau nhà_hàng có một khoảng trống rộng_rãi để làm bãi giữ xe và làn_đường dành cho ô_tô , thuận_tiện khi di_chuyển ravào nhà_hàng . có view đẹp để chụp hình check in . nhân_viên phục_vụ thân_thiện , nhiệt_tình , chu_đáo , tuân_thủ các quy_tắc phòng_tránh dịch và điều_phối khách_hàng linh_hoạt . đồ_ăn ngon . packaging đẹp , gọn_gàng , sạch_sẽ . giá_cả hợp_lí .","không_gian rộng_rãi , thoải_mái 1 trệt 1 lầu nhiều bàn nhiều chỗ ngồi cả trong nhà lẫn bên ngoài . decor đẹp , ấn_tượng , có màu_sắc , điểm nhấn riêng . có nhiều quầy hàng , máy bán hàng tự_động được phân_bố vị_trí hợp_lí , rõ_ràng tạo điều_kiện cho khách_hàng thuận_tiện order . phía sau nhà_hàng có một khoảng trống rộng_rãi để làm bãi giữ xe và làn_đường dành cho ô_tô , thuận_tiện khi di_chuyển ravào nhà_hàng . có view đẹp để chụp hình check in . nhân_viên phục_vụ thân_thiện , nhiệt_tình , chu_đáo , tuân_thủ các quy_tắc phòng_tránh dịch và điều_phối khách_hàng linh_hoạt . đồ_ăn ngon . packaging đẹp , gọn_gàng , sạch_sẽ . giá_cả hợp_lí .",không_gian rộng_rãi thoải_mái 1 1 lầu bàn chỗ lẫn decor đẹp ấn_tượng màu_sắc nhấn quầy hàng máy hàng tự_động phân_bố vị_trí hợp_lí điều_kiện khách_hàng thuận_tiện order nhà_hàng trống rộng_rãi bãi xe làn_đường ô_tô thuận_tiện di_chuyển ravào nhà_hàng view đẹp chụp hình check in nhân_viên phục_vụ thân_thiện nhiệt_tình chu_đáo tuân_thủ quy_tắc phòng_tránh dịch điều_phối khách_hàng linh_hoạt đồ_ăn ngon packaging đẹp gọn_gàng sạch_sẽ giá_cả hợp_lí
địa điểm tập trung phổ biến của dân phượt,positive,địa_điểm tập_trung phổ_biến của dân phượt,địa_điểm tập_trung phổ_biến của dân phượt,địa_điểm tập_trung phổ_biến dân phượt
đơn giàn là mình thích,positive,đơn giàn là mình thích,đơn giàn là mình thích,đơn giàn
"các con tôi yêu mcdonald, không phải tôi.",positive,"các con tôi yêu mcdonald , không phải tôi .","các con tôi yêu mcdonald , không phải tôi .",yêu mcdonald
👍👍👍👍👍,positive,👍👍👍👍👍,:thích::thích::thích::thích::thích:,:thích::thích::thích::thích::thích:
"ngồi trước có mùi hôi kì lạ, đã 2 tuần vẫn chưa khắc phụ.",negative,"ngồi trước có mùi hôi kì_lạ , đã 2 tuần vẫn chưa khắc phụ .","ngồi trước có mùi hôi kì_lạ , đã 2 tuần vẫn chưa khắc phụ .",mùi hôi kì_lạ 2 khắc phụ
nhà hàng rất rác tôi đã đặt hàng lấy trước 2 giờ nhưng họ vẫn không gửi bánh burger của tôi và họ không nhận được bất kỳ liên hệ nào,negative,nhà_hàng rất rác tôi đã đặt_hàng lấy trước 2 giờ nhưng họ vẫn không gửi bánh burger của tôi và họ không nhận được bất_kỳ liên_hệ nào,nhà_hàng rất rác tôi đã đặt_hàng lấy trước 2 giờ nhưng họ vẫn không gửi bánh burger của tôi và họ không nhận được bất_kỳ liên_hệ nào,nhà_hàng rác đặt_hàng 2 gửi bánh burger bất_kỳ liên_hệ
"quán phục vụ nhanh, sạch sẽ",positive,"quán phục_vụ nhanh , sạch_sẽ","quán phục_vụ nhanh , sạch_sẽ",quán phục_vụ sạch_sẽ
có vẻ như 24 giờ mở với lái xe qua việt nam,positive,có_vẻ như 24 giờ mở với lái_xe qua việt_nam,có_vẻ như 24 giờ mở với lái_xe qua việt_nam,có_vẻ 24 lái_xe việt_nam
"một hộp cơm làm hơn 20 phút, làm xót bill quên món cơm chủ yếu làm ga",negative,"một hộp cơm làm hơn 20 phút , làm xót bill quên món cơm chủ_yếu làm ga","một hộp cơm làm hơn 20 phút , làm xót bill quên món cơm chủ_yếu làm ga",hộp cơm 20 phút xót bill quên món cơm chủ_yếu ga
rất chuyên nghiệp,positive,rất chuyên_nghiệp,rất chuyên_nghiệp,chuyên_nghiệp
khá ngon mà burger nhỏ nên không no lắm,positive,khá ngon mà burger nhỏ nên không no lắm,khá ngon mà burger nhỏ nên không no lắm,ngon burger no lắm
hoàn hảo để sử dụng làm nơi gặp gỡ cho chuyến lưu diễn xe máy,neutral,hoàn_hảo để sử_dụng làm nơi gặp_gỡ cho chuyến lưu_diễn xe_máy,hoàn_hảo để sử_dụng làm nơi gặp_gỡ cho chuyến lưu_diễn xe_máy,hoàn_hảo sử_dụng gặp_gỡ chuyến lưu_diễn xe_máy
"phục vụ nhiệt tình, quán sạch sẽ.",positive,"phục_vụ nhiệt_tình , quán sạch_sẽ .","phục_vụ nhiệt_tình , quán sạch_sẽ .",phục_vụ nhiệt_tình quán sạch_sẽ
bãi đậu xe miễn phí là một lời nói dối,negative,bãi đậu xe miễn_phí là một lời_nói dối,bãi đậu xe miễn_phí là một lời_nói dối,bãi đậu xe miễn_phí lời_nói dối
"khá đông, cuối tuần thường không có chỗ ngồi",positive,"khá đông , cuối tuần thường không có chỗ ngồi","khá đông , cuối tuần thường không có chỗ ngồi",đông chỗ
bãi đậu xe tốt. thật tốt khi đi muộn.,positive,bãi đậu xe tốt . thật tốt khi đi muộn .,bãi đậu xe tốt . thật tốt khi đi muộn .,bãi đậu xe muộn
"môi trường ăn uống sạch sẽ và dịch vụ đặt hàng rất chu đáo, đó là một nơi tuyệt vời để thư giãn và thưởng thức bữa ăn",positive,"môi_trường ăn_uống sạch_sẽ và dịch_vụ đặt_hàng rất chu_đáo , đó là một nơi tuyệt_vời để thư_giãn và thưởng_thức bữa ăn","môi_trường ăn_uống sạch_sẽ và dịch_vụ đặt_hàng rất chu_đáo , đó là một nơi tuyệt_vời để thư_giãn và thưởng_thức bữa ăn",môi_trường ăn_uống sạch_sẽ dịch_vụ đặt_hàng chu_đáo tuyệt_vời thư_giãn thưởng_thức
dịch vụ ngày càng tệ,negative,dịch_vụ ngày_càng tệ,dịch_vụ ngày_càng tệ,dịch_vụ ngày_càng tệ
"mát mẻ , đồ ăn nhanh.",positive,"mát_mẻ , đồ_ăn nhanh .","mát_mẻ , đồ_ăn nhanh .",mát_mẻ đồ_ăn
"quá ok so với các fast food khác, đặc biệt đã có menu cơm gà trưa cùng nước uống chỉ 39k giống kfc",positive,"quá ok so với các fast food khác , đặc_biệt đã có menu cơm gà trưa cùng nước uống chỉ 39k giống kfc","quá ok so với các fast food khác , đặc_biệt đã có menu cơm gà trưa cùng nước uống chỉ 39k giống kfc",ok fast food đặc_biệt menu cơm gà trưa uống 39k kfc
"thức ăn ngon, bánh mì kẹp thịt khá nhỏ nhưng không sao cả.",positive,"thức_ăn ngon , bánh_mì kẹp thịt khá nhỏ nhưng không sao cả .","thức_ăn ngon , bánh_mì kẹp thịt khá nhỏ nhưng không sao cả .",thức_ăn ngon bánh_mì kẹp thịt
"tiện lợi,",positive,"tiện_lợi ,","tiện_lợi ,",tiện_lợi
bố trí ô tô chạy vòng mua hàng không tiếp xúc...rất ok,positive,bố_trí ô_tô chạy vòng mua hàng_không tiếp_xúc ... rất ok,bố_trí ô_tô chạy vòng mua hàng_không tiếp_xúc ... rất ok,bố_trí ô_tô chạy vòng mua hàng_không tiếp_xúc ... ok
trải nghiệm tùy mỗi cá nhân .,neutral,trải_nghiệm tuỳ mỗi cá_nhân .,trải_nghiệm tuỳ mỗi cá_nhân .,trải_nghiệm tuỳ cá_nhân
quán khá đông vào buổi tối.,positive,quán khá đông vào buổi tối .,quán khá đông vào buổi tối .,quán đông tối
"quán đông đúc, chỗ ngồi thoải mái view nhìn đường xá ok",positive,"quán đông_đúc , chỗ ngồi thoải_mái view nhìn đường xá ok","quán đông_đúc , chỗ ngồi thoải_mái view nhìn đường xá ok",quán đông_đúc chỗ thoải_mái view đường xá ok
nơi tốt để nghỉ ngơi và thưởng thức bữa ăn,positive,nơi tốt để nghỉ_ngơi và thưởng_thức bữa ăn,nơi tốt để nghỉ_ngơi và thưởng_thức bữa ăn,nghỉ_ngơi thưởng_thức
"mình bảo không cay 2 đùi mà nhi nhận là là cay, 1 đùi 1 cánh. hamburger không được nóng và có mùi hơi cũ. chỉ được mỗi khoai tây chiên và nhiều loại sốt chấm",negative,"mình bảo không cay 2 đùi mà nhi nhận là_là cay , 1 đùi 1 cánh . hamburger không được nóng và có mùi hơi cũ . chỉ được mỗi khoai_tây chiên và nhiều loại sốt chấm","mình bảo không cay 2 đùi mà nhi nhận là_là cay , 1 đùi 1 cánh . hamburger không được nóng và có mùi hơi cũ . chỉ được mỗi khoai_tây chiên và nhiều loại sốt chấm",bảo cay 2 đùi nhi là_là cay 1 đùi 1 cánh hamburger nóng mùi hơi cũ khoai_tây chiên sốt chấm
không có nhân viên tại quầy cafe. tôi gọi nhiều lần cũng không có ai phản hồi. tôi phải bước vào trong thì có một bạn nv nam ra nhận order của tôi mà không một lời xin lỗi và mặt thì lạnh băng. dịch vụ quá tệ,negative,không có nhân_viên tại quầy cafe . tôi gọi nhiều lần cũng không có ai phản_hồi . tôi phải bước vào trong thì có một bạn nv nam ra nhận order của tôi mà không một lời xin_lỗi và mặt thì lạnh băng . dịch_vụ quá tệ,không có nhân_viên tại quầy cafe . tôi gọi nhiều lần cũng không có ai phản_hồi . tôi phải bước vào trong thì có một bạn nv nam ra nhận order của tôi mà không một lời xin_lỗi và mặt thì lạnh băng . dịch_vụ quá tệ,nhân_viên quầy cafe gọi phản_hồi nv nam order xin_lỗi mặt lạnh băng dịch_vụ tệ
"ăn ok, sạch...",positive,"ăn ok , sạch ...","ăn ok , sạch ...",ok sạch ...
"phục vụ chuyên nghiệp, sốt chấm gà độc đáo",positive,"phục_vụ chuyên_nghiệp , sốt chấm gà độc_đáo","phục_vụ chuyên_nghiệp , sốt chấm gà độc_đáo",phục_vụ chuyên_nghiệp sốt chấm gà độc_đáo
"có chổ để xe rộng, nhiều chổ ngồi",positive,"có chổ để xe rộng , nhiều chổ ngồi","có chổ để xe rộng , nhiều chổ ngồi",chổ xe rộng chổ
tốt disgusting google không cung cấp đúng số điện thoại ngoài chán ghét,negative,tốt disgusting google không cung_cấp đúng số điện_thoại ngoài chán_ghét,tốt disgusting google không cung_cấp đúng số điện_thoại ngoài chán_ghét,disgusting google cung_cấp điện_thoại chán_ghét
"không gian rộng rãi, thoải mái và mát mẻ. bên trong có bảng cảm ứng ord mà không cần ord đồ ăn trực tiếp từ quầy, chỉ cần bấm món trên bảng và ra đợi nhận đồ ăn. bên ngoài có chỗ để mua mang về, ngồi trên xe mua trực tiếp mà không cần phải gửi xe. nhiều chỗ ngồi, ngoài trời lẫn bên trong, trên lầu còn có một bàn cảm ứng đèn cho con nít chơi. menu vì tới đây mình chỉ ăn kem kem oreo khá ngon nên cũng không rõ lắm, nhưng mà nghe nói ở đây đắt hơn so với mặt bằng đồ ăn nhanh chung và hương vị cũng ngon hơn. phục vụ nói chung các bạn nhân viên ở đây phục vụ cũng okay. có nhà vệ sinh cho người khuyết tật 💯 sẽ quay lại ăn thử các món khác.",positive,"không_gian rộng_rãi , thoải_mái và mát_mẻ . bên trong có bảng cảm_ứng ord mà không cần ord đồ_ăn trực_tiếp từ quầy , chỉ cần bấm món trên bảng và ra đợi nhận đồ_ăn . bên ngoài có chỗ để mua mang về , ngồi trên xe mua trực_tiếp mà không cần phải gửi xe . nhiều chỗ ngồi , ngoài_trời lẫn bên trong , trên lầu còn có một bàn cảm_ứng đèn cho con_nít chơi . menu vì tới đây mình chỉ ăn kem kem oreo khá ngon nên cũng không rõ lắm , nhưng_mà nghe nói ở đây đắt hơn so với mặt_bằng đồ_ăn nhanh chung và hương_vị cũng ngon hơn . phục_vụ nói_chung các bạn nhân_viên ở đây phục_vụ cũng okay . có nhà_vệ_sinh cho người khuyết_tật 💯 sẽ quay lại ăn thử các món khác .","không_gian rộng_rãi , thoải_mái và mát_mẻ . bên trong có bảng cảm_ứng ord mà không cần ord đồ_ăn trực_tiếp từ quầy , chỉ cần bấm món trên bảng và ra đợi nhận đồ_ăn . bên ngoài có chỗ để mua mang về , ngồi trên xe mua trực_tiếp mà không cần phải gửi xe . nhiều chỗ ngồi , ngoài_trời lẫn bên trong , trên lầu còn có một bàn cảm_ứng đèn cho con_nít chơi . menu vì tới đây mình chỉ ăn kem kem oreo khá ngon nên cũng không rõ lắm , nhưng_mà nghe nói ở đây đắt hơn so với mặt_bằng đồ_ăn nhanh chung và hương_vị cũng ngon hơn . phục_vụ nói_chung các bạn nhân_viên ở đây phục_vụ cũng okay . có nhà_vệ_sinh cho người khuyết_tật :trăm điểm: sẽ quay lại ăn thử các món khác .",không_gian rộng_rãi thoải_mái mát_mẻ bảng cảm_ứng ord ord đồ_ăn trực_tiếp quầy bấm món bảng đợi đồ_ăn chỗ mua xe mua trực_tiếp gửi xe chỗ ngoài_trời lẫn lầu bàn cảm_ứng đèn con_nít menu kem kem oreo ngon lắm nhưng_mà đắt mặt_bằng đồ_ăn hương_vị ngon phục_vụ nói_chung nhân_viên phục_vụ okay nhà_vệ_sinh khuyết_tật :trăm điểm: thử món
"lúc mình đi là giao thừa nên có thể vì thế nên ít nhân viên. tự đặt món ở màn hình cảm ứng, nhưng do lần đầu làm, lại không có nhân viên gần đó hỗ trợ nên hơi bị bối rối. chỗ ngồi cũng không có người dọn dẹp nên hơi dơ.",neutral,"lúc mình đi là giao_thừa nên có_thể vì_thế nên ít nhân_viên . tự đặt món ở màn_hình cảm_ứng , nhưng do lần đầu làm , lại không có nhân_viên gần đó hỗ_trợ nên hơi bị bối_rối . chỗ ngồi cũng không có người dọn_dẹp nên hơi dơ .","lúc mình đi là giao_thừa nên có_thể vì_thế nên ít nhân_viên . tự đặt món ở màn_hình cảm_ứng , nhưng do lần đầu làm , lại không có nhân_viên gần đó hỗ_trợ nên hơi bị bối_rối . chỗ ngồi cũng không có người dọn_dẹp nên hơi dơ .",giao_thừa có_thể vì_thế nhân_viên món màn_hình cảm_ứng nhân_viên hỗ_trợ hơi bối_rối chỗ dọn_dẹp hơi dơ
thoáng mát...,positive,thoáng mát ...,thoáng mát ...,thoáng mát ...
ok verry tốt,positive,ok verry tốt,ok verry tốt,ok verry
nơi tốt.,positive,nơi tốt .,nơi tốt .,
quán rộng rãi thoải mái matcha trà xanh ổn,positive,quán rộng_rãi thoải_mái matcha trà xanh ổn,quán rộng_rãi thoải_mái matcha trà xanh ổn,quán rộng_rãi thoải_mái matcha trà xanh ổn
"nhân viên dễ thương nhiệt tình,",positive,"nhân_viên dễ_thương nhiệt_tình ,","nhân_viên dễ_thương nhiệt_tình ,",nhân_viên dễ_thương nhiệt_tình
"rõ ràng những người này không thể hiểu được khái niệm đổ đầy một gói khoai tây chiên, thay vào đó họ cung cấp cho bạn một gói trống một nửa. một hoặc hai lần có thể là một sai lầm, nhưng họ làm điều đó mọi lúc",negative,"rõ_ràng những người này không_thể hiểu được khái_niệm đổ đầy một gói khoai_tây chiên , thay vào đó họ cung_cấp cho bạn một gói trống một_nửa . một hoặc hai lần có_thể là một sai_lầm , nhưng họ làm điều đó mọi lúc","rõ_ràng những người này không_thể hiểu được khái_niệm đổ đầy một gói khoai_tây chiên , thay vào đó họ cung_cấp cho bạn một gói trống một_nửa . một hoặc hai lần có_thể là một sai_lầm , nhưng họ làm điều đó mọi lúc",không_thể khái_niệm đổ gói khoai_tây chiên thay cung_cấp gói trống một_nửa hai có_thể sai_lầm
đồ ăn ngon rộng rãi,positive,đồ_ăn ngon rộng_rãi,đồ_ăn ngon rộng_rãi,đồ_ăn ngon rộng_rãi
mình thuong mua drive through mang về nhưng toàn bị gói thiếu. tổng cộng 3 lần. hôm nay mua happy meal thì thiếu hambuger. gọi điện thì không bắt máy.,negative,mình thuong mua drive through mang về nhưng toàn bị gói thiếu . tổng_cộng 3 lần . hôm_nay mua happy meal thì thiếu hambuger . gọi điện thì không bắt máy .,mình thuong mua drive through mang về nhưng toàn bị gói thiếu . tổng_cộng 3 lần . hôm_nay mua happy meal thì thiếu hambuger . gọi điện thì không bắt máy .,thuong mua drive through toàn gói tổng_cộng 3 hôm_nay mua happy meal hambuger gọi điện bắt máy
"ăn tối trong một trăm lần nhưng đặt hàng trực tuyến. nếu bạn không muốn giảm giá, thì không làm cho nó và khiến khách hàng cảm thấy bị lừa dối. tôi đã đặt hàng một combo có tên là kích thước lớn của 3 cánh gà với giảm giá 90k và trả 110k thông qua grab adv. và nhận được 3 miếng gà nhỏ như ngón tay con tôi. lãng phí thời gian của tôi. thất vọng.",negative,"ăn tối trong một trăm lần nhưng đặt_hàng trực_tuyến . nếu bạn không muốn giảm_giá , thì không làm cho nó và khiến khách_hàng cảm_thấy bị lừa_dối . tôi đã đặt_hàng một combo có tên là kích_thước lớn của 3 cánh_gà với giảm_giá 90k và trả 110k thông_qua grab adv . và nhận được 3 miếng gà nhỏ như ngón tay con tôi . lãng_phí thời_gian của tôi . thất_vọng .","ăn tối trong một trăm lần nhưng đặt_hàng trực_tuyến . nếu bạn không muốn giảm_giá , thì không làm cho nó và khiến khách_hàng cảm_thấy bị lừa_dối . tôi đã đặt_hàng một combo có tên là kích_thước lớn của 3 cánh_gà với giảm_giá 90k và trả 110k thông_qua grab adv . và nhận được 3 miếng gà nhỏ như ngón tay con tôi . lãng_phí thời_gian của tôi . thất_vọng .",tối trăm đặt_hàng trực_tuyến giảm_giá khách_hàng lừa_dối đặt_hàng combo kích_thước 3 cánh_gà giảm_giá 90k 110k thông_qua grab adv 3 miếng gà ngón lãng_phí thời_gian thất_vọng
drivethru là tốt.,positive,drivethru là tốt .,drivethru là tốt .,drivethru
tốt. dịch vụ 24 giờ,positive,tốt . dịch_vụ 24 giờ,tốt . dịch_vụ 24 giờ,dịch_vụ 24
"quán rất đẹp, sạch sẽ, món ăn, ngon giá hợp lý 👍👍👍",positive,"quán rất đẹp , sạch_sẽ , món ăn , ngon giá hợp_lý 👍👍👍","quán rất đẹp , sạch_sẽ , món ăn , ngon giá hợp_lý :thích::thích::thích:",quán đẹp sạch_sẽ món ngon giá hợp_lý :thích::thích::thích:
"mới ăn cùng gia đình tối qua. chọn combo và ly kem gần 200k, ăn uống cùng gđ vui vẻ xong khi tới lúc vào nhà vệ sinh tầng trệt thật sự cái combo muốn trào ra hết vì ngộp thở mùi khai nước tiểu, loay hoay một hồi để thích ứng không khí và cố quên cơn nôn kế tiếp... tháng trước cũng bị vậy nhưng không nặng bằng. tại sao chỉ cách có một cánh của thôi mà đối xử khách hàng như thế mcdonalds",neutral,"mới ăn cùng gia_đình tối_qua . chọn combo và ly kem gần 200k , ăn_uống cùng gđ vui_vẻ xong khi tới lúc vào nhà_vệ_sinh tầng trệt thật_sự cái combo muốn trào ra hết vì ngộp thở mùi khai nước_tiểu , loay_hoay một hồi để thích_ứng không_khí và cố quên cơn nôn kế_tiếp ... tháng trước cũng bị vậy nhưng không nặng bằng . tại_sao chỉ cách có một cánh của thôi mà đối_xử khách_hàng như_thế mcdonalds","mới ăn cùng gia_đình tối_qua . chọn combo và ly kem gần 200k , ăn_uống cùng gđ vui_vẻ xong khi tới lúc vào nhà_vệ_sinh tầng trệt thật_sự cái combo muốn trào ra hết vì ngộp thở mùi khai nước_tiểu , loay_hoay một hồi để thích_ứng không_khí và cố quên cơn nôn kế_tiếp ... tháng trước cũng bị vậy nhưng không nặng bằng . tại_sao chỉ cách có một cánh của thôi mà đối_xử khách_hàng như_thế mcdonalds",gia_đình tối_qua combo ly kem 200k ăn_uống gđ vui_vẻ xong nhà_vệ_sinh tầng combo trào ngộp thở mùi khai nước_tiểu loay_hoay hồi thích_ứng không_khí cố quên nôn kế_tiếp ... tại_sao cánh đối_xử khách_hàng như_thế mcdonalds
dịch vụ tuyệt vời,positive,dịch_vụ tuyệt_vời,dịch_vụ tuyệt_vời,dịch_vụ tuyệt_vời
"tìm chỗ đánh 5 sao cho mcdonalds mà không thấy. đây là phần hamburger tặng tuyến đầu chống dịch. 1. phong cách phục vụ chuyên nghiệp, thiết bị hiện đại, bạn hướng dẫn nhiệt tình, các bạn bếp tác phong rất công nghiệp. 2. phần ăn free nhưng vẫn chuẩn, chất lượng, phải nói là quá chất lượng. 3. hành động hỗ trợ trong lúc này là rất đáng quý, trong khi khó khăn đang bao trùm tất cả doanh nghiệp. tóm lại khi muốn ăn gà chắc chắn tôi sẽ chọn mcdonald. và bạn bè tôi cũng sẽ làm vậy. review tại quán ở vòng xoay điện biên phủ.",positive,"tìm chỗ đánh 5 sao cho mcdonalds mà không thấy . đây là phần hamburger tặng tuyến đầu chống dịch . 1 . phong_cách phục_vụ chuyên_nghiệp , thiết_bị hiện_đại , bạn hướng_dẫn nhiệt_tình , các bạn bếp tác_phong rất công_nghiệp . 2 . phần ăn free nhưng vẫn chuẩn , chất_lượng , phải nói là quá chất_lượng . 3 . hành_động hỗ_trợ trong lúc này là rất đáng quý , trong khi khó_khăn đang bao_trùm tất_cả doanh_nghiệp . tóm_lại khi muốn ăn gà chắc_chắn tôi sẽ chọn mcdonald . và bạn_bè tôi cũng sẽ làm_vậy . review tại quán ở vòng xoay điện_biên_phủ .","tìm chỗ đánh 5 sao cho mcdonalds mà không thấy . đây là phần hamburger tặng tuyến đầu chống dịch . 1 . phong_cách phục_vụ chuyên_nghiệp , thiết_bị hiện_đại , bạn hướng_dẫn nhiệt_tình , các bạn bếp tác_phong rất công_nghiệp . 2 . phần ăn free nhưng vẫn chuẩn , chất_lượng , phải nói là quá chất_lượng . 3 . hành_động hỗ_trợ trong lúc này là rất đáng quý , trong khi khó_khăn đang bao_trùm tất_cả doanh_nghiệp . tóm_lại khi muốn ăn gà chắc_chắn tôi sẽ chọn mcdonald . và bạn_bè tôi cũng sẽ làm_vậy . review tại quán ở vòng xoay điện_biên_phủ .",chỗ đánh 5 mcdonalds hamburger tặng tuyến chống dịch 1 phong_cách phục_vụ chuyên_nghiệp thiết_bị hiện_đại hướng_dẫn nhiệt_tình bếp tác_phong công_nghiệp 2 free chuẩn chất_lượng chất_lượng 3 hành_động hỗ_trợ quý khó_khăn bao_trùm tất_cả doanh_nghiệp tóm_lại gà chắc_chắn mcdonald bạn_bè làm_vậy review quán vòng xoay điện_biên_phủ
nhiều lựa chọn. nhân viên vui vẻ. chỗ ngồi rộng rãi. tốt cho 5 không mùa dịch. cho 5 sao. .,positive,nhiều lựa_chọn . nhân_viên vui_vẻ . chỗ ngồi rộng_rãi . tốt cho 5 không mùa dịch . cho 5 sao . .,nhiều lựa_chọn . nhân_viên vui_vẻ . chỗ ngồi rộng_rãi . tốt cho 5 không mùa dịch . cho 5 sao . .,lựa_chọn nhân_viên vui_vẻ chỗ rộng_rãi 5 mùa dịch 5
dự án đẹp tuyệt vời,positive,dự_án đẹp tuyệt_vời,dự_án đẹp tuyệt_vời,dự_án đẹp tuyệt_vời
mcdonald đẹp trong thị trấn nơi gần như tất cả những chiếc xe đạp lớn tụ tập để khởi hành,positive,mcdonald đẹp trong thị_trấn nơi gần như tất_cả những chiếc xe_đạp lớn tụ_tập để khởi_hành,mcdonald đẹp trong thị_trấn nơi gần như tất_cả những chiếc xe_đạp lớn tụ_tập để khởi_hành,mcdonald đẹp thị_trấn tất_cả xe_đạp tụ_tập khởi_hành
hoạt động chuyên nghiệp,positive,hoạt_động chuyên_nghiệp,hoạt_động chuyên_nghiệp,hoạt_động chuyên_nghiệp
"địa điểm rộng rãi, thuận tiện. là điểm hẹn của cac hội nhóm. trẻ em có thể đến chơi và ăn những thức ăn nhanh",positive,"địa_điểm rộng_rãi , thuận_tiện . là điểm hẹn của cac hội nhóm . trẻ_em có_thể đến chơi và ăn những thức_ăn nhanh","địa_điểm rộng_rãi , thuận_tiện . là điểm hẹn của cac hội nhóm . trẻ_em có_thể đến chơi và ăn những thức_ăn nhanh",địa_điểm rộng_rãi thuận_tiện hẹn cac hội trẻ_em có_thể thức_ăn
"nhân viên phục vụ chuyên nghiệp, không gian bài trí hợp lý, nên đi lúc khuya sẽ chill hơn với view vòng xoay 💯💯",positive,"nhân_viên phục_vụ chuyên_nghiệp , không_gian bài_trí hợp_lý , nên đi lúc khuya sẽ chill hơn với view vòng xoay 💯💯","nhân_viên phục_vụ chuyên_nghiệp , không_gian bài_trí hợp_lý , nên đi lúc khuya sẽ chill hơn với view vòng xoay :trăm điểm::trăm điểm:",nhân_viên phục_vụ chuyên_nghiệp không_gian bài_trí hợp_lý khuya chill view vòng xoay :trăm điểm::trăm điểm:
mấy anh bảo vệ không được thân thiện,positive,mấy anh bảo_vệ không được thân_thiện,mấy anh bảo_vệ không được thân_thiện,mấy bảo_vệ thân_thiện
"vị trí rộng rãi, đồ ăn ngon. chỗ để xe rộng di chuyển thuận lợi.",positive,"vị_trí rộng_rãi , đồ_ăn ngon . chỗ để xe rộng di_chuyển thuận_lợi .","vị_trí rộng_rãi , đồ_ăn ngon . chỗ để xe rộng di_chuyển thuận_lợi .",vị_trí rộng_rãi đồ_ăn ngon chỗ xe rộng di_chuyển thuận_lợi
"tiêu chuẩn của mcdonald, nhưng sữa lắc .... 😭😭",positive,"tiêu_chuẩn của mcdonald , nhưng sữa lắc .... 😭😭","tiêu_chuẩn của mcdonald , nhưng sữa lắc .... :mặt khóc to::mặt khóc to:",tiêu_chuẩn mcdonald sữa lắc .... :mặt khóc to::mặt khóc to:
thuận tiện cho khách không xuống xe.,neutral,thuận_tiện cho khách không xuống xe .,thuận_tiện cho khách không xuống xe .,thuận_tiện xe
phục vụ ok. do ngại dịch nên ra ngoài đứng chờ đợi không nghe tiếng thông báo khi thực phẩm đã xong. phải chủ động vào bên trong hỏi.,positive,phục_vụ ok . do ngại dịch nên ra ngoài đứng chờ_đợi không nghe tiếng thông_báo khi thực_phẩm đã xong . phải chủ_động vào bên trong hỏi .,phục_vụ ok . do ngại dịch nên ra ngoài đứng chờ_đợi không nghe tiếng thông_báo khi thực_phẩm đã xong . phải chủ_động vào bên trong hỏi .,phục_vụ ok ngại dịch đứng chờ_đợi tiếng thông_báo thực_phẩm xong chủ_động
thu tiền trên thẻ td xong lại lấy cả tiền mặt. mcd vòng xoay đbp,negative,thu tiền trên thẻ td xong lại lấy cả tiền_mặt . mcd vòng xoay đbp,thu tiền trên thẻ td xong lại lấy cả tiền_mặt . mcd vòng xoay đbp,thu tiền thẻ td xong tiền_mặt mcd vòng xoay đbp
vị trí thuận tiện,positive,vị_trí thuận_tiện,vị_trí thuận_tiện,vị_trí thuận_tiện
vị trí kd tốt,positive,vị_trí kd tốt,vị_trí kd tốt,vị_trí kd
"nó thực sự khá có thể so sánh với hầu hết mickey ds của mỹ. xd fancier hơn hầu hết, quá.",positive,"nó thực_sự khá có_thể so_sánh với hầu_hết mickey ds của mỹ . xd fancier hơn hầu_hết , quá .","nó thực_sự khá có_thể so_sánh với hầu_hết mickey ds của mỹ . xd fancier hơn hầu_hết , quá .",có_thể so_sánh hầu_hết mickey ds mỹ xd fancier hầu_hết
nơi tuyệt vời cho cà phê và những người yêu thích mac lớn.,positive,nơi tuyệt_vời cho cà_phê và những người yêu thích mac lớn .,nơi tuyệt_vời cho cà_phê và những người yêu thích mac lớn .,tuyệt_vời cà_phê yêu mac
đây là chuổi hê thống thức ăn nhanh.chắc moi người ai cũng biết rồi. ai chưa biết.xin hãy đến đây.đến với tôi nào.rồi ban sẽ không tiếc như tôi.bỏ ra 5 sao.,positive,đây là chuổi hê_thống thức_ăn nhanh.chắc moi người ai cũng biết rồi . ai chưa biết.xin hãy đến đây.đến với tôi nào.rồi ban sẽ không tiếc như tôi.bỏ ra 5 sao .,đây là chuổi hê_thống thức_ăn nhanh.chắc moi người ai cũng biết rồi . ai chưa biết.xin hãy đến đây.đến với tôi nào.rồi ban sẽ không tiếc như tôi.bỏ ra 5 sao .,chuổi hê_thống thức_ăn nhanh.chắc moi biết.xin đây.đến nào.rồi ban tiếc tôi.bỏ 5
sạch sẽ và lịch sự,positive,sạch_sẽ và lịch_sự,sạch_sẽ và lịch_sự,sạch_sẽ lịch_sự
thức ăn ngon dịch vụ tốt,positive,thức_ăn ngon dịch_vụ tốt,thức_ăn ngon dịch_vụ tốt,thức_ăn ngon dịch_vụ
nhanh chóng và dễ dàng,positive,nhanh_chóng và dễ_dàng,nhanh_chóng và dễ_dàng,nhanh_chóng dễ_dàng
"gà không xương, không tin được 6 cục nhỏ như viên cá viên mà lấy giá trên trời bột không",negative,"gà không xương , không tin được 6 cục nhỏ như viên cá viên mà lấy giá trên trời bột không","gà không xương , không tin được 6 cục nhỏ như viên cá viên mà lấy giá trên trời bột không",gà xương 6 cục viên cá viên giá trời bột
tôi yêu chương trình khuyến mãi 50 của bạn không có sẵn khi bạn nhấp vào nó. và bạn gia hạn nó mỗi ngày. lừa đảo tuyệt vời.,negative,tôi yêu chương_trình khuyến_mãi 50 của bạn không có sẵn khi bạn nhấp vào nó . và bạn gia_hạn nó mỗi ngày . lừa_đảo tuyệt_vời .,tôi yêu chương_trình khuyến_mãi 50 của bạn không có sẵn khi bạn nhấp vào nó . và bạn gia_hạn nó mỗi ngày . lừa_đảo tuyệt_vời .,yêu chương_trình khuyến_mãi 50 sẵn nhấp gia_hạn lừa_đảo tuyệt_vời
văn minh lịch sự .sạch sẽ an toàn thực phẩm,positive,văn_minh lịch_sự . sạch_sẽ an_toàn thực_phẩm,văn_minh lịch_sự . sạch_sẽ an_toàn thực_phẩm,văn_minh lịch_sự sạch_sẽ an_toàn thực_phẩm
có thể thư giãn và thư giãn.,positive,có_thể thư_giãn và thư_giãn .,có_thể thư_giãn và thư_giãn .,có_thể thư_giãn thư_giãn
"làm quá lâu, nhân viên a mập áo trắng khiếm nhã.",negative,"làm quá lâu , nhân_viên a mập áo trắng khiếm_nhã .","làm quá lâu , nhân_viên a mập áo trắng khiếm_nhã .",nhân_viên a mập áo trắng khiếm_nhã
"làm quá lâu luc nào cũng hết hàng, bắt đợi 30p",negative,"làm quá lâu luc nào cũng hết hàng , bắt đợi 30p","làm quá lâu luc nào cũng hết hàng , bắt đợi 30p",luc hàng bắt đợi 30p
"cảm nhận thấy giá tiền cao, vị cũng bình thường chưa kể còn kẹo khăn giấy, và khi mua về sốt không được cho nhiều... về phần vệ sinh thì cũng không trách, có mấy người ăn mà não để đâu",negative,"cảm_nhận thấy giá tiền cao , vị cũng bình_thường chưa kể còn kẹo khăn giấy , và khi mua về sốt không được cho nhiều ... về phần vệ_sinh thì cũng không_trách , có mấy người ăn mà não để đâu","cảm_nhận thấy giá tiền cao , vị cũng bình_thường chưa kể còn kẹo khăn giấy , và khi mua về sốt không được cho nhiều ... về phần vệ_sinh thì cũng không_trách , có mấy người ăn mà não để đâu",cảm_nhận giá tiền vị bình_thường kẹo khăn giấy mua sốt ... vệ_sinh không_trách mấy não
"nhiều lần việc giao hàng khá muộn, nhiều như một giờ. chỉ tối nay, ứng dụng cho biết thức ăn của tôi đã được giao nhưng không có. bây giờ tôi sẽ đợi một giờ nữa để lấy thức ăn",negative,"nhiều lần việc giao hàng khá muộn , nhiều như một giờ . chỉ tối nay , ứng_dụng cho biết thức_ăn của tôi đã được giao nhưng không có . bây_giờ tôi sẽ đợi một giờ nữa để lấy thức_ăn","nhiều lần việc giao hàng khá muộn , nhiều như một giờ . chỉ tối nay , ứng_dụng cho biết thức_ăn của tôi đã được giao nhưng không có . bây_giờ tôi sẽ đợi một giờ nữa để lấy thức_ăn",giao hàng muộn tối ứng_dụng thức_ăn giao bây_giờ đợi thức_ăn
nhà hàng này rất ok,positive,nhà_hàng này rất ok,nhà_hàng này rất ok,nhà_hàng ok
"tôi có một bữa ăn mất tích, và khi tôi quay lại với họ, họ đã từ chối đưa cho tôi bữa ăn, tôi sẽ không quay lại",negative,"tôi có một bữa ăn mất_tích , và khi tôi quay lại với họ , họ đã từ_chối đưa cho tôi bữa ăn , tôi sẽ không quay lại","tôi có một bữa ăn mất_tích , và khi tôi quay lại với họ , họ đã từ_chối đưa cho tôi bữa ăn , tôi sẽ không quay lại",mất_tích từ_chối
cafe ngon và nhân viên rất lịch sự .,positive,cafe ngon và nhân_viên rất lịch_sự .,cafe ngon và nhân_viên rất lịch_sự .,cafe ngon nhân_viên lịch_sự
mcdonalds là khỏi chê rồi. thức ăn uống tuyệt vời. cách thức bán hàng trong đại dịch là quá hay và chuẩn. hiện tại chỉ mình mcdonalds là bán suốt 247 nên rất tuyệt. bất cứ khi nào bạn cảm thấy đói là có mcdonalds. good,positive,mcdonalds là khỏi chê rồi . thức_ăn uống tuyệt_vời . cách_thức bán hàng trong đại_dịch là quá hay và chuẩn . hiện_tại chỉ mình mcdonalds là bán suốt 247 nên rất tuyệt . bất_cứ khi nào bạn cảm_thấy đói là có mcdonalds . good,mcdonalds là khỏi chê rồi . thức_ăn uống tuyệt_vời . cách_thức bán hàng trong đại_dịch là quá hay và chuẩn . hiện_tại chỉ mình mcdonalds là bán suốt 247 nên rất tuyệt . bất_cứ khi nào bạn cảm_thấy đói là có mcdonalds . good,mcdonalds chê thức_ăn uống tuyệt_vời cách_thức hàng đại_dịch chuẩn hiện_tại mcdonalds suốt 247 tuyệt bất_cứ đói mcdonalds good
lòng tốt,positive,lòng tốt,lòng tốt,
"đã dặn không lấy đùi cũng bỏ cái đùi vô. đã vậy còn đưa 3 gói tương cà không có tương ớt, gần 12h đêm fai vác cái chén đi xin hàng xóm trọ ít tương để ăn. 3 sao là hên rồi. đơn hàng số 139 mua lúc 23h2023h30 tại mcdonald điện biên phủ. ăn mình tức muốn trào đờm.",neutral,"đã dặn không lấy đùi cũng bỏ cái đùi vô . đã vậy còn đưa 3 gói tương cà không có tương_ớt , gần 12h đêm fai vác cái chén đi xin hàng_xóm trọ ít tương để ăn . 3 sao là hên rồi . đơn hàng số 139 mua lúc 23h2023h30 tại mcdonald điện_biên_phủ . ăn mình tức muốn trào đờm .","đã dặn không lấy đùi cũng bỏ cái đùi vô . đã vậy còn đưa 3 gói tương cà không có tương_ớt , gần 12h đêm fai vác cái chén đi xin hàng_xóm trọ ít tương để ăn . 3 sao là hên rồi . đơn hàng số 139 mua lúc 23h2023h30 tại mcdonald điện_biên_phủ . ăn mình tức muốn trào đờm .",dặn đùi đùi vô 3 gói tương cà tương_ớt 12h fai vác chén hàng_xóm trọ tương 3 hên đơn hàng 139 mua 23h2023h30 mcdonald điện_biên_phủ tức trào đờm
đóng gói cẩn thận,negative,đóng_gói cẩn_thận,đóng_gói cẩn_thận,đóng_gói cẩn_thận
nhân viên phục vụ vô ý thức,negative,nhân_viên phục_vụ vô_ý_thức,nhân_viên phục_vụ vô_ý_thức,nhân_viên phục_vụ vô_ý_thức
trãi nghiệm tốt,positive,trãi nghiệm tốt,trãi nghiệm tốt,trãi nghiệm
văn phòng đẹp,positive,văn_phòng đẹp,văn_phòng đẹp,văn_phòng đẹp
nhanh. tiếng anh tốt. giá nước ngoài của tất nhiên,positive,nhanh . tiếng anh tốt . giá nước_ngoài của tất_nhiên,nhanh . tiếng anh tốt . giá nước_ngoài của tất_nhiên,tiếng giá nước_ngoài tất_nhiên
bình thường,negative,bình_thường,bình_thường,bình_thường
"29.05.2021, order 3352 khoảng 21h hơn, cơm còn sống, gà mặn hơn mọi ngày. chắc do tình hình covid ảnh hưởng đến nhà hàng hoặc thay đầu bếp mới",negative,"29.05.2021 , order 3352 khoảng 21h hơn , cơm còn sống , gà mặn hơn mọi ngày . chắc do tình_hình covid ảnh_hưởng đến nhà_hàng hoặc thay đầu_bếp mới","29.05.2021 , order 3352 khoảng 21h hơn , cơm còn sống , gà mặn hơn mọi ngày . chắc do tình_hình covid ảnh_hưởng đến nhà_hàng hoặc thay đầu_bếp mới",29.05.2021 order 3352 21h cơm sống gà mặn tình_hình covid ảnh_hưởng nhà_hàng thay đầu_bếp
"không gian lịch sự, sạch sẽ chuyên nghiệp. nhiều chương trình khuyến mãi combo hấp dẫn",positive,"không_gian lịch_sự , sạch_sẽ chuyên_nghiệp . nhiều chương_trình khuyến_mãi combo hấp_dẫn","không_gian lịch_sự , sạch_sẽ chuyên_nghiệp . nhiều chương_trình khuyến_mãi combo hấp_dẫn",không_gian lịch_sự sạch_sẽ chuyên_nghiệp chương_trình khuyến_mãi combo hấp_dẫn
tiện lợi,positive,tiện_lợi,tiện_lợi,tiện_lợi
nhân viên không muốn bán hàng cho khách nên nói khách đợi 60 phút...chưa thấy tình trạng này bao giờ.. nếu không muốn bán chỉ cần nói hết hàng chúng tôi vẫn vui...chia tay,positive,nhân_viên không muốn bán hàng cho khách nên nói khách đợi 60 phút ... chưa thấy tình_trạng này bao_giờ .. nếu không muốn bán chỉ cần nói hết hàng chúng_tôi vẫn vui...chia tay,nhân_viên không muốn bán hàng cho khách nên nói khách đợi 60 phút ... chưa thấy tình_trạng này bao_giờ .. nếu không muốn bán chỉ cần nói hết hàng chúng_tôi vẫn vui...chia tay,nhân_viên hàng đợi 60 phút ... tình_trạng bao_giờ .. hàng chúng_tôi vui...chia
"trung bình, thịt trên burger có vị lạ, không phải ở các nước châu á khác.",neutral,"trung_bình , thịt trên burger có vị lạ , không phải ở các nước châu_á khác .","trung_bình , thịt trên burger có vị lạ , không phải ở các nước châu_á khác .",trung_bình thịt burger vị lạ châu_á
"đậu xe thuận tiện, giá cả, đồ ăn chấp nhận được, order đồ hơi phức tạp",positive,"đậu xe thuận_tiện , giá_cả , đồ_ăn chấp_nhận được , order đồ hơi phức_tạp","đậu xe thuận_tiện , giá_cả , đồ_ăn chấp_nhận được , order đồ hơi phức_tạp",đậu xe thuận_tiện giá_cả đồ_ăn chấp_nhận order đồ hơi phức_tạp
"nhanh, tiện dụng oder đồ ăn không cần phải xuống xe",positive,"nhanh , tiện_dụng oder đồ_ăn không cần phải xuống xe","nhanh , tiện_dụng oder đồ_ăn không cần phải xuống xe",tiện_dụng oder đồ_ăn xe
"nhân viên hương nguyễn giải thích không rõ ràng, bắt khách đi thanh toán lòng vòng, không có 1 lời xin lỗi khách",negative,"nhân_viên hương nguyễn_giải_thích không rõ_ràng , bắt khách đi thanh_toán lòng_vòng , không có 1 lời xin_lỗi khách","nhân_viên hương nguyễn_giải_thích không rõ_ràng , bắt khách đi thanh_toán lòng_vòng , không có 1 lời xin_lỗi khách",nhân_viên hương nguyễn_giải_thích bắt thanh_toán lòng_vòng 1 xin_lỗi
mình thấy rất là được,positive,mình thấy rất là được,mình thấy rất là được,
tạm được,neutral,tạm được,tạm được,tạm
"nó rất đông vào khoảng 5 giờ chiều. mặc dù họ có máy để đặt hàng, tôi đã gặp vấn đề với thanh toán và sử dụng chứng từ khuyến mãi. cuối cùng tôi quyết định trả tiền và đặt hàng tại quầy lễ tân. có 2 kế toán nhưng chỉ có 1 nhân viên tại thời điểm này. cánh gà nóng và giòn. hamburger cũng tốt. btw tôi đã làm theo hướng dẫn của hóa đơn để đưa ra nhận xét trên trang web, tuy nhiên, tôi không nhận được bất kỳ lời đề nghị nào như lời hứa của họ ... rất buồn",positive,"nó rất đông vào_khoảng 5 giờ chiều . mặc_dù họ có máy để đặt_hàng , tôi đã gặp vấn_đề với thanh_toán và sử_dụng chứng_từ khuyến_mãi . cuối_cùng tôi quyết_định trả tiền và đặt_hàng tại quầy lễ_tân . có 2 kế_toán nhưng chỉ có 1 nhân_viên tại thời_điểm này . cánh_gà nóng và giòn . hamburger cũng tốt . btw tôi đã làm theo hướng_dẫn của hoá_đơn để đưa ra nhận_xét trên trang_web , tuy_nhiên , tôi không nhận được bất_kỳ lời đề_nghị nào như lời hứa của họ ... rất buồn","nó rất đông vào_khoảng 5 giờ chiều . mặc_dù họ có máy để đặt_hàng , tôi đã gặp vấn_đề với thanh_toán và sử_dụng chứng_từ khuyến_mãi . cuối_cùng tôi quyết_định trả tiền và đặt_hàng tại quầy lễ_tân . có 2 kế_toán nhưng chỉ có 1 nhân_viên tại thời_điểm này . cánh_gà nóng và giòn . hamburger cũng tốt . btw tôi đã làm theo hướng_dẫn của hoá_đơn để đưa ra nhận_xét trên trang_web , tuy_nhiên , tôi không nhận được bất_kỳ lời đề_nghị nào như lời hứa của họ ... rất buồn",đông vào_khoảng 5 chiều mặc_dù máy đặt_hàng vấn_đề thanh_toán sử_dụng chứng_từ khuyến_mãi quyết_định tiền đặt_hàng quầy lễ_tân 2 kế_toán 1 nhân_viên thời_điểm cánh_gà nóng giòn hamburger btw hướng_dẫn hoá_đơn nhận_xét trang_web tuy_nhiên bất_kỳ đề_nghị hứa ... buồn
"không gian rộng rãi. thích hợp gặp gỡ bạn bè cuối tuần. nước uống đồ ăn ngon. có mặt tại hơn 118 quốc gia với chuỗi 35,0 nhà hàng tại khắp các châu lục, mỗi ngày, mcdonalds toàn cầu phục vụ hơn 70 triệu người tiêu dùng, không chỉ đảm bảo mang đến cho họ những bữa ăn ngon, an toàn vệ sinh, mà còn làm họ hài lòng với dịch vụ của mcdonalds. nắm bắt nhu cầu của người tiêu dùng việt nam hiện nay, chúng tôi mong muốn phục vụ những bữa ăn nhanh nhưng hợp vệ sinh, đầy đủ dưỡng chất cùng với cung cách phục vụ chuyên nghiệp, mcdonalds cam kết sẽ làm bạn hài lòng với dòng sản phẩm nổi tiếng khắp thế giới của chúng tôi như big mac, chicken mcnuggets, egg mcmuffin. không chỉ nổi tiếng về thức ăn ngon, mcdonalds còn nổi tiếng về chuỗi tiêu chuẩn chất lượng, dịch vụ, vệ sinh và giá trị.",positive,"không_gian rộng_rãi . thích_hợp gặp_gỡ bạn_bè cuối tuần . nước uống đồ_ăn ngon . có_mặt tại hơn 118 quốc_gia với chuỗi 35,0 nhà_hàng tại khắp các châu_lục , mỗi ngày , mcdonalds toàn_cầu phục_vụ hơn 70 triệu người tiêu_dùng , không_chỉ đảm_bảo mang đến cho họ những bữa ăn ngon , an_toàn vệ_sinh , mà_còn làm họ hài_lòng với dịch_vụ của mcdonalds . nắm_bắt nhu_cầu của người tiêu_dùng việt_nam hiện_nay , chúng_tôi mong_muốn phục_vụ những bữa ăn nhanh nhưng hợp vệ_sinh , đầy_đủ dưỡng_chất cùng với cung_cách phục_vụ chuyên_nghiệp , mcdonalds cam_kết sẽ làm_bạn hài_lòng với dòng sản_phẩm nổi_tiếng khắp thế_giới của chúng_tôi như big mac , chicken mcnuggets , egg mcmuffin . không_chỉ nổi_tiếng về thức_ăn ngon , mcdonalds còn nổi_tiếng về chuỗi tiêu_chuẩn chất_lượng , dịch_vụ , vệ_sinh và giá_trị .","không_gian rộng_rãi . thích_hợp gặp_gỡ bạn_bè cuối tuần . nước uống đồ_ăn ngon . có_mặt tại hơn 118 quốc_gia với chuỗi 35,0 nhà_hàng tại khắp các châu_lục , mỗi ngày , mcdonalds toàn_cầu phục_vụ hơn 70 triệu người tiêu_dùng , không_chỉ đảm_bảo mang đến cho họ những bữa ăn ngon , an_toàn vệ_sinh , mà_còn làm họ hài_lòng với dịch_vụ của mcdonalds . nắm_bắt nhu_cầu của người tiêu_dùng việt_nam hiện_nay , chúng_tôi mong_muốn phục_vụ những bữa ăn nhanh nhưng hợp vệ_sinh , đầy_đủ dưỡng_chất cùng với cung_cách phục_vụ chuyên_nghiệp , mcdonalds cam_kết sẽ làm_bạn hài_lòng với dòng sản_phẩm nổi_tiếng khắp thế_giới của chúng_tôi như big mac , chicken mcnuggets , egg mcmuffin . không_chỉ nổi_tiếng về thức_ăn ngon , mcdonalds còn nổi_tiếng về chuỗi tiêu_chuẩn chất_lượng , dịch_vụ , vệ_sinh và giá_trị .","không_gian rộng_rãi thích_hợp gặp_gỡ bạn_bè uống đồ_ăn ngon có_mặt 118 quốc_gia chuỗi 35,0 nhà_hàng khắp châu_lục mcdonalds toàn_cầu phục_vụ 70 triệu tiêu_dùng không_chỉ đảm_bảo ngon an_toàn vệ_sinh mà_còn hài_lòng dịch_vụ mcdonalds nắm_bắt nhu_cầu tiêu_dùng việt_nam hiện_nay chúng_tôi mong_muốn phục_vụ hợp vệ_sinh đầy_đủ dưỡng_chất cung_cách phục_vụ chuyên_nghiệp mcdonalds cam_kết làm_bạn hài_lòng dòng sản_phẩm nổi_tiếng khắp thế_giới chúng_tôi big mac chicken mcnuggets egg mcmuffin không_chỉ nổi_tiếng thức_ăn ngon mcdonalds nổi_tiếng chuỗi tiêu_chuẩn chất_lượng dịch_vụ vệ_sinh giá_trị"
"phục vụ khá tốt, món ăn ngon",positive,"phục_vụ khá tốt , món ăn ngon","phục_vụ khá tốt , món ăn ngon",phục_vụ món ngon
"nhân viên ok, món ăn lúc nào cũng nóng, không gian cũng thoáng mát",positive,"nhân_viên ok , món ăn lúc_nào cũng nóng , không_gian cũng thoáng mát","nhân_viên ok , món ăn lúc_nào cũng nóng , không_gian cũng thoáng mát",nhân_viên ok món lúc_nào nóng không_gian thoáng mát
"nhân viên thân thiện, thức uống ngon, quán tương đối rộng, nằm ngay vòng xoay cầu điện biên phủ nên rất dễ tìm",positive,"nhân_viên thân_thiện , thức uống ngon , quán tương_đối rộng , nằm ngay vòng xoay cầu điện_biên_phủ nên rất dễ tìm","nhân_viên thân_thiện , thức uống ngon , quán tương_đối rộng , nằm ngay vòng xoay cầu điện_biên_phủ nên rất dễ tìm",nhân_viên thân_thiện thức uống ngon quán tương_đối rộng nằm vòng xoay cầu điện_biên_phủ
"vị trí trung tâm, thuận lợi cho khách du lịch.",positive,"vị_trí trung_tâm , thuận_lợi cho khách du_lịch .","vị_trí trung_tâm , thuận_lợi cho khách du_lịch .",vị_trí trung_tâm thuận_lợi du_lịch
nhân viên đẹp và thân thiện ở đây và nhiều lựa chọn trong thực đơn 😀 chúng tôi cũng có thể đặt hàng tự hoặc chống lại vị trí lớn,positive,nhân_viên đẹp và thân_thiện ở đây và nhiều lựa_chọn trong thực_đơn 😀 chúng_tôi cũng có_thể đặt_hàng tự hoặc chống lại vị_trí lớn,nhân_viên đẹp và thân_thiện ở đây và nhiều lựa_chọn trong thực_đơn 😀 chúng_tôi cũng có_thể đặt_hàng tự hoặc chống lại vị_trí lớn,nhân_viên đẹp thân_thiện lựa_chọn thực_đơn 😀 chúng_tôi có_thể đặt_hàng chống vị_trí
dịch vụ nhanh chóng cho một vn mcdonald. nó không phải là thức ăn nhanh ở đây. họ không nấu trước một lượng lớn thực phẩm như ở mỹ. đơn đặt hàng được chuẩn bị khi họ đến. nó là giá trị thêm vài phút. thức ăn tươi và nóng. reataurant rất sạch sẽ. thức ăn là tuyệt vời. nhân viên rất thân thiện và chuyên nghiệp.,positive,dịch_vụ nhanh_chóng cho một vn mcdonald . nó không phải là thức_ăn nhanh ở đây . họ không nấu trước một lượng lớn thực_phẩm như ở mỹ . đơn đặt_hàng được chuẩn_bị khi họ đến . nó là giá_trị thêm vài phút . thức_ăn tươi và nóng . reataurant rất sạch_sẽ . thức_ăn là tuyệt_vời . nhân_viên rất thân_thiện và chuyên_nghiệp .,dịch_vụ nhanh_chóng cho một vn mcdonald . nó không phải là thức_ăn nhanh ở đây . họ không nấu trước một lượng lớn thực_phẩm như ở mỹ . đơn đặt_hàng được chuẩn_bị khi họ đến . nó là giá_trị thêm vài phút . thức_ăn tươi và nóng . reataurant rất sạch_sẽ . thức_ăn là tuyệt_vời . nhân_viên rất thân_thiện và chuyên_nghiệp .,dịch_vụ nhanh_chóng vn mcdonald thức_ăn nấu thực_phẩm mỹ đơn đặt_hàng chuẩn_bị giá_trị phút thức_ăn tươi nóng reataurant sạch_sẽ thức_ăn tuyệt_vời nhân_viên thân_thiện chuyên_nghiệp
nó là bình thường. tôi yêu bánh nướng xốp của mcdonald,positive,nó là bình_thường . tôi yêu bánh_nướng xốp của mcdonald,nó là bình_thường . tôi yêu bánh_nướng xốp của mcdonald,bình_thường yêu bánh_nướng xốp mcdonald
không 1,positive,không 1,không 1,1
"tụi nhỏ rất thích, thoải mái",positive,"tụi nhỏ rất thích , thoải_mái","tụi nhỏ rất thích , thoải_mái",tụi thoải_mái
"ổn, style nước ngoài, freedom",positive,"ổn , style nước_ngoài , freedom","ổn , style nước_ngoài , freedom",ổn style nước_ngoài freedom
"ở đây không gian cực rộng luôn làm việc rất tốt, tuy nhiên buổi tối sẽ đông đúc và hơi ồn nếu có tiệc thì sẽ đông lắm, không gian trên lầu lộng kính nhìn rất có mood làm việc hoặc gặp đối tác. giá combo đồ ăn tầm 59k cho khoai tây, gà và nước.",positive,"ở đây không_gian cực rộng luôn làm_việc rất tốt , tuy_nhiên buổi tối sẽ đông_đúc và hơi ồn nếu có tiệc thì sẽ đông lắm , không_gian trên lầu lộng kính nhìn rất có mood làm_việc hoặc gặp đối_tác . giá combo đồ_ăn tầm 59k cho khoai_tây , gà và nước .","ở đây không_gian cực rộng luôn làm_việc rất tốt , tuy_nhiên buổi tối sẽ đông_đúc và hơi ồn nếu có tiệc thì sẽ đông lắm , không_gian trên lầu lộng kính nhìn rất có mood làm_việc hoặc gặp đối_tác . giá combo đồ_ăn tầm 59k cho khoai_tây , gà và nước .",không_gian cực rộng làm_việc tuy_nhiên tối đông_đúc hơi ồn tiệc đông lắm không_gian lầu lộng kính mood làm_việc đối_tác giá combo đồ_ăn tầm 59k khoai_tây gà
có thể chậm một chút để lấy thức ăn ra.,positive,có_thể chậm một_chút để lấy thức_ăn ra .,có_thể chậm một_chút để lấy thức_ăn ra .,có_thể chậm một_chút thức_ăn
rất ngon và nhiều khách hàng.,positive,rất ngon và nhiều khách_hàng .,rất ngon và nhiều khách_hàng .,ngon khách_hàng
"như cc ,lâu bỏ mẹ",negative,"như cc , lâu bỏ_mẹ","như cc , lâu bỏ_mẹ",cc bỏ_mẹ
"món ăn ngon. phục vụ nhanh, lịch sự, ân cần. địa điểm sạch sẽ, thoáng mát.",positive,"món ăn ngon . phục_vụ nhanh , lịch_sự , ân_cần . địa_điểm sạch_sẽ , thoáng mát .","món ăn ngon . phục_vụ nhanh , lịch_sự , ân_cần . địa_điểm sạch_sẽ , thoáng mát .",món ngon phục_vụ lịch_sự ân_cần địa_điểm sạch_sẽ thoáng mát
vị trí gan quan 1 khong gian rộng thoáng. co do an va cafe nhanh,positive,vị_trí gan quan 1 khong gian rộng thoáng . co do an va cafe nhanh,vị_trí gan quan 1 khong gian rộng thoáng . co do an va cafe nhanh,vị_trí gan quan 1 khong gian rộng thoáng co an va cafe
"quán rộng rãi, giá đắt",neutral,"quán rộng_rãi , giá đắt","quán rộng_rãi , giá đắt",quán rộng_rãi giá đắt
hình ảnh kể một ngàn từ sẽ không bao giờ trở lại.,negative,hình_ảnh kể một_ngàn từ sẽ không bao_giờ trở_lại .,hình_ảnh kể một_ngàn từ sẽ không bao_giờ trở_lại .,hình_ảnh một_ngàn bao_giờ trở_lại
"rộng rãi, sạch sẻ và chổ để xe thỏa mai phù hợp gia đình 👌",positive,"rộng_rãi , sạch sẻ và chổ để xe thoả mai phù_hợp gia_đình 👌","rộng_rãi , sạch sẻ và chổ để xe thoả mai phù_hợp gia_đình :OK tay:",rộng_rãi sạch sẻ chổ xe thoả mai phù_hợp gia_đình :OK tay:
vị trí thuận lợi cho những cuộc hẹn gặp 😍,positive,vị_trí thuận_lợi cho những cuộc hẹn gặp 😍,vị_trí thuận_lợi cho những cuộc hẹn gặp :mặt cười với đôi mắt trái tim:,vị_trí thuận_lợi hẹn :mặt cười đôi mắt trái tim:
mcdonald thường được nghe khi đi ngang qua,positive,mcdonald thường được nghe khi đi ngang qua,mcdonald thường được nghe khi đi ngang qua,mcdonald ngang
thích hợp tổ chức sinh nhật cho các cháu nhỏ.,positive,thích_hợp tổ_chức sinh_nhật cho các cháu nhỏ .,thích_hợp tổ_chức sinh_nhật cho các cháu nhỏ .,thích_hợp tổ_chức sinh_nhật cháu
"quán mở rất khuya , tối ngồi mát",positive,"quán mở rất khuya , tối ngồi mát","quán mở rất khuya , tối ngồi mát",quán khuya tối mát
"đã 24 giờ, vì vậy đã đến lúc đi ăn kem hoặc các bữa ăn đơn giản muộn. tôi muốn cho 5 sao cho hướng dẫn sử dụng, nhưng mỗi lần tôi phải tổ chức rác thực phẩm trên bàn ngoài trời, có 3 sao.",neutral,"đã 24 giờ , vì_vậy đã đến lúc đi ăn kem hoặc các bữa ăn đơn_giản muộn . tôi muốn cho 5 sao cho hướng_dẫn sử_dụng , nhưng mỗi lần tôi phải tổ_chức rác thực_phẩm trên bàn ngoài_trời , có 3 sao .","đã 24 giờ , vì_vậy đã đến lúc đi ăn kem hoặc các bữa ăn đơn_giản muộn . tôi muốn cho 5 sao cho hướng_dẫn sử_dụng , nhưng mỗi lần tôi phải tổ_chức rác thực_phẩm trên bàn ngoài_trời , có 3 sao .",24 vì_vậy kem đơn_giản muộn 5 hướng_dẫn sử_dụng tổ_chức rác thực_phẩm bàn ngoài_trời 3
khách cũng đông,positive,khách cũng đông,khách cũng đông,đông
nhanh người phục vụ có thể nói tiếng anh tốt,positive,nhanh người phục_vụ có_thể nói tiếng anh tốt,nhanh người phục_vụ có_thể nói tiếng anh tốt,phục_vụ có_thể tiếng
"điều tốt nhất với mcdonald, da kao là vị trí của nó. các món ăn như bất kỳ mcdonald nào cũng giống nhau và tôi thực sự thích những ki ốt tự đặt hàng mới này",positive,"điều tốt nhất với mcdonald , da kao là vị_trí của nó . các món ăn như bất_kỳ mcdonald nào cũng giống nhau và tôi thực_sự thích những ki_ốt tự đặt_hàng mới này","điều tốt nhất với mcdonald , da kao là vị_trí của nó . các món ăn như bất_kỳ mcdonald nào cũng giống nhau và tôi thực_sự thích những ki_ốt tự đặt_hàng mới này",mcdonald da kao vị_trí món bất_kỳ mcdonald ki_ốt đặt_hàng
hì nhân viên nhanh nhẹn và chất lượng đồ ăn khá ổn,positive,hì nhân_viên nhanh_nhẹn và chất_lượng đồ_ăn khá ổn,hì nhân_viên nhanh_nhẹn và chất_lượng đồ_ăn khá ổn,hì nhân_viên nhanh_nhẹn chất_lượng đồ_ăn ổn
"không gian nóng, tiết kiệm điện máy lạnh. vô đó cũng đông khách, ăn thì nhớ lấy hóa đơn để miễn phí gửi xe.",neutral,"không_gian nóng , tiết_kiệm điện_máy lạnh . vô đó cũng đông khách , ăn thì nhớ lấy hoá_đơn để miễn_phí gửi xe .","không_gian nóng , tiết_kiệm điện_máy lạnh . vô đó cũng đông khách , ăn thì nhớ lấy hoá_đơn để miễn_phí gửi xe .",không_gian nóng tiết_kiệm điện_máy lạnh vô đông hoá_đơn miễn_phí gửi xe
"hôm nay tôi đến dùng tại mcdonad chú bảo vệ mập mập ngồi với mấy a tài xế ol. chú nói chuyện rất mất lịch sự, tục tiểu cần xem xét lại hình ảnh bảo vệ tại đây.",negative,"hôm_nay tôi đến dùng tại mcdonad chú bảo_vệ mập mập ngồi với mấy a tài_xế ol . chú nói_chuyện rất mất lịch_sự , tục tiểu_cần xem_xét lại hình_ảnh bảo_vệ tại đây .","hôm_nay tôi đến dùng tại mcdonad chú bảo_vệ mập mập ngồi với mấy a tài_xế ol . chú nói_chuyện rất mất lịch_sự , tục tiểu_cần xem_xét lại hình_ảnh bảo_vệ tại đây .",hôm_nay mcdonad bảo_vệ mập mập mấy a tài_xế ol nói_chuyện lịch_sự tục tiểu_cần xem_xét hình_ảnh bảo_vệ
nơi tôi dung cho,positive,nơi tôi dung cho,nơi tôi dung cho,dung
"quán rộng, đẹp... ngon",positive,"quán rộng , đẹp ... ngon","quán rộng , đẹp ... ngon",quán rộng đẹp ... ngon
nóng nực không thoải mái.,negative,nóng_nực không thoải_mái .,nóng_nực không thoải_mái .,nóng_nực thoải_mái
tốt...,positive,tốt ...,tốt ...,...
"một gợi ý về địa điểm tổ chức sinh nhật cho các bé. ở đây có 3 phòng sinh nhật trên lầu 1, sức chứa tối đa 50 khách. thuận tiện cho các mẹ không có thời gian chuẩn bị tiệc cho con, chỉ việc chọn phần ăn, số lượng... tới giờ là đồ ăn thức uống sẵn sàng trong từng phần. mc có những phụ kiện như mắt kính, nón sinh nhật, thiệp, và các quà tặng khi mua set đồ ăn, các bé có vẻ thích nè.",positive,"một gợi_ý về địa_điểm tổ_chức sinh_nhật cho các bé . ở đây có 3 phòng sinh_nhật trên lầu 1 , sức chứa tối_đa 50 khách . thuận_tiện cho các mẹ không có thời_gian chuẩn_bị tiệc cho con , chỉ việc chọn phần ăn , số_lượng ... tới giờ là đồ_ăn thức uống sẵn_sàng trong từng phần . mc có những phụ_kiện như mắt_kính , nón sinh_nhật , thiệp , và các quà tặng khi mua set đồ_ăn , các bé có_vẻ thích nè .","một gợi_ý về địa_điểm tổ_chức sinh_nhật cho các bé . ở đây có 3 phòng sinh_nhật trên lầu 1 , sức chứa tối_đa 50 khách . thuận_tiện cho các mẹ không có thời_gian chuẩn_bị tiệc cho con , chỉ việc chọn phần ăn , số_lượng ... tới giờ là đồ_ăn thức uống sẵn_sàng trong từng phần . mc có những phụ_kiện như mắt_kính , nón sinh_nhật , thiệp , và các quà tặng khi mua set đồ_ăn , các bé có_vẻ thích nè .",gợi_ý địa_điểm tổ_chức sinh_nhật bé 3 phòng sinh_nhật lầu 1 sức chứa tối_đa 50 thuận_tiện thời_gian chuẩn_bị tiệc số_lượng ... đồ_ăn thức uống sẵn_sàng mc phụ_kiện mắt_kính nón sinh_nhật thiệp quà tặng mua set đồ_ăn bé có_vẻ nè
"burger của mc donalds không phải là thứ mình thích nhất, nhưng dịch vụ chăm sóc khách hàng của mc donalds thì xuất sắc.",positive,"burger của mc donalds không phải là thứ mình thích nhất , nhưng dịch_vụ chăm_sóc khách_hàng của mc donalds thì xuất_sắc .","burger của mc donalds không phải là thứ mình thích nhất , nhưng dịch_vụ chăm_sóc khách_hàng của mc donalds thì xuất_sắc .",burger mc donalds dịch_vụ chăm_sóc khách_hàng mc donalds xuất_sắc
cua ngo thanh pho nen dong khach,positive,cua ngo thanh pho nen dong khach,cua ngo thanh pho nen dong khach,cua ngo nen dong khach
"dịch vụ tốt. có một nhân viên có thể nói tiếng anh, đặc biệt là nếu có khách hàng nước ngoài.",positive,"dịch_vụ tốt . có một nhân_viên có_thể nói tiếng anh , đặc_biệt là nếu có khách_hàng nước_ngoài .","dịch_vụ tốt . có một nhân_viên có_thể nói tiếng anh , đặc_biệt là nếu có khách_hàng nước_ngoài .",dịch_vụ nhân_viên có_thể tiếng đặc_biệt khách_hàng nước_ngoài
fast food mà làm đồ ăn cả tiếng. sao không để dành đó mà ăn đi bán chi nữa,negative,fast food mà làm đồ_ăn cả tiếng . sao không để_dành đó mà ăn đi bán chi nữa,fast food mà làm đồ_ăn cả tiếng . sao không để_dành đó mà ăn đi bán chi nữa,fast food đồ_ăn tiếng để_dành chi
tuyệt vời. ăn no với combo. 279k. chỉ 2 người lớn. quá nhiều. còn mang về nữa.,positive,tuyệt_vời . ăn no với combo . 279k . chỉ 2 người_lớn . quá nhiều . còn mang về nữa .,tuyệt_vời . ăn no với combo . 279k . chỉ 2 người_lớn . quá nhiều . còn mang về nữa .,tuyệt_vời no combo 279k 2 người_lớn
"bình thường, lúc này thêm order trên máy tính nên khách dễ lựa chọn hơn",neutral,"bình_thường , lúc này thêm order trên máy_tính nên khách dễ lựa_chọn hơn","bình_thường , lúc này thêm order trên máy_tính nên khách dễ lựa_chọn hơn",bình_thường order máy_tính lựa_chọn
hỗ trợ kém,neutral,hỗ_trợ kém,hỗ_trợ kém,hỗ_trợ kém
"những món ăn quen thuộc của mcdonalds, nhà vệ sinh hơi bẩn...",neutral,"những món ăn quen_thuộc của mcdonalds , nhà_vệ_sinh hơi bẩn ...","những món ăn quen_thuộc của mcdonalds , nhà_vệ_sinh hơi bẩn ...",món quen_thuộc mcdonalds nhà_vệ_sinh hơi bẩn ...
tại sao mcdonald lại bị ung thư đến vậy,positive,tại_sao mcdonald lại bị ung_thư đến vậy,tại_sao mcdonald lại bị ung_thư đến vậy,tại_sao mcdonald ung_thư
hòa bình và yên tĩnh,positive,hoà_bình và yên_tĩnh,hoà_bình và yên_tĩnh,hoà_bình yên_tĩnh
"chỗ ngồi tốt, không gian rông rai, phục vụ chuyên nghiêp",positive,"chỗ ngồi tốt , không_gian rông rai , phục_vụ chuyên nghiêp","chỗ ngồi tốt , không_gian rông rai , phục_vụ chuyên nghiêp",chỗ không_gian rông rai phục_vụ chuyên nghiêp
địa điểm tốt để ăn uống nhanh,positive,địa_điểm tốt để ăn_uống nhanh,địa_điểm tốt để ăn_uống nhanh,địa_điểm ăn_uống
tôi có thể nói gì ... đôi khi bạn cần phải sửa lỗi,positive,tôi có_thể nói gì ... đôi_khi bạn cần phải sửa lỗi,tôi có_thể nói gì ... đôi_khi bạn cần phải sửa lỗi,có_thể ... đôi_khi sửa lỗi
nơi tuyệt vời,positive,nơi tuyệt_vời,nơi tuyệt_vời,tuyệt_vời
nơi dành cho các bữa ăn vội,positive,nơi dành cho các bữa ăn vội,nơi dành cho các bữa ăn vội,vội
"đối với một nơi thức ăn nhanh, nó là loại chậm theo quan điểm của tôi. có lẽ hôm nay là một chút đông đúc và họ có thể bị thiếu. đối với việc tiếp nhận đặt hàng, họ đã làm việc khá chậm, với việc đặt hàng qua màn hình hoặc chờ xếp hàng. ngoài ra, thực phẩm là tốt cho giá của nó. tuy nhiên, bạn vẫn có thể nhận được một cái gì đó khác tốt hơn nhiều hoặc thậm chí với tỷ lệ lớn hơn ở một nơi khác và thậm chí cũng có thể rẻ hơn. với điều đó đã được nói, chất lượng thực phẩm là tốt và phần là đủ. phê bình lớn nhất sẽ là sự sạch sẽ, mặc dù. đôi khi nó có thể trông hơi cẩu thả và bẩn. tôi biết rằng các nhân viên chắc chắn làm tốt công việc của họ nhưng đôi khi, hầu hết các mớ hỗn độn được tạo ra bởi khách hàng chứ không phải do nhân viên lười biếng. nhìn chung, một nơi tốt để lấy một bữa ăn nhanh, thậm chí nó có thể không đủ nhanh. sạch ở mức độ vừa phải và có chỗ ngồi ngoài trời nếu bạn không thích không khí điều hòa không khí.",neutral,"đối_với một nơi thức_ăn nhanh , nó là loại chậm theo quan_điểm của tôi . có_lẽ hôm_nay là một_chút đông_đúc và họ có_thể bị thiếu . đối_với việc tiếp_nhận đặt_hàng , họ đã làm_việc khá chậm , với việc đặt_hàng qua màn_hình hoặc chờ xếp_hàng . ngoài_ra , thực_phẩm là tốt cho giá của nó . tuy_nhiên , bạn vẫn có_thể nhận được một_cái gì đó khác tốt hơn nhiều hoặc thậm_chí với tỷ_lệ lớn hơn ở một nơi khác và thậm_chí cũng có_thể rẻ hơn . với điều đó đã được nói , chất_lượng thực_phẩm là tốt và phần là đủ . phê_bình lớn nhất sẽ là sự sạch_sẽ , mặc_dù . đôi_khi nó có_thể trông hơi cẩu_thả và bẩn . tôi biết rằng các nhân_viên chắc_chắn làm tốt công_việc của họ nhưng đôi_khi , hầu_hết các mớ hỗn_độn được tạo ra bởi khách_hàng chứ không phải do nhân_viên lười_biếng . nhìn_chung , một nơi tốt để lấy một bữa ăn nhanh , thậm_chí nó có_thể không đủ nhanh . sạch ở mức_độ vừa_phải và có chỗ ngồi ngoài_trời nếu bạn không thích không_khí điều_hoà_không_khí .","đối_với một nơi thức_ăn nhanh , nó là loại chậm theo quan_điểm của tôi . có_lẽ hôm_nay là một_chút đông_đúc và họ có_thể bị thiếu . đối_với việc tiếp_nhận đặt_hàng , họ đã làm_việc khá chậm , với việc đặt_hàng qua màn_hình hoặc chờ xếp_hàng . ngoài_ra , thực_phẩm là tốt cho giá của nó . tuy_nhiên , bạn vẫn có_thể nhận được một_cái gì đó khác tốt hơn nhiều hoặc thậm_chí với tỷ_lệ lớn hơn ở một nơi khác và thậm_chí cũng có_thể rẻ hơn . với điều đó đã được nói , chất_lượng thực_phẩm là tốt và phần là đủ . phê_bình lớn nhất sẽ là sự sạch_sẽ , mặc_dù . đôi_khi nó có_thể trông hơi cẩu_thả và bẩn . tôi biết rằng các nhân_viên chắc_chắn làm tốt công_việc của họ nhưng đôi_khi , hầu_hết các mớ hỗn_độn được tạo ra bởi khách_hàng chứ không phải do nhân_viên lười_biếng . nhìn_chung , một nơi tốt để lấy một bữa ăn nhanh , thậm_chí nó có_thể không đủ nhanh . sạch ở mức_độ vừa_phải và có chỗ ngồi ngoài_trời nếu bạn không thích không_khí điều_hoà_không_khí .",đối_với thức_ăn chậm quan_điểm có_lẽ hôm_nay một_chút đông_đúc có_thể đối_với tiếp_nhận đặt_hàng làm_việc chậm đặt_hàng màn_hình chờ xếp_hàng ngoài_ra thực_phẩm giá tuy_nhiên có_thể một_cái thậm_chí tỷ_lệ thậm_chí có_thể rẻ chất_lượng thực_phẩm phê_bình sạch_sẽ mặc_dù đôi_khi có_thể trông hơi cẩu_thả bẩn nhân_viên chắc_chắn công_việc đôi_khi hầu_hết mớ hỗn_độn khách_hàng nhân_viên lười_biếng nhìn_chung thậm_chí có_thể sạch mức_độ vừa_phải chỗ ngoài_trời không_khí điều_hoà_không_khí
khoai tây chiên quá mặn. burger choice kém không phải là mcdo khác và không có sự lựa chọn của nước sốt cho nugget.,negative,khoai_tây chiên quá mặn . burger choice kém không phải là mcdo khác và không có sự lựa_chọn của nước sốt cho nugget .,khoai_tây chiên quá mặn . burger choice kém không phải là mcdo khác và không có sự lựa_chọn của nước sốt cho nugget .,khoai_tây chiên mặn burger choice kém mcdo lựa_chọn sốt nugget
nhân viên tệ,negative,nhân_viên tệ,nhân_viên tệ,nhân_viên tệ
vị trí tuyệt vời cho thức ăn nhanh. bãi đậu xe miễn phí,positive,vị_trí tuyệt_vời cho thức_ăn nhanh . bãi đậu xe miễn_phí,vị_trí tuyệt_vời cho thức_ăn nhanh . bãi đậu xe miễn_phí,vị_trí tuyệt_vời thức_ăn bãi đậu xe miễn_phí
đồng ý,positive,đồng_ý,đồng_ý,đồng_ý
các nhân viên lười biếng vào ban đêm và không được vệ sinh,neutral,các nhân_viên lười_biếng vào ban_đêm và không được vệ_sinh,các nhân_viên lười_biếng vào ban_đêm và không được vệ_sinh,nhân_viên lười_biếng ban_đêm vệ_sinh
"mùa dịch bên mc donald chống dịch tốt. có rửa tay, màn che, và hướng dẫn khách ở các máy tự động.",positive,"mùa dịch bên mc donald chống dịch tốt . có rửa tay , màn che , và hướng_dẫn khách ở các máy tự_động .","mùa dịch bên mc donald chống dịch tốt . có rửa tay , màn che , và hướng_dẫn khách ở các máy tự_động .",mùa dịch mc donald chống dịch rửa màn che hướng_dẫn máy tự_động
"nhân viên giữ xe nói chuyện mất dạy, vòi tiền khách hàng",negative,"nhân_viên giữ xe nói_chuyện mất_dạy , vòi tiền khách_hàng","nhân_viên giữ xe nói_chuyện mất_dạy , vòi tiền khách_hàng",nhân_viên xe nói_chuyện mất_dạy vòi tiền khách_hàng
"ăn cũng ổn, là điểm mở đầu tiên tại sg, khơi gợi lại hương vị xa sưa từ hồi sinh viên nghèo hay ăn nói chung cảm giác bánh bé đi nhiều so với trước kia đã ăn, lâu lâu vào ăn cũng được",positive,"ăn cũng ổn , là điểm mở đầu_tiên tại sg , khơi_gợi lại hương_vị xa sưa từ hồi sinh_viên nghèo hay ăn_nói chung cảm_giác bánh bé đi nhiều so với trước_kia đã ăn , lâu_lâu vào ăn cũng được","ăn cũng ổn , là điểm mở đầu_tiên tại sg , khơi_gợi lại hương_vị xa sưa từ hồi sinh_viên nghèo hay ăn_nói chung cảm_giác bánh bé đi nhiều so với trước_kia đã ăn , lâu_lâu vào ăn cũng được",ổn đầu_tiên sg khơi_gợi hương_vị sưa hồi sinh_viên nghèo ăn_nói bánh bé trước_kia lâu_lâu
"quán sạch sẽ, thức ăn phong phú ngon, giá cả hợp lý.",neutral,"quán sạch_sẽ , thức_ăn phong_phú ngon , giá_cả hợp_lý .","quán sạch_sẽ , thức_ăn phong_phú ngon , giá_cả hợp_lý .",quán sạch_sẽ thức_ăn phong_phú ngon giá_cả hợp_lý
tôi thích nơi này,positive,tôi thích nơi này,tôi thích nơi này,
làm thiếu món hoài,negative,làm thiếu món hoài,làm thiếu món hoài,món hoài
mặt bằng rất rộng ... sạch sẽ 👍,positive,mặt_bằng rất rộng ... sạch_sẽ 👍,mặt_bằng rất rộng ... sạch_sẽ :thích:,mặt_bằng rộng ... sạch_sẽ :thích:
không gián quán rộng rãi,positive,không gián quán rộng_rãi,không gián quán rộng_rãi,gián quán rộng_rãi
một mcdonalds 24 giờ. luôn luôn nhắc dịch vụ. và khoai tây chiên luôn tuyệt vời. chỉ cần cho họ ăn ở đó ... không lấy đi. nơi đầu tiên tôi đến khi có thời gian đi ăn đồ ăn vặt .... luôn luôn là mcdonalds. tôi có thể tùy chỉnh số lượng dưa chua tôi đặt trên một chiếc burger ..... đó là một chiến thắng trong cuốn sách của tôi.,positive,một mcdonalds 24 giờ . luôn_luôn nhắc dịch_vụ . và khoai_tây chiên luôn tuyệt_vời . chỉ cần cho họ ăn_ở đó ... không lấy đi . nơi đầu_tiên tôi đến khi có thời_gian đi ăn đồ_ăn vặt .... luôn_luôn là mcdonalds . tôi có_thể tuỳ chỉnh số_lượng dưa chua tôi đặt trên một chiếc burger ..... đó là một chiến_thắng trong cuốn sách của tôi .,một mcdonalds 24 giờ . luôn_luôn nhắc dịch_vụ . và khoai_tây chiên luôn tuyệt_vời . chỉ cần cho họ ăn_ở đó ... không lấy đi . nơi đầu_tiên tôi đến khi có thời_gian đi ăn đồ_ăn vặt .... luôn_luôn là mcdonalds . tôi có_thể tuỳ chỉnh số_lượng dưa chua tôi đặt trên một chiếc burger ..... đó là một chiến_thắng trong cuốn sách của tôi .,mcdonalds 24 luôn_luôn nhắc dịch_vụ khoai_tây chiên tuyệt_vời ăn_ở ... đầu_tiên thời_gian đồ_ăn vặt .... luôn_luôn mcdonalds có_thể tuỳ chỉnh số_lượng dưa chua burger ..... chiến_thắng sách
"gà tươi, ngon, không gian rộng rãi. không có đĩa, chỉ có hộp giấy đựng đồ ăn. 1 phần happy meal có thêm đồ chơi nên các bé rất thích.",positive,"gà tươi , ngon , không_gian rộng_rãi . không có đĩa , chỉ có hộp giấy đựng đồ_ăn . 1 phần happy meal có thêm đồ_chơi nên các bé rất thích .","gà tươi , ngon , không_gian rộng_rãi . không có đĩa , chỉ có hộp giấy đựng đồ_ăn . 1 phần happy meal có thêm đồ_chơi nên các bé rất thích .",gà tươi ngon không_gian rộng_rãi đĩa hộp giấy đựng đồ_ăn 1 happy meal đồ_chơi bé
bánh hamburger được nấu tươi và nó rất ngon.,positive,bánh hamburger được nấu tươi và nó rất ngon .,bánh hamburger được nấu tươi và nó rất ngon .,bánh hamburger nấu tươi ngon
đông vui,positive,đông vui,đông vui,đông vui
nhà vệ sinh bẩn quá.. cần xem lại ok,negative,nhà_vệ_sinh bẩn quá .. cần xem_lại ok,nhà_vệ_sinh bẩn quá .. cần xem_lại ok,nhà_vệ_sinh bẩn .. xem_lại ok
không sao đâu ...,positive,không sao đâu ...,không sao đâu ...,...
lái xe qua là thuận tiện.,positive,lái_xe qua là thuận_tiện .,lái_xe qua là thuận_tiện .,lái_xe thuận_tiện
"tôi làm tài xế công nghệ, lần đầu tiên ghé đây mua đồ giao cho khách. khi đến nơi do không biết về khu vực để xe. nên đi theo hướng dẫn vào nơi để gửi xe, vừa tới khu vực giữ xe, mình hỏi anh giữ xe là để xe ở đây phải không ạ anh chỉ tay về phía trước quán và nói có thấy đồng nghiệp đậu không nghe xong mình thấy không vui ngay. dù sao mình cũng phải được xem như một khách hàng chứ. đã hướng dẫn thì phải cho rõ để khách còn biết. giống kiểu có thái độ riêng biệt với tài xế công nghệ. tôi chỉ là người mua hộ cho khách chứ đâu phải vào để xin xỏ gì đâu mà đối xử vậy. nếu tôi là khách hàng chắc chắn sẽ quay xe đi luôn rồi. mong rằng quản lý chấn chỉnh điều này để có dịch vụ tốt nhất trong khâu phục vụ.",neutral,"tôi làm tài_xế công_nghệ , lần đầu_tiên ghé đây mua đồ giao cho khách . khi đến_nơi do không biết về khu_vực để xe . nên đi theo hướng_dẫn vào nơi để gửi xe , vừa tới khu_vực giữ xe , mình hỏi anh giữ xe là để xe ở đây phải không ạ anh chỉ tay về phía trước quán và nói có thấy đồng_nghiệp đậu không nghe xong mình thấy không vui ngay . dù_sao mình cũng phải được xem như một khách_hàng chứ . đã hướng_dẫn thì phải cho rõ để khách còn biết . giống kiểu có thái_độ riêng_biệt với tài_xế công_nghệ . tôi chỉ là người mua hộ cho khách chứ đâu phải vào để xin_xỏ gì đâu mà đối_xử vậy . nếu tôi là khách_hàng chắc_chắn sẽ quay xe đi luôn rồi . mong rằng quản_lý chấn_chỉnh điều này để có dịch_vụ tốt nhất trong khâu phục_vụ .","tôi làm tài_xế công_nghệ , lần đầu_tiên ghé đây mua đồ giao cho khách . khi đến_nơi do không biết về khu_vực để xe . nên đi theo hướng_dẫn vào nơi để gửi xe , vừa tới khu_vực giữ xe , mình hỏi anh giữ xe là để xe ở đây phải không ạ anh chỉ tay về phía trước quán và nói có thấy đồng_nghiệp đậu không nghe xong mình thấy không vui ngay . dù_sao mình cũng phải được xem như một khách_hàng chứ . đã hướng_dẫn thì phải cho rõ để khách còn biết . giống kiểu có thái_độ riêng_biệt với tài_xế công_nghệ . tôi chỉ là người mua hộ cho khách chứ đâu phải vào để xin_xỏ gì đâu mà đối_xử vậy . nếu tôi là khách_hàng chắc_chắn sẽ quay xe đi luôn rồi . mong rằng quản_lý chấn_chỉnh điều này để có dịch_vụ tốt nhất trong khâu phục_vụ .",tài_xế công_nghệ đầu_tiên ghé mua đồ giao đến_nơi khu_vực xe hướng_dẫn gửi xe khu_vực xe xe xe quán đồng_nghiệp đậu xong vui dù_sao khách_hàng hướng_dẫn thái_độ riêng_biệt tài_xế công_nghệ mua hộ xin_xỏ đối_xử khách_hàng chắc_chắn xe mong quản_lý chấn_chỉnh dịch_vụ khâu phục_vụ
"ok nhé. quán làm rất nhanh, rất chuyên nghiệp.",positive,"ok nhé . quán làm rất nhanh , rất chuyên_nghiệp .","ok nhé . quán làm rất nhanh , rất chuyên_nghiệp .",ok quán chuyên_nghiệp
không gian rộng rãi thương hiệu nổi tiếng. chỗ này thuận tiện hẹn hò bạn bè cà phê làm việc đối tác. đặc biệt tùy quán đông nhưng không quá hồn ao như chỗ khác.,positive,không_gian rộng_rãi thương_hiệu nổi_tiếng . chỗ này thuận_tiện hẹn_hò bạn_bè cà_phê làm_việc đối_tác . đặc_biệt tuỳ quán đông nhưng không quá hồn ao như chỗ khác .,không_gian rộng_rãi thương_hiệu nổi_tiếng . chỗ này thuận_tiện hẹn_hò bạn_bè cà_phê làm_việc đối_tác . đặc_biệt tuỳ quán đông nhưng không quá hồn ao như chỗ khác .,không_gian rộng_rãi thương_hiệu nổi_tiếng chỗ thuận_tiện hẹn_hò bạn_bè cà_phê làm_việc đối_tác đặc_biệt tuỳ quán đông hồn ao chỗ
vị trí ngon.gà ngon.nhan viên nhiệt tình,positive,vị_trí ngon.gà ngon.nhan viên nhiệt_tình,vị_trí ngon.gà ngon.nhan viên nhiệt_tình,vị_trí ngon.gà ngon.nhan viên nhiệt_tình
"giống như bất kỳ cửa hàng mcdonald nào khác trong thành phố, họ có thiết kế nội thất hoàn hảo, bánh mì kẹp thịt ngon nhất với thịt bò ngon ngon và dịch vụ chuyên nghiệp cùng với thái độ của nhân viên tốt bụng. làm tốt lắm",positive,"giống như bất_kỳ cửa_hàng mcdonald nào khác trong thành_phố , họ có thiết_kế nội_thất hoàn_hảo , bánh_mì kẹp thịt ngon nhất với thịt bò ngon ngon và dịch_vụ chuyên_nghiệp cùng với thái_độ của nhân_viên tốt_bụng . làm tốt lắm","giống như bất_kỳ cửa_hàng mcdonald nào khác trong thành_phố , họ có thiết_kế nội_thất hoàn_hảo , bánh_mì kẹp thịt ngon nhất với thịt bò ngon ngon và dịch_vụ chuyên_nghiệp cùng với thái_độ của nhân_viên tốt_bụng . làm tốt lắm",bất_kỳ cửa_hàng mcdonald thành_phố thiết_kế nội_thất hoàn_hảo bánh_mì kẹp thịt ngon thịt bò ngon ngon dịch_vụ chuyên_nghiệp thái_độ nhân_viên tốt_bụng lắm
"rất ổn, gà cay ngon, coke ngon, rất mát ngồi ở khuôn viên bên ngoài. mình hay đi cả nhà order 2 phần ăn muốn té xỉu",positive,"rất ổn , gà cay ngon , coke ngon , rất mát ngồi ở khuôn_viên bên ngoài . mình hay đi cả nhà order 2 phần ăn muốn té xỉu","rất ổn , gà cay ngon , coke ngon , rất mát ngồi ở khuôn_viên bên ngoài . mình hay đi cả nhà order 2 phần ăn muốn té xỉu",ổn gà cay ngon coke ngon mát khuôn_viên order 2 té xỉu
thức ăn nhanh phía tây đẹp,positive,thức_ăn nhanh phía tây đẹp,thức_ăn nhanh phía tây đẹp,thức_ăn tây đẹp
"đậu xe rộng , thoáng , đẹp ...",positive,"đậu xe rộng , thoáng , đẹp ...","đậu xe rộng , thoáng , đẹp ...",đậu xe rộng thoáng đẹp ...
"quán khá vắng, không khí tẻ nhạt",positive,"quán khá vắng , không_khí tẻ_nhạt","quán khá vắng , không_khí tẻ_nhạt",quán vắng không_khí tẻ_nhạt
đồ chơi xin đổi 2 cái khác cho 2 bé thì từ chối đổi. trong khi ở nhà thờ đức bà và đường 32 họ vẫn vui vẻ đổi,negative,đồ_chơi xin đổi 2 cái khác cho 2 bé thì từ_chối đổi . trong khi ở nhà_thờ đức_bà và đường 32 họ vẫn vui_vẻ đổi,đồ_chơi xin đổi 2 cái khác cho 2 bé thì từ_chối đổi . trong khi ở nhà_thờ đức_bà và đường 32 họ vẫn vui_vẻ đổi,đồ_chơi đổi 2 2 bé từ_chối đổi nhà_thờ đức_bà đường 32 vui_vẻ đổi
thức ăn tươi đáng yêu,positive,thức_ăn tươi đáng yêu,thức_ăn tươi đáng yêu,thức_ăn tươi yêu
bàn không sạch sẽ.,negative,bàn không sạch_sẽ .,bàn không sạch_sẽ .,bàn sạch_sẽ
ngon.,positive,ngon .,ngon .,ngon
thuyết phục,positive,thuyết_phục,thuyết_phục,thuyết_phục
"nhân viên không nhiệt tình, đã dăn không lấy sketchup nhưng vẫn lấy, phản ánh lại thì nhân viên dửng dưng. keo kiệt khi chỉ đưa 1 chén nhưa đưng gia vị. thức ăn mắc nhưng không ngon",negative,"nhân_viên không nhiệt_tình , đã dăn không lấy sketchup nhưng vẫn lấy , phản_ánh lại thì nhân_viên dửng_dưng . keo_kiệt khi chỉ đưa 1 chén nhưa đưng gia_vị . thức_ăn mắc nhưng không ngon","nhân_viên không nhiệt_tình , đã dăn không lấy sketchup nhưng vẫn lấy , phản_ánh lại thì nhân_viên dửng_dưng . keo_kiệt khi chỉ đưa 1 chén nhưa đưng gia_vị . thức_ăn mắc nhưng không ngon",nhân_viên nhiệt_tình dăn sketchup phản_ánh nhân_viên dửng_dưng keo_kiệt 1 chén nhưa đưng gia_vị thức_ăn mắc ngon
một lựa chọn tuyệt vời để nghỉ ngơi trên một chiếc xe máy,neutral,một lựa_chọn tuyệt_vời để nghỉ_ngơi trên một chiếc xe_máy,một lựa_chọn tuyệt_vời để nghỉ_ngơi trên một chiếc xe_máy,lựa_chọn tuyệt_vời nghỉ_ngơi xe_máy
nơi này là tốt. mở cửa 24 giờ. nhà vệ sinh đã rất sạch sẽ. dịch vụ đã chậm.,neutral,nơi này là tốt . mở_cửa 24 giờ . nhà_vệ_sinh đã rất sạch_sẽ . dịch_vụ đã chậm .,nơi này là tốt . mở_cửa 24 giờ . nhà_vệ_sinh đã rất sạch_sẽ . dịch_vụ đã chậm .,mở_cửa 24 nhà_vệ_sinh sạch_sẽ dịch_vụ chậm
ổn,positive,ổn,ổn,ổn
"cửa hàng mcdonalds chi nhánh đa kao là cửa hàng đầu tiên của hãng được mở tại việt nam vào năm 2014 và đây được cho rằng là chi nhánh đẹp nhất trong 17 chi nhánh của mcdonalds tại tp.hcm. địa chỉ 2 6 bis điện biên phủ, q1, tp.hcm giá 50.0đ 200.0đ cửa hàng mcdonalds nằm ngay vị trí vòng xoay điện biên phủ. đây là một vị trí thuận lợi và đông người qua lại nên khách hàng tại chi nhánh này rất đông. và một điểm nổi bật không thể không kể đến khi nhắc về dịch vụ của mcdonalds đó chính là dịch vụ drive thru. drive thru là dịch vụ mua hàng không cần đổ xe được mcdonalds tiên phong tại việt nam trong lĩnh vực này. menu của nhà hàng mcdonalds luôn được đầu tư về hình thức và chất lượng để các thực khách có thể tự do chọn lựa. và một trong những món ăn phổ biến được yêu thích nhất chính là gà rán. được bố trí ngay ở giữa và từ trái sang phải nhằm trở thành những thông tin đầu tiên mà khách hàng thấy được. ngoài những menu đồ ăn thì chúng tôi có thể thấy nhà hàng mc donalds còn có menu về café. mccafe tạo cho chúng tôi một cảm giác café của nhà hàng rất chất lượng với giá cả hợp lý và phù hợp với giá tiền của khách hàng thứ hai, về cách bố trí khu vực dành cho khách hàng. mcdonalds bố trí chỗ ngồi rất thông minh, không để các khách hàng phải phiền hoặc cảm thấy không hài lòng khi ngồi lại thưởng thức các món ăn. do cường độ làm việc khá cao nên các bạn nhân viên cũng được đào tạo rất chuyên nghiệp, tư vấn rõ ràng cho khách hàng về thức ăn và kèm nước uống, hướng dẫn rõ ràng các quy trình khi khách hỏi.",positive,"cửa_hàng mcdonalds chi_nhánh đa kao là cửa_hàng đầu_tiên của hãng được mở tại việt_nam vào năm 2014 và đây được cho rằng là chi_nhánh đẹp nhất trong 17 chi_nhánh của mcdonalds tại tp.hcm. địa_chỉ 2 6 bis điện_biên_phủ , q1 , tp.hcm giá 50.0 đ 200.0 đ cửa_hàng mcdonalds nằm ngay vị_trí vòng xoay điện_biên_phủ . đây là một vị_trí thuận_lợi và đông người qua_lại nên khách_hàng tại chi_nhánh này rất đông . và một điểm nổi_bật không_thể không kể đến khi nhắc về dịch_vụ của mcdonalds đó chính là dịch_vụ drive thru . drive thru là dịch_vụ mua hàng không cần đổ xe được mcdonalds tiên_phong tại việt_nam trong lĩnh_vực này . menu của nhà_hàng mcdonalds luôn được đầu_tư về hình_thức và chất_lượng để các thực_khách có_thể tự_do chọn_lựa . và một trong những món ăn phổ_biến được yêu thích nhất chính là gà rán . được bố_trí ngay ở giữa và từ trái sang phải nhằm trở_thành những thông_tin đầu_tiên mà khách_hàng thấy được . ngoài những menu đồ_ăn thì chúng_tôi có_thể thấy nhà_hàng mc donalds còn có menu về café . mccafe tạo cho chúng_tôi một cảm_giác café của nhà_hàng rất chất_lượng với giá_cả hợp_lý và phù_hợp với giá tiền của khách_hàng thứ hai , về cách bố_trí khu_vực dành cho khách_hàng . mcdonalds bố_trí chỗ ngồi rất thông_minh , không để các khách_hàng phải phiền hoặc cảm_thấy không hài_lòng khi ngồi lại thưởng_thức các món ăn . do cường_độ làm_việc khá cao nên các bạn nhân_viên cũng được đào_tạo rất chuyên_nghiệp , tư_vấn rõ_ràng cho khách_hàng về thức_ăn và kèm nước uống , hướng_dẫn rõ_ràng các quy_trình khi khách hỏi .","cửa_hàng mcdonalds chi_nhánh đa kao là cửa_hàng đầu_tiên của hãng được mở tại việt_nam vào năm 2014 và đây được cho rằng là chi_nhánh đẹp nhất trong 17 chi_nhánh của mcdonalds tại tp.hcm. địa_chỉ 2 6 bis điện_biên_phủ , q1 , tp.hcm giá 50.0 đ 200.0 đ cửa_hàng mcdonalds nằm ngay vị_trí vòng xoay điện_biên_phủ . đây là một vị_trí thuận_lợi và đông người qua_lại nên khách_hàng tại chi_nhánh này rất đông . và một điểm nổi_bật không_thể không kể đến khi nhắc về dịch_vụ của mcdonalds đó chính là dịch_vụ drive thru . drive thru là dịch_vụ mua hàng không cần đổ xe được mcdonalds tiên_phong tại việt_nam trong lĩnh_vực này . menu của nhà_hàng mcdonalds luôn được đầu_tư về hình_thức và chất_lượng để các thực_khách có_thể tự_do chọn_lựa . và một trong những món ăn phổ_biến được yêu thích nhất chính là gà rán . được bố_trí ngay ở giữa và từ trái sang phải nhằm trở_thành những thông_tin đầu_tiên mà khách_hàng thấy được . ngoài những menu đồ_ăn thì chúng_tôi có_thể thấy nhà_hàng mc donalds còn có menu về café . mccafe tạo cho chúng_tôi một cảm_giác café của nhà_hàng rất chất_lượng với giá_cả hợp_lý và phù_hợp với giá tiền của khách_hàng thứ hai , về cách bố_trí khu_vực dành cho khách_hàng . mcdonalds bố_trí chỗ ngồi rất thông_minh , không để các khách_hàng phải phiền hoặc cảm_thấy không hài_lòng khi ngồi lại thưởng_thức các món ăn . do cường_độ làm_việc khá cao nên các bạn nhân_viên cũng được đào_tạo rất chuyên_nghiệp , tư_vấn rõ_ràng cho khách_hàng về thức_ăn và kèm nước uống , hướng_dẫn rõ_ràng các quy_trình khi khách hỏi .",cửa_hàng mcdonalds chi_nhánh đa kao cửa_hàng đầu_tiên hãng việt_nam 2014 chi_nhánh đẹp 17 chi_nhánh mcdonalds tp.hcm. địa_chỉ 2 6 bis điện_biên_phủ q1 tp.hcm giá 50.0 đ 200.0 đ cửa_hàng mcdonalds nằm vị_trí vòng xoay điện_biên_phủ vị_trí thuận_lợi đông qua_lại khách_hàng chi_nhánh đông nổi_bật không_thể nhắc dịch_vụ mcdonalds dịch_vụ drive thru drive thru dịch_vụ mua hàng đổ xe mcdonalds tiên_phong việt_nam lĩnh_vực menu nhà_hàng mcdonalds đầu_tư hình_thức chất_lượng thực_khách có_thể tự_do chọn_lựa món phổ_biến yêu gà rán bố_trí trái trở_thành thông_tin đầu_tiên khách_hàng menu đồ_ăn chúng_tôi có_thể nhà_hàng mc donalds menu café mccafe chúng_tôi café nhà_hàng chất_lượng giá_cả hợp_lý phù_hợp giá tiền khách_hàng hai bố_trí khu_vực khách_hàng mcdonalds bố_trí chỗ thông_minh khách_hàng phiền hài_lòng thưởng_thức món cường_độ làm_việc nhân_viên đào_tạo chuyên_nghiệp tư_vấn khách_hàng thức_ăn kèm uống hướng_dẫn quy_trình
thấy cũng ít khách,neutral,thấy cũng ít khách,thấy cũng ít khách,
làm đồ ăn rất nhanh.. tốt,positive,làm đồ_ăn rất nhanh .. tốt,làm đồ_ăn rất nhanh .. tốt,đồ_ăn ..
chợ kim biên có thời gian thập niên trước năm 1975 chợ buôn bán đủ các loại máy móc gia dụng và công nghệ mới nhất từ mọi miền đất nước đều có ở đây tuy cho không lớn nhưng vẫn có thể làm cho người dân trong nước xem như một mô hình truyền thống của người hoa,positive,chợ kim biên có thời_gian thập_niên trước năm 1975 chợ buôn_bán đủ các loại máy_móc gia_dụng và công_nghệ mới nhất từ mọi miền đất_nước đều có ở đây tuy cho không lớn nhưng vẫn có_thể làm cho người_dân trong nước xem như một mô_hình truyền_thống của người hoa,chợ kim biên có thời_gian thập_niên trước năm 1975 chợ buôn_bán đủ các loại máy_móc gia_dụng và công_nghệ mới nhất từ mọi miền đất_nước đều có ở đây tuy cho không lớn nhưng vẫn có_thể làm cho người_dân trong nước xem như một mô_hình truyền_thống của người hoa,chợ kim biên thời_gian thập_niên 1975 chợ buôn_bán máy_móc gia_dụng công_nghệ miền đất_nước có_thể người_dân mô_hình truyền_thống hoa
"thức ăn tuyệt vời, dịch vụ nhanh, nhà hàng sạch sẽ. một điều nhỏ, thực đơn tự đặt hàng thực sự khó hiểu. tôi đã nhìn và nhìn các đồng nghiệp của tôi cũng vậy cho một bộ mac lớn bữa ăn giá trị và nó được ẩn giấu đằng sau các lựa chọn thực đơn tối nghĩakhông trực quan. 10 phút tìm kiếm và cuối cùng là một nhân viên đã cho chúng tôi xem. big mac và các bộ khác phải ở phía trước và trung tâm trên menu.",positive,"thức_ăn tuyệt_vời , dịch_vụ nhanh , nhà_hàng sạch_sẽ . một điều nhỏ , thực_đơn tự đặt_hàng thực_sự khó hiểu . tôi đã nhìn và nhìn các đồng_nghiệp của tôi cũng vậy cho một bộ mac lớn bữa ăn giá_trị và nó được ẩn_giấu đằng sau các lựa_chọn thực_đơn tối nghĩakhông trực_quan . 10 phút tìm_kiếm và cuối_cùng là một nhân_viên đã cho chúng_tôi xem . big mac và các bộ khác phải ở phía trước và trung_tâm trên menu .","thức_ăn tuyệt_vời , dịch_vụ nhanh , nhà_hàng sạch_sẽ . một điều nhỏ , thực_đơn tự đặt_hàng thực_sự khó hiểu . tôi đã nhìn và nhìn các đồng_nghiệp của tôi cũng vậy cho một bộ mac lớn bữa ăn giá_trị và nó được ẩn_giấu đằng sau các lựa_chọn thực_đơn tối nghĩakhông trực_quan . 10 phút tìm_kiếm và cuối_cùng là một nhân_viên đã cho chúng_tôi xem . big mac và các bộ khác phải ở phía trước và trung_tâm trên menu .",thức_ăn tuyệt_vời dịch_vụ nhà_hàng sạch_sẽ thực_đơn đặt_hàng đồng_nghiệp mac giá_trị ẩn_giấu đằng lựa_chọn thực_đơn tối nghĩakhông trực_quan 10 phút tìm_kiếm nhân_viên chúng_tôi big mac trung_tâm menu
"mcdonal sạch sẽ,chuyên nghiệp,hy vọng có thời gian sẽ ghé ủng hộ.",positive,"mcdonal sạch_sẽ , chuyên_nghiệp , hy_vọng có thời_gian sẽ ghé ủng_hộ .","mcdonal sạch_sẽ , chuyên_nghiệp , hy_vọng có thời_gian sẽ ghé ủng_hộ .",mcdonal sạch_sẽ chuyên_nghiệp hy_vọng thời_gian ghé ủng_hộ
mọi thứ ổn . mọi thứ đều bằng máy móc,positive,mọi thứ ổn . mọi thứ đều bằng máy_móc,mọi thứ ổn . mọi thứ đều bằng máy_móc,ổn máy_móc
ranh giới,positive,ranh_giới,ranh_giới,ranh_giới
xuất sắc mọi thứ,positive,xuất_sắc mọi thứ,xuất_sắc mọi thứ,xuất_sắc
y thuc bao ve suc khoe va phong benh covid rat tot va co trach nhiem .,positive,y thuc bao ve suc khoe va phong benh covid rat tot va co trach nhiem .,y thuc bao ve suc khoe va phong benh covid rat tot va co trach nhiem .,y thuc bao ve suc khoe va phong benh covid rat tot va co trach nhiem
rất ok,positive,rất ok,rất ok,ok
ok ngon làm nhanh,positive,ok ngon làm nhanh,ok ngon làm nhanh,ok ngon
"ngon, sạch sẽ, hợp vệ sinh",positive,"ngon , sạch_sẽ , hợp vệ_sinh","ngon , sạch_sẽ , hợp vệ_sinh",ngon sạch_sẽ hợp vệ_sinh
rộng rãi thoáng mát nhân viên nhiệt tình,positive,rộng_rãi thoáng mát nhân_viên nhiệt_tình,rộng_rãi thoáng mát nhân_viên nhiệt_tình,rộng_rãi thoáng mát nhân_viên nhiệt_tình
tay xuống maccas tốt nhất trong sg. không bao giờ gặp phải bất kỳ vấn đề với cửa hàng này.,positive,tay xuống maccas tốt nhất trong sg . không bao_giờ gặp phải bất_kỳ vấn_đề với cửa_hàng này .,tay xuống maccas tốt nhất trong sg . không bao_giờ gặp phải bất_kỳ vấn_đề với cửa_hàng này .,maccas sg bao_giờ bất_kỳ vấn_đề cửa_hàng
kem ngon,positive,kem ngon,kem ngon,kem ngon
"mở cửa 2424, bãi đỗ xe rộng rãi, nên là nơi tụ tập của các nhóm chạy xe, chuẩn bị xuất phát trải nghiệm các cung đường ...........",positive,"mở_cửa 2424 , bãi đỗ xe rộng_rãi , nên là nơi tụ_tập của các nhóm chạy xe , chuẩn_bị xuất_phát trải_nghiệm các cung đường ...........","mở_cửa 2424 , bãi đỗ xe rộng_rãi , nên là nơi tụ_tập của các nhóm chạy xe , chuẩn_bị xuất_phát trải_nghiệm các cung đường ...........",mở_cửa 2424 bãi đỗ xe rộng_rãi tụ_tập chạy xe chuẩn_bị xuất_phát trải_nghiệm cung đường ...........
mọi thứ ở đây đều tốt. lấy đi 2 sao vì sức nóng bên trong nhà hàng. họ dường như không đủ khả năng để trả tiền cho điều hòa không khí.,neutral,mọi thứ ở đây đều tốt . lấy đi 2 sao vì sức nóng bên trong nhà_hàng . họ dường_như không đủ khả_năng để trả tiền cho điều_hoà_không_khí .,mọi thứ ở đây đều tốt . lấy đi 2 sao vì sức nóng bên trong nhà_hàng . họ dường_như không đủ khả_năng để trả tiền cho điều_hoà_không_khí .,2 sức nóng nhà_hàng dường_như khả_năng tiền điều_hoà_không_khí
chờ món ăn rất lâu,negative,chờ món ăn rất lâu,chờ món ăn rất lâu,chờ món
chậm,negative,chậm,chậm,chậm
lam như con cac,negative,lam như con cac,lam như con cac,lam cac
"quán wifi mạnh, có nhiều view đẹp, gửi xe miễn phí",positive,"quán wifi mạnh , có nhiều view đẹp , gửi xe miễn_phí","quán wifi mạnh , có nhiều view đẹp , gửi xe miễn_phí",quán wifi view đẹp gửi xe miễn_phí
"dịch vụ tốt, món ăn ok",positive,"dịch_vụ tốt , món ăn ok","dịch_vụ tốt , món ăn ok",dịch_vụ món ok
"nơi này phục vụ trẻ em nhiều nhưng toilet nam bồn tiểu chỉ dành cho người lớn, nghĩa là nó quá cao cho trẻ nhỏ",negative,"nơi này phục_vụ trẻ_em nhiều nhưng toilet nam bồn tiểu chỉ dành cho người_lớn , nghĩa_là nó quá cao cho trẻ nhỏ","nơi này phục_vụ trẻ_em nhiều nhưng toilet nam bồn tiểu chỉ dành cho người_lớn , nghĩa_là nó quá cao cho trẻ nhỏ",phục_vụ trẻ_em toilet nam bồn tiểu người_lớn nghĩa_là trẻ
tôi cực kì yêu thích món kem oreo và matcha 🍦🍦🍦 siêu ngon luôn 💚💚💚,positive,tôi cực_kì yêu thích món kem oreo và matcha 🍦🍦🍦 siêu ngon luôn 💚💚💚,tôi cực_kì yêu thích món kem oreo và matcha :kem tươi::kem tươi::kem tươi: siêu ngon luôn :trái tim màu xanh::trái tim màu xanh::trái tim màu xanh:,cực_kì yêu món kem oreo matcha :kem tươi::kem tươi::kem tươi: siêu ngon :trái tim màu xanh::trái tim màu xanh::trái tim màu xanh:
"nhân viên ngay quầy shipper rất là khó chịu, đưa nhầm đơn cho shipper còn nói rất là ngang tàn cô gái đeo kính tròn.",negative,"nhân_viên ngay quầy shipper rất là khó_chịu , đưa nhầm đơn cho shipper còn nói rất là ngang tàn cô gái đeo kính tròn .","nhân_viên ngay quầy shipper rất là khó_chịu , đưa nhầm đơn cho shipper còn nói rất là ngang tàn cô gái đeo kính tròn .",nhân_viên quầy shipper khó_chịu nhầm đơn shipper ngang tàn gái đeo kính tròn
"quán không gian rộng rãi, thoải mái, dễ dàng tập trung làm việc",positive,"quán không_gian rộng_rãi , thoải_mái , dễ_dàng tập_trung làm_việc","quán không_gian rộng_rãi , thoải_mái , dễ_dàng tập_trung làm_việc",quán không_gian rộng_rãi thoải_mái dễ_dàng tập_trung làm_việc
wao tới đây đã quá đúng như wikipedia preview luôn mọi người mcdonalds là một tập đoàn kinh doanh hệ thống nhà hàng thức ăn nhanh với khoảng 36.0 nhà hàng tại 119 quốc gia3 phục vụ 43 triệu lượt khách mỗi ngày dưới thương hiệu riêng của mình. công ty được thành lập đầu tiên năm 1940 do anh em richard và maurice mick mack mcdonald. nền tảng của sự kinh doanh thành công hôm nay là do ray kroc mua lại của anh em mcdonald và phát triển thành một trong những dự án kinh doanh thức ăn nhanh thành công nhất thế giới. nễ mc donald thiệt chứ,positive,wao tới đây đã quá đúng như wikipedia preview luôn mọi người mcdonalds là một tập_đoàn kinh_doanh hệ_thống nhà_hàng thức_ăn nhanh với khoảng 36.0 nhà_hàng tại 119 quốc gia3 phục_vụ 43 triệu lượt khách mỗi ngày dưới thương_hiệu riêng của mình . công_ty được thành_lập đầu_tiên năm 1940 do anh_em richard và maurice mick mack mcdonald . nền_tảng của sự kinh_doanh thành_công hôm_nay là do ray kroc mua lại của anh_em mcdonald và phát_triển thành một trong những dự_án kinh_doanh thức_ăn nhanh thành_công nhất thế_giới . nễ mc donald thiệt chứ,wao tới đây đã quá đúng như wikipedia preview luôn mọi người mcdonalds là một tập_đoàn kinh_doanh hệ_thống nhà_hàng thức_ăn nhanh với khoảng 36.0 nhà_hàng tại 119 quốc gia3 phục_vụ 43 triệu lượt khách mỗi ngày dưới thương_hiệu riêng của mình . công_ty được thành_lập đầu_tiên năm 1940 do anh_em richard và maurice mick mack mcdonald . nền_tảng của sự kinh_doanh thành_công hôm_nay là do ray kroc mua lại của anh_em mcdonald và phát_triển thành một trong những dự_án kinh_doanh thức_ăn nhanh thành_công nhất thế_giới . nễ mc donald thiệt chứ,wao wikipedia preview mcdonalds tập_đoàn kinh_doanh hệ_thống nhà_hàng thức_ăn 36.0 nhà_hàng 119 quốc gia3 phục_vụ 43 triệu lượt thương_hiệu công_ty thành_lập đầu_tiên 1940 anh_em richard maurice mick mack mcdonald nền_tảng kinh_doanh thành_công hôm_nay ray kroc mua anh_em mcdonald phát_triển thành dự_án kinh_doanh thức_ăn thành_công thế_giới nễ mc donald thiệt
"sach, đồ ăn cũng tạm",positive,"sach , đồ_ăn cũng tạm","sach , đồ_ăn cũng tạm",sach đồ_ăn tạm
vị trí dễ tìm. chỗ đậu xe thuận lợi.,positive,vị_trí dễ tìm . chỗ đậu xe thuận_lợi .,vị_trí dễ tìm . chỗ đậu xe thuận_lợi .,vị_trí chỗ đậu xe thuận_lợi
wifi rất chậm nhưng mọi thứ đều ổn. tôi thấy một từ cảm ơn vì người đi tiểu miễn phí,positive,wifi rất chậm nhưng mọi thứ đều ổn . tôi thấy một từ cảm_ơn vì người đi_tiểu miễn_phí,wifi rất chậm nhưng mọi thứ đều ổn . tôi thấy một từ cảm_ơn vì người đi_tiểu miễn_phí,wifi chậm ổn cảm_ơn đi_tiểu miễn_phí
"order drive through lúc lấy đồ muốn mở ra check thì nhân viên hối đi lẹ do có khách phía sau, còn nói chị yên tâm em check đủ đồ rồi. về nhà mở ra thấy thiếu khoai tây chiên 🙃 tức gì đâu á",negative,"order drive through lúc lấy đồ muốn mở ra check thì nhân_viên hối đi lẹ do có khách phía sau , còn nói chị yên_tâm em check đủ đồ rồi . về nhà mở ra thấy thiếu khoai_tây chiên 🙃 tức gì đâu á","order drive through lúc lấy đồ muốn mở ra check thì nhân_viên hối đi lẹ do có khách phía sau , còn nói chị yên_tâm em check đủ đồ rồi . về nhà mở ra thấy thiếu khoai_tây chiên :lộn ngược mặt: tức gì đâu á",order drive through đồ check nhân_viên hối lẹ yên_tâm check đồ khoai_tây chiên :lộn ngược mặt: tức
một ổ đĩa thường xuyên thông qua thủ tục.,positive,một ổ_đĩa thường_xuyên thông_qua thủ_tục .,một ổ_đĩa thường_xuyên thông_qua thủ_tục .,ổ_đĩa thường_xuyên thông_qua thủ_tục
"đẳng cấp view nhìn toàn cảnh, phục vụ tốt, sạch sẽ, thịch hợp với nhóm",positive,"đẳng_cấp view nhìn toàn_cảnh , phục_vụ tốt , sạch_sẽ , thịch hợp với nhóm","đẳng_cấp view nhìn toàn_cảnh , phục_vụ tốt , sạch_sẽ , thịch hợp với nhóm",đẳng_cấp view toàn_cảnh phục_vụ sạch_sẽ thịch hợp
"vị trí thuận tiện đông khách chỗ đễ xe lớn, nhưng ngoài trời nhân viên nhanh nhẹn đồ ăn tạm ổn cho ai thích fastfood",positive,"vị_trí thuận_tiện đông khách chỗ đễ xe lớn , nhưng ngoài_trời nhân_viên nhanh_nhẹn đồ_ăn tạm ổn cho ai thích fastfood","vị_trí thuận_tiện đông khách chỗ đễ xe lớn , nhưng ngoài_trời nhân_viên nhanh_nhẹn đồ_ăn tạm ổn cho ai thích fastfood",vị_trí thuận_tiện đông chỗ đễ xe ngoài_trời nhân_viên nhanh_nhẹn đồ_ăn tạm ổn fastfood
"rộng rãi, đồ ăn nhiều món. tuy nhiên vệ sinh bàn chậm",positive,"rộng_rãi , đồ_ăn nhiều món . tuy_nhiên vệ_sinh bàn chậm","rộng_rãi , đồ_ăn nhiều món . tuy_nhiên vệ_sinh bàn chậm",rộng_rãi đồ_ăn món tuy_nhiên vệ_sinh bàn chậm
"có chỗ đậu xe, môi trường sạch sẽ",positive,"có chỗ đậu xe , môi_trường sạch_sẽ","có chỗ đậu xe , môi_trường sạch_sẽ",chỗ đậu xe môi_trường sạch_sẽ
có món mới macaroni soup nuôi nước. ổn cho trẻ lót dạ để đi học ngoài giờ,positive,có món mới macaroni soup nuôi nước . ổn cho trẻ lót_dạ để đi học ngoài giờ,có món mới macaroni soup nuôi nước . ổn cho trẻ lót_dạ để đi học ngoài giờ,món macaroni soup nuôi ổn trẻ lót_dạ học
"địa điểm đẹp, chất lượng thương hiệu quốc tế, công viên xe hơi và xe máy, lái xe qua, bàn bên trong và bên ngoài, với phòng chơi trẻ em",positive,"địa_điểm đẹp , chất_lượng thương_hiệu quốc_tế , công_viên xe_hơi và xe_máy , lái_xe qua , bàn bên trong và bên ngoài , với phòng chơi trẻ_em","địa_điểm đẹp , chất_lượng thương_hiệu quốc_tế , công_viên xe_hơi và xe_máy , lái_xe qua , bàn bên trong và bên ngoài , với phòng chơi trẻ_em",địa_điểm đẹp chất_lượng thương_hiệu quốc_tế công_viên xe_hơi xe_máy lái_xe bàn phòng trẻ_em
đây là nhà hàng của mcdonald ở hcmc. vị trí tốt và dễ dàng truy cập ... khách hàng tuyệt vời của tôi,positive,đây là nhà_hàng của mcdonald ở hcmc . vị_trí tốt và dễ_dàng truy_cập ... khách_hàng tuyệt_vời của tôi,đây là nhà_hàng của mcdonald ở hcmc . vị_trí tốt và dễ_dàng truy_cập ... khách_hàng tuyệt_vời của tôi,nhà_hàng mcdonald hcmc vị_trí dễ_dàng truy_cập ... khách_hàng tuyệt_vời
chất lượng wifi quá tệ,negative,chất_lượng wifi quá tệ,chất_lượng wifi quá tệ,chất_lượng wifi tệ
yêu nó. một trong số rất ít ổ đĩa tồn tại ở việt nam.,positive,yêu nó . một trong số rất ít ổ_đĩa tồn_tại ở việt_nam .,yêu nó . một trong số rất ít ổ_đĩa tồn_tại ở việt_nam .,yêu ổ_đĩa tồn_tại việt_nam
"khong vao,khong quan tam",negative,"khong vao , khong quan tam","khong vao , khong quan tam",khong vao khong quan tam
"nhân viên không niềm nở với các anh tài xế grab, họ cũng là người góp phần phát triển mà lại bị đối xử không được tôn trọng.",negative,"nhân_viên không niềm_nở với các anh tài_xế grab , họ cũng là người góp_phần phát_triển mà_lại bị đối_xử không được tôn_trọng .","nhân_viên không niềm_nở với các anh tài_xế grab , họ cũng là người góp_phần phát_triển mà_lại bị đối_xử không được tôn_trọng .",nhân_viên niềm_nở tài_xế grab góp_phần phát_triển mà_lại đối_xử tôn_trọng
giá ổn dịch vụ nhanh chất lượng không gian không được sạch sẽ. cần cải thiện,negative,giá ổn dịch_vụ nhanh chất_lượng không_gian không được sạch_sẽ . cần cải_thiện,giá ổn dịch_vụ nhanh chất_lượng không_gian không được sạch_sẽ . cần cải_thiện,giá ổn dịch_vụ chất_lượng không_gian sạch_sẽ cải_thiện
dịch vụ là tốt. rất nhiều mục trong menu không giống như ở mỹ. không có đồ uống ăn kiêng.,positive,dịch_vụ là tốt . rất nhiều mục trong menu không giống như ở mỹ . không có đồ uống ăn_kiêng .,dịch_vụ là tốt . rất nhiều mục trong menu không giống như ở mỹ . không có đồ uống ăn_kiêng .,dịch_vụ mục menu mỹ đồ uống ăn_kiêng
"thật tốt khi đặt hàng mà không cần liên lạc, nhưng mặc dù tôi đang chọn mất, tôi yêu cầu mọi người ngồi bên cạnh và chỉ mong muốn ngồi trong cửa hàng quá mạnh.",positive,"thật tốt khi đặt_hàng mà không cần liên_lạc , nhưng mặc_dù tôi đang chọn mất , tôi yêu_cầu mọi người ngồi bên cạnh và chỉ mong_muốn ngồi trong cửa_hàng quá mạnh .","thật tốt khi đặt_hàng mà không cần liên_lạc , nhưng mặc_dù tôi đang chọn mất , tôi yêu_cầu mọi người ngồi bên cạnh và chỉ mong_muốn ngồi trong cửa_hàng quá mạnh .",đặt_hàng liên_lạc mặc_dù yêu_cầu cạnh mong_muốn cửa_hàng
sạch đẹp phục vụ ok nhưng sao gà mặn quá😬😬😬,neutral,sạch_đẹp phục_vụ ok nhưng sao gà mặn quá😬😬😬,sạch_đẹp phục_vụ ok nhưng sao gà mặn quá:mặt nhăn nhó::mặt nhăn nhó::mặt nhăn nhó:,sạch_đẹp phục_vụ ok gà mặn quá:mặt nhăn nhó::mặt nhăn nhó::mặt nhăn nhó:
một mcdonald là một lựa chọn an toàn khi bạn đi đến các thị trấn xa lạ và bạn không biết một nơi tốt để ăn trong các khu phố. những gì mcdonald có là sự nhất quán trên tất cả các cửa hàng của nó. mcdonald tại vị trí này lớn hơn những người khác. nó cũng sử dụng nhân viên thu ngân tự động hơn.,neutral,một mcdonald là một lựa_chọn an_toàn khi bạn đi đến các thị_trấn xa_lạ và bạn không biết một nơi tốt để ăn trong các khu_phố . những gì mcdonald có là sự nhất_quán trên tất_cả các cửa_hàng của nó . mcdonald tại vị_trí này lớn hơn những người khác . nó cũng sử_dụng nhân_viên thu_ngân tự_động hơn .,một mcdonald là một lựa_chọn an_toàn khi bạn đi đến các thị_trấn xa_lạ và bạn không biết một nơi tốt để ăn trong các khu_phố . những gì mcdonald có là sự nhất_quán trên tất_cả các cửa_hàng của nó . mcdonald tại vị_trí này lớn hơn những người khác . nó cũng sử_dụng nhân_viên thu_ngân tự_động hơn .,mcdonald lựa_chọn an_toàn thị_trấn xa_lạ khu_phố mcdonald nhất_quán tất_cả cửa_hàng mcdonald vị_trí sử_dụng nhân_viên thu_ngân tự_động
chỗ thoáng tiện để hẹn bạn bè. điểm trừ là toilet hôi với khai.,neutral,chỗ thoáng tiện để hẹn bạn_bè . điểm trừ là toilet hôi với khai .,chỗ thoáng tiện để hẹn bạn_bè . điểm trừ là toilet hôi với khai .,chỗ thoáng tiện hẹn bạn_bè trừ toilet hôi khai
thoải mái cho ổ đĩa thông qua,positive,thoải_mái cho ổ_đĩa thông_qua,thoải_mái cho ổ_đĩa thông_qua,thoải_mái ổ_đĩa thông_qua
"đặt hàng trên màn hình lớn bên trong, người trợ giúp đặt hàng là tuyệt đẹp mặc dù với mặt nạ mặt, tôi có thể cảm nhận được điều đó cà phê là tốt cánh gà vẫn ổn để vượt qua giao thông và đi vào đó là một thách thức khá nhiều xem bản thân",positive,"đặt_hàng trên màn_hình lớn bên trong , người trợ_giúp đặt_hàng là tuyệt đẹp mặc_dù với mặt_nạ mặt , tôi có_thể cảm_nhận được điều đó cà_phê là tốt cánh_gà vẫn ổn để vượt qua giao_thông và đi vào đó là một thách_thức khá nhiều xem bản_thân","đặt_hàng trên màn_hình lớn bên trong , người trợ_giúp đặt_hàng là tuyệt đẹp mặc_dù với mặt_nạ mặt , tôi có_thể cảm_nhận được điều đó cà_phê là tốt cánh_gà vẫn ổn để vượt qua giao_thông và đi vào đó là một thách_thức khá nhiều xem bản_thân",đặt_hàng màn_hình trợ_giúp đặt_hàng tuyệt đẹp mặc_dù mặt_nạ mặt có_thể cảm_nhận cà_phê cánh_gà ổn giao_thông thách_thức bản_thân
"ban lãnh đạo ngày càng tệ, chất lượng đào tạo nhân viên ngày càng kém. khuyến mãi hời hợt, lừa dối khách hàng. không nhận được khuyến mãi khi lần đầu tải app như quảng cáo, khuyến mãi còn hạn nhưng tự biến mất trên app ghi là không giới hạn người dùng nhưng nv lại nói ngược lại. marketing tồi quá",negative,"ban lãnh_đạo ngày_càng tệ , chất_lượng đào_tạo nhân_viên ngày_càng kém . khuyến_mãi hời_hợt , lừa_dối khách_hàng . không nhận được khuyến_mãi khi lần đầu tải app như quảng_cáo , khuyến_mãi còn hạn nhưng tự biến mất trên app ghi là không giới_hạn người dùng nhưng nv lại nói ngược_lại . marketing tồi quá","ban lãnh_đạo ngày_càng tệ , chất_lượng đào_tạo nhân_viên ngày_càng kém . khuyến_mãi hời_hợt , lừa_dối khách_hàng . không nhận được khuyến_mãi khi lần đầu tải app như quảng_cáo , khuyến_mãi còn hạn nhưng tự biến mất trên app ghi là không giới_hạn người dùng nhưng nv lại nói ngược_lại . marketing tồi quá",ban lãnh_đạo ngày_càng tệ chất_lượng đào_tạo nhân_viên ngày_càng kém khuyến_mãi hời_hợt lừa_dối khách_hàng khuyến_mãi tải app quảng_cáo khuyến_mãi hạn biến app ghi giới_hạn nv ngược_lại marketing tồi
"cũng là 1 thương hiệu nổi tiếng của nước ngoài, nhưng sao lại có 1 số nhân viên cực kỳ mất dạy. phải chăng khâu training có vấn đề",negative,"cũng là 1 thương_hiệu nổi_tiếng của nước_ngoài , nhưng sao lại có 1 số nhân_viên cực_kỳ mất_dạy . phải_chăng khâu training có vấn_đề","cũng là 1 thương_hiệu nổi_tiếng của nước_ngoài , nhưng sao lại có 1 số nhân_viên cực_kỳ mất_dạy . phải_chăng khâu training có vấn_đề",1 thương_hiệu nổi_tiếng nước_ngoài 1 nhân_viên cực_kỳ mất_dạy phải_chăng khâu training vấn_đề
"rất bẩn và có mùi trong nhà vệ sinh, bãi đậu xe để mua sắm không có mưa",negative,"rất bẩn và có mùi trong nhà_vệ_sinh , bãi đậu xe để mua_sắm không có mưa","rất bẩn và có mùi trong nhà_vệ_sinh , bãi đậu xe để mua_sắm không có mưa",bẩn mùi nhà_vệ_sinh bãi đậu xe mua_sắm mưa
"đồ ăn ngon, phục vụ chuyên nghiệp, không gian hiện đại, mát mẻ. rất hài lòng.",positive,"đồ_ăn ngon , phục_vụ chuyên_nghiệp , không_gian hiện_đại , mát_mẻ . rất hài_lòng .","đồ_ăn ngon , phục_vụ chuyên_nghiệp , không_gian hiện_đại , mát_mẻ . rất hài_lòng .",đồ_ăn ngon phục_vụ chuyên_nghiệp không_gian hiện_đại mát_mẻ hài_lòng
"mc. donalds ở đây bẩn nhất trong tất cả nhà hàng thức ăn nhanh mà tôi từng trải nghiệm rác và vết đồ ăn lăn lóc trên bàn sau khi khách ăn xong nhân viên dọn rất chậm hoặc không dọn. ngay từ đầu bước vào tôi đã thấy rất nhiều bàn không được dọn, sau khi gọi món cho tới khi ăn xong nó vẫn nằm trên bàn không biết là nhà hàng này nhân viên dọn hay khách tự dọn nhà vệ sinh thì nặc mùi khai như kiểu wc trường tiểu học năm 20 không biết món ăn ở đây có đảm bảo vệ sinh không nữa bài đánh giá này được viết sau khi tôi ăn xong và tải lên khi vẫn ngồi tại mc donalds dakao không hiểu sao nhà hàng này vẫn được tổng reviews trên 4 sao khuyên các bạn thích ăn mc donalds nên qua các chi nhánh khác",negative,"mc . donalds ở đây bẩn nhất trong tất_cả nhà_hàng thức_ăn nhanh mà tôi từng_trải nghiệm rác và vết đồ_ăn lăn_lóc trên bàn sau khi khách ăn xong nhân_viên dọn rất chậm hoặc không dọn . ngay từ đầu bước vào tôi đã thấy rất nhiều bàn không được dọn , sau khi gọi món cho tới khi ăn xong nó vẫn nằm trên bàn không biết là nhà_hàng này nhân_viên dọn hay khách tự dọn nhà_vệ_sinh thì nặc mùi khai như kiểu wc trường tiểu_học năm 20 không biết món ăn_ở đây có đảm_bảo vệ_sinh không nữa bài đánh_giá này được viết sau khi tôi ăn xong và tải lên khi vẫn ngồi tại mc donalds dakao không hiểu sao nhà_hàng này vẫn được tổng reviews trên 4 sao khuyên các bạn thích ăn mc donalds nên qua các chi_nhánh khác","mc . donalds ở đây bẩn nhất trong tất_cả nhà_hàng thức_ăn nhanh mà tôi từng_trải nghiệm rác và vết đồ_ăn lăn_lóc trên bàn sau khi khách ăn xong nhân_viên dọn rất chậm hoặc không dọn . ngay từ đầu bước vào tôi đã thấy rất nhiều bàn không được dọn , sau khi gọi món cho tới khi ăn xong nó vẫn nằm trên bàn không biết là nhà_hàng này nhân_viên dọn hay khách tự dọn nhà_vệ_sinh thì nặc mùi khai như kiểu wc trường tiểu_học năm 20 không biết món ăn_ở đây có đảm_bảo vệ_sinh không nữa bài đánh_giá này được viết sau khi tôi ăn xong và tải lên khi vẫn ngồi tại mc donalds dakao không hiểu sao nhà_hàng này vẫn được tổng reviews trên 4 sao khuyên các bạn thích ăn mc donalds nên qua các chi_nhánh khác",mc donalds bẩn tất_cả nhà_hàng thức_ăn từng_trải nghiệm rác vết đồ_ăn lăn_lóc bàn xong nhân_viên dọn chậm dọn bàn dọn gọi món xong nằm bàn nhà_hàng nhân_viên dọn dọn nhà_vệ_sinh nặc mùi khai wc trường tiểu_học 20 món ăn_ở đảm_bảo vệ_sinh đánh_giá viết xong tải mc donalds dakao nhà_hàng tổng reviews 4 khuyên mc donalds chi_nhánh
phở bánh mì kẹp thịt và sữa chua dứa. nó rất ngon. phải thử lại.,positive,phở bánh_mì kẹp thịt và sữa_chua dứa . nó rất ngon . phải thử lại .,phở bánh_mì kẹp thịt và sữa_chua dứa . nó rất ngon . phải thử lại .,phở bánh_mì kẹp thịt sữa_chua dứa ngon thử
không sao đâu. nhưng các nhân viên không bao giờ cung cấp dịch vụ bàn khi trả tiền tại quầy.,neutral,không sao đâu . nhưng các nhân_viên không bao_giờ cung_cấp dịch_vụ bàn khi trả tiền tại quầy .,không sao đâu . nhưng các nhân_viên không bao_giờ cung_cấp dịch_vụ bàn khi trả tiền tại quầy .,nhân_viên bao_giờ cung_cấp dịch_vụ bàn tiền quầy
"burger vị phở mới xịn xò,ăn độc đáo lắm . đánh giá cao món fusion này mong nhà hàng phát huy.",positive,"burger vị phở mới xịn xò , ăn độc_đáo lắm . đánh_giá cao món fusion này mong nhà_hàng phát_huy .","burger vị phở mới xịn xò , ăn độc_đáo lắm . đánh_giá cao món fusion này mong nhà_hàng phát_huy .",burger vị phở xịn xò độc_đáo lắm đánh_giá món fusion mong nhà_hàng phát_huy
"nếu bạn muốn tập trung và làm việc, đây là một trong những sự lựa chọn trong hcm.",positive,"nếu bạn muốn tập_trung và làm_việc , đây là một trong những sự lựa_chọn trong hcm .","nếu bạn muốn tập_trung và làm_việc , đây là một trong những sự lựa_chọn trong hcm .",tập_trung làm_việc lựa_chọn hcm
sach se thoang mat,negative,sach se thoang mat,sach se thoang mat,sach se thoang mat
vị trí thuận tiện ít nhất cho ai bắt limosin đi vũng tàu,positive,vị_trí thuận_tiện ít_nhất cho ai bắt limosin đi vũng_tàu,vị_trí thuận_tiện ít_nhất cho ai bắt limosin đi vũng_tàu,vị_trí thuận_tiện ít_nhất bắt limosin vũng_tàu
"trừ 1 cho việc dùng giấy lót, gây lãng phí cơm ...",positive,"trừ 1 cho việc dùng giấy lót , gây lãng_phí cơm ...","trừ 1 cho việc dùng giấy lót , gây lãng_phí cơm ...",trừ 1 giấy lót lãng_phí cơm ...
nhân viên vui vẻ và nhiệt tình,positive,nhân_viên vui_vẻ và nhiệt_tình,nhân_viên vui_vẻ và nhiệt_tình,nhân_viên vui_vẻ nhiệt_tình
tự động hóa,positive,tự_động_hoá,tự_động_hoá,tự_động_hoá
không gian rộng rãi,positive,không_gian rộng_rãi,không_gian rộng_rãi,không_gian rộng_rãi
đó là mcdonalds điều gì có thể sai 😁,positive,đó là mcdonalds điều gì có_thể sai 😁,đó là mcdonalds điều gì có_thể sai :khuôn mặt rạng rỡ với đôi mắt cười:,mcdonalds có_thể sai :khuôn mặt rạng rỡ đôi mắt cười:
thơm ngon,positive,thơm ngon,thơm ngon,thơm ngon
"tốt vì nó mở cửa 24 giờ. tuy nhiên, có rất nhiều người mà họ không được quản lý tốt.",positive,"tốt vì nó mở_cửa 24 giờ . tuy_nhiên , có rất nhiều người mà họ không được quản_lý tốt .","tốt vì nó mở_cửa 24 giờ . tuy_nhiên , có rất nhiều người mà họ không được quản_lý tốt .",mở_cửa 24 tuy_nhiên quản_lý
liệu,positive,liệu,liệu,liệu
tôi luôn yêu mcdonalds,positive,tôi luôn yêu mcdonalds,tôi luôn yêu mcdonalds,yêu mcdonalds
dịch vụ ok.,positive,dịch_vụ ok .,dịch_vụ ok .,dịch_vụ ok
chuyên nghiệp và tiện cho mua hàng từ xe hơi,positive,chuyên_nghiệp và tiện cho mua hàng từ xe_hơi,chuyên_nghiệp và tiện cho mua hàng từ xe_hơi,chuyên_nghiệp tiện mua hàng xe_hơi
"địa điểm dễ tìm,đồ ăn tương đối ngon.thích hợp cho cả gia đình hẹn hò",positive,"địa_điểm dễ tìm , đồ_ăn tương_đối ngon.thích hợp cho cả gia_đình hẹn_hò","địa_điểm dễ tìm , đồ_ăn tương_đối ngon.thích hợp cho cả gia_đình hẹn_hò",địa_điểm đồ_ăn tương_đối ngon.thích hợp gia_đình hẹn_hò
"đánh giá 4 sao vì máy lạnh không được lạnh lắm, đôi lúc còn hơi nóng nữa, nhân viên phục vụ tốt và nhiệt tình",positive,"đánh_giá 4 sao vì máy_lạnh không được lạnh lắm , đôi_lúc còn hơi nóng nữa , nhân_viên phục_vụ tốt và nhiệt_tình","đánh_giá 4 sao vì máy_lạnh không được lạnh lắm , đôi_lúc còn hơi nóng nữa , nhân_viên phục_vụ tốt và nhiệt_tình",đánh_giá 4 máy_lạnh lạnh lắm đôi_lúc hơi nóng nhân_viên phục_vụ nhiệt_tình
"đồ ăn ngon, không gian thoáng mát, nhân viên phục vụ chu đáo",positive,"đồ_ăn ngon , không_gian thoáng mát , nhân_viên phục_vụ chu_đáo","đồ_ăn ngon , không_gian thoáng mát , nhân_viên phục_vụ chu_đáo",đồ_ăn ngon không_gian thoáng mát nhân_viên phục_vụ chu_đáo
"thông thường một nơi khá mát mẻ để đi chơi. nhưng trong khi tôi ở đó ngày hôm đó, dường như có một băng đảng xe máy treo âm thanh.",positive,"thông_thường một nơi khá mát_mẻ để đi chơi . nhưng trong khi tôi ở đó ngày hôm đó , dường_như có một băng_đảng xe_máy treo âm_thanh .","thông_thường một nơi khá mát_mẻ để đi chơi . nhưng trong khi tôi ở đó ngày hôm đó , dường_như có một băng_đảng xe_máy treo âm_thanh .",thông_thường mát_mẻ hôm dường_như băng_đảng xe_máy treo âm_thanh
"toạ lạc tại vòng xoay đbp dễ tìm, mcdonald là lựa chọn lí tưởng cho các gđ có con nhỏ với không gian quán rộng rãi, mở cửa 247, gà ngon hơn các brand gà rán khác ăn không bị khô. khách có thể mua mang về mà không cần gửi xe rất tiện. mình thấy các cửa hàng khác nên thiết kế giống vậy",positive,"toạ_lạc tại vòng xoay đbp dễ tìm , mcdonald là lựa_chọn lí_tưởng cho các gđ có con_nhỏ với không_gian quán rộng_rãi , mở_cửa 247 , gà ngon hơn các brand gà rán khác ăn không bị khô . khách có_thể mua mang về mà không cần gửi xe rất tiện . mình thấy các cửa_hàng khác nên thiết_kế giống vậy","toạ_lạc tại vòng xoay đbp dễ tìm , mcdonald là lựa_chọn lí_tưởng cho các gđ có con_nhỏ với không_gian quán rộng_rãi , mở_cửa 247 , gà ngon hơn các brand gà rán khác ăn không bị khô . khách có_thể mua mang về mà không cần gửi xe rất tiện . mình thấy các cửa_hàng khác nên thiết_kế giống vậy",toạ_lạc vòng xoay đbp mcdonald lựa_chọn lí_tưởng gđ con_nhỏ không_gian quán rộng_rãi mở_cửa 247 gà ngon brand gà rán khô có_thể mua gửi xe tiện cửa_hàng thiết_kế
"mình không biết làm sao nhưng từ ngày ăn mcdonalds là ăn hoài. bởi ăn những hãng khác khi dùng nước tương đặc biệt là tương ớt của họ, mình bị đau bụng nhưng riêng md thì không. lại còn phục vụ 2424, nhiều khi đi về đêm ghé mua hoặc order cũng được, rất tiện lợi.",positive,"mình không biết làm_sao nhưng từ ngày ăn mcdonalds là ăn hoài . bởi ăn những hãng khác khi dùng nước_tương đặc_biệt là tương_ớt của họ , mình bị đau bụng nhưng riêng md thì không . lại còn phục_vụ 2424 , nhiều khi đi về đêm ghé mua hoặc order cũng được , rất tiện_lợi .","mình không biết làm_sao nhưng từ ngày ăn mcdonalds là ăn hoài . bởi ăn những hãng khác khi dùng nước_tương đặc_biệt là tương_ớt của họ , mình bị đau bụng nhưng riêng md thì không . lại còn phục_vụ 2424 , nhiều khi đi về đêm ghé mua hoặc order cũng được , rất tiện_lợi .",làm_sao mcdonalds hoài hãng nước_tương đặc_biệt tương_ớt đau bụng md phục_vụ 2424 ghé mua order tiện_lợi
đi tour pkl,positive,đi tour pkl,đi tour pkl,tour pkl
luc nào củg đong khách nhung dich binh làm hạn chế nguoi đi ăn,positive,luc nào củg đong khách nhung dich binh làm hạn_chế nguoi đi ăn,luc nào củg đong khách nhung dich binh làm hạn_chế nguoi đi ăn,luc củg đong nhung dich binh hạn_chế nguoi
"món ăn ngon, thuận lợi mua mang về khi không cần gửi xe vào trong cửa hàng.",positive,"món ăn ngon , thuận_lợi mua mang về khi không cần gửi xe vào trong cửa_hàng .","món ăn ngon , thuận_lợi mua mang về khi không cần gửi xe vào trong cửa_hàng .",món ngon thuận_lợi mua gửi xe cửa_hàng
mcdonalds của nó ... thực phẩm chính xác là những gì bạn mong đợi và cơ sở sạch sẽ. tôi ước khu vực chơi trẻ em lớn hơn một chút.,positive,mcdonalds của nó ... thực_phẩm chính_xác là những gì bạn mong_đợi và cơ_sở sạch_sẽ . tôi ước khu_vực chơi trẻ_em lớn hơn một_chút .,mcdonalds của nó ... thực_phẩm chính_xác là những gì bạn mong_đợi và cơ_sở sạch_sẽ . tôi ước khu_vực chơi trẻ_em lớn hơn một_chút .,mcdonalds ... thực_phẩm chính_xác mong_đợi cơ_sở sạch_sẽ ước khu_vực trẻ_em một_chút
"dich vu tôt, thưc ăn ngon va view đẹp",positive,"dich vu tôt , thưc ăn ngon va view đẹp","dich vu tôt , thưc ăn ngon va view đẹp",dich vu tôt thưc ngon va view đẹp
đó là mcdonalds.,positive,đó là mcdonalds .,đó là mcdonalds .,mcdonalds
mcdonalds có không gian ok và nhân viên phục vụ nhiệt tình lắm. có lần thèm hamburger và thịt gà nên ghé qua mcdonalds đbp ăn liền.,positive,mcdonalds có không_gian ok và nhân_viên phục_vụ nhiệt_tình lắm . có lần thèm hamburger và thịt gà nên ghé qua mcdonalds đbp ăn_liền .,mcdonalds có không_gian ok và nhân_viên phục_vụ nhiệt_tình lắm . có lần thèm hamburger và thịt gà nên ghé qua mcdonalds đbp ăn_liền .,mcdonalds không_gian ok nhân_viên phục_vụ nhiệt_tình lắm thèm hamburger thịt gà ghé mcdonalds đbp ăn_liền
nếu nói về gà ránfastfood thì không nơi nào ngon bằng mcdonald. vì sao ư vì mcdonald có nước chấm tỏi ớt cực kì ngon và là điểm khác biệt so với phần còn lại. không tin các bạn thử xem,positive,nếu nói về gà ránfastfood thì không nơi nào ngon bằng mcdonald . vì sao ư vì mcdonald có nước_chấm tỏi ớt cực_kì ngon và là điểm khác_biệt so với phần còn lại . không tin các bạn thử xem,nếu nói về gà ránfastfood thì không nơi nào ngon bằng mcdonald . vì sao ư vì mcdonald có nước_chấm tỏi ớt cực_kì ngon và là điểm khác_biệt so với phần còn lại . không tin các bạn thử xem,gà ránfastfood ngon mcdonald mcdonald nước_chấm tỏi ớt cực_kì ngon khác_biệt thử
view rộng,positive,view rộng,view rộng,view rộng
nhanh va tiên ich,positive,nhanh va tiên ich,nhanh va tiên ich,va tiên ich
thưởng thức kem ...,positive,thưởng_thức kem ...,thưởng_thức kem ...,thưởng_thức kem ...
"đồ ăn ở đây hợp khẩu vị nhưng giá cả thì cao hơn các mặt hàng khác cùng loại. mặt bằng rộng rãi thoáng mát, có khu vui chơi cho thiếu nhi",positive,"đồ_ăn ở đây hợp_khẩu vị nhưng giá_cả thì cao hơn các mặt_hàng khác cùng loại . mặt_bằng rộng_rãi thoáng mát , có khu vui_chơi cho thiếu_nhi","đồ_ăn ở đây hợp_khẩu vị nhưng giá_cả thì cao hơn các mặt_hàng khác cùng loại . mặt_bằng rộng_rãi thoáng mát , có khu vui_chơi cho thiếu_nhi",đồ_ăn hợp_khẩu vị giá_cả mặt_hàng mặt_bằng rộng_rãi thoáng mát khu vui_chơi thiếu_nhi
chỉ cần thư giãn vào cuối tuần của bạn,positive,chỉ cần thư_giãn vào cuối tuần của bạn,chỉ cần thư_giãn vào cuối tuần của bạn,thư_giãn
"mình mua hamburger ở đây ăn thấy rất ngon, giá thì hơi cao.",positive,"mình mua hamburger ở đây ăn thấy rất ngon , giá thì hơi cao .","mình mua hamburger ở đây ăn thấy rất ngon , giá thì hơi cao .",mua hamburger ngon giá hơi
"không gian đẹp, hiện đại, món ăn nhẹ ngon, hợp giá tiền để nói chuyện buổi tối với bạn bè có 5 loại sốt free, khoai ngon hơn vo với những chỗ khác",positive,"không_gian đẹp , hiện_đại , món ăn nhẹ ngon , hợp giá tiền để nói_chuyện buổi tối với bạn_bè có 5 loại sốt free , khoai ngon hơn vo với những chỗ khác","không_gian đẹp , hiện_đại , món ăn nhẹ ngon , hợp giá tiền để nói_chuyện buổi tối với bạn_bè có 5 loại sốt free , khoai ngon hơn vo với những chỗ khác",không_gian đẹp hiện_đại món nhẹ ngon hợp giá tiền nói_chuyện tối bạn_bè 5 sốt free khoai ngon vo chỗ
ngon giá cả hơp ly vị trí dễ tìm,positive,ngon giá_cả hơp ly vị_trí dễ tìm,ngon giá_cả hơp ly vị_trí dễ tìm,ngon giá_cả hơp ly vị_trí
"phục vụ tốt chất lượng đồ ăn , uống rất ok",positive,"phục_vụ tốt chất_lượng đồ_ăn , uống rất ok","phục_vụ tốt chất_lượng đồ_ăn , uống rất ok",phục_vụ chất_lượng đồ_ăn uống ok
sạch sẽ món ăn ngon,positive,sạch_sẽ món ăn ngon,sạch_sẽ món ăn ngon,sạch_sẽ món ngon
lựa chọn dễ dàng nhân viên chu đáo,neutral,lựa_chọn dễ_dàng nhân_viên chu_đáo,lựa_chọn dễ_dàng nhân_viên chu_đáo,lựa_chọn dễ_dàng nhân_viên chu_đáo
"khinh thường shipper,có thái độ không tôn trọng khi thấy shipper vào lấy đơn",negative,"khinh_thường shipper , có thái_độ không tôn_trọng khi thấy shipper vào lấy đơn","khinh_thường shipper , có thái_độ không tôn_trọng khi thấy shipper vào lấy đơn",khinh_thường shipper thái_độ tôn_trọng shipper đơn
đẹp và tiện nghi cao cấp,positive,đẹp và tiện_nghi cao_cấp,đẹp và tiện_nghi cao_cấp,đẹp tiện_nghi cao_cấp
"đồ ăn ngon, nhiều loại sốt. phục vụ chuyên nghiệp.",positive,"đồ_ăn ngon , nhiều loại sốt . phục_vụ chuyên_nghiệp .","đồ_ăn ngon , nhiều loại sốt . phục_vụ chuyên_nghiệp .",đồ_ăn ngon sốt phục_vụ chuyên_nghiệp
bạn đã chờ đợi.,positive,bạn đã chờ_đợi .,bạn đã chờ_đợi .,chờ_đợi
"món ăn nhanh đúng chuẩn,hiện đại",positive,"món ăn nhanh đúng chuẩn , hiện_đại","món ăn nhanh đúng chuẩn , hiện_đại",món chuẩn hiện_đại
nhan vien noi truyen kho nghe.,negative,nhan vien noi truyen kho nghe .,nhan vien noi truyen kho nghe .,nhan vien noi truyen kho
quán 247 thích hợp những bạn thích ăn uống ban đêm,positive,quán 247 thích_hợp những bạn thích ăn_uống ban_đêm,quán 247 thích_hợp những bạn thích ăn_uống ban_đêm,quán 247 thích_hợp ăn_uống ban_đêm
"nhân viên phân biệt chủng tộc khủng khiếp. hầu hết các nhân viên sẽ không phục vụ người phương tây. tôi đã có bạn gái việt nam của tôi với. đứng sau tôi. và họ tiếp tục cố gắng phục vụ cô ấy. nhưng sẽ không nói chuyện với tôi. và khi tôi đến quầy, nhân viên đã bỏ đi. ngay khi một người việt nam bước lên sẽ trở lại. đã làm điều tương tự với một người da trắng khác phía sau tôi. khi anh ta đến quầy bước đi. lấy người từ phía sau anh ta. chỉ đáng thất vọng rất nhiều",negative,"nhân_viên phân_biệt chủng_tộc khủng_khiếp . hầu_hết các nhân_viên sẽ không phục_vụ người phương tây . tôi đã có bạn gái việt_nam của tôi với . đứng sau tôi . và họ tiếp_tục cố_gắng phục_vụ cô ấy . nhưng sẽ không nói_chuyện với tôi . và khi tôi đến quầy , nhân_viên đã bỏ đi . ngay khi một người việt_nam bước lên sẽ trở_lại . đã làm điều tương_tự với một người da trắng khác phía sau tôi . khi anh ta đến quầy bước_đi . lấy người từ phía sau anh ta . chỉ đáng thất_vọng rất nhiều","nhân_viên phân_biệt chủng_tộc khủng_khiếp . hầu_hết các nhân_viên sẽ không phục_vụ người phương tây . tôi đã có bạn gái việt_nam của tôi với . đứng sau tôi . và họ tiếp_tục cố_gắng phục_vụ cô ấy . nhưng sẽ không nói_chuyện với tôi . và khi tôi đến quầy , nhân_viên đã bỏ đi . ngay khi một người việt_nam bước lên sẽ trở_lại . đã làm điều tương_tự với một người da trắng khác phía sau tôi . khi anh ta đến quầy bước_đi . lấy người từ phía sau anh ta . chỉ đáng thất_vọng rất nhiều",nhân_viên phân_biệt chủng_tộc khủng_khiếp hầu_hết nhân_viên phục_vụ phương tây gái việt_nam đứng tiếp_tục cố_gắng phục_vụ nói_chuyện quầy nhân_viên việt_nam trở_lại tương_tự da trắng ta quầy bước_đi ta thất_vọng
nhà vệ sinh quá tệ mắt tôi từ phòng đàn ông,negative,nhà_vệ_sinh quá tệ mắt tôi từ phòng đàn_ông,nhà_vệ_sinh quá tệ mắt tôi từ phòng đàn_ông,nhà_vệ_sinh tệ mắt phòng đàn_ông
"thật đáng kinh ngạc, tôi gọi một chiếc bánh hamburger gà và tôi thiếu bánh mì dưới cùng của món khoai tây chiên này không được nấu chín hoàn toàn. tôi sẽ không bao giờ trở lại.",negative,"thật đáng kinh_ngạc , tôi gọi một chiếc bánh hamburger gà và tôi thiếu bánh_mì dưới cùng của món khoai_tây chiên này không được nấu chín hoàn_toàn . tôi sẽ không bao_giờ trở_lại .","thật đáng kinh_ngạc , tôi gọi một chiếc bánh hamburger gà và tôi thiếu bánh_mì dưới cùng của món khoai_tây chiên này không được nấu chín hoàn_toàn . tôi sẽ không bao_giờ trở_lại .",kinh_ngạc gọi bánh hamburger gà bánh_mì món khoai_tây chiên nấu chín hoàn_toàn bao_giờ trở_lại
không phải loại thức ăn của tôi. nhân viên là tốt đẹp. bàn không sạch sẽ,neutral,không phải loại thức_ăn của tôi . nhân_viên là tốt_đẹp . bàn không sạch_sẽ,không phải loại thức_ăn của tôi . nhân_viên là tốt_đẹp . bàn không sạch_sẽ,thức_ăn nhân_viên tốt_đẹp bàn sạch_sẽ
"view của vị trí này đẹp, nhìn ra bùng binh điện biên phủ, có đồng hồ đẹp.",positive,"view của vị_trí này đẹp , nhìn ra bùng_binh điện_biên_phủ , có đồng_hồ đẹp .","view của vị_trí này đẹp , nhìn ra bùng_binh điện_biên_phủ , có đồng_hồ đẹp .",view vị_trí đẹp bùng_binh điện_biên_phủ đồng_hồ đẹp
"xin chút tương ớt nói là không có cho phép , họp rồi không đáp ứng nhu cầu của khách, về tới nhà không tương ớt ăn luôn, cảm thấy làm nghề này căng thẳng quá thì chuyển nghề khác mà làm, nhân viên đeo kính áo màu sám",negative,"xin chút tương_ớt nói là không có cho_phép , họp rồi không đáp_ứng nhu_cầu của khách , về tới nhà không tương_ớt ăn luôn , cảm_thấy làm nghề này căng_thẳng quá thì chuyển nghề khác mà làm , nhân_viên đeo kính áo màu sám","xin chút tương_ớt nói là không có cho_phép , họp rồi không đáp_ứng nhu_cầu của khách , về tới nhà không tương_ớt ăn luôn , cảm_thấy làm nghề này căng_thẳng quá thì chuyển nghề khác mà làm , nhân_viên đeo kính áo màu sám",chút tương_ớt cho_phép họp đáp_ứng nhu_cầu tương_ớt nghề căng_thẳng nghề nhân_viên đeo kính áo màu sám
ưu đãi ăn sáng nhanh chóng,positive,ưu_đãi ăn sáng nhanh_chóng,ưu_đãi ăn sáng nhanh_chóng,ưu_đãi nhanh_chóng
"nơi tốt cho một bữa ăn nhanh, cũng có vẻ sạch sẽ và nhanh chóng",positive,"nơi tốt cho một bữa ăn nhanh , cũng có_vẻ sạch_sẽ và nhanh_chóng","nơi tốt cho một bữa ăn nhanh , cũng có_vẻ sạch_sẽ và nhanh_chóng",có_vẻ sạch_sẽ nhanh_chóng
chúng tôi đã gọi xúc xích và muffin trứng chỉ nhận được xúc xích bánh quế lạnh không có nước sốt mua bằng cốm không có đường mua với cà phê. nhân viên chùng,negative,chúng_tôi đã gọi xúc_xích và muffin trứng chỉ nhận được xúc_xích bánh_quế lạnh không có nước sốt mua bằng cốm không có đường mua với cà_phê . nhân_viên chùng,chúng_tôi đã gọi xúc_xích và muffin trứng chỉ nhận được xúc_xích bánh_quế lạnh không có nước sốt mua bằng cốm không có đường mua với cà_phê . nhân_viên chùng,chúng_tôi gọi xúc_xích muffin trứng xúc_xích bánh_quế lạnh sốt mua cốm đường mua cà_phê nhân_viên chùng
tôi đã ở đây hàng trăm lần. nhưng gần đây tôi cũng có những thủ thuật trong đó. không chỉ một lần mà là gấp ba. bây giờ tôi nghĩ họ là những tên trộm,negative,tôi đã ở đây hàng trăm lần . nhưng gần đây tôi cũng có những thủ_thuật trong đó . không_chỉ một lần mà là gấp ba . bây_giờ tôi nghĩ họ là những tên trộm,tôi đã ở đây hàng trăm lần . nhưng gần đây tôi cũng có những thủ_thuật trong đó . không_chỉ một lần mà là gấp ba . bây_giờ tôi nghĩ họ là những tên trộm,hàng trăm thủ_thuật không_chỉ gấp bây_giờ trộm
đặt món nhanh,positive,đặt món nhanh,đặt món nhanh,món
chỗ ngồi thoải mái. quán lúc nào cũng đông nên xếp hàng chờ hơi lâu.,positive,chỗ ngồi thoải_mái . quán lúc_nào cũng đông nên xếp_hàng chờ hơi lâu .,chỗ ngồi thoải_mái . quán lúc_nào cũng đông nên xếp_hàng chờ hơi lâu .,chỗ thoải_mái quán lúc_nào đông xếp_hàng chờ hơi
đợt này sao hơi ngáy dầu... chắc gần tết nên khẩu vị thay đổi,positive,đợt này sao hơi ngáy dầu ... chắc gần tết nên khẩu_vị thay_đổi,đợt này sao hơi ngáy dầu ... chắc gần tết nên khẩu_vị thay_đổi,đợt hơi ngáy dầu ... tết khẩu_vị thay_đổi
đây là 1 tiệm hamburger rất ngon tuy nhiên giá cả khá đắt vì theo tiêu chuẩn nước ngoài.,positive,đây là 1 tiệm hamburger rất ngon tuy_nhiên giá_cả khá đắt vì theo tiêu_chuẩn nước_ngoài .,đây là 1 tiệm hamburger rất ngon tuy_nhiên giá_cả khá đắt vì theo tiêu_chuẩn nước_ngoài .,1 tiệm hamburger ngon tuy_nhiên giá_cả đắt tiêu_chuẩn nước_ngoài
"đã ở đây nhiều lần khi tôi sống trong khoảng cách đi bộ. khoai tây chiên được phục vụ bất cứ lúc nào trong ngày, đều khập khiễng, như thể họ đã chiên nó vào ngày hôm trước và được vi sóng trước khi phục vụ. dịch vụ là không thể. giao tiếp với nhân viên về đơn đặt hàng đồ uống của tôi với barista đã nhiều lần bị loại bỏ do không đủ sức mạnh não thay mặt cho các quý ông trẻ.",negative,"đã ở đây nhiều lần khi tôi sống trong khoảng_cách đi bộ . khoai_tây chiên được phục_vụ bất_cứ lúc_nào trong ngày , đều khập_khiễng , như_thể họ đã chiên nó vào ngày hôm trước và được vi_sóng trước khi phục_vụ . dịch_vụ là không_thể . giao_tiếp với nhân_viên về đơn đặt_hàng đồ uống của tôi với barista đã nhiều lần bị loại_bỏ do không đủ sức_mạnh não thay_mặt cho các quý ông_trẻ .","đã ở đây nhiều lần khi tôi sống trong khoảng_cách đi bộ . khoai_tây chiên được phục_vụ bất_cứ lúc_nào trong ngày , đều khập_khiễng , như_thể họ đã chiên nó vào ngày hôm trước và được vi_sóng trước khi phục_vụ . dịch_vụ là không_thể . giao_tiếp với nhân_viên về đơn đặt_hàng đồ uống của tôi với barista đã nhiều lần bị loại_bỏ do không đủ sức_mạnh não thay_mặt cho các quý ông_trẻ .",sống khoảng_cách khoai_tây chiên phục_vụ bất_cứ lúc_nào khập_khiễng như_thể chiên hôm vi_sóng phục_vụ dịch_vụ không_thể giao_tiếp nhân_viên đơn đặt_hàng đồ uống barista loại_bỏ sức_mạnh não thay_mặt quý ông_trẻ
thoai mai,positive,thoai mai,thoai mai,thoai mai
"quá đông, nhân viên không thân thiện",positive,"quá đông , nhân_viên không thân_thiện","quá đông , nhân_viên không thân_thiện",đông nhân_viên thân_thiện
very good. từ ngoài vào trong.,positive,very good . từ ngoài vào trong .,very good . từ ngoài vào trong .,very good
thịt luôn được làm nóng sẵn và phô mai không bị tan chảy. họ cũng bỏ qua bất kỳ bình luận về chất lượng thực phẩm của họ. nơi này không xứng đáng với tên mcdonalds,negative,thịt luôn được làm nóng sẵn và phô_mai không bị tan chảy . họ cũng bỏ_qua bất_kỳ bình_luận về chất_lượng thực_phẩm của họ . nơi này không xứng_đáng với tên mcdonalds,thịt luôn được làm nóng sẵn và phô_mai không bị tan chảy . họ cũng bỏ_qua bất_kỳ bình_luận về chất_lượng thực_phẩm của họ . nơi này không xứng_đáng với tên mcdonalds,thịt nóng sẵn phô_mai tan chảy bỏ_qua bất_kỳ bình_luận chất_lượng thực_phẩm xứng_đáng mcdonalds
phục vụ chu đáo,positive,phục_vụ chu_đáo,phục_vụ chu_đáo,phục_vụ chu_đáo
"khu vực chơi ở cấp độ 2 cho trẻ em từ 26 là niềm vui, nhưng không sạch sẽ lắm. thức ăn rất tốt mặc dù và nhiều chỗ ngồi",positive,"khu_vực chơi ở cấp_độ 2 cho trẻ_em từ 26 là niềm vui , nhưng không sạch_sẽ lắm . thức_ăn rất tốt mặc_dù và nhiều chỗ ngồi","khu_vực chơi ở cấp_độ 2 cho trẻ_em từ 26 là niềm vui , nhưng không sạch_sẽ lắm . thức_ăn rất tốt mặc_dù và nhiều chỗ ngồi",khu_vực cấp_độ 2 trẻ_em 26 niềm vui sạch_sẽ lắm thức_ăn mặc_dù chỗ
dich vụ chuyên nghiệp,positive,dich vụ chuyên_nghiệp,dich vụ chuyên_nghiệp,dich vụ chuyên_nghiệp
cùng một canada,positive,cùng một canada,cùng một canada,canada
đó là nơi tốt cho gia đình.,neutral,đó là nơi tốt cho gia_đình .,đó là nơi tốt cho gia_đình .,gia_đình
hiện đại và lịch sự,positive,hiện_đại và lịch_sự,hiện_đại và lịch_sự,hiện_đại lịch_sự
toẹt vồ,positive,toẹt vồ,toẹt vồ,vồ
"rộng rãi, thức ăn ok",positive,"rộng_rãi , thức_ăn ok","rộng_rãi , thức_ăn ok",rộng_rãi thức_ăn ok
khu này ok quá tôi muốn nghé thường xuyên,neutral,khu này ok quá tôi muốn nghé thường_xuyên,khu này ok quá tôi muốn nghé thường_xuyên,khu ok nghé thường_xuyên
khâu phục vụ chưa thật tốt,neutral,khâu phục_vụ chưa thật tốt,khâu phục_vụ chưa thật tốt,khâu phục_vụ
"vị trí đẹp, thoáng rộng. bãi đỗ xe",positive,"vị_trí đẹp , thoáng rộng . bãi đỗ xe","vị_trí đẹp , thoáng rộng . bãi đỗ xe",vị_trí đẹp thoáng rộng bãi đỗ xe
"vị trí thuận tiện để tôi ăn nhanh hoặc ăn muộn từ việc đi xa trở lại sài gòn. nhiều lựa chọn tốt của hamburger, gà rán cá thịt bò, đồ uống ... nhân viên hỗ trợ có thể lái xe qua đặt hàng bằng xe riêng chỉ trừ 1 sao kể từ phòng vệ sinh nhỏ và bẩn. và những người bảo vệ đã thể hiện thái độ xấu với tôi tháng trước, tôi đã hỏi họ phí bãi đậu xe là bao nhiêu 1 người bảo vệ nói bãi đậu xe miễn phí, chỉ cần đi 1 người bảo vệ đến và hỏi tiền tôi đã không trả tiền và đã lái xe nhưng nghe anh ấy nói những lời xấu với thái độ tức giận nên đào tạo lại chúng",positive,"vị_trí thuận_tiện để tôi ăn nhanh hoặc ăn muộn từ việc đi xa trở_lại sài_gòn . nhiều lựa_chọn tốt của hamburger , gà rán cá thịt bò , đồ uống ... nhân_viên hỗ_trợ có_thể lái_xe qua đặt_hàng bằng xe riêng chỉ trừ 1 sao kể từ phòng_vệ sinh nhỏ và bẩn . và những người bảo_vệ đã thể_hiện thái_độ xấu với tôi tháng trước , tôi đã hỏi họ phí bãi đậu xe là bao_nhiêu 1 người bảo_vệ nói bãi đậu xe miễn_phí , chỉ cần đi 1 người bảo_vệ đến và hỏi tiền tôi đã không trả tiền và đã lái_xe nhưng nghe anh ấy nói những lời xấu với thái_độ tức_giận nên đào_tạo lại chúng","vị_trí thuận_tiện để tôi ăn nhanh hoặc ăn muộn từ việc đi xa trở_lại sài_gòn . nhiều lựa_chọn tốt của hamburger , gà rán cá thịt bò , đồ uống ... nhân_viên hỗ_trợ có_thể lái_xe qua đặt_hàng bằng xe riêng chỉ trừ 1 sao kể từ phòng_vệ sinh nhỏ và bẩn . và những người bảo_vệ đã thể_hiện thái_độ xấu với tôi tháng trước , tôi đã hỏi họ phí bãi đậu xe là bao_nhiêu 1 người bảo_vệ nói bãi đậu xe miễn_phí , chỉ cần đi 1 người bảo_vệ đến và hỏi tiền tôi đã không trả tiền và đã lái_xe nhưng nghe anh ấy nói những lời xấu với thái_độ tức_giận nên đào_tạo lại chúng",vị_trí thuận_tiện muộn trở_lại sài_gòn lựa_chọn hamburger gà rán cá thịt bò đồ uống ... nhân_viên hỗ_trợ có_thể lái_xe đặt_hàng xe trừ 1 phòng_vệ sinh bẩn bảo_vệ thể_hiện thái_độ xấu phí bãi đậu xe bao_nhiêu 1 bảo_vệ bãi đậu xe miễn_phí 1 bảo_vệ tiền tiền lái_xe xấu thái_độ tức_giận đào_tạo
nhà hàng tốt,positive,nhà_hàng tốt,nhà_hàng tốt,nhà_hàng
tạm,neutral,tạm,tạm,tạm
"nhân viên không cười, làm việc uể oải đến mua mà cảm thấy sự chán nản lây qua món ăn",negative,"nhân_viên không cười , làm_việc uể_oải đến mua mà cảm_thấy sự chán_nản lây qua món ăn","nhân_viên không cười , làm_việc uể_oải đến mua mà cảm_thấy sự chán_nản lây qua món ăn",nhân_viên cười làm_việc uể_oải mua chán_nản lây món
nha hang mac donalds ngay vong xoay điên biên phu quân 1. rông rai va sach. đông khach. phuc vu nhiêt tinh. co chô đâu xe hơi va giư xe găn may miên phi. gia không măc lăm. co điêu la vân con sư dung cac ly va đô nhưa dung môt lân rât nhiêu. mong nha hang sư dung cac vât liêu thân thiên vơi môi trương nhiêu hơn thi rât hay.,positive,nha hang mac donalds ngay vong xoay điên biên phu_quân 1 . rông rai va sach . đông khach . phuc vu nhiêt tinh . co chô đâu xe_hơi va giư xe găn may miên phi . gia không măc lăm . co điêu la vân con sư dung cac ly va đô nhưa dung môt lân rât nhiêu . mong nha hang sư dung cac vât liêu thân thiên vơi môi trương nhiêu hơn thi rât hay .,nha hang mac donalds ngay vong xoay điên biên phu_quân 1 . rông rai va sach . đông khach . phuc vu nhiêt tinh . co chô đâu xe_hơi va giư xe găn may miên phi . gia không măc lăm . co điêu la vân con sư dung cac ly va đô nhưa dung môt lân rât nhiêu . mong nha hang sư dung cac vât liêu thân thiên vơi môi trương nhiêu hơn thi rât hay .,nha hang mac donalds vong xoay điên biên phu_quân 1 rông rai va sach đông khach phuc vu nhiêt tinh co chô xe_hơi va giư xe găn may miên phi gia măc lăm co điêu la vân sư dung cac ly va đô nhưa dung môt lân rât nhiêu mong nha hang sư dung cac vât liêu thiên vơi môi trương nhiêu thi rât
"big mac signature của hãng mà ăn xong như chưa ăn gì, 66k mà nhỏ chưa được lòng bàn tay nữa. thương hiệu fast food bình dân thôi mà đồ ăn muốn nản, đừng bao giờ mong kiếm lời ở thị trường vn order lúc nào cũng không cho tương ớt. không bao giờ ăn lại",negative,"big mac signature của hãng mà ăn xong như chưa ăn gì , 66k mà nhỏ chưa được lòng bàn_tay nữa . thương_hiệu fast food bình_dân thôi mà đồ_ăn muốn nản , đừng bao_giờ mong kiếm lời ở thị_trường vn order lúc_nào cũng không cho tương_ớt . không bao_giờ ăn lại","big mac signature của hãng mà ăn xong như chưa ăn gì , 66k mà nhỏ chưa được lòng bàn_tay nữa . thương_hiệu fast food bình_dân thôi mà đồ_ăn muốn nản , đừng bao_giờ mong kiếm lời ở thị_trường vn order lúc_nào cũng không cho tương_ớt . không bao_giờ ăn lại",big mac signature hãng xong 66k bàn_tay thương_hiệu fast food bình_dân đồ_ăn nản đừng bao_giờ mong kiếm thị_trường vn order lúc_nào tương_ớt bao_giờ
"rong rai, co khu vuc tro choi danh rieng cho tre em. thuc an ngon. diem tru may lanh phong tiec sinh nhat cho cac be da duoc sua chua 1thoi gian roi nhung van chua hoat dong tot",positive,"rong rai , co khu vuc tro choi danh rieng cho tre em . thuc an ngon . diem tru may lanh phong tiec sinh nhat cho cac be da duoc sua chua 1thoi gian roi nhung van chua hoat dong tot","rong rai , co khu vuc tro choi danh rieng cho tre em . thuc an ngon . diem tru may lanh phong tiec sinh nhat cho cac be da duoc sua chua 1thoi gian roi nhung van chua hoat dong tot",rong rai co khu vuc tro choi danh rieng tre thuc an ngon diem tru may lanh phong tiec sinh nhat cac be da duoc sua chua 1thoi gian roi nhung van chua hoat dong tot
khuon viên rất rộng thoáng mát mẻ,neutral,khuon viên rất rộng thoáng mát_mẻ,khuon viên rất rộng thoáng mát_mẻ,khuon viên rộng thoáng mát_mẻ
"có nhiều loại nước chấm sốt ăn ngon lạ miệng, hơn những nơi khác.",positive,"có nhiều loại nước_chấm sốt ăn ngon lạ_miệng , hơn những nơi khác .","có nhiều loại nước_chấm sốt ăn ngon lạ_miệng , hơn những nơi khác .",nước_chấm sốt ngon lạ_miệng
"khách đông,nóng,phục vụ món nhanh",neutral,"khách đông , nóng , phục_vụ món nhanh","khách đông , nóng , phục_vụ món nhanh",đông nóng phục_vụ món
"món matcha đá xay khá ngon, còn gà rán với khoai tây chiên cũng bình thường giống những chỗ thức ăn nhanh khác",positive,"món matcha đá xay khá ngon , còn gà rán với khoai_tây chiên cũng bình_thường giống những chỗ thức_ăn nhanh khác","món matcha đá xay khá ngon , còn gà rán với khoai_tây chiên cũng bình_thường giống những chỗ thức_ăn nhanh khác",món matcha đá xay ngon gà rán khoai_tây chiên bình_thường chỗ thức_ăn
"sạch đẹp , view thoáng",positive,"sạch_đẹp , view thoáng","sạch_đẹp , view thoáng",sạch_đẹp view thoáng
"nhân viên quá tệ , có cái mã đưa cũng không chịu nhập cho khách thế mấy người tạo ra mã làm mẹ gì không bao giờ qua lần 2",negative,"nhân_viên quá tệ , có cái mã đưa cũng không chịu nhập cho khách thế mấy người tạo ra mã làm mẹ gì không bao_giờ qua lần 2","nhân_viên quá tệ , có cái mã đưa cũng không chịu nhập cho khách thế mấy người tạo ra mã làm mẹ gì không bao_giờ qua lần 2",nhân_viên tệ mã nhập mấy mã bao_giờ 2
"ngon, giá hợp lý",positive,"ngon , giá hợp_lý","ngon , giá hợp_lý",ngon giá hợp_lý
nhân viên phục vụ tốt,positive,nhân_viên phục_vụ tốt,nhân_viên phục_vụ tốt,nhân_viên phục_vụ
cũng được 😅,positive,cũng được 😅,cũng được :mặt cười đầy mồ hôi:,:mặt cười mồ hôi:
"mc donald location easytofind location. good parking, free parking for motorbike, free car for the first 2 hours. vị trí dễ tìm, ngay vòng xoay điện biên phủ. miễn phí gửi xe máy và miễn phí 2 giờ đầu tiên cho xe hơi. không khí buổi sáng không quá đông, phù hợp thưởng thức ăn sáng, uống cà phê. decor like other fast food restaurants. but there is an order machine that supports the order. you dont waste time to wait. thiết kế không có gì đặc biệt nhưng khá sạch sẽ. có máy oder được thanh toán bằng thẻ ngân hàng, nên nếu bạn đang bận thì có thể đặt hàng tại máy rồi chờ nhận thức ăn theo số trong bill. the menu ordinary fast food. but the sauce is especially delicious honey mustard sauce, chili garlic sauce, mayonnaise. hầu hết đồ ăn đều là đồ ăn nhanh không khác biệt so với các nhãn đồ ăn nhanh khác, nhưng sốt rất đặc biệt ngon. nếu bạn đến đây thì nên trải nghiệm sốt mù tạt mật ong, sốt tỏi ớt, sốt maiyonaise. the prices 1.5 5 person. giá từ khoảng 30.0vnd đến 100.0vnd. the service the waiters fast service, friendly friendly staff. nhân viên nhanh nhẹn, vui vẻ, thân thiện.",positive,"mc donald location easytofind location . good parking , free parking for motorbike , free car for the first 2 hours . vị_trí dễ tìm , ngay vòng xoay điện_biên_phủ . miễn_phí gửi xe_máy và miễn_phí 2 giờ đầu_tiên cho xe_hơi . không_khí buổi sáng không quá đông , phù_hợp thưởng_thức ăn sáng , uống cà_phê . decor like other fast food restaurants . but there is an order machine that supports the order . you dont waste time to wait . thiết_kế không có gì đặc_biệt nhưng khá sạch_sẽ . có máy oder được thanh_toán bằng thẻ ngân_hàng , nên nếu bạn đang bận thì có_thể đặt_hàng tại máy rồi chờ nhận_thức ăn_theo số trong bill . the menu ordinary fast food . but the sauce is especially delicious honey mustard sauce , chili garlic sauce , mayonnaise . hầu_hết đồ_ăn đều là đồ_ăn nhanh không khác_biệt so với các nhãn đồ_ăn nhanh khác , nhưng sốt rất đặc_biệt ngon . nếu bạn đến đây thì nên trải_nghiệm sốt mù_tạt mật_ong , sốt tỏi ớt , sốt maiyonaise . the prices 1.5 5 person . giá từ khoảng 30.0 vnd đến 100.0 vnd . the service the waiters fast service , friendly friendly staff . nhân_viên nhanh_nhẹn , vui_vẻ , thân_thiện .","mc donald location easytofind location . good parking , free parking for motorbike , free car for the first 2 hours . vị_trí dễ tìm , ngay vòng xoay điện_biên_phủ . miễn_phí gửi xe_máy và miễn_phí 2 giờ đầu_tiên cho xe_hơi . không_khí buổi sáng không quá đông , phù_hợp thưởng_thức ăn sáng , uống cà_phê . decor like other fast food restaurants . but there is an order machine that supports the order . you dont waste time to wait . thiết_kế không có gì đặc_biệt nhưng khá sạch_sẽ . có máy oder được thanh_toán bằng thẻ ngân_hàng , nên nếu bạn đang bận thì có_thể đặt_hàng tại máy rồi chờ nhận_thức ăn_theo số trong bill . the menu ordinary fast food . but the sauce is especially delicious honey mustard sauce , chili garlic sauce , mayonnaise . hầu_hết đồ_ăn đều là đồ_ăn nhanh không khác_biệt so với các nhãn đồ_ăn nhanh khác , nhưng sốt rất đặc_biệt ngon . nếu bạn đến đây thì nên trải_nghiệm sốt mù_tạt mật_ong , sốt tỏi ớt , sốt maiyonaise . the prices 1.5 5 person . giá từ khoảng 30.0 vnd đến 100.0 vnd . the service the waiters fast service , friendly friendly staff . nhân_viên nhanh_nhẹn , vui_vẻ , thân_thiện .",mc donald location easytofind location good parking free parking for motorbike free car for the first 2 hours vị_trí vòng xoay điện_biên_phủ miễn_phí gửi xe_máy miễn_phí 2 đầu_tiên xe_hơi không_khí đông phù_hợp thưởng_thức uống cà_phê decor like other fast food restaurants but there is an order machine that supports the order you dont waste time to wait thiết_kế đặc_biệt sạch_sẽ máy oder thanh_toán thẻ ngân_hàng bận có_thể đặt_hàng máy chờ nhận_thức ăn_theo bill the menu ordinary fast food but the sauce is especially delicious honey mustard sauce chili garlic sauce mayonnaise hầu_hết đồ_ăn đồ_ăn khác_biệt nhãn đồ_ăn sốt đặc_biệt ngon trải_nghiệm sốt mù_tạt mật_ong sốt tỏi ớt sốt maiyonaise the prices 1.5 5 person giá 30.0 vnd 100.0 vnd the service the waiters fast service friendly friendly staff nhân_viên nhanh_nhẹn vui_vẻ thân_thiện
nơi tuyệt vời cho dịch vụ thực phẩmđồ uống 2424,positive,nơi tuyệt_vời cho dịch_vụ thực phẩmđồ uống 2424,nơi tuyệt_vời cho dịch_vụ thực phẩmđồ uống 2424,tuyệt_vời dịch_vụ thực phẩmđồ uống 2424
chất lượng ổn,positive,chất_lượng ổn,chất_lượng ổn,chất_lượng ổn
"vị trí nằm ngay vòng xoay điện biên phủ.có đầy đủ các món ăn nhanh và thức uốnggà rán, hamburger, bánh ngọt,cà phê,... cho các bạn tha hồ mà lựa chọn.đặc biệt cà phê ở đây rất ngon mà giá hơi đắt",positive,"vị_trí nằm ngay vòng xoay điện_biên phủ.có đầy_đủ các món ăn nhanh và thức uốnggà rán , hamburger , bánh ngọt , cà_phê , ... cho các bạn tha_hồ mà lựa chọn.đặc biệt cà_phê ở đây rất ngon mà giá hơi đắt","vị_trí nằm ngay vòng xoay điện_biên phủ.có đầy_đủ các món ăn nhanh và thức uốnggà rán , hamburger , bánh ngọt , cà_phê , ... cho các bạn tha_hồ mà lựa chọn.đặc biệt cà_phê ở đây rất ngon mà giá hơi đắt",vị_trí nằm vòng xoay điện_biên phủ.có đầy_đủ món thức uốnggà rán hamburger bánh cà_phê ... tha_hồ lựa chọn.đặc biệt cà_phê ngon giá hơi đắt
thức ăn ngon. nhà vệ sinh có mùi hôi,positive,thức_ăn ngon . nhà_vệ_sinh có mùi hôi,thức_ăn ngon . nhà_vệ_sinh có mùi hôi,thức_ăn ngon nhà_vệ_sinh mùi hôi
"gà không ngon nhưng sao ai cũng ăn, màu da nào cũng thích, châu lục nào cũng thưởng thức nghệ thuật kinh doanh",positive,"gà không ngon nhưng sao ai cũng ăn , màu_da nào cũng thích , châu_lục nào cũng thưởng_thức nghệ_thuật kinh_doanh","gà không ngon nhưng sao ai cũng ăn , màu_da nào cũng thích , châu_lục nào cũng thưởng_thức nghệ_thuật kinh_doanh",gà ngon màu_da châu_lục thưởng_thức nghệ_thuật kinh_doanh
"không gian đẹp, lưu ý gửi xe miễn phí chỉ trong 2h đầu",positive,"không_gian đẹp , lưu_ý gửi xe miễn_phí chỉ trong 2h đầu","không_gian đẹp , lưu_ý gửi xe miễn_phí chỉ trong 2h đầu",không_gian đẹp lưu_ý gửi xe miễn_phí 2h
"điều này có nghĩa là mcdonald, chỉ là mcdonald, nhưng tất nhiên họ đã đặt các món cơm vào thực đơn, và cũng có đồ uống vui nhộn",positive,"điều này có nghĩa là mcdonald , chỉ là mcdonald , nhưng tất_nhiên họ đã đặt các món cơm vào thực_đơn , và cũng có đồ uống vui_nhộn","điều này có nghĩa là mcdonald , chỉ là mcdonald , nhưng tất_nhiên họ đã đặt các món cơm vào thực_đơn , và cũng có đồ uống vui_nhộn",nghĩa mcdonald mcdonald tất_nhiên món cơm thực_đơn đồ uống vui_nhộn
tôi yêu các ổ đĩa thông qua các dịch vụ. cảm thấy như trong fremont ca trong những ngày xưa. tast là cùng bu🍟🍔🍟🍔🍟🍔,positive,tôi yêu các ổ_đĩa thông_qua các dịch_vụ . cảm_thấy như trong fremont ca trong những ngày_xưa . tast là cùng bu🍟🍔🍟🍔🍟🍔,tôi yêu các ổ_đĩa thông_qua các dịch_vụ . cảm_thấy như trong fremont ca trong những ngày_xưa . tast là cùng bu:khoai tây chiên::bánh hamburger::khoai tây chiên::bánh hamburger::khoai tây chiên::bánh hamburger:,yêu ổ_đĩa thông_qua dịch_vụ fremont ca ngày_xưa tast bu:khoai tây chiên::bánh hamburger::khoai tây chiên::bánh hamburger::khoai tây chiên::bánh hamburger:
chuyên nghiệp,positive,chuyên_nghiệp,chuyên_nghiệp,chuyên_nghiệp
"quán rất đông khách. không gian rộng rãi. có khu vui chơi cho trẻ em. có rất nhiều phòng tổ chức sinh nhật. đây là nơi rất phù hợp cho dân văn phòng hay học sinh sinh viên cần yên tỉnh trong thời gian nghỉ trưa. nhà vệ sinh sạch sẽ và hiện đại. thái độ nhân viên nhiệt tình, vui vẽ. nhưng đồ ăn đặt trước thì chậm trễ cần khắc phục.",positive,"quán rất đông khách . không_gian rộng_rãi . có khu vui_chơi cho trẻ_em . có rất nhiều phòng tổ_chức sinh_nhật . đây là nơi rất phù_hợp cho dân văn_phòng hay học_sinh sinh_viên cần yên tỉnh trong thời_gian nghỉ trưa . nhà_vệ_sinh sạch_sẽ và hiện_đại . thái_độ nhân_viên nhiệt_tình , vui vẽ . nhưng đồ_ăn đặt trước thì chậm_trễ cần khắc_phục .","quán rất đông khách . không_gian rộng_rãi . có khu vui_chơi cho trẻ_em . có rất nhiều phòng tổ_chức sinh_nhật . đây là nơi rất phù_hợp cho dân văn_phòng hay học_sinh sinh_viên cần yên tỉnh trong thời_gian nghỉ trưa . nhà_vệ_sinh sạch_sẽ và hiện_đại . thái_độ nhân_viên nhiệt_tình , vui vẽ . nhưng đồ_ăn đặt trước thì chậm_trễ cần khắc_phục .",quán đông không_gian rộng_rãi khu vui_chơi trẻ_em phòng tổ_chức sinh_nhật phù_hợp dân văn_phòng học_sinh sinh_viên yên tỉnh thời_gian nghỉ trưa nhà_vệ_sinh sạch_sẽ hiện_đại thái_độ nhân_viên nhiệt_tình vui vẽ đồ_ăn chậm_trễ khắc_phục
"không gian khỏi bàn mát mẻ là chính , món ăn tương đối",positive,"không_gian khỏi bàn mát_mẻ là chính , món ăn tương_đối","không_gian khỏi bàn mát_mẻ là chính , món ăn tương_đối",không_gian bàn mát_mẻ món tương_đối
chôz gửi xe khá to,positive,chôz gửi xe khá to,chôz gửi xe khá to,chôz gửi xe to
cửa hàng thức ăn nhanh nằm ngay góc vòng xoay quận 1. không chỉ ngon ở gà gán mà còn ngon ở phần tương nữa nè,positive,cửa_hàng thức_ăn nhanh nằm ngay góc vòng xoay quận 1 . không_chỉ ngon ở gà gán mà_còn ngon ở phần tương nữa nè,cửa_hàng thức_ăn nhanh nằm ngay góc vòng xoay quận 1 . không_chỉ ngon ở gà gán mà_còn ngon ở phần tương nữa nè,cửa_hàng thức_ăn nằm góc vòng xoay 1 không_chỉ ngon gà gán mà_còn ngon tương nè
"đó là một mcdonalds, vậy tôi có thể nói gì. tôi từ hoa kỳ nên nó không có gì thực sự đặc biệt đối với tôi. nhưng thật tuyệt khi có được một chiếc burger và khoai tây chiên của mcdonald rất xa nhà. tất nhiên các nhân viên thân thiện và chu đáo như mọi khi ở việt nam. nhưng thời gian chờ đợi dài một chút, họ dường như rất đông đúc vào tất cả các giờ trong ngày và đêm.",positive,"đó là một mcdonalds , vậy tôi có_thể nói gì . tôi từ hoa_kỳ nên nó không có gì thực_sự đặc_biệt đối_với tôi . nhưng thật tuyệt khi có được một chiếc burger và khoai_tây chiên của mcdonald rất xa nhà . tất_nhiên các nhân_viên thân_thiện và chu_đáo như mọi_khi ở việt_nam . nhưng thời_gian chờ_đợi dài một_chút , họ dường_như rất đông_đúc vào tất_cả các giờ trong ngày và đêm .","đó là một mcdonalds , vậy tôi có_thể nói gì . tôi từ hoa_kỳ nên nó không có gì thực_sự đặc_biệt đối_với tôi . nhưng thật tuyệt khi có được một chiếc burger và khoai_tây chiên của mcdonald rất xa nhà . tất_nhiên các nhân_viên thân_thiện và chu_đáo như mọi_khi ở việt_nam . nhưng thời_gian chờ_đợi dài một_chút , họ dường_như rất đông_đúc vào tất_cả các giờ trong ngày và đêm .",mcdonalds có_thể hoa_kỳ đặc_biệt đối_với tuyệt burger khoai_tây chiên mcdonald tất_nhiên nhân_viên thân_thiện chu_đáo mọi_khi việt_nam thời_gian chờ_đợi một_chút dường_như đông_đúc tất_cả
"không ngon,",neutral,"không ngon ,","không ngon ,",ngon
"rộng rãi, đẹp, chuyên nghiệp",positive,"rộng_rãi , đẹp , chuyên_nghiệp","rộng_rãi , đẹp , chuyên_nghiệp",rộng_rãi đẹp chuyên_nghiệp
giá hơi cao,positive,giá hơi cao,giá hơi cao,giá hơi
burger luôn luôn khai thác cà phê togo và việt nam.,positive,burger luôn_luôn khai_thác cà_phê togo và việt_nam .,burger luôn_luôn khai_thác cà_phê togo và việt_nam .,burger luôn_luôn khai_thác cà_phê togo việt_nam
"đia điêm rông rai thoang mat, nhân viên luc nao cung co hêt",positive,"đia điêm rông rai thoang mat , nhân_viên luc nao cung co hêt","đia điêm rông rai thoang mat , nhân_viên luc nao cung co hêt",đia điêm rông rai thoang mat nhân_viên luc nao cung co hêt
tạm được ở khâu không gian. hệ thống order phiền phức có cảm giác bị lừa,neutral,tạm được ở khâu không_gian . hệ_thống order phiền_phức có cảm_giác bị lừa,tạm được ở khâu không_gian . hệ_thống order phiền_phức có cảm_giác bị lừa,tạm khâu không_gian hệ_thống order phiền_phức lừa
"thái độ nhân viên xem thường shipper. giao thiếu và còn nhầm đồ ăn cho khách, gọi điện thoại lại thì được hỗ trợ viên trả lời bên e không có liên kết bên e không có trách nhiệm bla bla... đặt trường hợp tôi không phải là shipper mà là khách hàng thì cty bạn ship nhầm đồ ăn cho khách thì cty bạn cũng phải mang về đổi trả lại để giao khách chứ đâu nói chuyện kiểu phủi trách nhiệm như vậy được. không ngờ 1 thương hiệu lớn vậy lại có cách làm việc rất thiếu chuyên nghiệp. bó tay.",negative,"thái_độ nhân_viên xem_thường shipper . giao thiếu và còn nhầm đồ_ăn cho khách , gọi điện_thoại lại thì được hỗ_trợ_viên trả_lời bên e không có liên_kết bên e không có trách_nhiệm bla bla ... đặt trường_hợp tôi không phải là shipper mà là khách_hàng thì cty bạn ship nhầm đồ_ăn cho khách thì cty bạn cũng phải mang về đổi trả lại để giao khách chứ đâu nói_chuyện kiểu phủi trách_nhiệm như_vậy được . không ngờ 1 thương_hiệu lớn vậy lại có cách làm_việc rất thiếu chuyên_nghiệp . bó_tay .","thái_độ nhân_viên xem_thường shipper . giao thiếu và còn nhầm đồ_ăn cho khách , gọi điện_thoại lại thì được hỗ_trợ_viên trả_lời bên e không có liên_kết bên e không có trách_nhiệm bla bla ... đặt trường_hợp tôi không phải là shipper mà là khách_hàng thì cty bạn ship nhầm đồ_ăn cho khách thì cty bạn cũng phải mang về đổi trả lại để giao khách chứ đâu nói_chuyện kiểu phủi trách_nhiệm như_vậy được . không ngờ 1 thương_hiệu lớn vậy lại có cách làm_việc rất thiếu chuyên_nghiệp . bó_tay .",thái_độ nhân_viên xem_thường shipper giao nhầm đồ_ăn gọi điện_thoại hỗ_trợ_viên trả_lời e liên_kết e trách_nhiệm bla bla ... trường_hợp shipper khách_hàng cty ship nhầm đồ_ăn cty đổi giao nói_chuyện phủi trách_nhiệm như_vậy ngờ 1 thương_hiệu làm_việc chuyên_nghiệp bó_tay
"nơi tốt để ăn sáng. nhưng đôi khi rất bận rộn và bạn phải chờ đợi. đối với bữa sáng, nó đáng để chờ đợi.",positive,"nơi tốt để ăn sáng . nhưng đôi_khi rất bận_rộn và bạn phải chờ_đợi . đối_với bữa sáng , nó đáng để chờ_đợi .","nơi tốt để ăn sáng . nhưng đôi_khi rất bận_rộn và bạn phải chờ_đợi . đối_với bữa sáng , nó đáng để chờ_đợi .",đôi_khi bận_rộn chờ_đợi đối_với chờ_đợi
hầu như không sạch sẽ luôn bẩn,neutral,hầu_như không sạch_sẽ luôn bẩn,hầu_như không sạch_sẽ luôn bẩn,hầu_như sạch_sẽ bẩn
nhân viên hơi khó tính,positive,nhân_viên hơi khó_tính,nhân_viên hơi khó_tính,nhân_viên hơi khó_tính
"tôi đã gọi bữa sáng cho một người bạn sáng nay qua grab. chúng tôi phải sử dụng dịch vụ của bạn vì chúng tôi không có thời gian hoặc sự lựa chọn. pls xử lý các tài xế lấy đúng cách vì họ đang giúp bạn bán thức ăn của bạn. các đơn đặt hàng đã sai mọi lúc cà phê lạnh thay vì nóng, burger sai. mặc dù menu mcdonald đủ chi tiết. cuối cùng, các tài xế luôn phải quay trở lại. làm thế nào nhân viên của bạn có thể bất cẩn như vậy",negative,"tôi đã gọi bữa sáng cho một người bạn sáng nay qua grab . chúng_tôi phải sử_dụng dịch_vụ của bạn vì chúng_tôi không có thời_gian hoặc sự lựa_chọn . pls xử_lý các tài_xế lấy đúng cách vì họ đang giúp bạn bán thức_ăn của bạn . các đơn đặt_hàng đã sai mọi lúc cà_phê lạnh thay_vì nóng , burger sai . mặc_dù menu mcdonald đủ chi_tiết . cuối_cùng , các tài_xế luôn phải quay trở_lại . làm thế_nào nhân_viên của bạn có_thể bất_cẩn như_vậy","tôi đã gọi bữa sáng cho một người bạn sáng nay qua grab . chúng_tôi phải sử_dụng dịch_vụ của bạn vì chúng_tôi không có thời_gian hoặc sự lựa_chọn . pls xử_lý các tài_xế lấy đúng cách vì họ đang giúp bạn bán thức_ăn của bạn . các đơn đặt_hàng đã sai mọi lúc cà_phê lạnh thay_vì nóng , burger sai . mặc_dù menu mcdonald đủ chi_tiết . cuối_cùng , các tài_xế luôn phải quay trở_lại . làm thế_nào nhân_viên của bạn có_thể bất_cẩn như_vậy",gọi grab chúng_tôi sử_dụng dịch_vụ chúng_tôi thời_gian lựa_chọn pls xử_lý tài_xế giúp thức_ăn đơn đặt_hàng sai cà_phê lạnh thay_vì nóng burger sai mặc_dù menu mcdonald chi_tiết tài_xế trở_lại thế_nào nhân_viên có_thể bất_cẩn như_vậy
pos không hoạt động mọi lúc khi tôi cố gắng đặt hàng từ máy tự phục vụ.,neutral,pos không hoạt_động mọi lúc khi tôi cố_gắng đặt_hàng từ máy tự_phục_vụ .,pos không hoạt_động mọi lúc khi tôi cố_gắng đặt_hàng từ máy tự_phục_vụ .,pos hoạt_động cố_gắng đặt_hàng máy tự_phục_vụ
nhà vệ sinh của họ rất đẹp,positive,nhà_vệ_sinh của họ rất đẹp,nhà_vệ_sinh của họ rất đẹp,nhà_vệ_sinh đẹp
"thuận tiện giao thông ngay vòng xoay,rộng rãi,có khu dành cho trẻ em chơi,chờ hơi bị lâu nên hạ 1 sao",positive,"thuận_tiện giao_thông ngay vòng xoay , rộng_rãi , có khu dành cho trẻ_em chơi , chờ hơi bị lâu nên hạ 1 sao","thuận_tiện giao_thông ngay vòng xoay , rộng_rãi , có khu dành cho trẻ_em chơi , chờ hơi bị lâu nên hạ 1 sao",thuận_tiện giao_thông vòng xoay rộng_rãi khu trẻ_em chờ hơi hạ 1
view ok đồ an ok,positive,view ok đồ an ok,view ok đồ an ok,view ok đồ an ok
"thuc an ngon,khong gian thoang sach se ,phuc vu tot, co cho đau xe",positive,"thuc an ngon , khong gian thoang sach se , phuc vu tot , co cho đau xe","thuc an ngon , khong gian thoang sach se , phuc vu tot , co cho đau xe",thuc an ngon khong gian thoang sach se phuc vu tot co đau xe
"vui vẻ, có chỗ đậu xe",positive,"vui_vẻ , có chỗ đậu xe","vui_vẻ , có chỗ đậu xe",vui_vẻ chỗ đậu xe
quán cà phê,positive,quán cà_phê,quán cà_phê,quán cà_phê
qua nây rât rông co bai cho xe 4 banh quan ban 2424 ngay vong xoay điên biên phu,positive,qua nây rât rông co bai cho xe 4 banh quan ban 2424 ngay vong xoay điên biên phu,qua nây rât rông co bai cho xe 4 banh quan ban 2424 ngay vong xoay điên biên phu,nây rât rông co bai xe 4 banh quan ban 2424 vong xoay điên biên phu
lịch sự .thức ăn hợp vệ sinh,positive,lịch_sự . thức_ăn hợp vệ_sinh,lịch_sự . thức_ăn hợp vệ_sinh,lịch_sự thức_ăn hợp vệ_sinh
chô ngôi không gian qua tốt,positive,chô ngôi không_gian qua tốt,chô ngôi không_gian qua tốt,chô không_gian
"phần này là nhỏ một cách lố bịch, không tốt, và nó đắt tiền. đó là một sự lột xác.",negative,"phần này là nhỏ một_cách lố_bịch , không tốt , và nó đắt tiền . đó là một sự lột_xác .","phần này là nhỏ một_cách lố_bịch , không tốt , và nó đắt tiền . đó là một sự lột_xác .",một_cách lố_bịch đắt tiền lột_xác
nói chung là ổn nhưng tôi không hiểu lý do khi tôi xin bộ muỗng thì nói chỉ hổ trợ tối đa 3 bộ rồi hỏi c ăn gì. nếu như vậy sao lúc đem lên cho khách phần ăn thì đem luôn bộ muỗng để khách không fai chạy đi xin nhà tôi đi 5 nguoif,positive,nói_chung là ổn nhưng tôi không hiểu lý_do khi tôi xin bộ muỗng thì nói chỉ hổ trợ tối_đa 3 bộ rồi hỏi c ăn gì . nếu_như vậy sao lúc đem lên cho khách phần ăn thì đem luôn bộ muỗng để khách không fai chạy đi xin nhà tôi đi 5 nguoif,nói_chung là ổn nhưng tôi không hiểu lý_do khi tôi xin bộ muỗng thì nói chỉ hổ trợ tối_đa 3 bộ rồi hỏi c ăn gì . nếu_như vậy sao lúc đem lên cho khách phần ăn thì đem luôn bộ muỗng để khách không fai chạy đi xin nhà tôi đi 5 nguoif,nói_chung ổn lý_do muỗng hổ trợ tối_đa 3 c nếu_như đem đem muỗng fai chạy 5 nguoif
"bây giờ là lần thứ 3, tôi đã đặt hàng một cái gì đó từ nơi này và nhận được một cái gì đó ngắn với tài xế grab. tôi trả thêm tiền cho một chiếc burger kép và chỉ nhận được 1 pattie. lần thứ 3 bây giờ. về cơ bản, họ nợ tôi 105k .... sẽ không sử dụng chúng nữa",negative,"bây_giờ là lần thứ 3 , tôi đã đặt_hàng một cái gì đó từ nơi này và nhận được một_cái gì đó ngắn với tài_xế grab . tôi trả thêm tiền cho một chiếc burger kép và chỉ nhận được 1 pattie . lần thứ 3 bây_giờ . về cơ_bản , họ nợ tôi 105k .... sẽ không sử_dụng chúng nữa","bây_giờ là lần thứ 3 , tôi đã đặt_hàng một cái gì đó từ nơi này và nhận được một_cái gì đó ngắn với tài_xế grab . tôi trả thêm tiền cho một chiếc burger kép và chỉ nhận được 1 pattie . lần thứ 3 bây_giờ . về cơ_bản , họ nợ tôi 105k .... sẽ không sử_dụng chúng nữa",bây_giờ 3 đặt_hàng một_cái ngắn tài_xế grab tiền burger kép 1 pattie 3 bây_giờ cơ_bản nợ 105k .... sử_dụng
điểm hẹn lý tưởng cho các bạn đi phượt sáng sớm,positive,điểm hẹn lý_tưởng cho các bạn đi phượt sáng sớm,điểm hẹn lý_tưởng cho các bạn đi phượt sáng sớm,hẹn lý_tưởng phượt
"lần đầu đến đây ăn , đông khách , hơi ồn",positive,"lần đầu đến đây ăn , đông khách , hơi ồn","lần đầu đến đây ăn , đông khách , hơi ồn",đông hơi ồn
ngày hôm sau sau khi uống là big mac,positive,ngày hôm sau sau khi uống là big mac,ngày hôm sau sau khi uống là big mac,hôm uống big mac
"một nhà hàng tốt cho một bữa ăn đêm khuya. đây là mcdonald yêu thích của tôi đến vào nửa đêm vì bầu không khí thoải mái và thái độ chào đón tốt đẹp từ các nhân viên. cả hai chỗ ngồi trong nhà và ngoài trời đều có sẵn, vì vậy bạn có thể hút thuốc. khung cảnh đến vòng tròn trông khá thơ mộng vào ban đêm. dịch vụ tốt. thực phẩm đủ tốt. một nơi thoải mái là 2424.",positive,"một nhà_hàng tốt cho một bữa ăn đêm khuya . đây là mcdonald yêu thích của tôi đến vào nửa_đêm vì bầu_không_khí thoải_mái và thái_độ chào_đón tốt_đẹp từ các nhân_viên . cả hai chỗ ngồi trong nhà và ngoài_trời đều có sẵn , vì_vậy bạn có_thể hút thuốc . khung_cảnh đến vòng_tròn trông khá thơ_mộng vào ban_đêm . dịch_vụ tốt . thực_phẩm đủ tốt . một nơi thoải_mái là 2424 .","một nhà_hàng tốt cho một bữa ăn đêm khuya . đây là mcdonald yêu thích của tôi đến vào nửa_đêm vì bầu_không_khí thoải_mái và thái_độ chào_đón tốt_đẹp từ các nhân_viên . cả hai chỗ ngồi trong nhà và ngoài_trời đều có sẵn , vì_vậy bạn có_thể hút thuốc . khung_cảnh đến vòng_tròn trông khá thơ_mộng vào ban_đêm . dịch_vụ tốt . thực_phẩm đủ tốt . một nơi thoải_mái là 2424 .",nhà_hàng khuya mcdonald yêu nửa_đêm bầu_không_khí thoải_mái thái_độ chào_đón tốt_đẹp nhân_viên hai chỗ ngoài_trời sẵn vì_vậy có_thể hút thuốc khung_cảnh vòng_tròn trông thơ_mộng ban_đêm dịch_vụ thực_phẩm thoải_mái 2424
"quán đẹp, lịch sự. kem ngon. có khu vui chơi dành cho trẻ con.",positive,"quán đẹp , lịch_sự . kem ngon . có khu vui_chơi dành cho trẻ_con .","quán đẹp , lịch_sự . kem ngon . có khu vui_chơi dành cho trẻ_con .",quán đẹp lịch_sự kem ngon khu vui_chơi trẻ_con
phu hop cho team hoi hop va an uong,positive,phu hop cho team hoi hop va an uong,phu hop cho team hoi hop va an uong,phu hop team hoi hop va an uong
văn phòng mc donald,positive,văn_phòng mc donald,văn_phòng mc donald,văn_phòng mc donald
đó là mc donald dudes. bãi đậu xe đẹp,positive,đó là mc donald dudes . bãi đậu xe đẹp,đó là mc donald dudes . bãi đậu xe đẹp,mc donald dudes bãi đậu xe đẹp
tuyệt vơi,positive,tuyệt vơi,tuyệt vơi,tuyệt vơi
là nơi giải quyết buổi ăn nhanh chóng.,positive,là nơi giải_quyết buổi ăn nhanh_chóng .,là nơi giải_quyết buổi ăn nhanh_chóng .,giải_quyết nhanh_chóng
tolet không được sạch có mùi cần dọn kỹ hơn,positive,tolet không được sạch có mùi cần dọn kỹ hơn,tolet không được sạch có mùi cần dọn kỹ hơn,tolet sạch mùi dọn kỹ
"chỗ rộng, thik họp cho gia đình, đặt biệt là có xe oto",positive,"chỗ rộng , thik họp cho gia_đình , đặt biệt là có xe oto","chỗ rộng , thik họp cho gia_đình , đặt biệt là có xe oto",chỗ rộng thik họp gia_đình biệt xe oto
"rất đáng trải nghiệm, nhân viên rất ok. không gian đẹp, hợp giới văn phòng",positive,"rất đáng trải_nghiệm , nhân_viên rất ok . không_gian đẹp , hợp giới văn_phòng","rất đáng trải_nghiệm , nhân_viên rất ok . không_gian đẹp , hợp giới văn_phòng",trải_nghiệm nhân_viên ok không_gian đẹp hợp giới văn_phòng
"không gian đẹp, đồ uống ngon, giá quá hợp lý , phong cách người mỹ",positive,"không_gian đẹp , đồ uống ngon , giá quá hợp_lý , phong_cách người mỹ","không_gian đẹp , đồ uống ngon , giá quá hợp_lý , phong_cách người mỹ",không_gian đẹp đồ uống ngon giá hợp_lý phong_cách mỹ
nơi tốt,positive,nơi tốt,nơi tốt,
cà phê uống hay,positive,cà_phê uống hay,cà_phê uống hay,cà_phê uống
thấy cũng ok,positive,thấy cũng ok,thấy cũng ok,ok
"không gian rộng rãi, ngồi làm việc lý tưởng.",positive,"không_gian rộng_rãi , ngồi làm_việc lý_tưởng .","không_gian rộng_rãi , ngồi làm_việc lý_tưởng .",không_gian rộng_rãi làm_việc lý_tưởng
"đồ ăn nóng, khoai tây giòn, quán rộng rãi",positive,"đồ_ăn nóng , khoai_tây giòn , quán rộng_rãi","đồ_ăn nóng , khoai_tây giòn , quán rộng_rãi",đồ_ăn nóng khoai_tây giòn quán rộng_rãi
"thái độ nhân viên tốt, sạch sẽ, thức ăn ngon",positive,"thái_độ nhân_viên tốt , sạch_sẽ , thức_ăn ngon","thái_độ nhân_viên tốt , sạch_sẽ , thức_ăn ngon",thái_độ nhân_viên sạch_sẽ thức_ăn ngon
"dịch vụ tốt, thức ăn ngon. tuy nhiên, wifi tầng trệt quá tệ",positive,"dịch_vụ tốt , thức_ăn ngon . tuy_nhiên , wifi tầng trệt quá tệ","dịch_vụ tốt , thức_ăn ngon . tuy_nhiên , wifi tầng trệt quá tệ",dịch_vụ thức_ăn ngon tuy_nhiên wifi tầng tệ
phục vụ khá. cần thêm món ăn mới để thu hút khách hàng.,positive,phục_vụ khá . cần thêm món ăn mới để thu_hút khách_hàng .,phục_vụ khá . cần thêm món ăn mới để thu_hút khách_hàng .,phục_vụ món thu_hút khách_hàng
phục vụ cực kì tốt nhân viên thân thiện view rất đẹp,positive,phục_vụ cực_kì tốt nhân_viên thân_thiện view rất đẹp,phục_vụ cực_kì tốt nhân_viên thân_thiện view rất đẹp,phục_vụ cực_kì nhân_viên thân_thiện view đẹp
"quầy tính tiền thì nhiều nhưng nhân viên tính tiền thì 12 người. giờ cao điểm cn, 6g6g30 pm thì chờ lâu chút. 😍",positive,"quầy tính tiền thì nhiều nhưng nhân_viên tính tiền thì 12 người . giờ cao_điểm cn , 6g6g30 pm thì chờ lâu chút . 😍","quầy tính tiền thì nhiều nhưng nhân_viên tính tiền thì 12 người . giờ cao_điểm cn , 6g6g30 pm thì chờ lâu chút . :mặt cười với đôi mắt trái tim:",quầy tiền nhân_viên tiền 12 cao_điểm cn 6g6g30 pm chờ chút :mặt cười đôi mắt trái tim:
tuyệt vời,positive,tuyệt_vời,tuyệt_vời,tuyệt_vời
giá rẻ tốt,positive,giá rẻ tốt,giá rẻ tốt,giá rẻ
nơi đáng yêu. đưa con tôi đến nơi này mỗi cuối tuần,positive,nơi đáng yêu . đưa con tôi đến_nơi này mỗi cuối tuần,nơi đáng yêu . đưa con tôi đến_nơi này mỗi cuối tuần,yêu đến_nơi
"đồ ăn ngon, hamberger ngon, trà đá là trà lipton, gà nuget là gà băm viên",positive,"đồ_ăn ngon , hamberger ngon , trà đá là trà_lipton , gà nuget là gà băm viên","đồ_ăn ngon , hamberger ngon , trà đá là trà_lipton , gà nuget là gà băm viên",đồ_ăn ngon hamberger ngon trà đá trà_lipton gà nuget gà băm viên
ăn chán,neutral,ăn chán,ăn chán,chán
tôi nhớ mọi thứ,positive,tôi nhớ mọi thứ,tôi nhớ mọi thứ,
"thức ăn ngon , nhân viên thân thiện , view đẹp",positive,"thức_ăn ngon , nhân_viên thân_thiện , view đẹp","thức_ăn ngon , nhân_viên thân_thiện , view đẹp",thức_ăn ngon nhân_viên thân_thiện view đẹp
món ăn không hợp khẩu vị lắm nhưng coffee ở đây thì rất tuyệt vời,positive,món ăn_không hợp_khẩu vị lắm nhưng coffee ở đây thì rất tuyệt_vời,món ăn_không hợp_khẩu vị lắm nhưng coffee ở đây thì rất tuyệt_vời,món ăn_không hợp_khẩu vị lắm coffee tuyệt_vời
"đồ ăn rất ngon, không gian lịch sử, năng động. sẽ ghé lại lần nữa.",positive,"đồ_ăn rất ngon , không_gian lịch_sử , năng_động . sẽ ghé lại lần nữa .","đồ_ăn rất ngon , không_gian lịch_sử , năng_động . sẽ ghé lại lần nữa .",đồ_ăn ngon không_gian lịch_sử năng_động ghé
không gian đẹp,positive,không_gian đẹp,không_gian đẹp,không_gian đẹp
phục vụ nhanh. nhân viên giao đồ ăn cho khách không kiểm tra bill dẫn tới giao nhầm suất ăn,neutral,phục_vụ nhanh . nhân_viên giao đồ_ăn cho khách không kiểm_tra bill dẫn tới giao nhầm suất ăn,phục_vụ nhanh . nhân_viên giao đồ_ăn cho khách không kiểm_tra bill dẫn tới giao nhầm suất ăn,phục_vụ nhân_viên giao đồ_ăn kiểm_tra bill giao nhầm suất
ngon vua nhieu dinh duong nhan vien phuc vu chua nhirt tinh,positive,ngon vua nhieu dinh duong nhan vien phuc vu chua nhirt tinh,ngon vua nhieu dinh duong nhan vien phuc vu chua nhirt tinh,ngon vua nhieu dinh duong nhan vien phuc vu chua nhirt tinh
quán ngon,positive,quán ngon,quán ngon,quán ngon
"lái xe qua quá lâu, mất 20 phút cho một đơn đặt hàng",negative,"lái_xe qua quá lâu , mất 20 phút cho một đơn đặt_hàng","lái_xe qua quá lâu , mất 20 phút cho một đơn đặt_hàng",lái_xe 20 phút đơn đặt_hàng
"gà rán ăn bằng tay, mà lấy miếng khăn giấy thì phục vụ xị mặt 1 đống",negative,"gà rán ăn bằng tay , mà lấy miếng khăn giấy thì phục_vụ xị mặt 1 đống","gà rán ăn bằng tay , mà lấy miếng khăn giấy thì phục_vụ xị mặt 1 đống",gà rán miếng khăn giấy phục_vụ xị mặt 1 đống
"mcdonald món ăn phải nói là nuốt không trôi đối với người vietnam, không phải là nó dở, đơn giản là không hợp khẩu vị, bù lại quán có coffee việt ngon tuyệt vời đủ để bỏ qua rất nhiều coffee shop, coffee sữa của mcdonald phù hợp cho cả nam và nữ, các loại đồ uống khác khá phong phú, nhưng giá có lẽ không dành cho đa số người gần tương đương menu đồ uống của starbucks. bù lại quán này rất chịu khó bán coffee giá rẻ cho bạn nếu bạn có cài ứng dụng của hãng khoảng 15.0, rẻ nhưng không phải là không chất lượng nhé,combo thấp nhất của mcdonald phải nói là một món hời với khá đông người việt nam 29.0 1 burger trứng coffee thứ 2t6 trước 11h trưa... tuyệt vời luôn. vẫn giữ nguyên quan điểm là burger nuốt không trôi.",positive,"mcdonald món ăn phải nói là nuốt không trôi đối_với người vietnam , không phải là nó dở , đơn_giản là không hợp_khẩu vị , bù lại quán có coffee việt ngon tuyệt_vời đủ để bỏ_qua rất nhiều coffee shop , coffee sữa của mcdonald phù_hợp cho cả nam và nữ , các loại đồ uống khác khá phong_phú , nhưng giá có_lẽ không dành cho đa_số người gần tương_đương menu đồ uống của starbucks . bù lại quán này rất chịu_khó bán coffee giá rẻ cho bạn nếu bạn có cài ứng_dụng của hãng khoảng 15.0 , rẻ nhưng không phải là không chất_lượng nhé , combo thấp nhất của mcdonald phải nói là một món hời với khá đông người việt_nam 29.0 1 burger trứng coffee thứ 2t6 trước 11h trưa ... tuyệt_vời luôn . vẫn giữ nguyên quan_điểm là burger nuốt không trôi .","mcdonald món ăn phải nói là nuốt không trôi đối_với người vietnam , không phải là nó dở , đơn_giản là không hợp_khẩu vị , bù lại quán có coffee việt ngon tuyệt_vời đủ để bỏ_qua rất nhiều coffee shop , coffee sữa của mcdonald phù_hợp cho cả nam và nữ , các loại đồ uống khác khá phong_phú , nhưng giá có_lẽ không dành cho đa_số người gần tương_đương menu đồ uống của starbucks . bù lại quán này rất chịu_khó bán coffee giá rẻ cho bạn nếu bạn có cài ứng_dụng của hãng khoảng 15.0 , rẻ nhưng không phải là không chất_lượng nhé , combo thấp nhất của mcdonald phải nói là một món hời với khá đông người việt_nam 29.0 1 burger trứng coffee thứ 2t6 trước 11h trưa ... tuyệt_vời luôn . vẫn giữ nguyên quan_điểm là burger nuốt không trôi .",mcdonald món nuốt trôi đối_với vietnam dở đơn_giản hợp_khẩu vị bù quán coffee việt ngon tuyệt_vời bỏ_qua coffee shop coffee sữa mcdonald phù_hợp nam nữ đồ uống phong_phú giá có_lẽ đa_số tương_đương menu đồ uống starbucks bù quán chịu_khó coffee giá rẻ cài ứng_dụng hãng 15.0 rẻ chất_lượng combo mcdonald món hời đông việt_nam 29.0 1 burger trứng coffee 2t6 11h trưa ... tuyệt_vời nguyên quan_điểm burger nuốt trôi
chất lượng tuyệt vời . trên cả mong đợi,positive,chất_lượng tuyệt_vời . trên cả mong_đợi,chất_lượng tuyệt_vời . trên cả mong_đợi,chất_lượng tuyệt_vời mong_đợi
ăn tạm được...,neutral,ăn tạm được ...,ăn tạm được ...,tạm ...
"sạch sẽ, nhân viên nhiệt tình, chu đáo, thức ăn nhanh nhưng có vẻ ngon hơn một số thương hiệu khác",positive,"sạch_sẽ , nhân_viên nhiệt_tình , chu_đáo , thức_ăn nhanh nhưng có_vẻ ngon hơn một_số thương_hiệu khác","sạch_sẽ , nhân_viên nhiệt_tình , chu_đáo , thức_ăn nhanh nhưng có_vẻ ngon hơn một_số thương_hiệu khác",sạch_sẽ nhân_viên nhiệt_tình chu_đáo thức_ăn có_vẻ ngon một_số thương_hiệu
nhanh lẹ phục vụ tốt,positive,nhanh lẹ phục_vụ tốt,nhanh lẹ phục_vụ tốt,lẹ phục_vụ
"nhân viên phục vụ thiếu trách nhiệm trong công việc, rất nhiều lần mình mua happy meal và chọn đồ chơi cho 2 bé, thì mình đều phải đi đổi lại dù trong hóa đơn có ghi rõ. may là ăn tại chỗ chứ đem về rồi không lẽ quay lại đổi. do đó, bạn nào mua nên kiểm tra kỹ chứ không thì ráng chịu ha.",negative,"nhân_viên phục_vụ thiếu trách_nhiệm trong công_việc , rất nhiều lần mình mua happy meal và chọn đồ_chơi cho 2 bé , thì mình đều phải đi đổi lại dù trong hoá_đơn có ghi rõ . may là ăn tại_chỗ chứ đem về rồi không_lẽ quay lại đổi . do_đó , bạn nào mua nên kiểm_tra kỹ chứ không thì ráng chịu ha .","nhân_viên phục_vụ thiếu trách_nhiệm trong công_việc , rất nhiều lần mình mua happy meal và chọn đồ_chơi cho 2 bé , thì mình đều phải đi đổi lại dù trong hoá_đơn có ghi rõ . may là ăn tại_chỗ chứ đem về rồi không_lẽ quay lại đổi . do_đó , bạn nào mua nên kiểm_tra kỹ chứ không thì ráng chịu ha .",nhân_viên phục_vụ trách_nhiệm công_việc mua happy meal đồ_chơi 2 bé đổi hoá_đơn ghi may tại_chỗ đem không_lẽ đổi do_đó mua kiểm_tra kỹ ráng ha
tôi tốt,positive,tôi tốt,tôi tốt,
"gà và khoai chiên không giòn, có hiện tượng ngấm dầu",neutral,"gà và khoai chiên không giòn , có hiện_tượng ngấm dầu","gà và khoai chiên không giòn , có hiện_tượng ngấm dầu",gà khoai chiên giòn hiện_tượng ngấm dầu
"mọi khi chờ đợi đặt hàng khá lâu. nay có máy tự đặt hàng nhanh lẹ. phục vụ nhanh, có nhân viên lúc nhiệt tình quan sát và hỗ trợ khách hàng đúng lúc cần",positive,"mọi_khi chờ_đợi đặt_hàng khá lâu . nay có máy tự đặt_hàng nhanh lẹ . phục_vụ nhanh , có nhân_viên lúc nhiệt_tình quan_sát và hỗ_trợ khách_hàng đúng lúc cần","mọi_khi chờ_đợi đặt_hàng khá lâu . nay có máy tự đặt_hàng nhanh lẹ . phục_vụ nhanh , có nhân_viên lúc nhiệt_tình quan_sát và hỗ_trợ khách_hàng đúng lúc cần",mọi_khi chờ_đợi đặt_hàng máy đặt_hàng lẹ phục_vụ nhân_viên nhiệt_tình quan_sát hỗ_trợ khách_hàng
gà ở đây rất ngon,neutral,gà ở đây rất ngon,gà ở đây rất ngon,gà ngon
cũng ok👍🏻,positive,cũng ok👍🏻,cũng ok:thích làm sáng màu da:,ok:thích màu da:
rộng rãi thoải mái,positive,rộng_rãi thoải_mái,rộng_rãi thoải_mái,rộng_rãi thoải_mái
thoáng mát,positive,thoáng mát,thoáng mát,thoáng mát
"thức ăn nhanh nên không có ý kiến gì. chỉ là món khoai tây chiên xuất sắc, luôn giòn, ngon mỗi khi gọi. có khu vui chơi cho bé nên rất tiện",positive,"thức_ăn nhanh nên không có ý_kiến gì . chỉ là món khoai_tây chiên xuất_sắc , luôn giòn , ngon mỗi khi gọi . có khu vui_chơi cho bé nên rất tiện","thức_ăn nhanh nên không có ý_kiến gì . chỉ là món khoai_tây chiên xuất_sắc , luôn giòn , ngon mỗi khi gọi . có khu vui_chơi cho bé nên rất tiện",thức_ăn ý_kiến món khoai_tây chiên xuất_sắc giòn ngon gọi khu vui_chơi bé tiện
nó tốt,positive,nó tốt,nó tốt,
"nhân viên thân thiện, cơ sở sang xịn.",positive,"nhân_viên thân_thiện , cơ_sở sang xịn .","nhân_viên thân_thiện , cơ_sở sang xịn .",nhân_viên thân_thiện cơ_sở xịn
tốt. đội ngũ hỗ trợ rất đáng yêu,positive,tốt . đội_ngũ hỗ_trợ rất đáng yêu,tốt . đội_ngũ hỗ_trợ rất đáng yêu,đội_ngũ hỗ_trợ yêu
thỉnh thoảng hay ngồi,positive,thỉnh_thoảng hay ngồi,thỉnh_thoảng hay ngồi,thỉnh_thoảng
có rất nhiều chỗ ngồi bên trong và bên ngoài để bạn luôn có thể tìm thấy một chỗ ngồi có sẵn ở đó mặc dù cửa hàng thường đông đúc. họ có dịch vụ lái xe để lấy thứ tự mà tôi thấy rất thuận tiện.,positive,có rất nhiều chỗ ngồi bên trong và bên ngoài để bạn luôn có_thể tìm thấy một chỗ ngồi có sẵn ở đó mặc_dù cửa_hàng thường đông_đúc . họ có dịch_vụ lái_xe để lấy thứ_tự mà tôi thấy rất thuận_tiện .,có rất nhiều chỗ ngồi bên trong và bên ngoài để bạn luôn có_thể tìm thấy một chỗ ngồi có sẵn ở đó mặc_dù cửa_hàng thường đông_đúc . họ có dịch_vụ lái_xe để lấy thứ_tự mà tôi thấy rất thuận_tiện .,chỗ có_thể chỗ sẵn mặc_dù cửa_hàng đông_đúc dịch_vụ lái_xe thứ_tự thuận_tiện
dichn vụ tuyệt vời,positive,dichn vụ tuyệt_vời,dichn vụ tuyệt_vời,dichn vụ tuyệt_vời
phong cách việt nam của mcdonald thường xuyên. nơi rất đẹp cho những người thích đồ ăn vặt.,positive,phong_cách việt_nam của mcdonald thường_xuyên . nơi rất đẹp cho những người thích đồ_ăn vặt .,phong_cách việt_nam của mcdonald thường_xuyên . nơi rất đẹp cho những người thích đồ_ăn vặt .,phong_cách việt_nam mcdonald thường_xuyên đẹp đồ_ăn vặt
ok ngon,positive,ok ngon,ok ngon,ok ngon
rất tuyệt vời,positive,rất tuyệt_vời,rất tuyệt_vời,tuyệt_vời
toilet quá hôi,negative,toilet quá hôi,toilet quá hôi,toilet hôi
thich thôi,positive,thich thôi,thich thôi,thich
thuận tiện đi lại. cafe ngon.,positive,thuận_tiện đi_lại . cafe ngon .,thuận_tiện đi_lại . cafe ngon .,thuận_tiện đi_lại cafe ngon
bữa ăn 135k,positive,bữa ăn 135k,bữa ăn 135k,135k
"ngon, có khuyến mãi ăn sáng tiết kiệm rất hay, kéo dài",positive,"ngon , có khuyến_mãi ăn sáng tiết_kiệm rất hay , kéo_dài","ngon , có khuyến_mãi ăn sáng tiết_kiệm rất hay , kéo_dài",ngon khuyến_mãi tiết_kiệm kéo_dài
"có máy tự order và tự thanh toán ở gần quầy order. có chỗ tự mua mang về khi đi otô mà order qua microphone chứ không có bạn đứng trực order, sau đó chạy lên kiot khác thanh toán rồi chạy thêm kiot nữa nhận đồ ăn",positive,"có máy tự order và tự thanh_toán ở gần quầy order . có chỗ tự mua mang về khi đi otô mà order qua microphone chứ không có bạn đứng trực order , sau đó chạy lên kiot khác thanh_toán rồi chạy thêm kiot nữa nhận đồ_ăn","có máy tự order và tự thanh_toán ở gần quầy order . có chỗ tự mua mang về khi đi otô mà order qua microphone chứ không có bạn đứng trực order , sau đó chạy lên kiot khác thanh_toán rồi chạy thêm kiot nữa nhận đồ_ăn",máy order thanh_toán quầy order chỗ mua otô order microphone đứng trực order chạy kiot thanh_toán chạy kiot đồ_ăn
đắt hơn các quốc gia khác.,negative,đắt hơn các quốc_gia khác .,đắt hơn các quốc_gia khác .,đắt quốc_gia
"quán không sạch sẽ, không gian ngòai không ai dọn dẹp, chỉ phục vụ hamburger vào giờ trưa",negative,"quán không sạch_sẽ , không_gian ngoài không ai dọn_dẹp , chỉ phục_vụ hamburger vào giờ trưa","quán không sạch_sẽ , không_gian ngoài không ai dọn_dẹp , chỉ phục_vụ hamburger vào giờ trưa",quán sạch_sẽ không_gian dọn_dẹp phục_vụ hamburger trưa
không thích chỗ này,negative,không thích chỗ này,không thích chỗ này,chỗ
gà ngon . hơi nhỏ.,positive,gà ngon . hơi nhỏ .,gà ngon . hơi nhỏ .,gà ngon hơi
không gian sang trọng,positive,không_gian sang_trọng,không_gian sang_trọng,không_gian sang_trọng
tiên lơi. phuc vu nhiêt tinh.,positive,tiên lơi . phuc vu nhiêt tinh .,tiên lơi . phuc vu nhiêt tinh .,tiên lơi phuc vu nhiêt tinh
cafe ngon,neutral,cafe ngon,cafe ngon,cafe ngon
bé rất thích,positive,bé rất thích,bé rất thích,bé
ngon,positive,ngon,ngon,ngon
"thoáng mát, rộng rãi, dịch vụ tốt...",positive,"thoáng mát , rộng_rãi , dịch_vụ tốt ...","thoáng mát , rộng_rãi , dịch_vụ tốt ...",thoáng mát rộng_rãi dịch_vụ ...
24 người bị đau bụng,negative,24 người bị đau bụng,24 người bị đau bụng,24 đau bụng
lần cuối cùng tôi ở mcdonald có lẽ 15 năm trước. nhiều thứ đã thay đổi. bây giờ họ có máy tính với màn hình cảm ứng để đặt món ăn. mỗi máy tính có 2 nhân viên để giải thích cho khách hàng về cách thức hoạt động của nó. sau khi nó cần phải trả cho một trong 3 nhân viên thu ngân cho đơn đặt hàng. điều này là tốt,positive,lần cuối_cùng tôi ở mcdonald có_lẽ 15 năm trước . nhiều thứ đã thay_đổi . bây_giờ họ có máy_tính với màn_hình cảm_ứng để đặt món ăn . mỗi máy_tính có 2 nhân_viên để giải_thích cho khách_hàng về cách_thức hoạt_động của nó . sau khi nó cần phải trả cho một trong 3 nhân_viên thu_ngân cho đơn đặt_hàng . điều này là tốt,lần cuối_cùng tôi ở mcdonald có_lẽ 15 năm trước . nhiều thứ đã thay_đổi . bây_giờ họ có máy_tính với màn_hình cảm_ứng để đặt món ăn . mỗi máy_tính có 2 nhân_viên để giải_thích cho khách_hàng về cách_thức hoạt_động của nó . sau khi nó cần phải trả cho một trong 3 nhân_viên thu_ngân cho đơn đặt_hàng . điều này là tốt,mcdonald có_lẽ 15 thay_đổi bây_giờ máy_tính màn_hình cảm_ứng món máy_tính 2 nhân_viên giải_thích khách_hàng cách_thức hoạt_động 3 nhân_viên thu_ngân đơn đặt_hàng
ngon. rộng rãi có khu vui chơi thiếu nhi ở trên lầu.,positive,ngon . rộng_rãi có khu vui_chơi thiếu_nhi ở trên lầu .,ngon . rộng_rãi có khu vui_chơi thiếu_nhi ở trên lầu .,ngon rộng_rãi khu vui_chơi thiếu_nhi lầu
rất ok,positive,rất ok,rất ok,ok
nhân viên phục vụ tệ. chương trình tặng ly coca khi mua 2 phần ăn có khoai và nước không được nhân viên giới thiệu. khi khách mang phiếu tính tiền đến đổi ly coca thì nhân viên tỏ vẻ khó chịu. cho khách đợi 10p mà không phản hồi. sau 10p đưa ly cũng không thân thiện hơn. nhân viên quản lý kém thân thiện hơn người quét dọn.,negative,nhân_viên phục_vụ tệ . chương_trình tặng ly coca khi mua 2 phần ăn có khoai và nước không được nhân_viên giới_thiệu . khi khách mang phiếu tính tiền đến đổi ly coca thì nhân_viên tỏ_vẻ khó_chịu . cho khách đợi 10p mà không phản_hồi . sau 10p đưa ly cũng không thân_thiện hơn . nhân_viên quản_lý kém thân_thiện hơn người quét_dọn .,nhân_viên phục_vụ tệ . chương_trình tặng ly coca khi mua 2 phần ăn có khoai và nước không được nhân_viên giới_thiệu . khi khách mang phiếu tính tiền đến đổi ly coca thì nhân_viên tỏ_vẻ khó_chịu . cho khách đợi 10p mà không phản_hồi . sau 10p đưa ly cũng không thân_thiện hơn . nhân_viên quản_lý kém thân_thiện hơn người quét_dọn .,nhân_viên phục_vụ tệ chương_trình tặng ly coca mua 2 khoai nhân_viên giới_thiệu phiếu tiền đổi ly coca nhân_viên tỏ_vẻ khó_chịu đợi 10p phản_hồi 10p ly thân_thiện nhân_viên quản_lý kém thân_thiện quét_dọn
rộng và sạch sẽ,positive,rộng và sạch_sẽ,rộng và sạch_sẽ,rộng sạch_sẽ
quan an sach se,positive,quan an sach se,quan an sach se,quan an sach se
duyệt,positive,duyệt,duyệt,duyệt
"bãi đậu xe được bao gồm, hoàn toàn về phía tây. thêm vào đó, mustang",positive,"bãi đậu xe được bao_gồm , hoàn_toàn về phía tây . thêm vào đó , mustang","bãi đậu xe được bao_gồm , hoàn_toàn về phía tây . thêm vào đó , mustang",bãi đậu xe bao_gồm hoàn_toàn tây mustang
hambuger tuyet voi,positive,hambuger tuyet voi,hambuger tuyet voi,hambuger tuyet voi
món ăn ngon miệng và có chỗ đậu xe,positive,món ăn ngon_miệng và có chỗ đậu xe,món ăn ngon_miệng và có chỗ đậu xe,món ngon_miệng chỗ đậu xe
mua burger combo for 3 nhận về toàn gà. lừa đảo thiệt,negative,mua burger combo for 3 nhận về toàn gà . lừa_đảo thiệt,mua burger combo for 3 nhận về toàn gà . lừa_đảo thiệt,mua burger combo for 3 toàn gà lừa_đảo thiệt
giá cả rõ ràng và có chỗ đậu xe hơi,positive,giá_cả rõ_ràng và có chỗ đậu xe_hơi,giá_cả rõ_ràng và có chỗ đậu xe_hơi,giá_cả chỗ đậu xe_hơi
ngon chất lượng,positive,ngon chất_lượng,ngon chất_lượng,ngon chất_lượng
quán rộng vị trí ngay vòng xoay dễ tìm.,positive,quán rộng vị_trí ngay vòng xoay dễ tìm .,quán rộng vị_trí ngay vòng xoay dễ tìm .,quán rộng vị_trí vòng xoay
ngon và thuận tiện,positive,ngon và thuận_tiện,ngon và thuận_tiện,ngon thuận_tiện
"mình đi 3 đứa, order 1 phần 20 miếng nuggests ăn xong còn chưa đã chưa no, order thêm 1 phần nữa là vừa đủ bụng luôn nha 😅 nuggest vừa chiên xong còn nóng hổi, vỏ ngoài giòn giòn, thịt vẫn mềm không bị khô cứng, chiên vừa chín tới nên màu sắc tươi đều, thơm ngào ngạt, ăn rất ghiền luôn mình thích mc donald vì có nhiều sốt ăn không bị ngán. riêng phần nuggest này còn được thêm 3 hộp sốt 2 loại khác, không có trên quầy sốt đâu. mình thấy 1 loại ngon, 1 loại không ngon. buồn mỗi điều giá cả hơi mắc, nhiều khi thích lắm mà không nỡ đi ăn nhiều. nhưng vì là thương hiệu nổi tiếng nên đành chịu vậy 😂😂 sau những lần lui tới tại đây mình đã tìm được khung giờ vàng để luôn có thể thưởng thức những miếng gà tươi ngon và khoai tây ướp muối chiên sợi giòn tan thơm nức. mình rất thích hamburger ở mcdonals, bánh mềm, bùi, càng nhai càng thơm không như ở những quán ăn nhanh khác. thật sự bên đây gà khá ngon. da gà dòn và thơm. thịt gà thì mền thấm vị không bị khô. khoai tây ở đây khá ngon. ở đây còn có nhiều loại nước chấm. có cả mayonnaise mù tạc vàng nữa. latte ở đây khá ngon. cũng phải mgang hoặc hơn starbuck.",positive,"mình đi 3 đứa , order 1 phần 20 miếng nuggests ăn xong còn chưa đã chưa no , order thêm 1 phần nữa là vừa đủ bụng luôn nha 😅 nuggest vừa chiên xong còn nóng_hổi , vỏ ngoài giòn giòn , thịt vẫn mềm không bị khô_cứng , chiên vừa chín_tới nên màu_sắc tươi đều , thơm ngào_ngạt , ăn rất ghiền luôn mình thích mc donald vì có nhiều sốt ăn không bị ngán . riêng phần nuggest này còn được thêm 3 hộp sốt 2 loại khác , không có trên quầy sốt đâu . mình thấy 1 loại ngon , 1 loại không ngon . buồn mỗi điều giá_cả hơi mắc , nhiều khi thích lắm mà không nỡ đi ăn nhiều . nhưng vì là thương_hiệu nổi_tiếng nên đành chịu vậy 😂😂 sau những lần lui_tới tại đây mình đã tìm được khung giờ vàng để luôn có_thể thưởng_thức những miếng gà tươi ngon và khoai_tây ướp muối chiên sợi giòn_tan thơm_nức . mình rất thích hamburger ở mcdonals , bánh mềm , bùi_, càng nhai càng thơm không như ở những quán ăn nhanh khác . thật_sự bên đây gà khá ngon . da_gà dòn và thơm . thịt gà thì mền thấm vị không bị khô . khoai_tây ở đây khá ngon . ở đây còn có nhiều loại nước_chấm . có cả mayonnaise mù tạc vàng nữa . latte ở đây khá ngon . cũng phải mgang hoặc hơn starbuck .","mình đi 3 đứa , order 1 phần 20 miếng nuggests ăn xong còn chưa đã chưa no , order thêm 1 phần nữa là vừa đủ bụng luôn nha :mặt cười đầy mồ hôi: nuggest vừa chiên xong còn nóng_hổi , vỏ ngoài giòn giòn , thịt vẫn mềm không bị khô_cứng , chiên vừa chín_tới nên màu_sắc tươi đều , thơm ngào_ngạt , ăn rất ghiền luôn mình thích mc donald vì có nhiều sốt ăn không bị ngán . riêng phần nuggest này còn được thêm 3 hộp sốt 2 loại khác , không có trên quầy sốt đâu . mình thấy 1 loại ngon , 1 loại không ngon . buồn mỗi điều giá_cả hơi mắc , nhiều khi thích lắm mà không nỡ đi ăn nhiều . nhưng vì là thương_hiệu nổi_tiếng nên đành chịu vậy :khuôn mặt với những giọt nước mắt của niềm vui::khuôn mặt với những giọt nước mắt của niềm vui: sau những lần lui_tới tại đây mình đã tìm được khung giờ vàng để luôn có_thể thưởng_thức những miếng gà tươi ngon và khoai_tây ướp muối chiên sợi giòn_tan thơm_nức . mình rất thích hamburger ở mcdonals , bánh mềm , bùi_, càng nhai càng thơm không như ở những quán ăn nhanh khác . thật_sự bên đây gà khá ngon . da_gà dòn và thơm . thịt gà thì mền thấm vị không bị khô . khoai_tây ở đây khá ngon . ở đây còn có nhiều loại nước_chấm . có cả mayonnaise mù tạc vàng nữa . latte ở đây khá ngon . cũng phải mgang hoặc hơn starbuck .","3 order 1 20 miếng nuggests xong no order 1 bụng nha :mặt cười mồ hôi: nuggest chiên xong nóng_hổi vỏ giòn giòn thịt mềm khô_cứng chiên chín_tới màu_sắc tươi thơm ngào_ngạt ghiền mc donald sốt ngán nuggest 3 hộp sốt 2 quầy sốt 1 ngon 1 ngon buồn giá_cả hơi mắc lắm nỡ thương_hiệu nổi_tiếng đành :khuôn mặt giọt mắt niềm vui::khuôn mặt giọt mắt niềm vui: lui_tới khung vàng có_thể thưởng_thức miếng gà tươi ngon khoai_tây ướp muối chiên sợi giòn_tan thơm_nức hamburger mcdonals bánh mềm bùi_, nhai thơm quán gà ngon da_gà dòn thơm thịt gà mền thấm vị khô khoai_tây ngon nước_chấm mayonnaise mù tạc vàng latte ngon mgang starbuck"
"quan thoang, rông, quang canh ok.",neutral,"quan thoang , rông , quang canh ok .","quan thoang , rông , quang canh ok .",quan thoang rông quang canh ok
"luôn luôn như thế này. mỗi khi họ không đặt đủ khoai tây chiên, hoặc đặt kích thước trung bình thay vì lớn. bạn đang làm phiền tôi tôi yêu cầu khoai tây chiên",negative,"luôn_luôn như thế_này . mỗi khi họ không đặt đủ khoai_tây chiên , hoặc đặt kích_thước trung_bình thay_vì lớn . bạn đang làm_phiền tôi tôi yêu_cầu khoai_tây chiên","luôn_luôn như thế_này . mỗi khi họ không đặt đủ khoai_tây chiên , hoặc đặt kích_thước trung_bình thay_vì lớn . bạn đang làm_phiền tôi tôi yêu_cầu khoai_tây chiên",luôn_luôn thế_này khoai_tây chiên kích_thước trung_bình thay_vì làm_phiền yêu_cầu khoai_tây chiên
ở đây công nghệ 4.0 vô rồi oder khỏe lắm không cần vô nhà hàng tự động hết,positive,ở đây công_nghệ 4.0 vô rồi oder khoẻ lắm không cần vô nhà_hàng tự_động hết,ở đây công_nghệ 4.0 vô rồi oder khoẻ lắm không cần vô nhà_hàng tự_động hết,công_nghệ 4.0 vô oder khoẻ lắm vô nhà_hàng tự_động
ngon bổ rẻ,positive,ngon bổ rẻ,ngon bổ rẻ,ngon bổ rẻ
chế độ xem đẹp và một ổ đĩa thuận tiện thông qua,positive,chế_độ xem đẹp và một ổ_đĩa thuận_tiện thông_qua,chế_độ xem đẹp và một ổ_đĩa thuận_tiện thông_qua,chế_độ đẹp ổ_đĩa thuận_tiện thông_qua
"đã ghé thăm 3 lần. thực sự rất thích. tuy nhiên, tôi không thích đồ dưa chua bên trong hamburger. những thứ khác là tốt",positive,"đã ghé thăm 3 lần . thực_sự rất thích . tuy_nhiên , tôi không thích đồ dưa chua bên trong hamburger . những thứ khác là tốt","đã ghé thăm 3 lần . thực_sự rất thích . tuy_nhiên , tôi không thích đồ dưa chua bên trong hamburger . những thứ khác là tốt",ghé thăm 3 tuy_nhiên đồ dưa chua hamburger
thật tuyệt ...,positive,thật tuyệt ...,thật tuyệt ...,tuyệt ...
"đồ ăn ngon, nóng, phục vụ tốt và nhiệt tình. giá cả kg lệch so với các fastfood khác. chắc chắn sẽ ghé lại",positive,"đồ_ăn ngon , nóng , phục_vụ tốt và nhiệt_tình . giá_cả kg lệch so với các fastfood khác . chắc_chắn sẽ ghé lại","đồ_ăn ngon , nóng , phục_vụ tốt và nhiệt_tình . giá_cả kg lệch so với các fastfood khác . chắc_chắn sẽ ghé lại",đồ_ăn ngon nóng phục_vụ nhiệt_tình giá_cả kg lệch fastfood chắc_chắn ghé
"burger tạm ổn nhưng cơm bò, cơm trứng thì dở tệ, ngọt ngọt như ăn chè xôi ấy hic",neutral,"burger tạm ổn nhưng cơm bò , cơm trứng thì dở tệ , ngọt ngọt như ăn chè xôi ấy hic","burger tạm ổn nhưng cơm bò , cơm trứng thì dở tệ , ngọt ngọt như ăn chè xôi ấy hic",burger tạm ổn cơm bò cơm trứng dở tệ chè xôi hic
tạm được,positive,tạm được,tạm được,tạm
ăn được. quán ngồi sạch sẽ lịch sự. bãi đậu xe thì vô tư. khoái vụ này thôi.,positive,ăn được . quán ngồi sạch_sẽ lịch_sự . bãi đậu xe thì vô_tư . khoái vụ này thôi .,ăn được . quán ngồi sạch_sẽ lịch_sự . bãi đậu xe thì vô_tư . khoái vụ này thôi .,quán sạch_sẽ lịch_sự bãi đậu xe vô_tư khoái vụ
lịch sự vui vẻ nhân viên chuyên nghiệp,positive,lịch_sự vui_vẻ nhân_viên chuyên_nghiệp,lịch_sự vui_vẻ nhân_viên chuyên_nghiệp,lịch_sự vui_vẻ nhân_viên chuyên_nghiệp
nơi tốt để gặp gỡ và ăn uống.,positive,nơi tốt để gặp_gỡ và ăn_uống .,nơi tốt để gặp_gỡ và ăn_uống .,gặp_gỡ ăn_uống
nhà hàng mcdonald phục vụ các loại nước uống và thức ăn nhanh.,positive,nhà_hàng mcdonald phục_vụ các loại nước uống và thức_ăn nhanh .,nhà_hàng mcdonald phục_vụ các loại nước uống và thức_ăn nhanh .,nhà_hàng mcdonald phục_vụ uống thức_ăn
nhanh chuyên nghiêp,positive,nhanh chuyên nghiêp,nhanh chuyên nghiêp,chuyên nghiêp
vui ve thư tự,positive,vui ve thư tự,vui ve thư tự,vui ve thư
ngon,positive,ngon,ngon,ngon
thơ mộng đẹp lý tưởng tâm sự,positive,thơ_mộng đẹp lý_tưởng tâm_sự,thơ_mộng đẹp lý_tưởng tâm_sự,thơ_mộng đẹp lý_tưởng tâm_sự
đẹp và đồ nguội,positive,đẹp và đồ nguội,đẹp và đồ nguội,đẹp đồ nguội
"địa điểm khá tốt, chỗ để xe rộng, món ăn uống khá ok",neutral,"địa_điểm khá tốt , chỗ để xe rộng , món ăn_uống khá ok","địa_điểm khá tốt , chỗ để xe rộng , món ăn_uống khá ok",địa_điểm chỗ xe rộng món ăn_uống ok
nhanh gọn và lịch sự,positive,nhanh gọn và lịch_sự,nhanh gọn và lịch_sự,gọn lịch_sự
quan ưa thich cua khách hang,positive,quan ưa thich cua khách hang,quan ưa thich cua khách hang,quan ưa thich cua hang
"quán khá đông,nhân viên nhiêt tinh, gà ngon.",positive,"quán khá đông , nhân_viên nhiêt tinh , gà ngon .","quán khá đông , nhân_viên nhiêt tinh , gà ngon .",quán đông nhân_viên nhiêt tinh gà ngon
rất ngon nhưng lại ít,positive,rất ngon nhưng lại ít,rất ngon nhưng lại ít,ngon
thuận lợi đi mọi hướng. chỗ để ôtô rộng rãi,positive,thuận_lợi đi mọi hướng . chỗ để ôtô rộng_rãi,thuận_lợi đi mọi hướng . chỗ để ôtô rộng_rãi,thuận_lợi hướng chỗ ôtô rộng_rãi
"5 thôi, thương hiệu đẳng cấp toàn cầu",positive,"5 thôi , thương_hiệu đẳng_cấp toàn_cầu","5 thôi , thương_hiệu đẳng_cấp toàn_cầu",5 thương_hiệu đẳng_cấp toàn_cầu
"có báo với nhân viên là trên lầu rất nóng, nhân viên nghe rồi dửng dưng bỏ đi. trong khi bên ngoài mưa còn mát hơn trong nhà.",negative,"có báo với nhân_viên là trên lầu rất nóng , nhân_viên nghe rồi dửng_dưng bỏ đi . trong khi bên ngoài mưa còn mát hơn trong nhà .","có báo với nhân_viên là trên lầu rất nóng , nhân_viên nghe rồi dửng_dưng bỏ đi . trong khi bên ngoài mưa còn mát hơn trong nhà .",báo nhân_viên lầu nóng nhân_viên dửng_dưng mưa mát
rẻ và ngon.,positive,rẻ và ngon .,rẻ và ngon .,rẻ ngon
đó là một nơi tốt để đi vì nó không đông đúc. mcdrive cũng có sẵn,positive,đó là một nơi tốt để đi vì nó không đông_đúc . mcdrive cũng có sẵn,đó là một nơi tốt để đi vì nó không đông_đúc . mcdrive cũng có sẵn,đông_đúc mcdrive sẵn
sạch lịch sự,positive,sạch lịch_sự,sạch lịch_sự,sạch lịch_sự
e phục vụ quá tệ,negative,e phục_vụ quá tệ,e phục_vụ quá tệ,e phục_vụ tệ
dịch vụ tốt,positive,dịch_vụ tốt,dịch_vụ tốt,dịch_vụ
gà ăn ngon vệ sinh sạch sẽ,positive,gà ăn ngon vệ_sinh sạch_sẽ,gà ăn ngon vệ_sinh sạch_sẽ,gà ngon vệ_sinh sạch_sẽ
lau dọn,positive,lau dọn,lau dọn,lau dọn
bạn tôi và tôi đã bị ngộ độc thực phẩm nghiêm trọng ngay sau khi ăn ở đó. thức ăn phục vụ vệ sinh lạnh và xấu trong nhà bếp. tránh nơi đó.,negative,bạn tôi và tôi đã bị ngộ_độc thực_phẩm nghiêm_trọng ngay sau khi ăn_ở đó . thức_ăn phục_vụ vệ_sinh lạnh và xấu trong nhà_bếp . tránh nơi đó .,bạn tôi và tôi đã bị ngộ_độc thực_phẩm nghiêm_trọng ngay sau khi ăn_ở đó . thức_ăn phục_vụ vệ_sinh lạnh và xấu trong nhà_bếp . tránh nơi đó .,ngộ_độc thực_phẩm nghiêm_trọng ăn_ở thức_ăn phục_vụ vệ_sinh lạnh xấu nhà_bếp
"không gian nhỏ, không thoải mái, thực phẩm bình thường",neutral,"không_gian nhỏ , không thoải_mái , thực_phẩm bình_thường","không_gian nhỏ , không thoải_mái , thực_phẩm bình_thường",không_gian thoải_mái thực_phẩm bình_thường
hiện đại,positive,hiện_đại,hiện_đại,hiện_đại
"đồ ăn ổn, phải phải chăng, không gian rộng rãi",positive,"đồ_ăn ổn , phải phải_chăng , không_gian rộng_rãi","đồ_ăn ổn , phải phải_chăng , không_gian rộng_rãi",đồ_ăn ổn phải_chăng không_gian rộng_rãi
"được , vui vẻ",positive,"được , vui_vẻ","được , vui_vẻ",vui_vẻ
hamburger rất ngon,positive,hamburger rất ngon,hamburger rất ngon,hamburger ngon
"địa điểm này rất thích hợp dẫn trẻ em đến, có khu vui chơi và bàn cảm ứng ở trên lầu 1 cho trẻ em chơi. lưu ý rằng cuối tuần ở đây rất đông, ồn ào vì trẻ em rất nhiều. bãi xe rộng rãi, giữ xe miễn phí, wc cũng tương đối sạch,.",positive,"địa_điểm này rất thích_hợp dẫn trẻ_em đến , có khu vui_chơi và bàn cảm_ứng ở trên lầu 1 cho trẻ_em chơi . lưu_ý rằng cuối tuần ở đây rất đông , ồn_ào vì trẻ_em rất nhiều . bãi xe rộng_rãi , giữ xe miễn_phí , wc cũng tương_đối sạch , .","địa_điểm này rất thích_hợp dẫn trẻ_em đến , có khu vui_chơi và bàn cảm_ứng ở trên lầu 1 cho trẻ_em chơi . lưu_ý rằng cuối tuần ở đây rất đông , ồn_ào vì trẻ_em rất nhiều . bãi xe rộng_rãi , giữ xe miễn_phí , wc cũng tương_đối sạch , .",địa_điểm thích_hợp trẻ_em khu vui_chơi bàn cảm_ứng lầu 1 trẻ_em lưu_ý đông ồn_ào trẻ_em bãi xe rộng_rãi xe miễn_phí wc tương_đối sạch
nhân viên tốt. quan điểm đẹp. ngày càng có nhiều dịch vụ được cải thiện.,positive,nhân_viên tốt . quan_điểm đẹp . ngày_càng có nhiều dịch_vụ được cải_thiện .,nhân_viên tốt . quan_điểm đẹp . ngày_càng có nhiều dịch_vụ được cải_thiện .,nhân_viên quan_điểm đẹp ngày_càng dịch_vụ cải_thiện
"bãi giữ xe rộng, có nhiều chỗ đỗ oto, đồ ăn ngon, vệ sinh và nhân viên phục vụ cũng rất thân thiện, ân cần",positive,"bãi giữ xe rộng , có nhiều chỗ đỗ oto , đồ_ăn ngon , vệ_sinh và nhân_viên phục_vụ cũng rất thân_thiện , ân_cần","bãi giữ xe rộng , có nhiều chỗ đỗ oto , đồ_ăn ngon , vệ_sinh và nhân_viên phục_vụ cũng rất thân_thiện , ân_cần",bãi xe rộng chỗ đỗ oto đồ_ăn ngon vệ_sinh nhân_viên phục_vụ thân_thiện ân_cần
"tốt, và thân thiện. dịch vụ nhanh chóng với một menu tiếng anh để giúp khách du lịch.",positive,"tốt , và thân_thiện . dịch_vụ nhanh_chóng với một menu tiếng anh để giúp khách du_lịch .","tốt , và thân_thiện . dịch_vụ nhanh_chóng với một menu tiếng anh để giúp khách du_lịch .",thân_thiện dịch_vụ nhanh_chóng menu tiếng giúp du_lịch
không gian rộng và thoáng,positive,không_gian rộng và thoáng,không_gian rộng và thoáng,không_gian rộng thoáng
,positive,,,
"hamburger ngon. phục vụ nhanh, chuyên nghiệp",positive,"hamburger ngon . phục_vụ nhanh , chuyên_nghiệp","hamburger ngon . phục_vụ nhanh , chuyên_nghiệp",hamburger ngon phục_vụ chuyên_nghiệp
thức ăn nhanh để nếm thử,positive,thức_ăn nhanh để nếm thử,thức_ăn nhanh để nếm thử,thức_ăn nếm thử
nhân viên chuyên nghiệp và cửa hàng sạch sẽ,positive,nhân_viên chuyên_nghiệp và cửa_hàng sạch_sẽ,nhân_viên chuyên_nghiệp và cửa_hàng sạch_sẽ,nhân_viên chuyên_nghiệp cửa_hàng sạch_sẽ
rất tốt.,positive,rất tốt .,rất tốt .,
"yeah, đánh giá đây là vơ sở tệ nhất của mc. tại sao hả 39k một miếng gà mà nhue kiểu gà 3 tháng tuổi vậy, quá bé luôn. so sánh với mc sc vivo thì đúng là cú lừa to lớn đã thế gà còn không được nóng hổi nữa. nói chung lần đầu cũng sẽ là lần cuối ghé nơi này",negative,"yeah , đánh_giá đây là vơ sở tệ nhất của mc . tại_sao hả 39k một miếng gà mà nhue kiểu gà 3 tháng tuổi vậy , quá bé luôn . so_sánh với mc sc vivo thì đúng là cú lừa to_lớn đã thế gà còn không được nóng_hổi nữa . nói_chung lần đầu cũng sẽ là lần cuối ghé nơi này","yeah , đánh_giá đây là vơ sở tệ nhất của mc . tại_sao hả 39k một miếng gà mà nhue kiểu gà 3 tháng tuổi vậy , quá bé luôn . so_sánh với mc sc vivo thì đúng là cú lừa to_lớn đã thế gà còn không được nóng_hổi nữa . nói_chung lần đầu cũng sẽ là lần cuối ghé nơi này",yeah đánh_giá vơ sở tệ mc tại_sao hả 39k miếng gà nhue gà 3 bé so_sánh mc sc vivo cú lừa to_lớn gà nóng_hổi nói_chung ghé
"nơi tốt cho gia đình. kid sẽ thích kết hợp bữa ăn hạnh phúc với đồ chơi nhỏ bên trong. cũng là một nơi tốt để họp cho chủ xe. dễ dàng đỗ xe của bạn ở đây. tuy nhiên, họ không mở aircon trên tầng hai thường xuyên và bạn phải ngồi ở tầng một",positive,"nơi tốt cho gia_đình . kid sẽ thích kết_hợp bữa ăn hạnh_phúc với đồ_chơi nhỏ bên trong . cũng là một nơi tốt để họp cho chủ xe . dễ_dàng đỗ xe của bạn ở đây . tuy_nhiên , họ không mở aircon trên tầng hai thường_xuyên và bạn phải ngồi ở tầng một","nơi tốt cho gia_đình . kid sẽ thích kết_hợp bữa ăn hạnh_phúc với đồ_chơi nhỏ bên trong . cũng là một nơi tốt để họp cho chủ xe . dễ_dàng đỗ xe của bạn ở đây . tuy_nhiên , họ không mở aircon trên tầng hai thường_xuyên và bạn phải ngồi ở tầng một",gia_đình kid kết_hợp hạnh_phúc đồ_chơi họp chủ xe dễ_dàng đỗ xe tuy_nhiên aircon tầng hai thường_xuyên tầng
rất tốt,positive,rất tốt,rất tốt,
"sạch sẽ, đồ ăn cũng tạm ổn",positive,"sạch_sẽ , đồ_ăn cũng tạm ổn","sạch_sẽ , đồ_ăn cũng tạm ổn",sạch_sẽ đồ_ăn tạm ổn
quán mở 2424 nhưng khu vực wc lại không sáng đèn. bạn mình tả lại là đi wc như kiểu đi vào phim trường phim kinh dị không có đèn mà chỉ có ánh sáng dạ quang le lói từ đâu đó phát ra không rõ.,positive,quán mở 2424 nhưng khu_vực wc lại không sáng đèn . bạn mình tả lại là đi wc như kiểu đi vào phim_trường phim kinh_dị không có đèn mà chỉ có ánh_sáng dạ_quang le_lói từ đâu_đó phát ra không rõ .,quán mở 2424 nhưng khu_vực wc lại không sáng đèn . bạn mình tả lại là đi wc như kiểu đi vào phim_trường phim kinh_dị không có đèn mà chỉ có ánh_sáng dạ_quang le_lói từ đâu_đó phát ra không rõ .,quán 2424 khu_vực wc đèn tả wc phim_trường phim kinh_dị đèn ánh_sáng dạ_quang le_lói đâu_đó phát
"mac donald này luôn bị đông đúc vì nó nằm ở trung tâm. có 2 ki ốt bên cạnh quầy đặt hàng, điều này làm cho nó nhanh hơn để đặt bữa ăn của bạn. nhân viên thân thiện nhưng đôi khi không có sẵn tại quầy đặt hàng thường là vào ban đêm. họ cũng có dịch vụ lái xe thur và chấp nhận xe máy để đi qua. thức ăn luôn nóng và hảo hạng, đặc biệt là gạo.",positive,"mac donald này luôn bị đông_đúc vì nó nằm ở trung_tâm . có 2 ki_ốt bên cạnh quầy đặt_hàng , điều này làm cho nó nhanh hơn để đặt bữa ăn của bạn . nhân_viên thân_thiện nhưng đôi khi không có sẵn tại quầy đặt_hàng thường là vào ban_đêm . họ cũng có dịch_vụ lái_xe thur và chấp_nhận xe_máy để đi qua . thức_ăn luôn nóng và hảo_hạng , đặc_biệt là gạo .","mac donald này luôn bị đông_đúc vì nó nằm ở trung_tâm . có 2 ki_ốt bên cạnh quầy đặt_hàng , điều này làm cho nó nhanh hơn để đặt bữa ăn của bạn . nhân_viên thân_thiện nhưng đôi khi không có sẵn tại quầy đặt_hàng thường là vào ban_đêm . họ cũng có dịch_vụ lái_xe thur và chấp_nhận xe_máy để đi qua . thức_ăn luôn nóng và hảo_hạng , đặc_biệt là gạo .",mac donald đông_đúc nằm trung_tâm 2 ki_ốt cạnh quầy đặt_hàng nhân_viên thân_thiện đôi sẵn quầy đặt_hàng ban_đêm dịch_vụ lái_xe thur chấp_nhận xe_máy thức_ăn nóng hảo_hạng đặc_biệt gạo
thưc ăn ngon nhưng nhân viên phuc vu hơi không thân thiên cho lăm.,positive,thưc ăn ngon nhưng nhân_viên phuc vu hơi không thân thiên cho lăm .,thưc ăn ngon nhưng nhân_viên phuc vu hơi không thân thiên cho lăm .,thưc ngon nhân_viên phuc vu hơi thiên lăm
thuc ăn ngon .trang tri đẹp và có chỗ chơi cho trẻ con con không lại thoáng mát trung tâm.,positive,thuc ăn ngon . trang tri đẹp và có chỗ chơi cho trẻ_con con không lại thoáng mát trung_tâm .,thuc ăn ngon . trang tri đẹp và có chỗ chơi cho trẻ_con con không lại thoáng mát trung_tâm .,thuc ngon trang tri đẹp chỗ trẻ_con thoáng mát trung_tâm
"thoáng mát, rộng rãi",positive,"thoáng mát , rộng_rãi","thoáng mát , rộng_rãi",thoáng mát rộng_rãi
"đặt món khá nhanh, có thiết bị tự chọn món máy tính bảng nhân viên hướng dẫn thao tác nhiệt tình. mang ra nhanh. tuy nhiên lúc mang món ra thì phải vào xin khăn giấy. bải gửi xe thuận tiện, thông thoán",positive,"đặt món khá nhanh , có thiết_bị tự chọn món máy_tính bảng nhân_viên hướng_dẫn thao_tác nhiệt_tình . mang ra nhanh . tuy_nhiên lúc mang món ra thì phải vào xin khăn giấy . bải gửi xe thuận_tiện , thông thoán","đặt món khá nhanh , có thiết_bị tự chọn món máy_tính bảng nhân_viên hướng_dẫn thao_tác nhiệt_tình . mang ra nhanh . tuy_nhiên lúc mang món ra thì phải vào xin khăn giấy . bải gửi xe thuận_tiện , thông thoán",món thiết_bị món máy_tính bảng nhân_viên hướng_dẫn thao_tác nhiệt_tình tuy_nhiên món khăn giấy bải gửi xe thuận_tiện thông thoán
mo dem tien cho khach ve khuya,neutral,mo dem tien cho khach ve khuya,mo dem tien cho khach ve khuya,mo dem tien khach ve khuya
hiện đại với việc order tự động. nhân viên nhiệt tình chu đáo sạch sẽ và nhất là không quá ồn ào,positive,hiện_đại với việc order tự_động . nhân_viên nhiệt_tình chu_đáo sạch_sẽ và nhất_là không quá ồn_ào,hiện_đại với việc order tự_động . nhân_viên nhiệt_tình chu_đáo sạch_sẽ và nhất_là không quá ồn_ào,hiện_đại order tự_động nhân_viên nhiệt_tình chu_đáo sạch_sẽ nhất_là ồn_ào
nơi tổ chức những buổi họp mặt gia đình hay tổ chức sinh cho các em củng được,positive,nơi tổ_chức những buổi họp_mặt gia_đình hay tổ_chức sinh cho các em củng được,nơi tổ_chức những buổi họp_mặt gia_đình hay tổ_chức sinh cho các em củng được,tổ_chức họp_mặt gia_đình tổ_chức sinh củng
phục vụ chu đáo,positive,phục_vụ chu_đáo,phục_vụ chu_đáo,phục_vụ chu_đáo
fastfood.,neutral,fastfood .,fastfood .,fastfood
"ngon, có không gian, hơi ồn",positive,"ngon , có không_gian , hơi ồn","ngon , có không_gian , hơi ồn",ngon không_gian hơi ồn
cơ sở rộng có thể chia thành nhiều gian rất thú vị và phù hợp cho bữa sáng nhanh hoặc gia đình có trẻ nhỏ,positive,cơ_sở rộng có_thể chia thành nhiều gian rất thú_vị và phù_hợp cho bữa sáng nhanh hoặc gia_đình có trẻ nhỏ,cơ_sở rộng có_thể chia thành nhiều gian rất thú_vị và phù_hợp cho bữa sáng nhanh hoặc gia_đình có trẻ nhỏ,cơ_sở rộng có_thể chia thành gian thú_vị phù_hợp gia_đình trẻ
"không tệ, chỉ là mc donald",positive,"không tệ , chỉ là mc donald","không tệ , chỉ là mc donald",tệ mc donald
khu vực lát gạch hơi bẩn vào ban đêm,positive,khu_vực lát gạch hơi bẩn vào ban_đêm,khu_vực lát gạch hơi bẩn vào ban_đêm,khu_vực lát gạch hơi bẩn ban_đêm
từ khi mc về vn mình đã chuyển từ kfc qua mc. thật sự bên đây gà khá ngon. da gà dòn và thơm. thịt gà thì mền thấm vị không bị khô. khoai tây ở đây khá ngon. ở đây còn có nhiều loại nước chấm.,positive,từ khi mc về vn mình đã chuyển từ kfc qua mc . thật_sự bên đây gà khá ngon . da_gà dòn và thơm . thịt gà thì mền thấm vị không bị khô . khoai_tây ở đây khá ngon . ở đây còn có nhiều loại nước_chấm .,từ khi mc về vn mình đã chuyển từ kfc qua mc . thật_sự bên đây gà khá ngon . da_gà dòn và thơm . thịt gà thì mền thấm vị không bị khô . khoai_tây ở đây khá ngon . ở đây còn có nhiều loại nước_chấm .,mc vn kfc mc gà ngon da_gà dòn thơm thịt gà mền thấm vị khô khoai_tây ngon nước_chấm
nơi tuyệt vời và rất phù hợp với chất lượng. tôi luôn có một bữa ăn nóng làm tươi tại địa điểm này. tốt hơn hầu hết ở mỹ.,positive,nơi tuyệt_vời và rất phù_hợp với chất_lượng . tôi luôn có một bữa ăn nóng làm tươi tại địa_điểm này . tốt hơn hầu_hết ở mỹ .,nơi tuyệt_vời và rất phù_hợp với chất_lượng . tôi luôn có một bữa ăn nóng làm tươi tại địa_điểm này . tốt hơn hầu_hết ở mỹ .,tuyệt_vời phù_hợp chất_lượng nóng tươi địa_điểm hầu_hết mỹ
ok.rông rai thoang mat,positive,ok.rông rai thoang mat,ok.rông rai thoang mat,ok.rông rai thoang mat
ngon...,positive,ngon ...,ngon ...,ngon ...
"nơi tốt đẹp, dịch vụ gud",positive,"nơi tốt_đẹp , dịch_vụ gud","nơi tốt_đẹp , dịch_vụ gud",tốt_đẹp dịch_vụ gud
rất tốt,positive,rất tốt,rất tốt,
"không gian thoáng mát, đậu xe dễ dàng",positive,"không_gian thoáng mát , đậu xe dễ_dàng","không_gian thoáng mát , đậu xe dễ_dàng",không_gian thoáng mát đậu xe dễ_dàng
tôi đã đến nhiều khu bán thức ăn nhanh của cả trong nước lẫn nước ngoài nhưng với mc có quy trình phục vụ hiện đại mang đến cảm giác thoải mái cho khách hàng. nhân viên phục vụ chu đáo. có địa điểm cho trẻ em chổ check in cho giới trẻ. đặc biệt chổ gửi xe rộng rải thoải mái. ngay cả nhân viên rrong xe cũng được hướng dẫn tiếp khách cực kỳ chu đáo.điểm không hài lòng ở đây là thức ăn không ngon bằng các món trong nước. cảm ơn vì giây giúp tuyệt vời mà mc mang đến cho tôi và những người bạn.,positive,tôi đã đến nhiều khu bán thức_ăn nhanh của cả trong nước lẫn nước_ngoài nhưng với mc có quy_trình phục_vụ hiện_đại mang đến cảm_giác thoải_mái cho khách_hàng . nhân_viên phục_vụ chu_đáo . có địa_điểm cho trẻ_em chổ check in cho giới trẻ . đặc_biệt chổ gửi xe rộng rải thoải_mái . ngay cả nhân_viên rrong xe cũng được hướng_dẫn tiếp khách cực_kỳ chu đáo.điểm không hài_lòng ở đây là thức_ăn không ngon bằng các món trong nước . cảm_ơn vì giây giúp tuyệt_vời mà mc mang đến cho tôi và những người bạn .,tôi đã đến nhiều khu bán thức_ăn nhanh của cả trong nước lẫn nước_ngoài nhưng với mc có quy_trình phục_vụ hiện_đại mang đến cảm_giác thoải_mái cho khách_hàng . nhân_viên phục_vụ chu_đáo . có địa_điểm cho trẻ_em chổ check in cho giới trẻ . đặc_biệt chổ gửi xe rộng rải thoải_mái . ngay cả nhân_viên rrong xe cũng được hướng_dẫn tiếp khách cực_kỳ chu đáo.điểm không hài_lòng ở đây là thức_ăn không ngon bằng các món trong nước . cảm_ơn vì giây giúp tuyệt_vời mà mc mang đến cho tôi và những người bạn .,khu thức_ăn lẫn nước_ngoài mc quy_trình phục_vụ hiện_đại thoải_mái khách_hàng nhân_viên phục_vụ chu_đáo địa_điểm trẻ_em chổ check in giới trẻ đặc_biệt chổ gửi xe rộng rải thoải_mái nhân_viên rrong xe hướng_dẫn tiếp cực_kỳ chu đáo.điểm hài_lòng thức_ăn ngon món cảm_ơn giây giúp tuyệt_vời mc
be chi khach order tư đông cute,positive,be chi khach order tư đông cute,be chi khach order tư đông cute,be chi khach order tư đông cute
tốt,positive,tốt,tốt,
mcdonald điện biên phủ ăn không ngon.,neutral,mcdonald điện_biên_phủ ăn không ngon .,mcdonald điện_biên_phủ ăn không ngon .,mcdonald điện_biên_phủ ngon
bình thường,neutral,bình_thường,bình_thường,bình_thường
khu vưc rông thoải mai,positive,khu vưc rông thoải mai,khu vưc rông thoải mai,khu vưc rông thoải mai
vưa ngăm thanh phô,positive,vưa ngăm thanh phô,vưa ngăm thanh phô,vưa ngăm phô
mcdonalds,neutral,mcdonalds,mcdonalds,mcdonalds
nhanh chóng và ngon miệng,positive,nhanh_chóng và ngon_miệng,nhanh_chóng và ngon_miệng,nhanh_chóng ngon_miệng
"thanh toán bằng thẻ bị lỗi, gây bất tiện cho việc thanh toán. đồ ăn thức uống hợp vệ sinh",neutral,"thanh_toán bằng thẻ bị lỗi , gây bất_tiện cho việc thanh_toán . đồ_ăn thức uống hợp vệ_sinh","thanh_toán bằng thẻ bị lỗi , gây bất_tiện cho việc thanh_toán . đồ_ăn thức uống hợp vệ_sinh",thanh_toán thẻ lỗi bất_tiện thanh_toán đồ_ăn thức uống hợp vệ_sinh
đồ ăn khá phong phú giá hơi cao,positive,đồ_ăn khá phong_phú giá hơi cao,đồ_ăn khá phong_phú giá hơi cao,đồ_ăn phong_phú giá hơi
sự ớn lạnh,positive,sự ớn lạnh,sự ớn lạnh,ớn lạnh
văn minh lịch sự...,positive,văn_minh lịch_sự ...,văn_minh lịch_sự ...,văn_minh lịch_sự ...
"mcdonald đầu tiên ở sài gòn. nơi tuyệt vời với sự rung cảm mát mẻ, hiện đại và nước ngoài với nó.",positive,"mcdonald đầu_tiên ở sài_gòn . nơi tuyệt_vời với sự rung_cảm mát_mẻ , hiện_đại và nước_ngoài với nó .","mcdonald đầu_tiên ở sài_gòn . nơi tuyệt_vời với sự rung_cảm mát_mẻ , hiện_đại và nước_ngoài với nó .",mcdonald đầu_tiên sài_gòn tuyệt_vời rung_cảm mát_mẻ hiện_đại nước_ngoài
"hôm kia , lần đầu tiên mình ghé chi nhánh này , bởi do khá xa nhưng nổi hứng muốn khám phá thử vị trí này xem như nào. vị trí thuận lợi , gửi xe free , sân thoải mái cho cả xe máy và ôtô. không gian đẹp , rộng thoáng , mát lạnh , có trệt và lầu , khu vực ngoài trời và máy lạnh , có hẳn khu vực cho các bé vui chơi cầu tuột chạy nhảy và khu vực tổ chức sinh nhật rất riêng tư tránh ồn xung quanh. ấn tượng nhất trên lầu có chiếc bàn điện tử đổi màu liên tục cảm ứng luôn. trên lầu mình thấy có nhiều ổ cắm để cắm lap hoặc sạp dt nên khá tiện khi ngồi lâu. tầng trệt thích khu vực tự lấy tương sốt , vì có nhiều loại sốt cho mình chọn chứ không đơn thuần chỉ tương cà và ớt thôi đâu.",positive,"hôm_kia , lần đầu_tiên mình ghé chi_nhánh này , bởi do khá xa nhưng nổi hứng muốn khám_phá thử vị_trí này xem như nào . vị_trí thuận_lợi , gửi xe free , sân thoải_mái cho cả xe_máy và ôtô . không_gian đẹp , rộng thoáng , mát lạnh , có trệt và lầu , khu_vực ngoài_trời và máy_lạnh , có hẳn khu_vực cho các bé vui_chơi cầu tuột chạy_nhảy và khu_vực tổ_chức sinh_nhật rất riêng_tư tránh ồn xung_quanh . ấn_tượng nhất trên lầu có chiếc bàn điện_tử đổi màu liên_tục cảm_ứng luôn . trên lầu mình thấy có nhiều ổ_cắm để cắm lap hoặc sạp dt nên khá tiện khi ngồi lâu . tầng trệt thích khu_vực tự lấy tương sốt , vì có nhiều loại sốt cho mình chọn chứ không đơn_thuần chỉ tương cà và ớt thôi đâu .","hôm_kia , lần đầu_tiên mình ghé chi_nhánh này , bởi do khá xa nhưng nổi hứng muốn khám_phá thử vị_trí này xem như nào . vị_trí thuận_lợi , gửi xe free , sân thoải_mái cho cả xe_máy và ôtô . không_gian đẹp , rộng thoáng , mát lạnh , có trệt và lầu , khu_vực ngoài_trời và máy_lạnh , có hẳn khu_vực cho các bé vui_chơi cầu tuột chạy_nhảy và khu_vực tổ_chức sinh_nhật rất riêng_tư tránh ồn xung_quanh . ấn_tượng nhất trên lầu có chiếc bàn điện_tử đổi màu liên_tục cảm_ứng luôn . trên lầu mình thấy có nhiều ổ_cắm để cắm lap hoặc sạp dt nên khá tiện khi ngồi lâu . tầng trệt thích khu_vực tự lấy tương sốt , vì có nhiều loại sốt cho mình chọn chứ không đơn_thuần chỉ tương cà và ớt thôi đâu .",hôm_kia đầu_tiên ghé chi_nhánh nổi hứng khám_phá thử vị_trí vị_trí thuận_lợi gửi xe free sân thoải_mái xe_máy ôtô không_gian đẹp rộng thoáng mát lạnh lầu khu_vực ngoài_trời máy_lạnh hẳn khu_vực bé vui_chơi cầu tuột chạy_nhảy khu_vực tổ_chức sinh_nhật riêng_tư ồn xung_quanh ấn_tượng lầu bàn điện_tử đổi màu liên_tục cảm_ứng lầu ổ_cắm cắm lap sạp dt tiện tầng khu_vực tương sốt sốt đơn_thuần tương cà ớt
cửa hàng đầu tiên của mcdonald ở việt nam và vẫn là nơi tốt nhất trong dịch vụ và không gian,positive,cửa_hàng đầu_tiên của mcdonald ở việt_nam và vẫn là nơi tốt nhất trong dịch_vụ và không_gian,cửa_hàng đầu_tiên của mcdonald ở việt_nam và vẫn là nơi tốt nhất trong dịch_vụ và không_gian,cửa_hàng đầu_tiên mcdonald việt_nam dịch_vụ không_gian
quán làm theo mô hình bên mỹ nên mình rất thích tất cả đều hiện đại và thoáng mát,positive,quán làm theo mô_hình bên mỹ nên mình rất thích tất_cả đều hiện_đại và thoáng mát,quán làm theo mô_hình bên mỹ nên mình rất thích tất_cả đều hiện_đại và thoáng mát,quán mô_hình mỹ tất_cả hiện_đại thoáng mát
"cửa hàng 24h, dịch vụ tốt, nhân viên rất nhiệt tình, giá trung bình",positive,"cửa_hàng 24h , dịch_vụ tốt , nhân_viên rất nhiệt_tình , giá trung_bình","cửa_hàng 24h , dịch_vụ tốt , nhân_viên rất nhiệt_tình , giá trung_bình",cửa_hàng 24h dịch_vụ nhân_viên nhiệt_tình giá trung_bình
"đồ ăn ngon, có máy order tự động. phục vụ rất nhanh. nhân viên thân thiện tận tình",positive,"đồ_ăn ngon , có máy order tự_động . phục_vụ rất nhanh . nhân_viên thân_thiện tận_tình","đồ_ăn ngon , có máy order tự_động . phục_vụ rất nhanh . nhân_viên thân_thiện tận_tình",đồ_ăn ngon máy order tự_động phục_vụ nhân_viên thân_thiện tận_tình
mcdonalds địa điểm ăn uống lí tưởng cho các bạn nhỏ và khách du lịch nước ngoài.,positive,mcdonalds địa_điểm ăn_uống lí_tưởng cho các bạn nhỏ và khách du_lịch nước_ngoài .,mcdonalds địa_điểm ăn_uống lí_tưởng cho các bạn nhỏ và khách du_lịch nước_ngoài .,mcdonalds địa_điểm ăn_uống lí_tưởng du_lịch nước_ngoài
"đồ ăn ngon, chất lượng",positive,"đồ_ăn ngon , chất_lượng","đồ_ăn ngon , chất_lượng",đồ_ăn ngon chất_lượng
nhân viên chưa tốt,neutral,nhân_viên chưa tốt,nhân_viên chưa tốt,nhân_viên
"đồ ăn ngon,view đẹp...",positive,"đồ_ăn ngon , view đẹp ...","đồ_ăn ngon , view đẹp ...",đồ_ăn ngon view đẹp ...
nơi tốt đẹp cho trẻ em thức ăn,positive,nơi tốt_đẹp cho trẻ_em thức_ăn,nơi tốt_đẹp cho trẻ_em thức_ăn,tốt_đẹp trẻ_em thức_ăn
lần đầu tiên qua mcdonalds,positive,lần đầu_tiên qua mcdonalds,lần đầu_tiên qua mcdonalds,đầu_tiên mcdonalds
"cửa hàng rộng, đồ ăn nóng ngon có nhiều chương trình giảm giá ưu đãi mở 247 nên có thể đến bất cứ lúc nào. mc cafe thức uống ngon, rẻ hơn starbuck",positive,"cửa_hàng rộng , đồ_ăn nóng ngon có nhiều chương_trình giảm_giá ưu_đãi mở 247 nên có_thể đến bất_cứ lúc_nào . mc cafe thức uống ngon , rẻ hơn starbuck","cửa_hàng rộng , đồ_ăn nóng ngon có nhiều chương_trình giảm_giá ưu_đãi mở 247 nên có_thể đến bất_cứ lúc_nào . mc cafe thức uống ngon , rẻ hơn starbuck",cửa_hàng rộng đồ_ăn nóng ngon chương_trình giảm_giá ưu_đãi 247 có_thể bất_cứ lúc_nào mc cafe thức uống ngon rẻ starbuck
ngon bổ rẻ . 2424 phục vụ tốt,positive,ngon bổ rẻ . 2424 phục_vụ tốt,ngon bổ rẻ . 2424 phục_vụ tốt,ngon bổ rẻ 2424 phục_vụ
bánh ngọt ở đây rất ngon đ,positive,bánh ngọt ở đây rất ngon đ,bánh ngọt ở đây rất ngon đ,bánh ngon đ
"đô ăn ngon, cân co thêm khu vui chơi cho tre em",positive,"đô ăn ngon , cân co thêm khu vui_chơi cho tre em","đô ăn ngon , cân co thêm khu vui_chơi cho tre em",đô ngon cân co khu vui_chơi tre
hơi ồn ào vì có nhiều trẻ em,neutral,hơi ồn_ào vì có nhiều trẻ_em,hơi ồn_ào vì có nhiều trẻ_em,hơi ồn_ào trẻ_em
"nhanh , ngon",positive,"nhanh , ngon","nhanh , ngon",ngon
"vị trí đẹp, phù hợp với những sự kiện đội nhóm.",positive,"vị_trí đẹp , phù_hợp với những sự_kiện đội nhóm .","vị_trí đẹp , phù_hợp với những sự_kiện đội nhóm .",vị_trí đẹp phù_hợp sự_kiện đội
nhân viên vui ve nhiêt tinh giup khach order cung như vui ve tra lơi khach hang .quan ăn sach se va ngon,positive,nhân_viên vui ve nhiêt tinh giup khach order cung như vui ve tra lơi khach hang . quan ăn sach se va ngon,nhân_viên vui ve nhiêt tinh giup khach order cung như vui ve tra lơi khach hang . quan ăn sach se va ngon,nhân_viên vui ve nhiêt tinh giup khach order cung vui ve tra lơi khach hang quan sach se va ngon
mở 247 và có hương vị ổn. chúng tôi đến để có một loại kem sô cô la lúc 9 giờ tối.,positive,mở 247 và có hương_vị ổn . chúng_tôi đến để có một loại kem sô cô la lúc 9 giờ tối .,mở 247 và có hương_vị ổn . chúng_tôi đến để có một loại kem sô cô la lúc 9 giờ tối .,247 hương_vị ổn chúng_tôi kem sô la 9 tối
"địa điểm cúng khá đẹp thoáng mát, đô ăn cúng ngon.",positive,"địa_điểm cúng khá đẹp thoáng mát , đô ăn cúng ngon .","địa_điểm cúng khá đẹp thoáng mát , đô ăn cúng ngon .",địa_điểm cúng đẹp thoáng mát đô cúng ngon
"thiết kế, món ăn, giá chuẩn mc donald. vị trí thuận tiện.",positive,"thiết_kế , món ăn , giá chuẩn mc donald . vị_trí thuận_tiện .","thiết_kế , món ăn , giá chuẩn mc donald . vị_trí thuận_tiện .",thiết_kế món giá chuẩn mc donald vị_trí thuận_tiện
thóang mát,positive,thoáng mát,thoáng mát,thoáng mát
hãy làm điều đó cứ sau 2 tháng .... điên rồ cho cuộc sống của tôi .... không thể chịu đựng được nếu các con tôi vẫn thích nó tiếp tục đứng,negative,hãy làm điều đó cứ sau 2 tháng .... điên_rồ cho cuộc_sống của tôi .... không_thể chịu_đựng được nếu các con tôi vẫn thích nó tiếp_tục đứng,hãy làm điều đó cứ sau 2 tháng .... điên_rồ cho cuộc_sống của tôi .... không_thể chịu_đựng được nếu các con tôi vẫn thích nó tiếp_tục đứng,2 .... điên_rồ cuộc_sống .... không_thể chịu_đựng tiếp_tục đứng
ngầu bà lầu xầu,positive,ngầu bà lầu xầu,ngầu bà lầu xầu,ngầu lầu xầu
"dịch vụ tốt, thức ăn ngon",positive,"dịch_vụ tốt , thức_ăn ngon","dịch_vụ tốt , thức_ăn ngon",dịch_vụ thức_ăn ngon
coi thường tài xế ah,negative,coi_thường tài_xế ah,coi_thường tài_xế ah,coi_thường tài_xế ah
mát mẻ,positive,mát_mẻ,mát_mẻ,mát_mẻ
tuyệt vời,positive,tuyệt_vời,tuyệt_vời,tuyệt_vời
ngon tiện,positive,ngon tiện,ngon tiện,ngon tiện
247,positive,247,247,247
"thông thường nó là tự phục vụ. bạn chọn các món ăn của bạn trong thực đơn, đặt hàng và chờ đợi để tự mình lấy nó. không ai bảo tôi mang thức ăn của tôi . giá cả không đáng yêu. phần nhỏ không giống như quảng cáo. bạn có thể chọn burgerking, texas hoặc jollibee để có trải nghiệm tốt hơn vị trí được xây dựng tốt, ở quận trung tâm quận 1 ồn ào và một chút không bẩn thỉu.",neutral,"thông_thường nó là tự_phục_vụ . bạn chọn các món ăn của bạn trong thực_đơn , đặt_hàng và chờ_đợi để tự mình lấy nó . không ai bảo tôi mang thức_ăn của tôi . giá_cả không đáng yêu . phần nhỏ không giống như quảng_cáo . bạn có_thể chọn burgerking , texas hoặc jollibee để có trải_nghiệm tốt hơn vị_trí được xây_dựng tốt , ở quận trung_tâm quận 1 ồn_ào và một_chút không bẩn_thỉu .","thông_thường nó là tự_phục_vụ . bạn chọn các món ăn của bạn trong thực_đơn , đặt_hàng và chờ_đợi để tự mình lấy nó . không ai bảo tôi mang thức_ăn của tôi . giá_cả không đáng yêu . phần nhỏ không giống như quảng_cáo . bạn có_thể chọn burgerking , texas hoặc jollibee để có trải_nghiệm tốt hơn vị_trí được xây_dựng tốt , ở quận trung_tâm quận 1 ồn_ào và một_chút không bẩn_thỉu .",thông_thường tự_phục_vụ món thực_đơn đặt_hàng chờ_đợi bảo thức_ăn giá_cả yêu quảng_cáo có_thể burgerking texas jollibee trải_nghiệm vị_trí xây_dựng trung_tâm 1 ồn_ào một_chút bẩn_thỉu
"quán rộng rãi, thoáng mát,",positive,"quán rộng_rãi , thoáng mát ,","quán rộng_rãi , thoáng mát ,",quán rộng_rãi thoáng mát
"vị trí tốt, thức ăn ngon...nv thiếu nhiệt tình",negative,"vị_trí tốt , thức_ăn ngon...nv thiếu nhiệt_tình","vị_trí tốt , thức_ăn ngon...nv thiếu nhiệt_tình",vị_trí thức_ăn ngon...nv nhiệt_tình
cùng một thực phẩm tuyệt vời như người ta mong đợi từ bất kỳ địa điểm nào của hoa kỳ. vị trí sạch sẽ và thoải mái.,positive,cùng một thực_phẩm tuyệt_vời như người ta mong_đợi từ bất_kỳ địa_điểm nào của hoa_kỳ . vị_trí sạch_sẽ và thoải_mái .,cùng một thực_phẩm tuyệt_vời như người ta mong_đợi từ bất_kỳ địa_điểm nào của hoa_kỳ . vị_trí sạch_sẽ và thoải_mái .,thực_phẩm tuyệt_vời ta mong_đợi bất_kỳ địa_điểm hoa_kỳ vị_trí sạch_sẽ thoải_mái
chất lượng nhưng nước lèo hơi mặn so với khẩu vị của mình.,positive,chất_lượng nhưng nước_lèo hơi mặn so với khẩu_vị của mình .,chất_lượng nhưng nước_lèo hơi mặn so với khẩu_vị của mình .,chất_lượng nước_lèo hơi mặn khẩu_vị
thuận đường. có bãi ô tô rộng rãi. vị trí đẹp,positive,thuận đường . có bãi ô_tô rộng_rãi . vị_trí đẹp,thuận đường . có bãi ô_tô rộng_rãi . vị_trí đẹp,thuận đường bãi ô_tô rộng_rãi vị_trí đẹp
mcd điển hình của bạn sửa chữa ahaha,positive,mcd điển_hình của bạn sửa_chữa ahaha,mcd điển_hình của bạn sửa_chữa ahaha,mcd điển_hình sửa_chữa ahaha
"có thể dẫn bé đến ăn, vui chơi. là nơi các thành viên trong gia đình hẹn gặp nhau ngắn hạn, tụ tập rồi cùng di chuyển đến những địa điểm khác.",positive,"có_thể dẫn bé đến ăn , vui_chơi . là nơi các thành_viên trong gia_đình hẹn gặp nhau ngắn_hạn , tụ_tập rồi cùng di_chuyển đến những địa_điểm khác .","có_thể dẫn bé đến ăn , vui_chơi . là nơi các thành_viên trong gia_đình hẹn gặp nhau ngắn_hạn , tụ_tập rồi cùng di_chuyển đến những địa_điểm khác .",có_thể bé vui_chơi thành_viên gia_đình hẹn ngắn_hạn tụ_tập di_chuyển địa_điểm
"good, cà phê ngon",positive,"good , cà_phê ngon","good , cà_phê ngon",good cà_phê ngon
"đồ ăn ngon, view đẹp",positive,"đồ_ăn ngon , view đẹp","đồ_ăn ngon , view đẹp",đồ_ăn ngon view đẹp
mcdonald món ăn ngon ở điện biên phủ,positive,mcdonald món ăn ngon ở điện_biên_phủ,mcdonald món ăn ngon ở điện_biên_phủ,mcdonald món ngon điện_biên_phủ
nó ổn,positive,nó ổn,nó ổn,ổn
"nhà hàng bày trí không gian rất tiện nghi và sáng tạo, khoa học. phương thức đặt hàng đa dạng và tích hợp nhiều loại hình thức ăn, nước uống và có thể trả tiền bằng thẻ hoặc tiền mặt. rất thích hợp cho họp bạn bè hay tổ chức tiệc sinh nhật, ngoài ra cũng có thể đến đây thư giãn với không gian vintage nhỏ nhỏ, ít ánh sáng. phục vụ rất tốt, thời gian món ra nhanh nhưng đảm bảo chất lượng. chỉ hơi bị nhiều trẻ con phá phách",positive,"nhà_hàng bày trí không_gian rất tiện_nghi và sáng_tạo , khoa_học . phương_thức đặt_hàng đa_dạng và tích_hợp nhiều loại_hình thức_ăn , nước uống và có_thể trả tiền bằng thẻ hoặc tiền_mặt . rất thích_hợp cho họp bạn_bè hay tổ_chức tiệc sinh_nhật , ngoài_ra cũng có_thể đến đây thư_giãn với không_gian vintage nhỏ nhỏ , ít ánh_sáng . phục_vụ rất tốt , thời_gian món ra nhanh nhưng đảm_bảo chất_lượng . chỉ hơi bị nhiều trẻ_con phá_phách","nhà_hàng bày trí không_gian rất tiện_nghi và sáng_tạo , khoa_học . phương_thức đặt_hàng đa_dạng và tích_hợp nhiều loại_hình thức_ăn , nước uống và có_thể trả tiền bằng thẻ hoặc tiền_mặt . rất thích_hợp cho họp bạn_bè hay tổ_chức tiệc sinh_nhật , ngoài_ra cũng có_thể đến đây thư_giãn với không_gian vintage nhỏ nhỏ , ít ánh_sáng . phục_vụ rất tốt , thời_gian món ra nhanh nhưng đảm_bảo chất_lượng . chỉ hơi bị nhiều trẻ_con phá_phách",nhà_hàng bày trí không_gian tiện_nghi sáng_tạo khoa_học phương_thức đặt_hàng đa_dạng tích_hợp loại_hình thức_ăn uống có_thể tiền thẻ tiền_mặt thích_hợp họp bạn_bè tổ_chức tiệc sinh_nhật ngoài_ra có_thể thư_giãn không_gian vintage ánh_sáng phục_vụ thời_gian món đảm_bảo chất_lượng hơi trẻ_con phá_phách
"rất nóng khi lên lầu chúng tôi có 2 con nhỏ và ngồi 2 khu vực khác nhau đều rất nóng. chi trả 1 bữa ăn ở đây kg ít tiền, nhưng nhận lại sự oi bức như quán lề đường thì phải xem lại",negative,"rất nóng khi lên lầu chúng_tôi có 2 con_nhỏ và ngồi 2 khu_vực khác nhau đều rất nóng . chi_trả 1 bữa ăn_ở đây kg ít tiền , nhưng nhận lại sự oi_bức như quán lề_đường thì phải xem_lại","rất nóng khi lên lầu chúng_tôi có 2 con_nhỏ và ngồi 2 khu_vực khác nhau đều rất nóng . chi_trả 1 bữa ăn_ở đây kg ít tiền , nhưng nhận lại sự oi_bức như quán lề_đường thì phải xem_lại",nóng lầu chúng_tôi 2 con_nhỏ 2 khu_vực nóng chi_trả 1 ăn_ở kg tiền oi_bức quán lề_đường xem_lại
phục vụ nhanh chuyen nghiệp,positive,phục_vụ nhanh chuyen nghiệp,phục_vụ nhanh chuyen nghiệp,phục_vụ chuyen nghiệp
"đồ ăn khá ngon nhưng giá hơi cao 1 chút, thời gian gọi món nhanh, nhân viên thân thiện.",positive,"đồ_ăn khá ngon nhưng giá hơi cao 1 chút , thời_gian gọi món nhanh , nhân_viên thân_thiện .","đồ_ăn khá ngon nhưng giá hơi cao 1 chút , thời_gian gọi món nhanh , nhân_viên thân_thiện .",đồ_ăn ngon giá hơi 1 chút thời_gian gọi món nhân_viên thân_thiện
mcdonalds burger luôn là món ngon nhất,positive,mcdonalds burger luôn là món ngon nhất,mcdonalds burger luôn là món ngon nhất,mcdonalds burger món ngon
từ khi mc về vn mình đã chuyển từ kfc qua mc. thật sự bên đây gà khá ngon. da gà dòn và thơm. thịt gà thì mền thấm vị không bị khô. khoai tây ở đây khá ngon. ở đây còn có nhiều loại nước chấm. có cả mayonnaise mù tạc vàng nữa. latte ở đây khá ngon. cũng phải mgang hoặc hơn starbuck.,positive,từ khi mc về vn mình đã chuyển từ kfc qua mc . thật_sự bên đây gà khá ngon . da_gà dòn và thơm . thịt gà thì mền thấm vị không bị khô . khoai_tây ở đây khá ngon . ở đây còn có nhiều loại nước_chấm . có cả mayonnaise mù tạc vàng nữa . latte ở đây khá ngon . cũng phải mgang hoặc hơn starbuck .,từ khi mc về vn mình đã chuyển từ kfc qua mc . thật_sự bên đây gà khá ngon . da_gà dòn và thơm . thịt gà thì mền thấm vị không bị khô . khoai_tây ở đây khá ngon . ở đây còn có nhiều loại nước_chấm . có cả mayonnaise mù tạc vàng nữa . latte ở đây khá ngon . cũng phải mgang hoặc hơn starbuck .,mc vn kfc mc gà ngon da_gà dòn thơm thịt gà mền thấm vị khô khoai_tây ngon nước_chấm mayonnaise mù tạc vàng latte ngon mgang starbuck
máy điều hòa không khí có thể mạnh hơn không,neutral,máy_điều_hoà không_khí có_thể mạnh hơn không,máy_điều_hoà không_khí có_thể mạnh hơn không,máy_điều_hoà không_khí có_thể
"tôi đi vào bên trong bị đặt hàng sai, rắc rối với tiếng anh",neutral,"tôi đi vào bên trong bị đặt_hàng sai , rắc_rối với tiếng_anh","tôi đi vào bên trong bị đặt_hàng sai , rắc_rối với tiếng_anh",đặt_hàng sai rắc_rối tiếng_anh
thoải mái,positive,thoải_mái,thoải_mái,thoải_mái
đồ uốn rất ngon,positive,đồ uốn rất ngon,đồ uốn rất ngon,đồ uốn ngon
"một trong những địa điểm đẹp nhất. thật không may giống như hầu hết mọi thứ trong vn, không được quản lý tốt. nhóm nhượng quyền ở đây dường như đang làm một công việc khá tệ nói chung. nhiều địa điểm bị bẩn và bị hư hỏng. danh tiếng của mcdonalds trong khu vực đang bị thiệt hại bởi sự quản lý kém của nhóm này.",positive,"một trong những địa_điểm đẹp nhất . thật không may giống như hầu_hết mọi thứ trong vn , không được quản_lý tốt . nhóm nhượng quyền ở đây dường_như đang làm một công_việc khá tệ nói_chung . nhiều địa_điểm bị bẩn và bị hư_hỏng . danh_tiếng của mcdonalds trong khu_vực đang bị thiệt_hại bởi sự quản_lý kém của nhóm này .","một trong những địa_điểm đẹp nhất . thật không may giống như hầu_hết mọi thứ trong vn , không được quản_lý tốt . nhóm nhượng quyền ở đây dường_như đang làm một công_việc khá tệ nói_chung . nhiều địa_điểm bị bẩn và bị hư_hỏng . danh_tiếng của mcdonalds trong khu_vực đang bị thiệt_hại bởi sự quản_lý kém của nhóm này .",địa_điểm đẹp may hầu_hết vn quản_lý nhượng quyền dường_như công_việc tệ nói_chung địa_điểm bẩn hư_hỏng danh_tiếng mcdonalds khu_vực thiệt_hại quản_lý kém
nơi giải khát khả thi,positive,nơi giải_khát khả_thi,nơi giải_khát khả_thi,giải_khát khả_thi
vệ sinh khu vực xung quanh không tốt,neutral,vệ_sinh khu_vực xung_quanh không tốt,vệ_sinh khu_vực xung_quanh không tốt,vệ_sinh khu_vực xung_quanh
"mcdonald, vị trí thuận tiện thông thường",neutral,"mcdonald , vị_trí thuận_tiện thông_thường","mcdonald , vị_trí thuận_tiện thông_thường",mcdonald vị_trí thuận_tiện thông_thường
một cách ngon lành,positive,một_cách ngon_lành,một_cách ngon_lành,một_cách ngon_lành
chúng là 247 mở để bạn có thể nhận được khoai tây chiên nổi tiếng thế giới bất cứ lúc nào.,positive,chúng là 247 mở để bạn có_thể nhận được khoai_tây chiên nổi_tiếng thế_giới bất_cứ lúc_nào .,chúng là 247 mở để bạn có_thể nhận được khoai_tây chiên nổi_tiếng thế_giới bất_cứ lúc_nào .,247 có_thể khoai_tây chiên nổi_tiếng thế_giới bất_cứ lúc_nào
"chỗ này có vị trí siêu trung tâm đắt địa. ngồi ở đây có thể ngắm phố xá xe cộ đi lại rất thích. bên trong không gian rộng rãi và thoáng, còn có cả sân chơi cho trẻ em nữa. nên rất nhiều gia đình dẫn con đến đây ăn uống. khu gửi xe cũng rộng và tiện",positive,"chỗ này có vị_trí siêu trung_tâm đắt địa . ngồi ở đây có_thể ngắm phố_xá xe_cộ đi_lại rất thích . bên trong không_gian rộng_rãi và thoáng , còn có cả sân_chơi cho trẻ_em nữa . nên rất nhiều gia_đình dẫn con đến đây ăn_uống . khu gửi xe cũng rộng và tiện","chỗ này có vị_trí siêu trung_tâm đắt địa . ngồi ở đây có_thể ngắm phố_xá xe_cộ đi_lại rất thích . bên trong không_gian rộng_rãi và thoáng , còn có cả sân_chơi cho trẻ_em nữa . nên rất nhiều gia_đình dẫn con đến đây ăn_uống . khu gửi xe cũng rộng và tiện",chỗ vị_trí siêu trung_tâm đắt địa có_thể ngắm phố_xá xe_cộ đi_lại không_gian rộng_rãi thoáng sân_chơi trẻ_em gia_đình ăn_uống khu gửi xe rộng tiện
phục vụ chưa đạt 5,positive,phục_vụ chưa đạt 5,phục_vụ chưa đạt 5,phục_vụ 5
tiệm sạch sẽ.,positive,tiệm sạch_sẽ .,tiệm sạch_sẽ .,tiệm sạch_sẽ
capuchino ngon nhất vn.,positive,capuchino ngon nhất vn .,capuchino ngon nhất vn .,capuchino ngon vn
một nơi tốt đẹp,positive,một nơi tốt_đẹp,một nơi tốt_đẹp,tốt_đẹp
tiện,positive,tiện,tiện,tiện
phục vụ nhanh và môi trường tốt cho thưởng thức bữa ăn .,positive,phục_vụ nhanh và môi_trường tốt cho thưởng_thức bữa ăn .,phục_vụ nhanh và môi_trường tốt cho thưởng_thức bữa ăn .,phục_vụ môi_trường thưởng_thức
"lịch sự, sạch sẽ",positive,"lịch_sự , sạch_sẽ","lịch_sự , sạch_sẽ",lịch_sự sạch_sẽ
nội thất nóng,positive,nội_thất nóng,nội_thất nóng,nội_thất nóng
như mọi macdonal,neutral,như mọi macdonal,như mọi macdonal,macdonal
dịch vụ tốt. có bãi đậu xe hơi,positive,dịch_vụ tốt . có bãi đậu xe_hơi,dịch_vụ tốt . có bãi đậu xe_hơi,dịch_vụ bãi đậu xe_hơi
"quán rộng, đẹp, phục vụ tốt",positive,"quán rộng , đẹp , phục_vụ tốt","quán rộng , đẹp , phục_vụ tốt",quán rộng đẹp phục_vụ
đi ăn cuối tuần lý tưởng,positive,đi ăn cuối tuần lý_tưởng,đi ăn cuối tuần lý_tưởng,lý_tưởng
"phục vụ ok, đồ ăn chất lượng",positive,"phục_vụ ok , đồ_ăn chất_lượng","phục_vụ ok , đồ_ăn chất_lượng",phục_vụ ok đồ_ăn chất_lượng
các loại sốt ăn kèm rất ngon và đa dạng,positive,các loại sốt ăn kèm rất ngon và đa_dạng,các loại sốt ăn kèm rất ngon và đa_dạng,sốt kèm ngon đa_dạng
thoáng mát và yên tỉnh . bán sáng đêm nha các bạn,positive,thoáng mát và yên tỉnh . bán sáng đêm nha các bạn,thoáng mát và yên tỉnh . bán sáng đêm nha các bạn,thoáng mát yên tỉnh nha
mình thích ghé đây vì có món dành cho trẻ đi kèm đồ chơi rất thú vị.,positive,mình thích ghé đây vì có món dành cho trẻ đi kèm đồ_chơi rất thú_vị .,mình thích ghé đây vì có món dành cho trẻ đi kèm đồ_chơi rất thú_vị .,ghé món trẻ kèm đồ_chơi thú_vị
"ngon, mát, giá hơi cao",positive,"ngon , mát , giá hơi cao","ngon , mát , giá hơi cao",ngon mát giá hơi
"nó từng là tốt. có một số nhân viên là những người đàng hoàng làm công việc của họ tốt nhất. tất cả những người còn lại như thây ma, không hiểu những gì họ chịu trách nhiệm, không biết họ đang làm gì. có vẻ như họ đến làm việc chỉ để nhận tiền lương. kính, bàn, sàn khá bẩn, người giám sát làm công việc của mình. người phụ nữ dọn dẹp, chỉ là một, điển hình trong vn, thay vì có những thứ làm công việc của họ, cô ấy chỉ đi bộ và chạm vào đây, xoa ở đó hoạt động, không có kết quả rõ ràng. và sẽ không đề nghị đến quá sớm, sớm hơn 8, nếu không nếu không có cơ hội khiến dạ dày của bạn buồn bã. và hơn thế nữa, họ đã không quản lý để sửa chữa hệ thống aircon trong hai tuần. và khi tôi đến thăm vào cuối tuần, sau khi hỏi một nhân viên thu ngân, tại sao nó lại nóng như vậy, họ vẫn trả lời đó là cuối tuần, không nhiều người, vì vậy nó ổn. d",neutral,"nó từng là tốt . có một_số nhân_viên là những người đàng_hoàng làm công_việc của họ tốt nhất . tất_cả những người còn lại như thây_ma , không hiểu những gì họ chịu trách_nhiệm , không biết họ đang làm gì . có_vẻ như họ đến làm_việc chỉ để nhận tiền_lương . kính , bàn , sàn khá bẩn , người giám_sát làm công_việc của mình . người phụ_nữ dọn_dẹp , chỉ là một , điển_hình trong vn , thay_vì có những thứ làm công_việc của họ , cô ấy chỉ đi bộ và chạm vào đây , xoa ở đó hoạt_động , không có kết_quả rõ_ràng . và sẽ không đề_nghị đến quá sớm , sớm hơn 8 , nếu không nếu không có cơ_hội khiến dạ_dày của bạn buồn_bã . và hơn thế nữa , họ đã không quản_lý để sửa_chữa hệ_thống aircon trong hai tuần . và khi tôi đến thăm vào cuối tuần , sau khi hỏi một nhân_viên thu_ngân , tại_sao nó lại nóng như_vậy , họ vẫn trả_lời đó là cuối tuần , không nhiều người , vì_vậy nó ổn . d","nó từng là tốt . có một_số nhân_viên là những người đàng_hoàng làm công_việc của họ tốt nhất . tất_cả những người còn lại như thây_ma , không hiểu những gì họ chịu trách_nhiệm , không biết họ đang làm gì . có_vẻ như họ đến làm_việc chỉ để nhận tiền_lương . kính , bàn , sàn khá bẩn , người giám_sát làm công_việc của mình . người phụ_nữ dọn_dẹp , chỉ là một , điển_hình trong vn , thay_vì có những thứ làm công_việc của họ , cô ấy chỉ đi bộ và chạm vào đây , xoa ở đó hoạt_động , không có kết_quả rõ_ràng . và sẽ không đề_nghị đến quá sớm , sớm hơn 8 , nếu không nếu không có cơ_hội khiến dạ_dày của bạn buồn_bã . và hơn thế nữa , họ đã không quản_lý để sửa_chữa hệ_thống aircon trong hai tuần . và khi tôi đến thăm vào cuối tuần , sau khi hỏi một nhân_viên thu_ngân , tại_sao nó lại nóng như_vậy , họ vẫn trả_lời đó là cuối tuần , không nhiều người , vì_vậy nó ổn . d",một_số nhân_viên đàng_hoàng công_việc tất_cả thây_ma trách_nhiệm có_vẻ làm_việc tiền_lương kính bàn sàn bẩn giám_sát công_việc phụ_nữ dọn_dẹp điển_hình vn thay_vì công_việc chạm xoa hoạt_động kết_quả đề_nghị 8 cơ_hội dạ_dày buồn_bã quản_lý sửa_chữa hệ_thống aircon hai thăm nhân_viên thu_ngân tại_sao nóng như_vậy trả_lời vì_vậy ổn d
"một quán fast food rất nổi tiếng và nhân viên rất tốt , môi trường chuyên nghiệp",positive,"một quán fast food rất nổi_tiếng và nhân_viên rất tốt , môi_trường chuyên_nghiệp","một quán fast food rất nổi_tiếng và nhân_viên rất tốt , môi_trường chuyên_nghiệp",quán fast food nổi_tiếng nhân_viên môi_trường chuyên_nghiệp
sạch sẽ. phục vụ tốt.,positive,sạch_sẽ . phục_vụ tốt .,sạch_sẽ . phục_vụ tốt .,sạch_sẽ phục_vụ
rất không chuyên nghiệp trong việc cung cấp. không nên đặt hàng bằng cách sử dụng giao hàng tại mcdonald vn. tôi đã đặt hàng và chờ đợi gần một giờ mà không có bất kỳ thông báo nào cho sự chậm trễ từ mcdonald trong khi nó nói rằng trong thời gian giao hàng là tối đa 30 phút. đã gọi cho họ sau 45 phút để giải quyết nhưng tôi vẫn phải đợi gần 20 phút sau đó để có được oder của mình,negative,rất không chuyên_nghiệp trong việc cung_cấp . không nên đặt_hàng bằng cách sử_dụng giao hàng tại mcdonald vn . tôi đã đặt_hàng và chờ_đợi gần một giờ mà không có bất_kỳ thông_báo nào cho sự chậm_trễ từ mcdonald trong khi nó nói rằng trong thời_gian giao hàng là tối_đa 30 phút . đã gọi cho họ sau 45 phút để giải_quyết nhưng tôi vẫn phải đợi gần 20 phút sau đó để có được oder của mình,rất không chuyên_nghiệp trong việc cung_cấp . không nên đặt_hàng bằng cách sử_dụng giao hàng tại mcdonald vn . tôi đã đặt_hàng và chờ_đợi gần một giờ mà không có bất_kỳ thông_báo nào cho sự chậm_trễ từ mcdonald trong khi nó nói rằng trong thời_gian giao hàng là tối_đa 30 phút . đã gọi cho họ sau 45 phút để giải_quyết nhưng tôi vẫn phải đợi gần 20 phút sau đó để có được oder của mình,chuyên_nghiệp cung_cấp đặt_hàng sử_dụng giao hàng mcdonald vn đặt_hàng chờ_đợi bất_kỳ thông_báo chậm_trễ mcdonald thời_gian giao hàng tối_đa 30 phút gọi 45 phút giải_quyết đợi 20 phút oder
"view đẹp, rất phù hợp khi tranh thủ ăn nhanh và làm việc luôn trên máy tính. giá cả phù hợp",positive,"view đẹp , rất phù_hợp khi tranh_thủ ăn nhanh và làm_việc luôn trên máy_tính . giá_cả phù_hợp","view đẹp , rất phù_hợp khi tranh_thủ ăn nhanh và làm_việc luôn trên máy_tính . giá_cả phù_hợp",view đẹp phù_hợp tranh_thủ làm_việc máy_tính giá_cả phù_hợp
"quán phục vụ suốt, thức ăn ngon. nhân viên thân thiện, chiều khách hàng",positive,"quán phục_vụ suốt , thức_ăn ngon . nhân_viên thân_thiện , chiều khách_hàng","quán phục_vụ suốt , thức_ăn ngon . nhân_viên thân_thiện , chiều khách_hàng",quán phục_vụ suốt thức_ăn ngon nhân_viên thân_thiện chiều khách_hàng
nơi tốt,neutral,nơi tốt,nơi tốt,
dạo này có màn hướng khách đặt món qua màn hình. hơi bất tiện vì phải chờ lâu,neutral,dạo này có màn hướng khách đặt món qua màn_hình . hơi bất_tiện vì phải chờ lâu,dạo này có màn hướng khách đặt món qua màn_hình . hơi bất_tiện vì phải chờ lâu,dạo màn hướng món màn_hình hơi bất_tiện chờ
rất đẹp và ân cần phục vụ,positive,rất đẹp và ân_cần phục_vụ,rất đẹp và ân_cần phục_vụ,đẹp ân_cần phục_vụ
cửa hàng mcdonald tốt nhất trong thị trấn,positive,cửa_hàng mcdonald tốt nhất trong thị_trấn,cửa_hàng mcdonald tốt nhất trong thị_trấn,cửa_hàng mcdonald thị_trấn
làm đồ khá lâu,positive,làm đồ khá lâu,làm đồ khá lâu,đồ
món ăn rất tuyệt,positive,món ăn rất tuyệt,món ăn rất tuyệt,món tuyệt
khuya cứu cánh,positive,khuya cứu_cánh,khuya cứu_cánh,khuya cứu_cánh
gà ngon ngọt,positive,gà ngon_ngọt,gà ngon_ngọt,gà ngon_ngọt
nơi tuyệt vời để nghỉ ngơi,positive,nơi tuyệt_vời để nghỉ_ngơi,nơi tuyệt_vời để nghỉ_ngơi,tuyệt_vời nghỉ_ngơi
"đồ ăn ngon , không gian rộng thích hợp cho vui chơi ăn uống hội họp gia đình dịp cuối tuần",positive,"đồ_ăn ngon , không_gian rộng thích_hợp cho vui_chơi ăn_uống hội_họp gia_đình dịp cuối tuần","đồ_ăn ngon , không_gian rộng thích_hợp cho vui_chơi ăn_uống hội_họp gia_đình dịp cuối tuần",đồ_ăn ngon không_gian rộng thích_hợp vui_chơi ăn_uống hội_họp gia_đình dịp
"vị trí thuận tiện, thoát mát",positive,"vị_trí thuận_tiện , thoát mát","vị_trí thuận_tiện , thoát mát",vị_trí thuận_tiện thoát mát
nhanh sạch sẽ rộng rãi có bãi xe có lối vào dành cho xe lăn ở cửa phạm ngũ lão quán nằm ngay trung tâm góc đường trần hưng đạo và phạm ngũ lão,positive,nhanh sạch_sẽ rộng_rãi có bãi xe có lối vào dành cho xe_lăn ở cửa phạm ngũ lão quán nằm ngay trung_tâm góc đường trần hưng đạo và phạm ngũ lão,nhanh sạch_sẽ rộng_rãi có bãi xe có lối vào dành cho xe_lăn ở cửa phạm ngũ lão quán nằm ngay trung_tâm góc đường trần hưng đạo và phạm ngũ lão,sạch_sẽ rộng_rãi bãi xe xe_lăn cửa phạm ngũ lão quán nằm trung_tâm góc đường trần hưng đạo phạm ngũ lão
"vị trí đẹp, giá cả dạo này rất tốt, phục vụ ok....nhưng không hiểu sao khách hơi ít...chắc ít quảng cáo.",positive,"vị_trí đẹp , giá_cả dạo này rất tốt , phục_vụ ok .... nhưng không hiểu sao khách hơi ít ... chắc ít quảng_cáo .","vị_trí đẹp , giá_cả dạo này rất tốt , phục_vụ ok .... nhưng không hiểu sao khách hơi ít ... chắc ít quảng_cáo .",vị_trí đẹp giá_cả dạo phục_vụ ok .... hơi ... quảng_cáo
"thức ăn ngon, nơi tốt",positive,"thức_ăn ngon , nơi tốt","thức_ăn ngon , nơi tốt",thức_ăn ngon
ngon hơn kfc và lotteria,positive,ngon hơn kfc và lotteria,ngon hơn kfc và lotteria,ngon kfc lotteria
ok sạch sẽ. cũng bình thường.,neutral,ok sạch_sẽ . cũng bình_thường .,ok sạch_sẽ . cũng bình_thường .,ok sạch_sẽ bình_thường
không bao giờ bước vào mac donald kể từ 30 năm ... nên là một sai lầm của google ....,negative,không bao_giờ bước vào mac donald kể từ 30 năm ... nên là một sai_lầm của google ....,không bao_giờ bước vào mac donald kể từ 30 năm ... nên là một sai_lầm của google ....,bao_giờ mac donald 30 ... sai_lầm google ....
buổi trưa ngồi bị hắt nắng,positive,buổi trưa ngồi bị hắt nắng,buổi trưa ngồi bị hắt nắng,trưa hắt nắng
"tôi đặt hàng từ mcdonalds khá thường xuyên sử dụng ứng dụng. tôi khá tự tin chi nhánh này là một thứ lấp đầy đơn đặt hàng của tôi. mọi thứ đều tốt ngoại trừ khoai tây chiên, thường đến héo và sũng nước. điều này là do khoai tây chiên được vận chuyển trong một túi giấy màu nâu kín, hấp chúng một cách hiệu quả.",neutral,"tôi đặt_hàng từ mcdonalds khá thường_xuyên sử_dụng ứng_dụng . tôi khá tự_tin chi_nhánh này là một thứ lấp đầy đơn đặt_hàng của tôi . mọi thứ đều tốt ngoại_trừ khoai_tây chiên , thường đến héo và sũng nước . điều này là do khoai_tây chiên được vận_chuyển trong một túi giấy màu nâu kín , hấp chúng một_cách hiệu_quả .","tôi đặt_hàng từ mcdonalds khá thường_xuyên sử_dụng ứng_dụng . tôi khá tự_tin chi_nhánh này là một thứ lấp đầy đơn đặt_hàng của tôi . mọi thứ đều tốt ngoại_trừ khoai_tây chiên , thường đến héo và sũng nước . điều này là do khoai_tây chiên được vận_chuyển trong một túi giấy màu nâu kín , hấp chúng một_cách hiệu_quả .",đặt_hàng mcdonalds thường_xuyên sử_dụng ứng_dụng tự_tin chi_nhánh lấp đơn đặt_hàng ngoại_trừ khoai_tây chiên héo sũng khoai_tây chiên vận_chuyển túi giấy màu nâu kín hấp một_cách hiệu_quả
ok... điểm hẹn lý tưởng cuối tuần cho các bé,positive,ok ... điểm hẹn lý_tưởng cuối tuần cho các bé,ok ... điểm hẹn lý_tưởng cuối tuần cho các bé,ok ... hẹn lý_tưởng bé
tuyệt vời khi đi bạn bè đông,positive,tuyệt_vời khi đi bạn_bè đông,tuyệt_vời khi đi bạn_bè đông,tuyệt_vời bạn_bè đông
nhà hàng mc donald được mở đầu tiên,neutral,nhà_hàng mc donald được mở đầu tiên,nhà_hàng mc donald được mở đầu tiên,nhà_hàng mc donald tiên
